timestamp,ml_rr,ta_funding,asym_barrier,ml_barrier
2023-12-27 01:00:00+00:00,0.0,0.0,0.0,0.0
2023-12-27 02:00:00+00:00,0.0,0.0,0.0,0.0
2023-12-27 03:00:00+00:00,0.0,0.0,0.0,0.0
2023-12-27 04:00:00+00:00,0.0,0.0,0.0,0.0
2023-12-27 05:00:00+00:00,0.0,0.0,0.0,0.0
2023-12-27 06:00:00+00:00,0.0,0.0,0.0,0.0
2023-12-27 07:00:00+00:00,0.0,0.0,0.0,0.0
2023-12-27 08:00:00+00:00,0.0,0.0,0.0,0.0
2023-12-27 09:00:00+00:00,0.0,0.0,0.0,0.0
2023-12-27 10:00:00+00:00,0.0,0.0,0.0,0.0
2023-12-27 11:00:00+00:00,0.0,0.0,0.0,0.0
2023-12-27 12:00:00+00:00,0.0,0.0,0.0,0.0
2023-12-27 13:00:00+00:00,0.0,0.0,0.0,0.0
2023-12-27 14:00:00+00:00,0.0,0.0,0.0,0.0
2023-12-27 15:00:00+00:00,0.0,0.0,0.0,0.0
2023-12-27 16:00:00+00:00,0.0,0.0,0.0,0.0
2023-12-27 17:00:00+00:00,0.0,0.0,0.0,0.0
2023-12-27 18:00:00+00:00,0.0,0.0,0.0,0.0
2023-12-27 19:00:00+00:00,0.0,0.0,0.0,0.0
2023-12-27 20:00:00+00:00,0.0,0.0,0.0,0.0
2023-12-27 21:00:00+00:00,0.0,0.0,0.0,0.0
2023-12-27 22:00:00+00:00,0.0,0.0,0.0,0.0
2023-12-27 23:00:00+00:00,0.0,0.0,0.0,0.0
2023-12-28 00:00:00+00:00,0.0,0.0,0.0,0.0
2023-12-28 01:00:00+00:00,0.0,0.0,0.0,0.0
2023-12-28 02:00:00+00:00,0.0,0.0,0.0,0.0
2023-12-28 03:00:00+00:00,0.0,0.0,0.0,0.0
2023-12-28 04:00:00+00:00,0.0,0.0,0.0,0.0
2023-12-28 05:00:00+00:00,0.0,0.0,0.0,0.0
2023-12-28 06:00:00+00:00,0.0,0.0,0.0,0.0
2023-12-28 07:00:00+00:00,0.0,0.0,0.0,0.0
2023-12-28 08:00:00+00:00,0.0,0.0,0.0,0.0
2023-12-28 09:00:00+00:00,0.0,0.0,0.0,0.0
2023-12-28 10:00:00+00:00,0.0,0.0,0.0,0.0
2023-12-28 11:00:00+00:00,0.0,0.0,0.0,0.0
2023-12-28 12:00:00+00:00,0.0,0.0,0.0,0.0
2023-12-28 13:00:00+00:00,0.0,0.0,0.0,0.0
2023-12-28 14:00:00+00:00,0.0,0.0,0.0,0.0
2023-12-28 15:00:00+00:00,0.0,0.0,0.0,0.0
2023-12-28 16:00:00+00:00,0.0,0.0,0.0,0.0
2023-12-28 17:00:00+00:00,0.0,0.0,0.0,0.0
2023-12-28 18:00:00+00:00,0.0,0.0,0.0,0.0
2023-12-28 19:00:00+00:00,0.0,0.0,0.0,0.0
2023-12-28 20:00:00+00:00,0.0,0.0,0.0,0.0
2023-12-28 21:00:00+00:00,0.0,0.0,0.0,0.0
2023-12-28 22:00:00+00:00,0.0,0.0,0.0,0.0
2023-12-28 23:00:00+00:00,0.0,0.0,0.0,0.0
2023-12-29 00:00:00+00:00,0.0,0.0,0.0,0.0
2023-12-29 01:00:00+00:00,0.0,0.0,0.0,0.0
2023-12-29 02:00:00+00:00,0.0,0.0,0.0,0.0
2023-12-29 03:00:00+00:00,0.0,0.0,0.0,0.0
2023-12-29 04:00:00+00:00,0.0,0.0,0.0,0.0
2023-12-29 05:00:00+00:00,0.0,0.0,0.0,0.0
2023-12-29 06:00:00+00:00,0.0,0.0,0.0,0.0
2023-12-29 07:00:00+00:00,0.0,0.0,0.0,0.0
2023-12-29 08:00:00+00:00,0.0,0.0,0.0,0.0
2023-12-29 09:00:00+00:00,0.0,0.0,0.0,0.0
2023-12-29 10:00:00+00:00,0.0,0.0,0.0,0.0
2023-12-29 11:00:00+00:00,0.0,0.0,0.0,0.0
2023-12-29 12:00:00+00:00,0.0,0.0,0.0,0.0
2023-12-29 13:00:00+00:00,0.0,0.0,0.0,0.0
2023-12-29 14:00:00+00:00,0.0,0.0,0.0,0.0
2023-12-29 15:00:00+00:00,0.0,0.0,0.0,0.0
2023-12-29 16:00:00+00:00,0.0,0.0,0.0,0.0
2023-12-29 17:00:00+00:00,0.0,0.0,0.0,0.0
2023-12-29 18:00:00+00:00,0.0,0.0,0.0,0.0
2023-12-29 19:00:00+00:00,0.0,0.0,0.0,0.0
2023-12-29 20:00:00+00:00,0.0,0.0,0.0,0.0
2023-12-29 21:00:00+00:00,0.0,0.0,0.0,0.0
2023-12-29 22:00:00+00:00,0.0,0.0,0.0,0.0
2023-12-29 23:00:00+00:00,0.0,0.0,0.0,0.0
2023-12-30 00:00:00+00:00,0.0,0.0,0.0,0.0
2023-12-30 01:00:00+00:00,0.0,0.0,0.0,0.0
2023-12-30 02:00:00+00:00,0.0,0.0,0.0,0.0
2023-12-30 03:00:00+00:00,0.0,0.0,0.0,0.0
2023-12-30 04:00:00+00:00,0.0,0.0,0.0,0.0
2023-12-30 05:00:00+00:00,0.0,0.0,0.0,0.0
2023-12-30 06:00:00+00:00,0.0,0.0,0.0,0.0
2023-12-30 07:00:00+00:00,0.0,0.0,0.0,0.0
2023-12-30 08:00:00+00:00,0.0,0.0,0.0,0.0
2023-12-30 09:00:00+00:00,0.0,0.0,0.0,0.0
2023-12-30 10:00:00+00:00,0.0,0.0,0.0,0.0
2023-12-30 11:00:00+00:00,0.0,0.0,0.0,0.0
2023-12-30 12:00:00+00:00,0.0,0.0,0.0,0.0
2023-12-30 13:00:00+00:00,0.0,0.0,0.0,0.0
2023-12-30 14:00:00+00:00,0.0,0.0,0.0,0.0
2023-12-30 15:00:00+00:00,0.0,0.0,0.0,0.0
2023-12-30 16:00:00+00:00,0.0,0.0,0.0,0.0
2023-12-30 17:00:00+00:00,0.0,0.0,0.0,0.0
2023-12-30 18:00:00+00:00,0.0,0.0,0.0,0.0
2023-12-30 19:00:00+00:00,0.0,0.0,0.0,0.0
2023-12-30 20:00:00+00:00,0.0,0.0,0.0,0.0
2023-12-30 21:00:00+00:00,0.0,0.0,0.0,0.0
2023-12-30 22:00:00+00:00,0.0,0.0,0.0,0.0
2023-12-30 23:00:00+00:00,0.0,0.0,0.0,0.0
2023-12-31 00:00:00+00:00,0.0,0.0,0.0,0.0
2023-12-31 01:00:00+00:00,0.0,0.0,0.0,0.0
2023-12-31 02:00:00+00:00,0.0,0.0,0.0,0.0
2023-12-31 03:00:00+00:00,0.0,0.0,0.0,0.0
2023-12-31 04:00:00+00:00,0.0,0.0,0.0,0.0
2023-12-31 05:00:00+00:00,0.0,0.0,0.0,0.0
2023-12-31 06:00:00+00:00,0.0,0.0,0.0,0.0
2023-12-31 07:00:00+00:00,0.0,0.0,0.0,0.0
2023-12-31 08:00:00+00:00,0.0,0.0,0.0,0.0
2023-12-31 09:00:00+00:00,0.0,0.0,0.0,0.0
2023-12-31 10:00:00+00:00,0.0,0.0,0.0,0.0
2023-12-31 11:00:00+00:00,0.0,0.0,0.0,0.0
2023-12-31 12:00:00+00:00,0.0,0.0,0.0,0.0
2023-12-31 13:00:00+00:00,0.0,0.0,0.0,0.0
2023-12-31 14:00:00+00:00,0.0,0.0,0.0,0.0
2023-12-31 15:00:00+00:00,0.0,0.0,0.0,0.0
2023-12-31 16:00:00+00:00,0.0,0.0,0.0,0.0
2023-12-31 17:00:00+00:00,0.0,0.0,0.0,0.0
2023-12-31 18:00:00+00:00,0.0,0.0,0.0,0.0
2023-12-31 19:00:00+00:00,0.0,0.0,0.0,0.0
2023-12-31 20:00:00+00:00,0.0,0.0,0.0,0.0
2023-12-31 21:00:00+00:00,0.0,0.0,0.0,0.0
2023-12-31 22:00:00+00:00,0.0,0.0,0.0,0.0
2023-12-31 23:00:00+00:00,0.0,0.0,0.0,0.0
2024-01-01 00:00:00+00:00,0.0,0.0,0.0,0.0
2024-01-01 01:00:00+00:00,0.0,0.0,0.0,0.0
2024-01-01 02:00:00+00:00,0.0,0.0,0.0,0.0
2024-01-01 03:00:00+00:00,0.0,0.0,0.0,0.0
2024-01-01 04:00:00+00:00,0.0,0.0,0.0,0.0
2024-01-01 05:00:00+00:00,0.0,0.0,0.0,0.0
2024-01-01 06:00:00+00:00,0.0,0.0,0.0,0.0
2024-01-01 07:00:00+00:00,0.0,0.0,0.0,0.0
2024-01-01 08:00:00+00:00,0.0,0.0,0.0,0.0
2024-01-01 09:00:00+00:00,0.0,0.0,0.0,0.0
2024-01-01 10:00:00+00:00,0.0,0.0,0.0,0.0
2024-01-01 11:00:00+00:00,0.0,0.0,0.0,0.0
2024-01-01 12:00:00+00:00,0.0,0.0,0.0,0.0
2024-01-01 13:00:00+00:00,0.0,0.0,0.0,0.0
2024-01-01 14:00:00+00:00,0.0,0.0,0.0,0.0
2024-01-01 15:00:00+00:00,0.0,0.0,0.0,0.0
2024-01-01 16:00:00+00:00,0.0,0.0,0.0,0.0
2024-01-01 17:00:00+00:00,0.0,0.0,0.0,0.0
2024-01-01 18:00:00+00:00,0.0,0.0,0.0,0.0
2024-01-01 19:00:00+00:00,0.0,0.0,0.0,0.0
2024-01-01 20:00:00+00:00,0.0,0.0,0.0,0.0
2024-01-01 21:00:00+00:00,0.0,0.0,0.0,0.0
2024-01-01 22:00:00+00:00,0.0,0.0,0.0,0.0
2024-01-01 23:00:00+00:00,0.0,0.0,0.0,0.0
2024-01-02 00:00:00+00:00,0.0,0.0,0.0,0.0
2024-01-02 01:00:00+00:00,0.0,0.0,0.0,0.0
2024-01-02 02:00:00+00:00,0.0,0.0,0.0,0.0
2024-01-02 03:00:00+00:00,0.0,0.0,0.0,0.0
2024-01-02 04:00:00+00:00,0.0,0.0,0.0,0.0
2024-01-02 05:00:00+00:00,0.0,0.0,0.0,0.0
2024-01-02 06:00:00+00:00,0.0,0.0,0.0,0.0
2024-01-02 07:00:00+00:00,0.0,0.0,0.0,0.0
2024-01-02 08:00:00+00:00,0.0,0.0,0.0,0.0
2024-01-02 09:00:00+00:00,0.0,0.0,0.0,0.0
2024-01-02 10:00:00+00:00,0.0,0.0,0.0,0.0
2024-01-02 11:00:00+00:00,0.0,0.0,0.0,0.0
2024-01-02 12:00:00+00:00,0.0,0.0,0.0,0.0
2024-01-02 13:00:00+00:00,0.0,0.0,0.0,0.0
2024-01-02 14:00:00+00:00,0.0,0.0,0.0,0.0
2024-01-02 15:00:00+00:00,0.0,0.0,0.0,0.0
2024-01-02 16:00:00+00:00,0.0,0.0,0.0,0.0
2024-01-02 17:00:00+00:00,0.0,0.0,0.0,0.0
2024-01-02 18:00:00+00:00,0.0,0.0,0.0,0.0
2024-01-02 19:00:00+00:00,0.0,0.0,0.0,0.0
2024-01-02 20:00:00+00:00,0.0,0.0,0.0,0.0
2024-01-02 21:00:00+00:00,0.0,0.0,0.0,0.0
2024-01-02 22:00:00+00:00,0.0,0.0,0.0,0.0
2024-01-02 23:00:00+00:00,0.0,0.0,0.0,0.0
2024-01-03 00:00:00+00:00,0.0,0.0,0.0,0.0
2024-01-03 01:00:00+00:00,0.0,0.0,0.0,0.0
2024-01-03 02:00:00+00:00,0.0,0.0,0.0,0.0
2024-01-03 03:00:00+00:00,0.0,0.0,0.0,0.0
2024-01-03 04:00:00+00:00,0.0,0.0,0.0,0.0
2024-01-03 05:00:00+00:00,0.0,0.0,0.0,0.0
2024-01-03 06:00:00+00:00,0.0,0.0,0.0,0.0
2024-01-03 07:00:00+00:00,0.0,0.0,0.0,0.0
2024-01-03 08:00:00+00:00,0.0,0.0,0.0,0.0
2024-01-03 09:00:00+00:00,0.0,0.0,0.0,0.0
2024-01-03 10:00:00+00:00,0.0,0.0,0.0,0.0
2024-01-03 11:00:00+00:00,0.0,0.0,0.0,0.0
2024-01-03 12:00:00+00:00,0.0,0.0,0.0,0.0
2024-01-03 13:00:00+00:00,0.0,0.0,0.0,0.0
2024-01-03 14:00:00+00:00,0.0,0.0,0.0,0.0
2024-01-03 15:00:00+00:00,0.0,0.0,0.0,0.0
2024-01-03 16:00:00+00:00,0.0,0.0,0.0,0.0
2024-01-03 17:00:00+00:00,0.0,0.0,0.0,0.0
2024-01-03 18:00:00+00:00,0.0,0.0,0.0,0.0
2024-01-03 19:00:00+00:00,0.0,0.0,0.0,0.0
2024-01-03 20:00:00+00:00,0.0,0.0,0.0,0.0
2024-01-03 21:00:00+00:00,0.0,0.0,0.0,0.0
2024-01-03 22:00:00+00:00,0.0,0.0,0.0,0.0
2024-01-03 23:00:00+00:00,0.0,0.0,0.0,0.0
2024-01-04 00:00:00+00:00,0.0,0.0,0.0,0.0
2024-01-04 01:00:00+00:00,0.0,0.0,0.0,0.0
2024-01-04 02:00:00+00:00,0.0,0.0,0.0,0.0
2024-01-04 03:00:00+00:00,0.0,0.0,0.0,0.0
2024-01-04 04:00:00+00:00,0.0,0.0,0.0,0.0
2024-01-04 05:00:00+00:00,0.0,0.0,0.0,0.0
2024-01-04 06:00:00+00:00,0.0,0.0,0.0,0.0
2024-01-04 07:00:00+00:00,0.0,0.0,0.0,0.0
2024-01-04 08:00:00+00:00,0.0,0.0,0.0,0.0
2024-01-04 09:00:00+00:00,0.0,0.0,0.0,0.0
2024-01-04 10:00:00+00:00,0.0,0.0,0.0,0.0
2024-01-04 11:00:00+00:00,0.0,0.0,0.0,0.0
2024-01-04 12:00:00+00:00,0.0,0.0,0.0,0.0
2024-01-04 13:00:00+00:00,0.0,0.0,0.0,0.0
2024-01-04 14:00:00+00:00,0.0,0.0,0.0,0.0
2024-01-04 15:00:00+00:00,0.0,0.0,0.0,0.0
2024-01-04 16:00:00+00:00,0.0,0.0,0.0,0.0
2024-01-04 17:00:00+00:00,0.0,0.0,0.0,0.0
2024-01-04 18:00:00+00:00,0.0,0.0,0.0,0.0
2024-01-04 19:00:00+00:00,0.0,0.0,0.0,0.0
2024-01-04 20:00:00+00:00,0.0,0.0,0.0,0.0
2024-01-04 21:00:00+00:00,0.0,0.0,0.0,0.0
2024-01-04 22:00:00+00:00,0.0,0.0,0.0,0.0
2024-01-04 23:00:00+00:00,0.0,0.0,0.0,0.0
2024-01-05 00:00:00+00:00,0.0,0.0,0.0,0.0
2024-01-05 01:00:00+00:00,0.0,0.0,0.0,0.0
2024-01-05 02:00:00+00:00,0.0,0.0,0.0,0.0
2024-01-05 03:00:00+00:00,0.0,0.0,0.0,0.0
2024-01-05 04:00:00+00:00,0.0,0.0,0.0,0.0
2024-01-05 05:00:00+00:00,0.0,0.0,0.0,0.0
2024-01-05 06:00:00+00:00,0.0,0.0,0.0,0.0
2024-01-05 07:00:00+00:00,0.0,0.0,0.0,0.0
2024-01-05 08:00:00+00:00,0.0,0.0,0.0,0.0
2024-01-05 09:00:00+00:00,0.0,0.0,0.0,0.0
2024-01-05 10:00:00+00:00,0.0,0.0,0.0,0.0
2024-01-05 11:00:00+00:00,0.0,0.0,0.0,0.0
2024-01-05 12:00:00+00:00,0.0,0.0,0.0,0.0
2024-01-05 13:00:00+00:00,0.0,0.0,0.0,0.0
2024-01-05 14:00:00+00:00,0.0,0.0,0.0,0.0
2024-01-05 15:00:00+00:00,0.0,0.0,0.0,0.0
2024-01-05 16:00:00+00:00,0.0,0.0,0.0,0.0
2024-01-05 17:00:00+00:00,0.0,0.0,0.0,0.0
2024-01-05 18:00:00+00:00,0.0,0.0,0.0,0.0
2024-01-05 19:00:00+00:00,0.0,0.0,0.0,0.0
2024-01-05 20:00:00+00:00,0.0,0.0,0.0,0.0
2024-01-05 21:00:00+00:00,0.0,0.0,0.0,0.0
2024-01-05 22:00:00+00:00,0.0,0.0,0.0,0.0
2024-01-05 23:00:00+00:00,0.0,0.0,0.0,0.0
2024-01-06 00:00:00+00:00,0.0,0.0,0.0,0.0
2024-01-06 01:00:00+00:00,0.0,0.0,0.0,0.0
2024-01-06 02:00:00+00:00,0.0,0.0,0.0,0.0
2024-01-06 03:00:00+00:00,0.0,0.0,0.0,0.0
2024-01-06 04:00:00+00:00,0.0,0.0,0.0,0.0
2024-01-06 05:00:00+00:00,0.0,0.0,0.0,0.0
2024-01-06 06:00:00+00:00,0.0,0.0,0.0,0.0
2024-01-06 07:00:00+00:00,0.0,0.0,0.0,0.0
2024-01-06 08:00:00+00:00,0.0,0.0,0.0,0.0
2024-01-06 09:00:00+00:00,0.0,0.0,0.0,0.0
2024-01-06 10:00:00+00:00,0.0,0.0,0.0,0.0
2024-01-06 11:00:00+00:00,0.0,0.0,0.0,0.0
2024-01-06 12:00:00+00:00,0.0,0.0,0.0,0.0
2024-01-06 13:00:00+00:00,0.0,0.0,0.0,0.0
2024-01-06 14:00:00+00:00,0.0,0.0,0.0,0.0
2024-01-06 15:00:00+00:00,0.0,0.0,0.0,0.0
2024-01-06 16:00:00+00:00,0.0,0.0,0.0,0.0
2024-01-06 17:00:00+00:00,0.0,0.0,0.0,0.0
2024-01-06 18:00:00+00:00,0.0,0.0,0.0,0.0
2024-01-06 19:00:00+00:00,0.0,0.0,0.0,0.0
2024-01-06 20:00:00+00:00,0.0,0.0,0.0,0.0
2024-01-06 21:00:00+00:00,0.0,0.0,0.0,0.0
2024-01-06 22:00:00+00:00,0.0,0.0,0.0,0.0
2024-01-06 23:00:00+00:00,0.0,0.0,0.0,0.0
2024-01-07 00:00:00+00:00,0.0,0.0,0.0,0.0
2024-01-07 01:00:00+00:00,0.0,0.0,0.0,0.0
2024-01-07 02:00:00+00:00,0.0,0.0,0.0,0.0
2024-01-07 03:00:00+00:00,0.0,0.0,0.0,0.0
2024-01-07 04:00:00+00:00,0.0,0.0,0.0,0.0
2024-01-07 05:00:00+00:00,0.0,0.0,0.0,0.0
2024-01-07 06:00:00+00:00,0.0,0.0,0.0,0.0
2024-01-07 07:00:00+00:00,0.0,0.0,0.0,0.0
2024-01-07 08:00:00+00:00,0.0,0.0,0.0,0.0
2024-01-07 09:00:00+00:00,0.0,0.0,0.0,0.0
2024-01-07 10:00:00+00:00,0.0,0.0,0.0,0.0
2024-01-07 11:00:00+00:00,0.0,0.0,0.0,0.0
2024-01-07 12:00:00+00:00,0.0,0.0,0.0,0.0
2024-01-07 13:00:00+00:00,0.0,0.0,0.0,0.0
2024-01-07 14:00:00+00:00,0.0,0.0,0.0,0.0
2024-01-07 15:00:00+00:00,0.0,0.0,0.0,0.0
2024-01-07 16:00:00+00:00,0.0,0.0,0.0,0.0
2024-01-07 17:00:00+00:00,0.0,0.0,0.0,0.0
2024-01-07 18:00:00+00:00,0.0,0.0,0.0,0.0
2024-01-07 19:00:00+00:00,0.0,0.0,0.0,0.0
2024-01-07 20:00:00+00:00,0.0,0.0,0.0,0.0
2024-01-07 21:00:00+00:00,0.0,0.0,0.0,0.0
2024-01-07 22:00:00+00:00,0.0,0.0,0.0,0.0
2024-01-07 23:00:00+00:00,0.0,0.0,0.0,0.0
2024-01-08 00:00:00+00:00,0.0,0.0,0.0,0.0
2024-01-08 01:00:00+00:00,0.0,0.0,0.0,0.0
2024-01-08 02:00:00+00:00,0.0,0.0,0.0,0.0
2024-01-08 03:00:00+00:00,0.0,0.0,0.0,0.0
2024-01-08 04:00:00+00:00,0.0,0.0,0.0,0.0
2024-01-08 05:00:00+00:00,0.0,0.0,0.0,0.0
2024-01-08 06:00:00+00:00,0.0,0.0,0.0,0.0
2024-01-08 07:00:00+00:00,0.0,0.0,0.0,0.0
2024-01-08 08:00:00+00:00,0.0,0.0,0.0,0.0
2024-01-08 09:00:00+00:00,0.0,0.0,0.0,0.0
2024-01-08 10:00:00+00:00,0.0,0.0,0.0,0.0
2024-01-08 11:00:00+00:00,0.0,0.0,0.0,0.0
2024-01-08 12:00:00+00:00,0.0,0.0,0.0,0.0
2024-01-08 13:00:00+00:00,0.0,0.0,0.0,0.0
2024-01-08 14:00:00+00:00,0.0,0.0,0.0,0.0
2024-01-08 15:00:00+00:00,0.0,0.0,0.0,0.0
2024-01-08 16:00:00+00:00,0.0,0.0,0.0,0.0
2024-01-08 17:00:00+00:00,0.0,0.0,0.0,0.0
2024-01-08 18:00:00+00:00,0.0,0.0,0.0,0.0
2024-01-08 19:00:00+00:00,0.0,0.0,0.0,0.0
2024-01-08 20:00:00+00:00,0.0,0.0,0.0,0.0
2024-01-08 21:00:00+00:00,0.0,0.0,0.0,0.0
2024-01-08 22:00:00+00:00,0.0,0.0,0.0,0.0
2024-01-08 23:00:00+00:00,0.0,0.0,0.0,0.0
2024-01-09 00:00:00+00:00,0.0,0.0,0.0,0.0
2024-01-09 01:00:00+00:00,0.0,0.0,0.0,0.0
2024-01-09 02:00:00+00:00,0.0,0.0,0.0,0.0
2024-01-09 03:00:00+00:00,0.0,0.0,0.0,0.0
2024-01-09 04:00:00+00:00,0.0,0.0,0.0,0.0
2024-01-09 05:00:00+00:00,0.0,0.0,0.0,0.0
2024-01-09 06:00:00+00:00,0.0,0.0,0.0,0.0
2024-01-09 07:00:00+00:00,0.0,0.0,0.0,0.0
2024-01-09 08:00:00+00:00,0.0,0.0,0.0,0.0
2024-01-09 09:00:00+00:00,0.0,0.0,0.0,0.0
2024-01-09 10:00:00+00:00,0.0,0.0,0.0,0.0
2024-01-09 11:00:00+00:00,0.0,0.0,0.0,0.0
2024-01-09 12:00:00+00:00,0.0,0.0,0.0,0.0
2024-01-09 13:00:00+00:00,0.0,0.0,0.0,0.0
2024-01-09 14:00:00+00:00,0.0,0.0,0.0,0.0
2024-01-09 15:00:00+00:00,0.0,0.0,0.0,0.0
2024-01-09 16:00:00+00:00,0.0,0.0,0.0,0.0
2024-01-09 17:00:00+00:00,0.0,0.0,0.0,0.0
2024-01-09 18:00:00+00:00,0.0,0.0,0.0,0.0
2024-01-09 19:00:00+00:00,0.0,0.0,0.0,0.0
2024-01-09 20:00:00+00:00,0.0,0.0,0.0,0.0
2024-01-09 21:00:00+00:00,0.0,0.0,0.0,0.0
2024-01-09 22:00:00+00:00,0.0,0.0,0.0,0.0
2024-01-09 23:00:00+00:00,0.0,0.0,0.0,0.0
2024-01-10 00:00:00+00:00,0.0,0.0,0.0,0.0
2024-01-10 01:00:00+00:00,0.0,0.0,0.0,0.0
2024-01-10 02:00:00+00:00,0.0,0.0,0.0,0.0
2024-01-10 03:00:00+00:00,0.0,0.0,0.0,0.0
2024-01-10 04:00:00+00:00,0.0,0.0,0.0,0.0
2024-01-10 05:00:00+00:00,0.0,0.0,0.0,0.0
2024-01-10 06:00:00+00:00,0.0,0.0,0.0,0.0
2024-01-10 07:00:00+00:00,0.0,0.0,0.0,0.0
2024-01-10 08:00:00+00:00,0.0,0.0,0.0,0.0
2024-01-10 09:00:00+00:00,0.0,0.0,0.0,0.0
2024-01-10 10:00:00+00:00,0.0,0.0,0.0,0.0
2024-01-10 11:00:00+00:00,0.0,0.0,0.0,0.0
2024-01-10 12:00:00+00:00,0.0,0.0,0.0,0.0
2024-01-10 13:00:00+00:00,0.0,0.0,0.0,0.0
2024-01-10 14:00:00+00:00,0.0,0.0,0.0,0.0
2024-01-10 15:00:00+00:00,0.0,0.0,0.0,0.0
2024-01-10 16:00:00+00:00,0.0,0.0,0.0,0.0
2024-01-10 17:00:00+00:00,0.0,0.0,0.0,0.0
2024-01-10 18:00:00+00:00,0.0,0.0,0.0,0.0
2024-01-10 19:00:00+00:00,0.0,0.0,0.0,0.0
2024-01-10 20:00:00+00:00,0.0,0.0,0.0,0.0
2024-01-10 21:00:00+00:00,0.0,0.0,0.0,0.0
2024-01-10 22:00:00+00:00,0.0,0.0,0.0,0.0
2024-01-10 23:00:00+00:00,0.0,0.0,0.0,0.0
2024-01-11 00:00:00+00:00,0.0,0.0,0.0,0.0
2024-01-11 01:00:00+00:00,0.0,0.0,0.0,0.0
2024-01-11 02:00:00+00:00,0.0,0.0,0.0,0.0
2024-01-11 03:00:00+00:00,0.0,0.0,0.0,0.0
2024-01-11 04:00:00+00:00,0.0,0.0,0.0,0.0
2024-01-11 05:00:00+00:00,0.0,0.0,0.0,0.0
2024-01-11 06:00:00+00:00,0.0,0.0,0.0,0.0
2024-01-11 07:00:00+00:00,0.0,0.0,0.0,0.0
2024-01-11 08:00:00+00:00,0.0,0.0,0.0,0.0
2024-01-11 09:00:00+00:00,0.0,0.0,0.0,0.0
2024-01-11 10:00:00+00:00,0.0,0.0,0.0,0.0
2024-01-11 11:00:00+00:00,0.0,0.0,0.0,0.0
2024-01-11 12:00:00+00:00,0.0,0.0,0.0,0.0
2024-01-11 13:00:00+00:00,0.0,0.0,0.0,0.0
2024-01-11 14:00:00+00:00,0.0,0.0,0.0,0.0
2024-01-11 15:00:00+00:00,0.0,0.0,0.0,0.0
2024-01-11 16:00:00+00:00,0.0,0.0,0.0,0.0
2024-01-11 17:00:00+00:00,0.0,0.0,0.0,0.0
2024-01-11 18:00:00+00:00,0.0,0.0,0.0,0.0
2024-01-11 19:00:00+00:00,0.0,0.0,0.0,0.0
2024-01-11 20:00:00+00:00,0.0,0.0,0.0,0.0
2024-01-11 21:00:00+00:00,0.0,0.0,0.0,0.0
2024-01-11 22:00:00+00:00,0.0,0.0,0.0,0.0
2024-01-11 23:00:00+00:00,0.0,0.0,0.0,0.0
2024-01-12 00:00:00+00:00,0.0,0.0,0.0,0.0
2024-01-12 01:00:00+00:00,0.0,0.0,0.0,0.0
2024-01-12 02:00:00+00:00,0.0,0.0,0.0,0.0
2024-01-12 03:00:00+00:00,0.0,0.0,0.0,0.0
2024-01-12 04:00:00+00:00,0.0,0.0,0.0,0.0
2024-01-12 05:00:00+00:00,0.0,0.0,0.0,0.0
2024-01-12 06:00:00+00:00,0.0,0.0,0.0,0.0
2024-01-12 07:00:00+00:00,0.0,0.0,0.0,0.0
2024-01-12 08:00:00+00:00,0.0,0.0,0.0,0.0
2024-01-12 09:00:00+00:00,0.0,0.0,0.0,0.0
2024-01-12 10:00:00+00:00,0.0,0.0,0.0,0.0
2024-01-12 11:00:00+00:00,0.0,0.0,0.0,0.0
2024-01-12 12:00:00+00:00,0.0,0.0,0.0,0.0
2024-01-12 13:00:00+00:00,0.0,0.0,0.0,0.0
2024-01-12 14:00:00+00:00,0.0,0.0,0.0,0.0
2024-01-12 15:00:00+00:00,0.0,0.0,0.0,0.0
2024-01-12 16:00:00+00:00,0.0,0.0,0.0,0.0
2024-01-12 17:00:00+00:00,0.0,0.0,0.0,0.0
2024-01-12 18:00:00+00:00,0.0,0.0,0.0,0.0
2024-01-12 19:00:00+00:00,0.0,0.0,0.0,0.0
2024-01-12 20:00:00+00:00,0.0,0.0,0.0,0.0
2024-01-12 21:00:00+00:00,0.0,0.0,0.0,0.0
2024-01-12 22:00:00+00:00,0.0,0.0,0.0,0.0
2024-01-12 23:00:00+00:00,0.0,0.0,0.0,0.0
2024-01-13 00:00:00+00:00,0.0,0.0,0.0,0.0
2024-01-13 01:00:00+00:00,0.0,0.0,0.0,0.0
2024-01-13 02:00:00+00:00,0.0,0.0,0.0,0.0
2024-01-13 03:00:00+00:00,0.0,0.0,0.0,0.0
2024-01-13 04:00:00+00:00,0.0,0.0,0.0,0.0
2024-01-13 05:00:00+00:00,0.0,0.0,0.0,0.0
2024-01-13 06:00:00+00:00,0.0,0.0,0.0,0.0
2024-01-13 07:00:00+00:00,0.0,0.0,0.0,0.0
2024-01-13 08:00:00+00:00,0.0,0.0,0.0,0.0
2024-01-13 09:00:00+00:00,0.0,0.0,0.0,0.0
2024-01-13 10:00:00+00:00,0.0,0.0,0.0,0.0
2024-01-13 11:00:00+00:00,0.0,0.0,0.0,0.0
2024-01-13 12:00:00+00:00,0.0,0.0,0.0,0.0
2024-01-13 13:00:00+00:00,0.0,0.0,0.0,0.0
2024-01-13 14:00:00+00:00,0.0,0.0,0.0,0.0
2024-01-13 15:00:00+00:00,0.0,0.0,0.0,0.0
2024-01-13 16:00:00+00:00,0.0,0.0,0.0,0.0
2024-01-13 17:00:00+00:00,0.0,0.0,0.0,0.0
2024-01-13 18:00:00+00:00,0.0,0.0,0.0,0.0
2024-01-13 19:00:00+00:00,0.0,0.0,0.0,0.0
2024-01-13 20:00:00+00:00,0.0,0.0,0.0,0.0
2024-01-13 21:00:00+00:00,0.0,0.0,0.0,0.0
2024-01-13 22:00:00+00:00,0.0,0.0,0.0,0.0
2024-01-13 23:00:00+00:00,0.0,0.0,0.0,0.0
2024-01-14 00:00:00+00:00,0.0,0.0,0.0,0.0
2024-01-14 01:00:00+00:00,0.0,0.0,0.0,0.0
2024-01-14 02:00:00+00:00,0.0,0.0,0.0,0.0
2024-01-14 03:00:00+00:00,0.0,0.0,0.0,0.0
2024-01-14 04:00:00+00:00,0.0,0.0,0.0,0.0
2024-01-14 05:00:00+00:00,0.0,0.0,0.0,0.0
2024-01-14 06:00:00+00:00,0.0,0.0,0.0,0.0
2024-01-14 07:00:00+00:00,0.0,0.0,0.0,0.0
2024-01-14 08:00:00+00:00,0.0,0.0,0.0,0.0
2024-01-14 09:00:00+00:00,0.0,0.0,0.0,0.0
2024-01-14 10:00:00+00:00,0.0,0.0,0.0,0.0
2024-01-14 11:00:00+00:00,0.0,0.0,0.0,0.0
2024-01-14 12:00:00+00:00,0.0,0.0,0.0,0.0
2024-01-14 13:00:00+00:00,0.0,0.0,0.0,0.0
2024-01-14 14:00:00+00:00,0.0,0.0,0.0,0.0
2024-01-14 15:00:00+00:00,0.0,0.0,0.0,0.0
2024-01-14 16:00:00+00:00,0.0,0.0,0.0,0.0
2024-01-14 17:00:00+00:00,0.0,0.0,0.0,0.0
2024-01-14 18:00:00+00:00,0.0,0.0,0.0,0.0
2024-01-14 19:00:00+00:00,0.0,0.0,0.0,0.0
2024-01-14 20:00:00+00:00,0.0,0.0,0.0,0.0
2024-01-14 21:00:00+00:00,0.0,0.0,0.0,0.0
2024-01-14 22:00:00+00:00,0.0,0.0,0.0,0.0
2024-01-14 23:00:00+00:00,0.0,0.0,0.0,0.0
2024-01-15 00:00:00+00:00,0.0,0.0,0.0,0.0
2024-01-15 01:00:00+00:00,0.0,0.0,0.0,0.0
2024-01-15 02:00:00+00:00,0.0,0.0,0.0,0.0
2024-01-15 03:00:00+00:00,0.0,0.0,0.0,0.0
2024-01-15 04:00:00+00:00,0.0,0.0,0.0,0.0
2024-01-15 05:00:00+00:00,0.0,0.0,0.0,0.0
2024-01-15 06:00:00+00:00,0.0,0.0,0.0,0.0
2024-01-15 07:00:00+00:00,0.0,0.0,0.0,0.0
2024-01-15 08:00:00+00:00,0.0,0.0,0.0,0.0
2024-01-15 09:00:00+00:00,0.0,0.0,0.0,0.0
2024-01-15 10:00:00+00:00,0.0,0.0,0.0,0.0
2024-01-15 11:00:00+00:00,0.0,0.0,0.0,0.0
2024-01-15 12:00:00+00:00,0.0,0.0,0.0,0.0
2024-01-15 13:00:00+00:00,0.0,0.0,0.0,0.0
2024-01-15 14:00:00+00:00,0.0,0.0,0.0,0.0
2024-01-15 15:00:00+00:00,0.0,0.0,0.0,0.0
2024-01-15 16:00:00+00:00,0.0,0.0,0.0,0.0
2024-01-15 17:00:00+00:00,0.0,0.0,0.0,0.0
2024-01-15 18:00:00+00:00,0.0,0.0,0.0,0.0
2024-01-15 19:00:00+00:00,0.0,0.0,0.0,0.0
2024-01-15 20:00:00+00:00,0.0,0.0,0.0,0.0
2024-01-15 21:00:00+00:00,0.0,0.0,0.0,0.0
2024-01-15 22:00:00+00:00,0.0,0.0,0.0,0.0
2024-01-15 23:00:00+00:00,0.0,0.0,0.0,0.0
2024-01-16 00:00:00+00:00,0.0,0.0,0.0,0.0
2024-01-16 01:00:00+00:00,0.0,0.0,0.0,0.0
2024-01-16 02:00:00+00:00,0.0,0.0,0.0,0.0
2024-01-16 03:00:00+00:00,0.0,0.0,0.0,0.0
2024-01-16 04:00:00+00:00,0.0,0.0,0.0,0.0
2024-01-16 05:00:00+00:00,0.0,0.0,0.0,0.0
2024-01-16 06:00:00+00:00,0.0,0.0,0.0,0.0
2024-01-16 07:00:00+00:00,0.0,0.0,0.0,0.0
2024-01-16 08:00:00+00:00,0.0,0.0,0.0,0.0
2024-01-16 09:00:00+00:00,0.0,0.0,0.0,0.0
2024-01-16 10:00:00+00:00,0.0,0.0,0.0,0.0
2024-01-16 11:00:00+00:00,0.0,0.0,0.0,0.0
2024-01-16 12:00:00+00:00,0.0,0.0,0.0,0.0
2024-01-16 13:00:00+00:00,0.0,0.0,0.0,0.0
2024-01-16 14:00:00+00:00,0.0,0.0,0.0,0.0
2024-01-16 15:00:00+00:00,0.0,0.0,0.0,0.0
2024-01-16 16:00:00+00:00,0.0,0.0,0.0,0.0
2024-01-16 17:00:00+00:00,0.0,0.0,0.0,0.0
2024-01-16 18:00:00+00:00,0.0,0.0,0.0,0.0
2024-01-16 19:00:00+00:00,0.0,0.0,0.0,0.0
2024-01-16 20:00:00+00:00,0.0,0.0,0.0,0.0
2024-01-16 21:00:00+00:00,0.0,0.0,0.0,0.0
2024-01-16 22:00:00+00:00,0.0,0.0,0.0,0.0
2024-01-16 23:00:00+00:00,0.0,0.0,0.0,0.0
2024-01-17 00:00:00+00:00,0.0,0.0,0.0,0.0
2024-01-17 01:00:00+00:00,0.0,0.0,0.0,0.0
2024-01-17 02:00:00+00:00,0.0,0.0,0.0,0.0
2024-01-17 03:00:00+00:00,0.0,0.0,0.0,0.0
2024-01-17 04:00:00+00:00,0.0,0.0,0.0,0.0
2024-01-17 05:00:00+00:00,0.0,0.0,0.0,0.0
2024-01-17 06:00:00+00:00,0.0,0.0,0.0,0.0
2024-01-17 07:00:00+00:00,0.0,0.0,0.0,0.0
2024-01-17 08:00:00+00:00,0.0,0.0,0.0,0.0
2024-01-17 09:00:00+00:00,0.0,0.0,0.0,0.0
2024-01-17 10:00:00+00:00,0.0,0.0,0.0,0.0
2024-01-17 11:00:00+00:00,0.0,0.0,0.0,0.0
2024-01-17 12:00:00+00:00,0.0,0.0,0.0,0.0
2024-01-17 13:00:00+00:00,0.0,0.0,0.0,0.0
2024-01-17 14:00:00+00:00,0.0,0.0,0.0,0.0
2024-01-17 15:00:00+00:00,0.0,0.0,0.0,0.0
2024-01-17 16:00:00+00:00,0.0,0.0,0.0,0.0
2024-01-17 17:00:00+00:00,0.0,0.0,0.0,0.0
2024-01-17 18:00:00+00:00,0.0,0.0,0.0,0.0
2024-01-17 19:00:00+00:00,0.0,0.0,0.0,0.0
2024-01-17 20:00:00+00:00,0.0,0.0,0.0,0.0
2024-01-17 21:00:00+00:00,0.0,0.0,0.0,0.0
2024-01-17 22:00:00+00:00,0.0,0.0,0.0,0.0
2024-01-17 23:00:00+00:00,0.0,0.0,0.0,0.0
2024-01-18 00:00:00+00:00,0.0,0.0,0.0,0.0
2024-01-18 01:00:00+00:00,0.0,0.0,0.0,0.0
2024-01-18 02:00:00+00:00,0.0,0.0,0.0,0.0
2024-01-18 03:00:00+00:00,0.0,0.0,0.0,0.0
2024-01-18 04:00:00+00:00,0.0,0.0,0.0,0.0
2024-01-18 05:00:00+00:00,0.0,0.0,0.0,0.0
2024-01-18 06:00:00+00:00,0.0,0.0,0.0,0.0
2024-01-18 07:00:00+00:00,0.0,0.0,0.0,0.0
2024-01-18 08:00:00+00:00,0.0,0.0,0.0,0.0
2024-01-18 09:00:00+00:00,0.0,0.0,0.0,0.0
2024-01-18 10:00:00+00:00,0.0,0.0,0.0,0.0
2024-01-18 11:00:00+00:00,0.0,0.0,0.0,0.0
2024-01-18 12:00:00+00:00,0.0,0.0,0.0,0.0
2024-01-18 13:00:00+00:00,0.0,0.0,0.0,0.0
2024-01-18 14:00:00+00:00,0.0,0.0,0.0,0.0
2024-01-18 15:00:00+00:00,0.0,0.0,0.0,0.0
2024-01-18 16:00:00+00:00,0.0,0.0,0.0,0.0
2024-01-18 17:00:00+00:00,0.0,0.0,0.0,0.0
2024-01-18 18:00:00+00:00,0.0,0.0,0.0,0.0
2024-01-18 19:00:00+00:00,0.0,0.0,0.0,0.0
2024-01-18 20:00:00+00:00,0.0,0.0,0.0,0.0
2024-01-18 21:00:00+00:00,0.0,0.0,0.0,0.0
2024-01-18 22:00:00+00:00,0.0,0.0,0.0,0.0
2024-01-18 23:00:00+00:00,0.0,0.0,0.0,0.0
2024-01-19 00:00:00+00:00,0.0,0.0,0.0,0.0
2024-01-19 01:00:00+00:00,0.0,0.0,0.0,0.0
2024-01-19 02:00:00+00:00,0.0,0.0,0.0,0.0
2024-01-19 03:00:00+00:00,0.0,0.0,0.0,0.0
2024-01-19 04:00:00+00:00,0.0,0.0,0.0,0.0
2024-01-19 05:00:00+00:00,0.0,0.0,0.0,0.0
2024-01-19 06:00:00+00:00,0.0,0.0,0.0,0.0
2024-01-19 07:00:00+00:00,0.0,0.0,0.0,0.0
2024-01-19 08:00:00+00:00,0.0,0.0,0.0,0.0
2024-01-19 09:00:00+00:00,0.0,0.0,0.0,0.0
2024-01-19 10:00:00+00:00,0.0,0.0,0.0,0.0
2024-01-19 11:00:00+00:00,0.0,0.0,0.0,0.0
2024-01-19 12:00:00+00:00,0.0,0.0,0.0,0.0
2024-01-19 13:00:00+00:00,0.0,0.0,0.0,0.0
2024-01-19 14:00:00+00:00,0.0,0.0,0.0,0.0
2024-01-19 15:00:00+00:00,0.0,0.0,0.0,0.0
2024-01-19 16:00:00+00:00,0.0,0.0,0.0,0.0
2024-01-19 17:00:00+00:00,0.0,0.0,0.0,0.0
2024-01-19 18:00:00+00:00,0.0,0.0,0.0,0.0
2024-01-19 19:00:00+00:00,0.0,0.0,0.0,0.0
2024-01-19 20:00:00+00:00,0.0,0.0,0.0,0.0
2024-01-19 21:00:00+00:00,0.0,0.0,0.0,0.0
2024-01-19 22:00:00+00:00,0.0,0.0,0.0,0.0
2024-01-19 23:00:00+00:00,0.0,0.0,0.0,0.0
2024-01-20 00:00:00+00:00,0.0,0.0,0.0,0.0
2024-01-20 01:00:00+00:00,0.0,0.0,0.0,0.0
2024-01-20 02:00:00+00:00,0.0,0.0,0.0,0.0
2024-01-20 03:00:00+00:00,0.0,0.0,0.0,0.0
2024-01-20 04:00:00+00:00,0.0,0.0,0.0,0.0
2024-01-20 05:00:00+00:00,0.0,0.0,0.0,0.0
2024-01-20 06:00:00+00:00,0.0,0.0,0.0,0.0
2024-01-20 07:00:00+00:00,0.0,0.0,0.0,0.0
2024-01-20 08:00:00+00:00,0.0,0.0,0.0,0.0
2024-01-20 09:00:00+00:00,0.0,0.0,0.0,0.0
2024-01-20 10:00:00+00:00,0.0,0.0,0.0,0.0
2024-01-20 11:00:00+00:00,0.0,0.0,0.0,0.0
2024-01-20 12:00:00+00:00,0.0,0.0,0.0,0.0
2024-01-20 13:00:00+00:00,0.0,0.0,0.0,0.0
2024-01-20 14:00:00+00:00,0.0,0.0,0.0,0.0
2024-01-20 15:00:00+00:00,0.0,0.0,0.0,0.0
2024-01-20 16:00:00+00:00,0.0,0.0,0.0,0.0
2024-01-20 17:00:00+00:00,0.0,0.0,0.0,0.0
2024-01-20 18:00:00+00:00,0.0,0.0,0.0,0.0
2024-01-20 19:00:00+00:00,0.0,0.0,0.0,0.0
2024-01-20 20:00:00+00:00,0.0,0.0,0.0,0.0
2024-01-20 21:00:00+00:00,0.0,0.0,0.0,0.0
2024-01-20 22:00:00+00:00,0.0,0.0,0.0,0.0
2024-01-20 23:00:00+00:00,0.0,0.0,0.0,0.0
2024-01-21 00:00:00+00:00,0.0,0.0,0.0,0.0
2024-01-21 01:00:00+00:00,0.0,0.0,0.0,0.0
2024-01-21 02:00:00+00:00,0.0,0.0,0.0,0.0
2024-01-21 03:00:00+00:00,0.0,0.0,0.0,0.0
2024-01-21 04:00:00+00:00,0.0,0.0,0.0,0.0
2024-01-21 05:00:00+00:00,0.0,0.0,0.0,0.0
2024-01-21 06:00:00+00:00,0.0,0.0,0.0,0.0
2024-01-21 07:00:00+00:00,0.0,0.0,0.0,0.0
2024-01-21 08:00:00+00:00,0.0,0.0,0.0,0.0
2024-01-21 09:00:00+00:00,0.0,0.0,0.0,0.0
2024-01-21 10:00:00+00:00,0.0,0.0,0.0,0.0
2024-01-21 11:00:00+00:00,0.0,0.0,0.0,0.0
2024-01-21 12:00:00+00:00,0.0,0.0,0.0,0.0
2024-01-21 13:00:00+00:00,0.0,0.0,0.0,0.0
2024-01-21 14:00:00+00:00,0.0,0.0,0.0,0.0
2024-01-21 15:00:00+00:00,0.0,0.0,0.0,0.0
2024-01-21 16:00:00+00:00,0.0,0.0,0.0,0.0
2024-01-21 17:00:00+00:00,0.0,0.0,0.0,0.0
2024-01-21 18:00:00+00:00,0.0,0.0,0.0,0.0
2024-01-21 19:00:00+00:00,0.0,0.0,0.0,0.0
2024-01-21 20:00:00+00:00,0.0,0.0,0.0,0.0
2024-01-21 21:00:00+00:00,0.0,0.0,0.0,0.0
2024-01-21 22:00:00+00:00,0.0,0.0,0.0,0.0
2024-01-21 23:00:00+00:00,0.0,0.0,0.0,0.0
2024-01-22 00:00:00+00:00,0.0,0.0,0.0,0.0
2024-01-22 01:00:00+00:00,0.0,0.0,0.0,0.0
2024-01-22 02:00:00+00:00,0.0,0.0,0.0,0.0
2024-01-22 03:00:00+00:00,0.0,0.0,0.0,0.0
2024-01-22 04:00:00+00:00,0.0,0.0,0.0,0.0
2024-01-22 05:00:00+00:00,0.0,0.0,0.0,0.0
2024-01-22 06:00:00+00:00,0.0,0.0,0.0,0.0
2024-01-22 07:00:00+00:00,0.0,0.0,0.0,0.0
2024-01-22 08:00:00+00:00,0.0,0.0,0.0,0.0
2024-01-22 09:00:00+00:00,0.0,0.0,0.0,0.0
2024-01-22 10:00:00+00:00,0.0,0.0,0.0,0.0
2024-01-22 11:00:00+00:00,0.0,0.0,0.0,0.0
2024-01-22 12:00:00+00:00,0.0,0.0,0.0,0.0
2024-01-22 13:00:00+00:00,0.0,0.0,0.0,0.0
2024-01-22 14:00:00+00:00,0.0,0.0,0.0,0.0
2024-01-22 15:00:00+00:00,0.0,0.0,0.0,0.0
2024-01-22 16:00:00+00:00,0.0,0.0,0.0,0.0
2024-01-22 17:00:00+00:00,0.0,0.0,0.0,0.0
2024-01-22 18:00:00+00:00,0.0,0.0,0.0,0.0
2024-01-22 19:00:00+00:00,0.0,0.0,0.0,0.0
2024-01-22 20:00:00+00:00,0.0,0.0,0.0,0.0
2024-01-22 21:00:00+00:00,0.0,0.0,0.0,0.0
2024-01-22 22:00:00+00:00,0.0,0.0,0.0,0.0
2024-01-22 23:00:00+00:00,0.0,0.0,0.0,0.0
2024-01-23 00:00:00+00:00,0.0,0.0,0.0,0.0
2024-01-23 01:00:00+00:00,0.0,0.0,0.0,0.0
2024-01-23 02:00:00+00:00,0.0,0.0,0.0,0.0
2024-01-23 03:00:00+00:00,0.0,0.0,0.0,0.0
2024-01-23 04:00:00+00:00,0.0,0.0,0.0,0.0
2024-01-23 05:00:00+00:00,0.0,0.0,0.0,0.0
2024-01-23 06:00:00+00:00,0.0,0.0,0.0,0.0
2024-01-23 07:00:00+00:00,0.0,0.0,0.0,0.0
2024-01-23 08:00:00+00:00,0.0,0.0,0.0,0.0
2024-01-23 09:00:00+00:00,0.0,0.0,0.0,0.0
2024-01-23 10:00:00+00:00,0.0,0.0,0.0,0.0
2024-01-23 11:00:00+00:00,0.0,0.0,0.0,0.0
2024-01-23 12:00:00+00:00,0.0,0.0,0.0,0.0
2024-01-23 13:00:00+00:00,0.0,0.0,0.0,0.0
2024-01-23 14:00:00+00:00,0.0,0.0,0.0,0.0
2024-01-23 15:00:00+00:00,0.0,0.0,0.0,0.0
2024-01-23 16:00:00+00:00,0.0,0.0,0.0,0.0
2024-01-23 17:00:00+00:00,0.0,0.0,0.0,0.0
2024-01-23 18:00:00+00:00,0.0,0.0,0.0,0.0
2024-01-23 19:00:00+00:00,0.0,0.0,0.0,0.0
2024-01-23 20:00:00+00:00,0.0,0.0,0.0,0.0
2024-01-23 21:00:00+00:00,0.0,0.0,0.0,0.0
2024-01-23 22:00:00+00:00,0.0,0.0,0.0,0.0
2024-01-23 23:00:00+00:00,0.0,0.0,0.0,0.0
2024-01-24 00:00:00+00:00,0.0,0.0,0.0,0.0
2024-01-24 01:00:00+00:00,0.0,0.0,0.0,0.0
2024-01-24 02:00:00+00:00,0.0,0.0,0.0,0.0
2024-01-24 03:00:00+00:00,0.0,0.0,0.0,0.0
2024-01-24 04:00:00+00:00,0.0,0.0,0.0,0.0
2024-01-24 05:00:00+00:00,0.0,0.0,0.0,0.0
2024-01-24 06:00:00+00:00,0.0,0.0,0.0,0.0
2024-01-24 07:00:00+00:00,0.0,0.0,0.0,0.0
2024-01-24 08:00:00+00:00,0.0,0.0,0.0,0.0
2024-01-24 09:00:00+00:00,0.0,0.0,0.0,0.0
2024-01-24 10:00:00+00:00,0.0,0.0,0.0,0.0
2024-01-24 11:00:00+00:00,0.0,0.0,0.0,0.0
2024-01-24 12:00:00+00:00,0.0,0.0,0.0,0.0
2024-01-24 13:00:00+00:00,0.0,0.0,0.0,0.0
2024-01-24 14:00:00+00:00,0.0,0.0,0.0,0.0
2024-01-24 15:00:00+00:00,0.0,0.0,0.0,0.0
2024-01-24 16:00:00+00:00,0.0,0.0,0.0,0.0
2024-01-24 17:00:00+00:00,0.0,0.0,0.0,0.0
2024-01-24 18:00:00+00:00,-0.011232,0.0,0.0,0.0
2024-01-24 19:00:00+00:00,0.0,0.0,0.0,0.0
2024-01-24 20:00:00+00:00,0.0,0.0,0.0,0.0
2024-01-24 21:00:00+00:00,0.0,0.0,0.0,0.0
2024-01-24 22:00:00+00:00,0.0,0.0,0.0,0.0
2024-01-24 23:00:00+00:00,0.0,0.0,0.0,0.0
2024-01-25 00:00:00+00:00,0.0,0.0,0.0,0.0
2024-01-25 01:00:00+00:00,0.0,0.0,0.0,0.0
2024-01-25 02:00:00+00:00,0.0,0.0,0.0,0.0
2024-01-25 03:00:00+00:00,0.0,0.0,0.0,0.0
2024-01-25 04:00:00+00:00,0.0,0.0,0.0,0.0
2024-01-25 05:00:00+00:00,0.0,0.0,0.0,0.0
2024-01-25 06:00:00+00:00,0.0,0.0,0.0,0.0
2024-01-25 07:00:00+00:00,0.0,0.0,0.0,0.0
2024-01-25 08:00:00+00:00,0.0,0.0,0.0,0.0
2024-01-25 09:00:00+00:00,0.0,0.0,0.0,0.0
2024-01-25 10:00:00+00:00,0.0,0.0,0.0,0.0
2024-01-25 11:00:00+00:00,0.0,0.0,0.0,0.0
2024-01-25 12:00:00+00:00,-0.011646,0.0,0.0,0.0
2024-01-25 13:00:00+00:00,0.0,0.0,0.0,0.0
2024-01-25 14:00:00+00:00,0.0,0.0,0.0,0.0
2024-01-25 15:00:00+00:00,0.0,0.0,0.0,0.0
2024-01-25 16:00:00+00:00,0.0,0.0,0.0,0.0
2024-01-25 17:00:00+00:00,0.0,0.0,0.0,0.0
2024-01-25 18:00:00+00:00,0.0,0.0,0.0,0.0
2024-01-25 19:00:00+00:00,0.0,0.0,0.0,0.0
2024-01-25 20:00:00+00:00,0.0,0.0,0.0,0.0
2024-01-25 21:00:00+00:00,0.0,0.0,0.0,0.0
2024-01-25 22:00:00+00:00,0.0,0.0,0.0,0.0
2024-01-25 23:00:00+00:00,0.0,0.0,0.0,0.0
2024-01-26 00:00:00+00:00,0.0,0.0,0.0,0.0
2024-01-26 01:00:00+00:00,0.0,0.0,0.0,0.0
2024-01-26 02:00:00+00:00,0.0,0.0,0.0,0.0
2024-01-26 03:00:00+00:00,0.0,0.0,0.0,0.0
2024-01-26 04:00:00+00:00,0.0,0.0,0.0,0.0
2024-01-26 05:00:00+00:00,0.0,0.0,0.0,0.0
2024-01-26 06:00:00+00:00,0.0,0.0,0.0,0.0
2024-01-26 07:00:00+00:00,0.0,0.0,0.0,0.0
2024-01-26 08:00:00+00:00,0.0,0.0,0.0,0.0
2024-01-26 09:00:00+00:00,0.012969,0.0,0.0,0.0
2024-01-26 10:00:00+00:00,0.0,0.0,0.0,0.0
2024-01-26 11:00:00+00:00,0.0,0.0,0.0,0.0
2024-01-26 12:00:00+00:00,0.0,0.0,0.0,0.0
2024-01-26 13:00:00+00:00,0.0,0.0,0.0,0.0
2024-01-26 14:00:00+00:00,0.0,0.0,0.0,0.0
2024-01-26 15:00:00+00:00,0.0,0.0,0.0,0.0
2024-01-26 16:00:00+00:00,0.013552,0.0,0.0,0.0
2024-01-26 17:00:00+00:00,0.0,0.0,0.0,0.0
2024-01-26 18:00:00+00:00,0.0,0.0,0.0,0.0
2024-01-26 19:00:00+00:00,0.0,0.0,0.0,0.0
2024-01-26 20:00:00+00:00,0.0,0.0,0.0,0.0
2024-01-26 21:00:00+00:00,0.0,0.0,0.0,0.0
2024-01-26 22:00:00+00:00,0.0,0.0,0.0,0.0
2024-01-26 23:00:00+00:00,0.0,0.0,0.0,0.0
2024-01-27 00:00:00+00:00,0.0,0.0,0.0,0.0
2024-01-27 01:00:00+00:00,0.0,0.0,0.0,0.0
2024-01-27 02:00:00+00:00,0.0,0.0,0.0,0.0
2024-01-27 03:00:00+00:00,0.0,0.0,0.0,0.0
2024-01-27 04:00:00+00:00,0.0,0.0,0.0,0.0
2024-01-27 05:00:00+00:00,0.0,0.0,0.0,0.0
2024-01-27 06:00:00+00:00,0.0,0.0,0.0,0.0
2024-01-27 07:00:00+00:00,0.0,0.0,0.0,0.0
2024-01-27 08:00:00+00:00,0.0,0.0,0.0,0.0
2024-01-27 09:00:00+00:00,0.0,0.0,0.0,0.0
2024-01-27 10:00:00+00:00,0.0,0.0,0.0,0.0
2024-01-27 11:00:00+00:00,0.0,0.0,0.0,0.0
2024-01-27 12:00:00+00:00,0.0,0.0,0.0,0.0
2024-01-27 13:00:00+00:00,0.0,0.0,0.0,0.0
2024-01-27 14:00:00+00:00,0.0,0.0,0.0,0.0
2024-01-27 15:00:00+00:00,0.0,0.0,0.0,0.0
2024-01-27 16:00:00+00:00,0.0,0.0,0.0,0.0
2024-01-27 17:00:00+00:00,0.0,0.0,0.0,0.0
2024-01-27 18:00:00+00:00,0.0,0.0,0.0,0.0
2024-01-27 19:00:00+00:00,0.0,0.0,0.0,0.0
2024-01-27 20:00:00+00:00,0.0,0.0,0.0,0.0
2024-01-27 21:00:00+00:00,0.0,0.0,0.0,0.0
2024-01-27 22:00:00+00:00,0.0,0.0,0.0,0.0
2024-01-27 23:00:00+00:00,0.0,0.0,0.0,0.0
2024-01-28 00:00:00+00:00,0.0,0.0,0.0,0.0
2024-01-28 01:00:00+00:00,0.0,0.0,0.0,0.0
2024-01-28 02:00:00+00:00,0.0,0.0,0.0,0.0
2024-01-28 03:00:00+00:00,0.0,0.0,0.0,0.0
2024-01-28 04:00:00+00:00,0.012384,0.0,0.0,0.0
2024-01-28 05:00:00+00:00,0.0,0.0,0.0,0.0
2024-01-28 06:00:00+00:00,0.0,0.0,0.0,0.0
2024-01-28 07:00:00+00:00,0.0,0.0,0.0,0.0
2024-01-28 08:00:00+00:00,0.0,0.0,0.0,0.0
2024-01-28 09:00:00+00:00,0.0,0.0,0.0,0.0
2024-01-28 10:00:00+00:00,0.0,0.0,0.0,0.0
2024-01-28 11:00:00+00:00,0.00294,0.0,0.0,0.0
2024-01-28 12:00:00+00:00,0.0,0.0,0.0,0.0
2024-01-28 13:00:00+00:00,0.0,0.0,0.0,0.0
2024-01-28 14:00:00+00:00,0.0,0.0,0.0,0.0
2024-01-28 15:00:00+00:00,0.0,0.0,0.0,0.0
2024-01-28 16:00:00+00:00,0.0,0.0,0.0,0.0
2024-01-28 17:00:00+00:00,0.0,0.0,0.0,0.0
2024-01-28 18:00:00+00:00,0.0,0.0,0.0,0.0
2024-01-28 19:00:00+00:00,0.0,0.0,0.0,0.0
2024-01-28 20:00:00+00:00,0.0,0.0,0.0,0.0
2024-01-28 21:00:00+00:00,0.0,0.0,0.0,0.0
2024-01-28 22:00:00+00:00,0.0,0.0,0.0,0.0
2024-01-28 23:00:00+00:00,0.0,0.0,0.0,0.0
2024-01-29 00:00:00+00:00,0.0,0.0,0.0,0.0
2024-01-29 01:00:00+00:00,0.0,0.0,0.0,0.0
2024-01-29 02:00:00+00:00,0.0,0.0,0.0,0.0
2024-01-29 03:00:00+00:00,0.0,0.0,0.0,0.0
2024-01-29 04:00:00+00:00,0.0,0.0,0.0,0.0
2024-01-29 05:00:00+00:00,0.0,0.0,0.0,0.0
2024-01-29 06:00:00+00:00,0.0,0.0,0.0,0.0
2024-01-29 07:00:00+00:00,0.0,0.0,0.0,0.0
2024-01-29 08:00:00+00:00,0.0,0.0,0.0,0.0
2024-01-29 09:00:00+00:00,0.0,0.0,0.0,0.0
2024-01-29 10:00:00+00:00,0.0,0.0,0.0,0.0
2024-01-29 11:00:00+00:00,0.0,0.0,0.0,0.0
2024-01-29 12:00:00+00:00,0.003132,0.0,0.0,0.0
2024-01-29 13:00:00+00:00,0.0,0.0,0.0,0.0
2024-01-29 14:00:00+00:00,0.0,0.0,0.0,0.0
2024-01-29 15:00:00+00:00,0.0,0.0,0.0,0.0
2024-01-29 16:00:00+00:00,0.013468,0.0,0.0,0.0
2024-01-29 17:00:00+00:00,0.0,0.0,0.0,0.0
2024-01-29 18:00:00+00:00,0.0,0.0,0.0,0.0
2024-01-29 19:00:00+00:00,0.0,0.0,0.0,0.0
2024-01-29 20:00:00+00:00,0.0,0.0,0.0,0.0
2024-01-29 21:00:00+00:00,0.0,0.0,0.0,0.0
2024-01-29 22:00:00+00:00,0.0,0.0,0.0,0.0
2024-01-29 23:00:00+00:00,0.0,0.0,0.0,0.0
2024-01-30 00:00:00+00:00,0.0,0.0,0.0,0.0
2024-01-30 01:00:00+00:00,0.0,0.0,0.0,0.0
2024-01-30 02:00:00+00:00,0.013587,0.0,0.0,0.0
2024-01-30 03:00:00+00:00,0.0,0.0,0.0,0.0
2024-01-30 04:00:00+00:00,0.0,0.0,0.0,0.0
2024-01-30 05:00:00+00:00,0.0,0.0,0.0,0.0
2024-01-30 06:00:00+00:00,0.0,0.0,0.0,0.0
2024-01-30 07:00:00+00:00,0.0,0.0,0.0,0.0
2024-01-30 08:00:00+00:00,0.0,0.0,0.0,0.0
2024-01-30 09:00:00+00:00,0.0,0.0,0.0,0.0
2024-01-30 10:00:00+00:00,0.0,0.0,0.0,0.0
2024-01-30 11:00:00+00:00,0.0,0.0,0.0,0.0
2024-01-30 12:00:00+00:00,0.0,0.0,0.0,0.0
2024-01-30 13:00:00+00:00,0.00334,0.0,0.0,0.0
2024-01-30 14:00:00+00:00,0.0,0.0,0.0,0.0
2024-01-30 15:00:00+00:00,0.0,0.0,0.0,0.0
2024-01-30 16:00:00+00:00,0.0,0.0,0.0,0.0
2024-01-30 17:00:00+00:00,0.0,0.0,0.0,0.0
2024-01-30 18:00:00+00:00,0.0,0.0,0.0,0.0
2024-01-30 19:00:00+00:00,0.0,0.0,0.0,0.0
2024-01-30 20:00:00+00:00,0.0,0.0,0.0,0.0
2024-01-30 21:00:00+00:00,0.0,0.0,0.0,0.0
2024-01-30 22:00:00+00:00,0.0,0.0,0.0,0.0
2024-01-30 23:00:00+00:00,0.0,0.0,0.0,0.0
2024-01-31 00:00:00+00:00,0.0,0.0,0.0,0.0
2024-01-31 01:00:00+00:00,0.0,0.0,0.0,0.0
2024-01-31 02:00:00+00:00,0.0,0.0,0.0,0.0
2024-01-31 03:00:00+00:00,0.0,0.0,0.0,0.0
2024-01-31 04:00:00+00:00,0.0,0.0,0.0,0.0
2024-01-31 05:00:00+00:00,0.0,0.0,0.0,0.0
2024-01-31 06:00:00+00:00,0.0,0.0,0.0,0.0
2024-01-31 07:00:00+00:00,0.0,0.0,0.0,0.0
2024-01-31 08:00:00+00:00,0.0,0.0,0.0,0.0
2024-01-31 09:00:00+00:00,0.0,0.0,0.0,0.0
2024-01-31 10:00:00+00:00,0.0,0.0,0.0,0.0
2024-01-31 11:00:00+00:00,0.0,0.0,0.0,0.0
2024-01-31 12:00:00+00:00,0.0,0.0,0.0,0.0
2024-01-31 13:00:00+00:00,0.0,0.0,0.0,0.0
2024-01-31 14:00:00+00:00,0.0,0.0,0.0,0.0
2024-01-31 15:00:00+00:00,0.0,0.0,0.0,0.0
2024-01-31 16:00:00+00:00,0.0,0.0,0.0,0.0
2024-01-31 17:00:00+00:00,0.0,0.0,0.0,0.0
2024-01-31 18:00:00+00:00,0.0,0.0,0.0,0.0
2024-01-31 19:00:00+00:00,0.003615,0.0,0.0,0.0
2024-01-31 20:00:00+00:00,0.0,0.0,0.0,0.0
2024-01-31 21:00:00+00:00,0.0,0.0,0.0,0.0
2024-01-31 22:00:00+00:00,0.0,0.0,0.0,0.0
2024-01-31 23:00:00+00:00,0.0,0.0,0.0,0.0
2024-02-01 00:00:00+00:00,0.0,0.0,0.0,0.0
2024-02-01 01:00:00+00:00,0.0,0.0,0.0,0.0
2024-02-01 02:00:00+00:00,0.0,0.0,0.0,0.0
2024-02-01 03:00:00+00:00,0.0,0.0,0.0,0.0
2024-02-01 04:00:00+00:00,0.0,0.0,0.0,0.0
2024-02-01 05:00:00+00:00,0.0,0.0,0.0,0.0
2024-02-01 06:00:00+00:00,0.0,0.0,0.0,0.0
2024-02-01 07:00:00+00:00,0.0,0.0,0.0,0.0
2024-02-01 08:00:00+00:00,0.0,0.0,0.0,0.0
2024-02-01 09:00:00+00:00,0.0,0.0,0.0,0.0
2024-02-01 10:00:00+00:00,0.0,0.0,0.0,0.0
2024-02-01 11:00:00+00:00,0.0,0.0,0.0,0.0
2024-02-01 12:00:00+00:00,-0.011527,0.0,0.0,0.0
2024-02-01 13:00:00+00:00,0.0,0.0,0.0,0.0
2024-02-01 14:00:00+00:00,0.0,0.0,0.0,0.0
2024-02-01 15:00:00+00:00,0.0,0.0,0.0,0.0
2024-02-01 16:00:00+00:00,0.0,0.0,0.0,0.0
2024-02-01 17:00:00+00:00,0.0135979999999999,0.0,0.0,0.0
2024-02-01 18:00:00+00:00,0.0,0.0,0.0,0.0
2024-02-01 19:00:00+00:00,0.0,0.0,0.0,0.0
2024-02-01 20:00:00+00:00,0.0,0.0,0.0,0.0
2024-02-01 21:00:00+00:00,0.0,0.0,0.0,0.0
2024-02-01 22:00:00+00:00,0.0,0.0,0.0,0.0
2024-02-01 23:00:00+00:00,0.0,0.0,0.0,0.0
2024-02-02 00:00:00+00:00,0.0,0.0,0.0,0.0
2024-02-02 01:00:00+00:00,0.0,0.0,0.0,0.0
2024-02-02 02:00:00+00:00,0.0,0.0,0.0,0.0
2024-02-02 03:00:00+00:00,0.0,0.0,0.0,0.0
2024-02-02 04:00:00+00:00,0.0,0.0,0.0,0.0
2024-02-02 05:00:00+00:00,0.0,0.0,0.0,0.0
2024-02-02 06:00:00+00:00,0.0,0.0,0.0,0.0
2024-02-02 07:00:00+00:00,0.0,0.0,0.0,0.0
2024-02-02 08:00:00+00:00,0.0,0.0,0.0,0.0
2024-02-02 09:00:00+00:00,0.0,0.0,0.0,0.0
2024-02-02 10:00:00+00:00,0.0,0.0,0.0,0.0
2024-02-02 11:00:00+00:00,0.0,0.0,0.0,0.0
2024-02-02 12:00:00+00:00,0.0,0.0,0.0,0.0
2024-02-02 13:00:00+00:00,0.0,0.0,0.0,0.0
2024-02-02 14:00:00+00:00,0.0,0.0,0.0,0.0
2024-02-02 15:00:00+00:00,0.0,0.0,0.0,0.0
2024-02-02 16:00:00+00:00,0.0,0.0,0.0,0.0
2024-02-02 17:00:00+00:00,0.0,0.0,0.0,0.0
2024-02-02 18:00:00+00:00,0.0,0.0,0.0,0.0
2024-02-02 19:00:00+00:00,0.0,0.0,0.0,0.0
2024-02-02 20:00:00+00:00,0.0,0.0,0.0,0.0
2024-02-02 21:00:00+00:00,0.0,0.0,0.0,0.0
2024-02-02 22:00:00+00:00,0.0,0.0,0.0,0.0
2024-02-02 23:00:00+00:00,0.0,0.0,0.0,0.0
2024-02-03 00:00:00+00:00,0.0,0.0,0.0,0.0
2024-02-03 01:00:00+00:00,0.0,0.0,0.0,0.0
2024-02-03 02:00:00+00:00,0.0,0.0,0.0,0.0
2024-02-03 03:00:00+00:00,0.0,0.0,0.0,0.0
2024-02-03 04:00:00+00:00,0.0,0.0,0.0,0.0
2024-02-03 05:00:00+00:00,0.0,0.0,0.0,0.0
2024-02-03 06:00:00+00:00,0.0,0.0,0.0,0.0
2024-02-03 07:00:00+00:00,0.0,0.0,0.0,0.0
2024-02-03 08:00:00+00:00,0.0,0.0,0.0,0.0
2024-02-03 09:00:00+00:00,0.0,0.0,0.0,0.0
2024-02-03 10:00:00+00:00,0.0,0.0,0.0,0.0
2024-02-03 11:00:00+00:00,0.0,0.0,0.0,0.0
2024-02-03 12:00:00+00:00,0.0,0.0,0.0,0.0
2024-02-03 13:00:00+00:00,0.0,0.0,0.0,0.0
2024-02-03 14:00:00+00:00,0.0,0.0,0.0,0.0
2024-02-03 15:00:00+00:00,-0.012763,0.0,0.0,0.0
2024-02-03 16:00:00+00:00,0.0,0.0,0.0,0.0
2024-02-03 17:00:00+00:00,0.0,0.0,0.0,0.0
2024-02-03 18:00:00+00:00,0.0,0.0,0.0,0.0
2024-02-03 19:00:00+00:00,0.0,0.0,0.0,0.0
2024-02-03 20:00:00+00:00,0.0,0.0,0.0,0.0
2024-02-03 21:00:00+00:00,0.0,0.0,0.0,0.0
2024-02-03 22:00:00+00:00,0.0,0.0,0.0,0.0
2024-02-03 23:00:00+00:00,0.0,0.0,0.0,0.0
2024-02-04 00:00:00+00:00,0.0,0.0,0.0,0.0
2024-02-04 01:00:00+00:00,0.0,0.0,0.0,0.0
2024-02-04 02:00:00+00:00,0.0,0.0,0.0,0.0
2024-02-04 03:00:00+00:00,0.0,0.0,0.0,0.0
2024-02-04 04:00:00+00:00,0.0,0.0,0.0,0.0
2024-02-04 05:00:00+00:00,0.0,0.0,0.0,0.0
2024-02-04 06:00:00+00:00,0.0,0.0,0.0,0.0
2024-02-04 07:00:00+00:00,0.0,0.0,0.0,0.0
2024-02-04 08:00:00+00:00,0.0,0.0,0.0,0.0
2024-02-04 09:00:00+00:00,0.0,0.0,0.0,0.0
2024-02-04 10:00:00+00:00,0.0,0.0,0.0,0.0
2024-02-04 11:00:00+00:00,0.011535,0.0,0.0,0.0
2024-02-04 12:00:00+00:00,0.0,0.0,0.0,0.0
2024-02-04 13:00:00+00:00,0.0,0.0,0.0,0.0
2024-02-04 14:00:00+00:00,0.0,0.0,0.0,0.0
2024-02-04 15:00:00+00:00,0.0,0.0,0.0,0.0
2024-02-04 16:00:00+00:00,0.0,0.0,0.0,0.0
2024-02-04 17:00:00+00:00,0.0,0.0,0.0,0.0
2024-02-04 18:00:00+00:00,0.0,0.0,0.0,0.0
2024-02-04 19:00:00+00:00,-0.01334,0.0,0.0,0.0
2024-02-04 20:00:00+00:00,0.0,0.0,0.0,0.0
2024-02-04 21:00:00+00:00,0.0,0.0,0.0,0.0
2024-02-04 22:00:00+00:00,0.0,0.0,0.0,0.0
2024-02-04 23:00:00+00:00,0.0,0.0,0.0,0.0
2024-02-05 00:00:00+00:00,0.0,0.0,0.0,0.0
2024-02-05 01:00:00+00:00,0.0,0.0,0.0,0.0
2024-02-05 02:00:00+00:00,0.0,0.0,0.0,0.0
2024-02-05 03:00:00+00:00,0.0,0.0,0.0,0.0
2024-02-05 04:00:00+00:00,0.0,0.0,0.0,0.0
2024-02-05 05:00:00+00:00,0.0,0.0,0.0,0.0
2024-02-05 06:00:00+00:00,0.0,0.0,0.0,0.0
2024-02-05 07:00:00+00:00,0.0,0.0,0.0,0.0
2024-02-05 08:00:00+00:00,0.0,0.0,0.0,0.0
2024-02-05 09:00:00+00:00,0.0,0.0,0.0,0.0
2024-02-05 10:00:00+00:00,0.0,0.0,0.0,0.0
2024-02-05 11:00:00+00:00,0.0,0.0,0.0,0.0
2024-02-05 12:00:00+00:00,0.0,0.0,0.0,0.0
2024-02-05 13:00:00+00:00,0.01292,0.0,0.0,0.0
2024-02-05 14:00:00+00:00,0.0,0.0,0.0,0.0
2024-02-05 15:00:00+00:00,0.0,0.0,0.0,0.0
2024-02-05 16:00:00+00:00,0.0,0.0,0.0,0.0
2024-02-05 17:00:00+00:00,0.0,0.0,0.0,0.0
2024-02-05 18:00:00+00:00,0.0,0.0,0.0,0.0
2024-02-05 19:00:00+00:00,0.0,0.0,0.0,0.0
2024-02-05 20:00:00+00:00,-0.01181,0.0,0.0,0.0
2024-02-05 21:00:00+00:00,0.0,0.0,0.0,0.0
2024-02-05 22:00:00+00:00,0.0,0.0,0.0,0.0
2024-02-05 23:00:00+00:00,0.0,0.0,0.0,0.0
2024-02-06 00:00:00+00:00,0.0,0.0,0.0,0.0
2024-02-06 01:00:00+00:00,0.0,0.0,0.0,0.0
2024-02-06 02:00:00+00:00,0.0,0.0,0.0,0.0
2024-02-06 03:00:00+00:00,0.0,0.0,0.0,0.0
2024-02-06 04:00:00+00:00,0.0,0.0,0.0,0.0
2024-02-06 05:00:00+00:00,0.0,0.0,0.0,0.0
2024-02-06 06:00:00+00:00,0.0,0.0,0.0,0.0
2024-02-06 07:00:00+00:00,0.0,0.0,0.0,0.0
2024-02-06 08:00:00+00:00,0.0,0.0,0.0,0.0
2024-02-06 09:00:00+00:00,0.0,0.0,0.0,0.0
2024-02-06 10:00:00+00:00,0.002967,0.0,0.0,0.0
2024-02-06 11:00:00+00:00,0.0,0.0,0.0,0.0
2024-02-06 12:00:00+00:00,0.0,0.0,0.0,0.0
2024-02-06 13:00:00+00:00,0.0,0.0,0.0,0.0
2024-02-06 14:00:00+00:00,0.0,0.0,0.0,0.0
2024-02-06 15:00:00+00:00,0.0,0.0,0.0,0.0
2024-02-06 16:00:00+00:00,0.013059,0.0,0.0,0.0
2024-02-06 17:00:00+00:00,0.0,0.0,0.0,0.0
2024-02-06 18:00:00+00:00,0.0,0.0,0.0,0.0
2024-02-06 19:00:00+00:00,0.0,0.0,0.0,0.0
2024-02-06 20:00:00+00:00,0.0,0.0,0.0,0.0
2024-02-06 21:00:00+00:00,0.0,0.0,0.0,0.0
2024-02-06 22:00:00+00:00,0.0,0.0,0.0,0.0
2024-02-06 23:00:00+00:00,0.0,0.0,0.0,0.0
2024-02-07 00:00:00+00:00,0.0,0.0,0.0,0.0
2024-02-07 01:00:00+00:00,0.0,0.0,0.0,0.0
2024-02-07 02:00:00+00:00,0.0,0.0,0.0,0.0
2024-02-07 03:00:00+00:00,-0.011866,0.0,0.0,0.0
2024-02-07 04:00:00+00:00,0.0,0.0,0.0,0.0
2024-02-07 05:00:00+00:00,0.0,0.0,0.0,0.0
2024-02-07 06:00:00+00:00,0.0,0.0,0.0,0.0
2024-02-07 07:00:00+00:00,0.0,0.0,0.0,0.0
2024-02-07 08:00:00+00:00,0.0,0.0,0.0,0.0
2024-02-07 09:00:00+00:00,0.0,0.0,0.0,0.0
2024-02-07 10:00:00+00:00,0.002717,0.0,0.0,0.0
2024-02-07 11:00:00+00:00,0.0,0.0,0.0,0.0
2024-02-07 12:00:00+00:00,0.0,0.0,0.0,0.0
2024-02-07 13:00:00+00:00,0.0,0.0,0.0,0.0
2024-02-07 14:00:00+00:00,0.0,0.0,0.0,0.0
2024-02-07 15:00:00+00:00,0.0,0.0,0.0,0.0
2024-02-07 16:00:00+00:00,0.0,0.0,0.0,0.0
2024-02-07 17:00:00+00:00,0.012894,0.0,0.0,0.0
2024-02-07 18:00:00+00:00,0.0,0.0,0.0,0.0
2024-02-07 19:00:00+00:00,0.0,0.0,0.0,0.0
2024-02-07 20:00:00+00:00,0.0,0.0,0.0,0.0
2024-02-07 21:00:00+00:00,0.0,0.0,0.0,0.0
2024-02-07 22:00:00+00:00,0.003309,0.0,0.0,0.0
2024-02-07 23:00:00+00:00,0.0,0.0,0.0,0.0
2024-02-08 00:00:00+00:00,0.0,0.0,0.0,0.0
2024-02-08 01:00:00+00:00,0.0,0.0,0.0,0.0
2024-02-08 02:00:00+00:00,0.0,0.0,0.0,0.0
2024-02-08 03:00:00+00:00,0.0,0.0,0.0,0.0
2024-02-08 04:00:00+00:00,0.0,0.0,0.0,0.0
2024-02-08 05:00:00+00:00,0.0,0.0,0.0,0.0
2024-02-08 06:00:00+00:00,0.0,0.0,0.0,0.0
2024-02-08 07:00:00+00:00,0.0,0.0,0.0,0.0
2024-02-08 08:00:00+00:00,0.0,0.0,0.0,0.0
2024-02-08 09:00:00+00:00,0.0,0.0,0.0,0.0
2024-02-08 10:00:00+00:00,0.0,0.0,0.0,0.0
2024-02-08 11:00:00+00:00,0.0,0.0,0.0,0.0
2024-02-08 12:00:00+00:00,0.0,0.0,0.0,0.0
2024-02-08 13:00:00+00:00,0.0,0.0,0.0,0.0
2024-02-08 14:00:00+00:00,0.013287,0.0,0.0,0.0
2024-02-08 15:00:00+00:00,0.0,0.0,0.0,0.0
2024-02-08 16:00:00+00:00,0.0,0.0,0.0,0.0
2024-02-08 17:00:00+00:00,0.0,0.0,0.0,0.0
2024-02-08 18:00:00+00:00,0.0,0.0,0.0,0.0
2024-02-08 19:00:00+00:00,0.0,0.0,0.0,0.0
2024-02-08 20:00:00+00:00,0.0,0.0,0.0,0.0
2024-02-08 21:00:00+00:00,0.0,0.0,0.0,0.0
2024-02-08 22:00:00+00:00,0.0,0.0,0.0,0.0
2024-02-08 23:00:00+00:00,0.0,0.0,0.0,0.0
2024-02-09 00:00:00+00:00,0.0,0.0,0.0,0.0
2024-02-09 01:00:00+00:00,0.0,0.0,0.0,0.0
2024-02-09 02:00:00+00:00,0.013388,0.0,0.0,0.0
2024-02-09 03:00:00+00:00,0.0,0.0,0.0,0.0
2024-02-09 04:00:00+00:00,0.0,0.0,0.0,0.0
2024-02-09 05:00:00+00:00,0.0,0.0,0.0,0.0
2024-02-09 06:00:00+00:00,0.0,0.0,0.0,0.0
2024-02-09 07:00:00+00:00,0.0,0.0,0.0,0.0
2024-02-09 08:00:00+00:00,0.0,0.0,0.0,0.0
2024-02-09 09:00:00+00:00,0.0,0.0,0.0,0.0
2024-02-09 10:00:00+00:00,0.013434,0.0,0.0,0.0
2024-02-09 11:00:00+00:00,0.0,0.0,0.0,0.0
2024-02-09 12:00:00+00:00,0.0,0.0,0.0,0.0
2024-02-09 13:00:00+00:00,0.0,0.0,0.0,0.0
2024-02-09 14:00:00+00:00,-0.0113789999999999,0.0,0.0,0.0
2024-02-09 15:00:00+00:00,0.0,0.0,0.0,0.0
2024-02-09 16:00:00+00:00,0.0,0.0,0.0,0.0
2024-02-09 17:00:00+00:00,0.0,0.0,0.0,0.0
2024-02-09 18:00:00+00:00,0.0,0.0,0.0,0.0
2024-02-09 19:00:00+00:00,0.0,0.0,0.0,0.0
2024-02-09 20:00:00+00:00,0.0,0.0,0.0,0.0
2024-02-09 21:00:00+00:00,0.0,0.0,0.0,0.0
2024-02-09 22:00:00+00:00,0.0,0.0,0.0,0.0
2024-02-09 23:00:00+00:00,0.0,0.0,0.0,0.0
2024-02-10 00:00:00+00:00,0.0,0.0,0.0,0.0
2024-02-10 01:00:00+00:00,0.0,0.0,0.0,0.0
2024-02-10 02:00:00+00:00,0.0,0.0,0.0,0.0
2024-02-10 03:00:00+00:00,0.0,0.0,0.0,0.0
2024-02-10 04:00:00+00:00,0.0,0.0,0.0,0.0
2024-02-10 05:00:00+00:00,0.0,0.0,0.0,0.0
2024-02-10 06:00:00+00:00,0.0,0.0,0.0,0.0
2024-02-10 07:00:00+00:00,0.0,0.0,0.0,0.0
2024-02-10 08:00:00+00:00,0.0,0.0,0.0,0.0
2024-02-10 09:00:00+00:00,0.0,0.0,0.0,0.0
2024-02-10 10:00:00+00:00,0.0,0.0,0.0,0.0
2024-02-10 11:00:00+00:00,0.0,0.0,0.0,0.0
2024-02-10 12:00:00+00:00,0.0,0.0,0.0,0.0
2024-02-10 13:00:00+00:00,0.0,0.0,0.0,0.0
2024-02-10 14:00:00+00:00,0.0,0.0,0.0,0.0
2024-02-10 15:00:00+00:00,0.0,0.0,0.0,0.0
2024-02-10 16:00:00+00:00,0.0,0.0,0.0,0.0
2024-02-10 17:00:00+00:00,0.0,0.0,0.0,0.0
2024-02-10 18:00:00+00:00,0.0,0.0,0.0,0.0
2024-02-10 19:00:00+00:00,0.0,0.0,0.0,0.0
2024-02-10 20:00:00+00:00,0.0,0.0,0.0,0.0
2024-02-10 21:00:00+00:00,0.0,0.0,0.0,0.0
2024-02-10 22:00:00+00:00,0.0,0.0,0.0,0.0
2024-02-10 23:00:00+00:00,0.0,0.0,0.0,0.0
2024-02-11 00:00:00+00:00,0.0,0.0,0.0,0.0
2024-02-11 01:00:00+00:00,0.0,0.0,0.0,0.0
2024-02-11 02:00:00+00:00,0.0,0.0,0.0,0.0
2024-02-11 03:00:00+00:00,0.0,0.0,0.0,0.0
2024-02-11 04:00:00+00:00,0.0,0.0,0.0,0.0
2024-02-11 05:00:00+00:00,0.0,0.0,0.0,0.0
2024-02-11 06:00:00+00:00,0.0,0.0,0.0,0.0
2024-02-11 07:00:00+00:00,0.0,0.0,0.0,0.0
2024-02-11 08:00:00+00:00,0.0,0.0,0.0,0.0
2024-02-11 09:00:00+00:00,0.0,0.0,0.0,0.0
2024-02-11 10:00:00+00:00,-0.011587,0.0,0.0,0.0
2024-02-11 11:00:00+00:00,0.0,0.0,0.0,0.0
2024-02-11 12:00:00+00:00,0.0,0.0,0.0,0.0
2024-02-11 13:00:00+00:00,0.0,0.0,0.0,0.0
2024-02-11 14:00:00+00:00,0.0,0.0,0.0,0.0
2024-02-11 15:00:00+00:00,0.0,0.0,0.0,0.0
2024-02-11 16:00:00+00:00,0.0,0.0,0.0,0.0
2024-02-11 17:00:00+00:00,0.0,0.0,0.0,0.0
2024-02-11 18:00:00+00:00,0.0,0.0,0.0,0.0
2024-02-11 19:00:00+00:00,0.0,0.0,0.0,0.0
2024-02-11 20:00:00+00:00,0.0,0.0,0.0,0.0
2024-02-11 21:00:00+00:00,0.0,0.0,0.0,0.0
2024-02-11 22:00:00+00:00,0.0,0.0,0.0,0.0
2024-02-11 23:00:00+00:00,0.0,0.0,0.0,0.0
2024-02-12 00:00:00+00:00,0.0,0.0,0.0,0.0
2024-02-12 01:00:00+00:00,0.0,0.0,0.0,0.0
2024-02-12 02:00:00+00:00,-0.011706,0.0,0.0,0.0
2024-02-12 03:00:00+00:00,0.0,0.0,0.0,0.0
2024-02-12 04:00:00+00:00,0.0,0.0,0.0,0.0
2024-02-12 05:00:00+00:00,0.0,0.0,0.0,0.0
2024-02-12 06:00:00+00:00,0.0,0.0,0.0,0.0
2024-02-12 07:00:00+00:00,0.0,0.0,0.0,0.0
2024-02-12 08:00:00+00:00,0.0,0.0,0.0,0.0
2024-02-12 09:00:00+00:00,-0.011728,0.0,0.0,0.0
2024-02-12 10:00:00+00:00,0.0,0.0,0.0,0.0
2024-02-12 11:00:00+00:00,0.0,0.0,0.0,0.0
2024-02-12 12:00:00+00:00,0.0,0.0,0.0,0.0
2024-02-12 13:00:00+00:00,0.0,0.0,0.0,0.0
2024-02-12 14:00:00+00:00,0.0,0.0,0.0,0.0
2024-02-12 15:00:00+00:00,0.0,0.0,0.0,0.0
2024-02-12 16:00:00+00:00,-0.011332,0.0,0.0,0.0
2024-02-12 17:00:00+00:00,0.0,0.0,0.0,0.0
2024-02-12 18:00:00+00:00,0.0,0.0,0.0,0.0
2024-02-12 19:00:00+00:00,0.0,0.0,0.0,0.0
2024-02-12 20:00:00+00:00,0.0,0.0,0.0,0.0
2024-02-12 21:00:00+00:00,0.0,0.0,0.0,0.0
2024-02-12 22:00:00+00:00,0.0,0.0,0.0,0.0
2024-02-12 23:00:00+00:00,0.0,0.0,0.0,0.0
2024-02-13 00:00:00+00:00,0.0,0.0,0.0,0.0
2024-02-13 01:00:00+00:00,0.0138,0.0,0.0,0.0
2024-02-13 02:00:00+00:00,0.0,0.0,0.0,0.0
2024-02-13 03:00:00+00:00,0.0,0.0,0.0,0.0
2024-02-13 04:00:00+00:00,0.0,0.0,0.0,0.0
2024-02-13 05:00:00+00:00,0.0,0.0,0.0,0.0
2024-02-13 06:00:00+00:00,0.0,0.0,0.0,0.0
2024-02-13 07:00:00+00:00,0.0,0.0,0.0,0.0
2024-02-13 08:00:00+00:00,0.0,0.0,0.0,0.0
2024-02-13 09:00:00+00:00,0.0,0.0,0.0,0.0
2024-02-13 10:00:00+00:00,0.0,0.0,0.0,0.0
2024-02-13 11:00:00+00:00,0.0,0.0,0.0,0.0
2024-02-13 12:00:00+00:00,0.0,0.0,0.0,0.0
2024-02-13 13:00:00+00:00,-0.011577,0.0,0.0,0.0
2024-02-13 14:00:00+00:00,0.0,0.0,0.0,0.0
2024-02-13 15:00:00+00:00,0.0,0.0,0.0,0.0
2024-02-13 16:00:00+00:00,0.0,0.0,0.0,0.0
2024-02-13 17:00:00+00:00,0.0,0.0,0.0,0.0
2024-02-13 18:00:00+00:00,0.0,0.0,0.0,0.0
2024-02-13 19:00:00+00:00,0.0,0.0,0.0,0.0
2024-02-13 20:00:00+00:00,0.0,0.0,0.0,0.0
2024-02-13 21:00:00+00:00,0.0,0.0,0.0,0.0
2024-02-13 22:00:00+00:00,0.0,0.0,0.0,0.0
2024-02-13 23:00:00+00:00,0.0,0.0,0.0,0.0
2024-02-14 00:00:00+00:00,0.0,0.0,0.0,0.0
2024-02-14 01:00:00+00:00,0.0,0.0,0.0,0.0
2024-02-14 02:00:00+00:00,0.0,0.0,0.0,0.0
2024-02-14 03:00:00+00:00,0.0,0.0,0.0,0.0
2024-02-14 04:00:00+00:00,0.0,0.0,0.0,0.0
2024-02-14 05:00:00+00:00,0.0,0.0,0.0,0.0
2024-02-14 06:00:00+00:00,0.0,0.0,0.0,0.0
2024-02-14 07:00:00+00:00,0.0,0.0,0.0,0.0
2024-02-14 08:00:00+00:00,0.013515,0.0,0.0,0.0
2024-02-14 09:00:00+00:00,0.0,0.0,0.0,0.0
2024-02-14 10:00:00+00:00,0.0,0.0,0.0,0.0
2024-02-14 11:00:00+00:00,0.0,0.0,0.0,0.0
2024-02-14 12:00:00+00:00,0.0,0.0,0.0,0.0
2024-02-14 13:00:00+00:00,0.0,0.0,0.0,0.0
2024-02-14 14:00:00+00:00,0.0,0.0,0.0,0.0
2024-02-14 15:00:00+00:00,0.0038569999999999,0.0,0.0,0.0
2024-02-14 16:00:00+00:00,0.0,0.0,0.0,0.0
2024-02-14 17:00:00+00:00,0.0,0.0,0.0,0.0
2024-02-14 18:00:00+00:00,0.0,0.0,0.0,0.0
2024-02-14 19:00:00+00:00,0.0,0.0,0.0,0.0
2024-02-14 20:00:00+00:00,0.0,0.0,0.0,0.0
2024-02-14 21:00:00+00:00,0.0,0.0,0.0,0.0
2024-02-14 22:00:00+00:00,0.0,0.0,0.0,0.0
2024-02-14 23:00:00+00:00,0.0,0.0,0.0,0.0
2024-02-15 00:00:00+00:00,0.0,0.0,0.0,0.0
2024-02-15 01:00:00+00:00,0.0,0.0,0.0,0.0
2024-02-15 02:00:00+00:00,0.0,0.0,0.0,0.0
2024-02-15 03:00:00+00:00,0.0,0.0,0.0,0.0
2024-02-15 04:00:00+00:00,0.0,0.0,0.0,0.0
2024-02-15 05:00:00+00:00,0.0,0.0,0.0,0.0
2024-02-15 06:00:00+00:00,0.0,0.0,0.0,0.0
2024-02-15 07:00:00+00:00,0.0,0.0,0.0,0.0
2024-02-15 08:00:00+00:00,0.0,0.0,0.0,0.0
2024-02-15 09:00:00+00:00,0.0,0.0,0.0,0.0
2024-02-15 10:00:00+00:00,0.0,0.0,0.0,0.0
2024-02-15 11:00:00+00:00,0.0,0.0,0.0,0.0
2024-02-15 12:00:00+00:00,0.0,0.0,0.0,0.0
2024-02-15 13:00:00+00:00,0.0,0.0,0.0,0.0
2024-02-15 14:00:00+00:00,0.0,0.0,0.0,0.0
2024-02-15 15:00:00+00:00,0.0,0.0,0.0,0.0
2024-02-15 16:00:00+00:00,0.0,0.0,0.0,0.0
2024-02-15 17:00:00+00:00,0.0,0.0,0.0,0.0
2024-02-15 18:00:00+00:00,0.0,0.0,0.0,0.0
2024-02-15 19:00:00+00:00,0.0,0.0,0.0,0.0
2024-02-15 20:00:00+00:00,0.0,0.0,0.0,0.0
2024-02-15 21:00:00+00:00,0.0,0.0,0.0,0.0
2024-02-15 22:00:00+00:00,0.0,0.0,0.0,0.0
2024-02-15 23:00:00+00:00,0.0,0.0,0.0,0.0
2024-02-16 00:00:00+00:00,0.0,0.0,0.0,0.0
2024-02-16 01:00:00+00:00,0.0,0.0,0.0,0.0
2024-02-16 02:00:00+00:00,0.0,0.0,0.0,0.0
2024-02-16 03:00:00+00:00,0.0,0.0,0.0,0.0
2024-02-16 04:00:00+00:00,0.0,0.0,0.0,0.0
2024-02-16 05:00:00+00:00,0.0,0.0,0.0,0.0
2024-02-16 06:00:00+00:00,0.0,0.0,0.0,0.0
2024-02-16 07:00:00+00:00,0.0,0.0,0.0,0.0
2024-02-16 08:00:00+00:00,0.0,0.0,0.0,0.0
2024-02-16 09:00:00+00:00,0.0,0.0,0.0,0.0
2024-02-16 10:00:00+00:00,0.0,0.0,0.0,0.0
2024-02-16 11:00:00+00:00,0.0,0.0,0.0,0.0
2024-02-16 12:00:00+00:00,0.0,0.0,0.0,0.0
2024-02-16 13:00:00+00:00,0.0,0.0,0.0,0.0
2024-02-16 14:00:00+00:00,-0.011452,0.0,0.0,0.0
2024-02-16 15:00:00+00:00,0.0,0.0,0.0,0.0
2024-02-16 16:00:00+00:00,0.0,0.0,0.0,0.0
2024-02-16 17:00:00+00:00,0.0,0.0,0.0,0.0
2024-02-16 18:00:00+00:00,0.0,0.0,0.0,0.0
2024-02-16 19:00:00+00:00,0.0,0.0,0.0,0.0
2024-02-16 20:00:00+00:00,0.0,0.0,0.0,0.0
2024-02-16 21:00:00+00:00,0.0,0.0,0.0,0.0
2024-02-16 22:00:00+00:00,0.0,0.0,0.0,0.0
2024-02-16 23:00:00+00:00,0.0,0.0,0.0,0.0
2024-02-17 00:00:00+00:00,0.0,0.0,0.0,0.0
2024-02-17 01:00:00+00:00,0.0,0.0,0.0,0.0
2024-02-17 02:00:00+00:00,0.0,0.0,0.0,0.0
2024-02-17 03:00:00+00:00,0.0,0.0,0.0,0.0
2024-02-17 04:00:00+00:00,0.0,0.0,0.0,0.0
2024-02-17 05:00:00+00:00,0.0,0.0,0.0,0.0
2024-02-17 06:00:00+00:00,0.0,0.0,0.0,0.0
2024-02-17 07:00:00+00:00,0.0,0.0,0.0,0.0
2024-02-17 08:00:00+00:00,0.0,0.0,0.0,0.0
2024-02-17 09:00:00+00:00,0.0,0.0,0.0,0.0
2024-02-17 10:00:00+00:00,0.0,0.0,0.0,0.0
2024-02-17 11:00:00+00:00,0.0,0.0,0.0,0.0
2024-02-17 12:00:00+00:00,0.0,0.0,0.0,0.0
2024-02-17 13:00:00+00:00,0.0,0.0,0.0,0.0
2024-02-17 14:00:00+00:00,0.0,0.0,0.0,0.0
2024-02-17 15:00:00+00:00,0.0,0.0,0.0,0.0
2024-02-17 16:00:00+00:00,0.0,0.0,0.0,0.0
2024-02-17 17:00:00+00:00,0.0,0.0,0.0,0.0
2024-02-17 18:00:00+00:00,0.0,0.0,0.0,0.0
2024-02-17 19:00:00+00:00,0.0,0.0,0.0,0.0
2024-02-17 20:00:00+00:00,0.0,0.0,0.0,0.0
2024-02-17 21:00:00+00:00,0.0,0.0,0.0,0.0
2024-02-17 22:00:00+00:00,0.0,0.0,0.0,0.0
2024-02-17 23:00:00+00:00,0.0,0.0,0.0,0.0
2024-02-18 00:00:00+00:00,0.0,0.0,0.0,0.0
2024-02-18 01:00:00+00:00,0.0,0.0,0.0,0.0
2024-02-18 02:00:00+00:00,0.0,0.0,0.0,0.0
2024-02-18 03:00:00+00:00,0.0,0.0,0.0,0.0
2024-02-18 04:00:00+00:00,0.0,0.0,0.0,0.0
2024-02-18 05:00:00+00:00,0.0,0.0,0.0,0.0
2024-02-18 06:00:00+00:00,0.0,0.0,0.0,0.0
2024-02-18 07:00:00+00:00,0.0,0.0,0.0,0.0
2024-02-18 08:00:00+00:00,0.0,0.0,0.0,0.0
2024-02-18 09:00:00+00:00,0.0,0.0,0.0,0.0
2024-02-18 10:00:00+00:00,0.0,0.0,0.0,0.0
2024-02-18 11:00:00+00:00,0.0,0.0,0.0,0.0
2024-02-18 12:00:00+00:00,0.0,0.0,0.0,0.0
2024-02-18 13:00:00+00:00,0.0,0.0,0.0,0.0
2024-02-18 14:00:00+00:00,0.0,0.0,0.0,0.0
2024-02-18 15:00:00+00:00,0.0,0.0,0.0,0.0
2024-02-18 16:00:00+00:00,0.0,0.0,0.0,0.0
2024-02-18 17:00:00+00:00,0.0,0.0,0.0,0.0
2024-02-18 18:00:00+00:00,0.0,0.0,0.0,0.0
2024-02-18 19:00:00+00:00,0.0,0.0,0.0,0.0
2024-02-18 20:00:00+00:00,0.0,0.0,0.0,0.0
2024-02-18 21:00:00+00:00,0.0,0.0,0.0,0.0
2024-02-18 22:00:00+00:00,0.0,0.0,0.0,0.0
2024-02-18 23:00:00+00:00,0.0,0.0,0.0,0.0
2024-02-19 00:00:00+00:00,0.0,0.0,0.0,0.0
2024-02-19 01:00:00+00:00,0.0,0.0,0.0,0.0
2024-02-19 02:00:00+00:00,0.0,0.0,0.0,0.0
2024-02-19 03:00:00+00:00,0.0,0.0,0.0,0.0
2024-02-19 04:00:00+00:00,0.0,0.0,0.0,0.0
2024-02-19 05:00:00+00:00,0.0,0.0,0.0,0.0
2024-02-19 06:00:00+00:00,0.0,0.0,0.0,0.0
2024-02-19 07:00:00+00:00,0.0,0.0,0.0,0.0
2024-02-19 08:00:00+00:00,0.0,0.0,0.0,0.0
2024-02-19 09:00:00+00:00,0.0,0.0,0.0,0.0
2024-02-19 10:00:00+00:00,0.0,0.0,0.0,0.0
2024-02-19 11:00:00+00:00,0.0,0.0,0.0,0.0
2024-02-19 12:00:00+00:00,0.0,0.0,0.0,0.0
2024-02-19 13:00:00+00:00,0.0,0.0,0.0,0.0
2024-02-19 14:00:00+00:00,0.0,0.0,0.0,0.0
2024-02-19 15:00:00+00:00,0.0,0.0,0.0,0.0
2024-02-19 16:00:00+00:00,0.0,0.0,0.0,0.0
2024-02-19 17:00:00+00:00,0.0,0.0,0.0,0.0
2024-02-19 18:00:00+00:00,0.0,0.0,0.0,0.0
2024-02-19 19:00:00+00:00,0.0,0.0,0.0,0.0
2024-02-19 20:00:00+00:00,0.0,0.0,0.0,0.0
2024-02-19 21:00:00+00:00,0.0,0.0,0.0,0.0
2024-02-19 22:00:00+00:00,0.0,0.0,0.0,0.0
2024-02-19 23:00:00+00:00,0.0,0.0,0.0,0.0
2024-02-20 00:00:00+00:00,0.0,0.0,0.0,0.0
2024-02-20 01:00:00+00:00,0.0,0.0,0.0,0.0
2024-02-20 02:00:00+00:00,0.0,0.0,0.0,0.0
2024-02-20 03:00:00+00:00,0.0,0.0,0.0,0.0
2024-02-20 04:00:00+00:00,0.0,0.0,0.0,0.0
2024-02-20 05:00:00+00:00,0.0,0.0,0.0,0.0
2024-02-20 06:00:00+00:00,0.0,0.0,0.0,0.0
2024-02-20 07:00:00+00:00,0.0,0.0,0.0,0.0
2024-02-20 08:00:00+00:00,0.0,0.0,0.0,0.0
2024-02-20 09:00:00+00:00,0.0,0.0,0.0,0.0
2024-02-20 10:00:00+00:00,0.0,0.0,0.0,0.0
2024-02-20 11:00:00+00:00,0.0,0.0,0.0,0.0
2024-02-20 12:00:00+00:00,0.0,0.0,0.0,0.0
2024-02-20 13:00:00+00:00,0.0,0.0,0.0,0.0
2024-02-20 14:00:00+00:00,0.0,0.0,0.0,0.0
2024-02-20 15:00:00+00:00,0.0,0.0,0.0,0.0
2024-02-20 16:00:00+00:00,0.0,0.0,0.0,0.0
2024-02-20 17:00:00+00:00,0.0,0.0,0.0,0.0
2024-02-20 18:00:00+00:00,0.0,0.0,0.0,0.0
2024-02-20 19:00:00+00:00,0.0,0.0,0.0,0.0
2024-02-20 20:00:00+00:00,0.0,0.0,0.0,0.0
2024-02-20 21:00:00+00:00,0.0,0.0,0.0,0.0
2024-02-20 22:00:00+00:00,0.0,0.0,0.0,0.0
2024-02-20 23:00:00+00:00,0.0,0.0,0.0,0.0
2024-02-21 00:00:00+00:00,0.0,0.0,0.0,0.0
2024-02-21 01:00:00+00:00,0.0,0.0,0.0,0.0
2024-02-21 02:00:00+00:00,0.0,0.0,0.0,0.0
2024-02-21 03:00:00+00:00,0.0,0.0,0.0,0.0
2024-02-21 04:00:00+00:00,0.0,0.0,0.0,0.0
2024-02-21 05:00:00+00:00,0.0,0.0,0.0,0.0
2024-02-21 06:00:00+00:00,0.0,0.0,0.0,0.0
2024-02-21 07:00:00+00:00,0.0,0.0,0.0,0.0
2024-02-21 08:00:00+00:00,0.0,0.0,0.0,0.0
2024-02-21 09:00:00+00:00,0.0,0.0,0.0,0.0
2024-02-21 10:00:00+00:00,0.0,0.0,0.0,0.0
2024-02-21 11:00:00+00:00,0.0,0.0,0.0,0.0
2024-02-21 12:00:00+00:00,0.0,0.0,0.0,0.0
2024-02-21 13:00:00+00:00,0.0,0.0,0.0,0.0
2024-02-21 14:00:00+00:00,0.0,0.0,0.0,0.0
2024-02-21 15:00:00+00:00,0.0,0.0,0.0,0.0
2024-02-21 16:00:00+00:00,0.0,0.0,0.0,0.0
2024-02-21 17:00:00+00:00,0.0,0.0,0.0,0.0
2024-02-21 18:00:00+00:00,0.0,0.0,0.0,0.0
2024-02-21 19:00:00+00:00,0.0,0.0,0.0,0.0
2024-02-21 20:00:00+00:00,0.0,0.0,0.0,0.0
2024-02-21 21:00:00+00:00,0.0,0.0,0.0,0.0
2024-02-21 22:00:00+00:00,0.0,0.0,0.0,0.0
2024-02-21 23:00:00+00:00,0.0,0.0,0.0,0.0
2024-02-22 00:00:00+00:00,0.0,0.0,0.0,0.0
2024-02-22 01:00:00+00:00,0.0,0.0,0.0,0.0
2024-02-22 02:00:00+00:00,0.0,0.0,0.0,0.0
2024-02-22 03:00:00+00:00,0.0,0.0,0.0,0.0
2024-02-22 04:00:00+00:00,0.0,0.0,0.0,0.0
2024-02-22 05:00:00+00:00,0.0,0.0,0.0,0.0
2024-02-22 06:00:00+00:00,0.0,0.0,0.0,0.0
2024-02-22 07:00:00+00:00,0.0,0.0,0.0,0.0
2024-02-22 08:00:00+00:00,0.0,0.0,0.0,0.0
2024-02-22 09:00:00+00:00,0.0,0.0,0.0,0.0
2024-02-22 10:00:00+00:00,0.0,0.0,0.0,0.0
2024-02-22 11:00:00+00:00,0.0,0.0,0.0,0.0
2024-02-22 12:00:00+00:00,0.0,0.0,0.0,0.0
2024-02-22 13:00:00+00:00,0.0,0.0,0.0,0.0
2024-02-22 14:00:00+00:00,0.0,0.0,0.0,0.0
2024-02-22 15:00:00+00:00,0.0,0.0,0.0,0.0
2024-02-22 16:00:00+00:00,0.0,0.0,0.0,0.0
2024-02-22 17:00:00+00:00,0.0,0.0,0.0,0.0
2024-02-22 18:00:00+00:00,0.0,0.0,0.0,0.0
2024-02-22 19:00:00+00:00,0.0,0.0,0.0,0.0
2024-02-22 20:00:00+00:00,0.0,0.0,0.0,0.0
2024-02-22 21:00:00+00:00,0.0,0.0,0.0,0.0
2024-02-22 22:00:00+00:00,0.0,0.0,0.0,0.0
2024-02-22 23:00:00+00:00,0.0,0.0,0.0,0.0
2024-02-23 00:00:00+00:00,0.0,0.0,0.0,0.0
2024-02-23 01:00:00+00:00,0.0,0.0,0.0,0.0
2024-02-23 02:00:00+00:00,0.0,0.0,0.0,0.0
2024-02-23 03:00:00+00:00,0.0,0.0,0.0,0.0
2024-02-23 04:00:00+00:00,0.0,0.0,0.0,0.0
2024-02-23 05:00:00+00:00,0.0,0.0,0.0,0.0
2024-02-23 06:00:00+00:00,0.0,0.0,0.0,0.0
2024-02-23 07:00:00+00:00,0.0,0.0,0.0,0.0
2024-02-23 08:00:00+00:00,0.0,0.0,0.0,0.0
2024-02-23 09:00:00+00:00,0.0,0.0,0.0,0.0
2024-02-23 10:00:00+00:00,0.0,0.0,0.0,0.0
2024-02-23 11:00:00+00:00,0.0,0.0,0.0,0.0
2024-02-23 12:00:00+00:00,0.0,0.0,0.0,0.0
2024-02-23 13:00:00+00:00,0.0,0.0,0.0,0.0
2024-02-23 14:00:00+00:00,0.0,0.0,0.0,0.0
2024-02-23 15:00:00+00:00,0.0,0.0,0.0,0.0
2024-02-23 16:00:00+00:00,0.0,0.0,0.0,0.0
2024-02-23 17:00:00+00:00,0.0,0.0,0.0,0.0
2024-02-23 18:00:00+00:00,0.0,0.0,0.0,0.0
2024-02-23 19:00:00+00:00,0.0,0.0,0.0,0.0
2024-02-23 20:00:00+00:00,0.0,0.0,0.0,0.0
2024-02-23 21:00:00+00:00,0.0,0.0,0.0,0.0
2024-02-23 22:00:00+00:00,0.0,0.0,0.0,0.0
2024-02-23 23:00:00+00:00,0.0,0.0,0.0,0.0
2024-02-24 00:00:00+00:00,0.0,0.0,0.0,0.0
2024-02-24 01:00:00+00:00,0.0,0.0,0.0,0.0
2024-02-24 02:00:00+00:00,0.0,0.0,0.0,0.0
2024-02-24 03:00:00+00:00,0.0,0.0,0.0,0.0
2024-02-24 04:00:00+00:00,0.0,0.0,0.0,0.0
2024-02-24 05:00:00+00:00,0.0,0.0,0.0,0.0
2024-02-24 06:00:00+00:00,0.0,0.0,0.0,0.0
2024-02-24 07:00:00+00:00,0.0,0.0,0.0,0.0
2024-02-24 08:00:00+00:00,0.0,0.0,0.0,0.0
2024-02-24 09:00:00+00:00,0.0,0.0,0.0,0.0
2024-02-24 10:00:00+00:00,0.0,0.0,0.0,0.0
2024-02-24 11:00:00+00:00,0.0,0.0,0.0,0.0
2024-02-24 12:00:00+00:00,0.0,0.0,0.0,0.0
2024-02-24 13:00:00+00:00,0.0,0.0,0.0,0.0
2024-02-24 14:00:00+00:00,0.0,0.0,0.0,0.0
2024-02-24 15:00:00+00:00,0.0,0.0,0.0,0.0
2024-02-24 16:00:00+00:00,0.0,0.0,0.0,0.0
2024-02-24 17:00:00+00:00,0.0,0.0,0.0,0.0
2024-02-24 18:00:00+00:00,0.0,0.0,0.0,0.0
2024-02-24 19:00:00+00:00,0.0,0.0,0.0,0.0
2024-02-24 20:00:00+00:00,0.0,0.0,0.0,0.0
2024-02-24 21:00:00+00:00,0.0,0.0,0.0,0.0
2024-02-24 22:00:00+00:00,0.0,0.0,0.0,0.0
2024-02-24 23:00:00+00:00,0.0,0.0,0.0,0.0
2024-02-25 00:00:00+00:00,0.0,0.0,0.0,0.0
2024-02-25 01:00:00+00:00,0.0,0.0,0.0,0.0
2024-02-25 02:00:00+00:00,0.0,0.0,0.0,0.0
2024-02-25 03:00:00+00:00,0.0,0.0,0.0,0.0
2024-02-25 04:00:00+00:00,0.0,0.0,0.0,0.0
2024-02-25 05:00:00+00:00,0.0,0.0,0.0,0.0
2024-02-25 06:00:00+00:00,0.0,0.0,0.0,0.0
2024-02-25 07:00:00+00:00,0.0,0.0,0.0,0.0
2024-02-25 08:00:00+00:00,0.0,0.0,0.0,0.0
2024-02-25 09:00:00+00:00,0.0,0.0,0.0,0.0
2024-02-25 10:00:00+00:00,0.0,0.0,0.0,0.0
2024-02-25 11:00:00+00:00,0.0,0.0,0.0,0.0
2024-02-25 12:00:00+00:00,0.0,0.0,0.0,0.0
2024-02-25 13:00:00+00:00,0.0,0.0,0.0,0.0
2024-02-25 14:00:00+00:00,0.0,0.0,0.0,0.0
2024-02-25 15:00:00+00:00,0.0,0.0,0.0,0.0
2024-02-25 16:00:00+00:00,0.0,0.0,0.0,0.0
2024-02-25 17:00:00+00:00,0.0,0.0,0.0,0.0
2024-02-25 18:00:00+00:00,0.0,0.0,0.0,0.0
2024-02-25 19:00:00+00:00,0.0,0.0,0.0,0.0
2024-02-25 20:00:00+00:00,0.0,0.0,0.0,0.0
2024-02-25 21:00:00+00:00,0.0,0.0,0.0,0.0
2024-02-25 22:00:00+00:00,0.0,0.0,0.0,0.0
2024-02-25 23:00:00+00:00,0.0,0.0,0.0,0.0
2024-02-26 00:00:00+00:00,0.0,0.0,0.0,0.0
2024-02-26 01:00:00+00:00,0.0,0.0,0.0,0.0
2024-02-26 02:00:00+00:00,0.0,0.0,0.0,0.0
2024-02-26 03:00:00+00:00,0.0,0.0,0.0,0.0
2024-02-26 04:00:00+00:00,0.0,0.0,0.0,0.0
2024-02-26 05:00:00+00:00,0.0,0.0,0.0,0.0
2024-02-26 06:00:00+00:00,0.0,0.0,0.0,0.0
2024-02-26 07:00:00+00:00,0.0,0.0,0.0,0.0
2024-02-26 08:00:00+00:00,0.0,0.0,0.0,0.0
2024-02-26 09:00:00+00:00,0.0,0.0,0.0,0.0
2024-02-26 10:00:00+00:00,0.0,0.0,0.0,0.0
2024-02-26 11:00:00+00:00,0.0,0.0,0.0,0.0
2024-02-26 12:00:00+00:00,0.0,0.0,0.0,0.0
2024-02-26 13:00:00+00:00,0.0,0.0,0.0,0.0
2024-02-26 14:00:00+00:00,0.0,0.0,0.0,0.0
2024-02-26 15:00:00+00:00,0.0,0.0,0.0,0.0
2024-02-26 16:00:00+00:00,0.0,0.0,0.0,0.0
2024-02-26 17:00:00+00:00,0.0,0.0,0.0,0.0
2024-02-26 18:00:00+00:00,0.0,0.0,0.0,0.0
2024-02-26 19:00:00+00:00,0.0,0.0,0.0,0.0
2024-02-26 20:00:00+00:00,0.0,0.0,0.0,0.0
2024-02-26 21:00:00+00:00,0.0,0.0,0.0,0.0
2024-02-26 22:00:00+00:00,0.0,0.0,0.0,0.0
2024-02-26 23:00:00+00:00,0.0,0.0,0.0,0.0
2024-02-27 00:00:00+00:00,0.0,0.0,0.0,0.0
2024-02-27 01:00:00+00:00,0.0,0.0,0.0,0.0
2024-02-27 02:00:00+00:00,0.0,0.0,0.0,0.0
2024-02-27 03:00:00+00:00,0.0,0.0,0.0,0.0
2024-02-27 04:00:00+00:00,0.0,0.0,0.0,0.0
2024-02-27 05:00:00+00:00,0.0,0.0,0.0,0.0
2024-02-27 06:00:00+00:00,0.0,0.0,0.0,0.0
2024-02-27 07:00:00+00:00,0.0,0.0,0.0,0.0
2024-02-27 08:00:00+00:00,0.0,0.0,0.0,0.0
2024-02-27 09:00:00+00:00,0.0,0.0,0.0,0.0
2024-02-27 10:00:00+00:00,0.0,0.0,0.0,0.0
2024-02-27 11:00:00+00:00,0.0,0.0,0.0,0.0
2024-02-27 12:00:00+00:00,0.0,0.0,0.0,0.0
2024-02-27 13:00:00+00:00,0.0,0.0,0.0,0.0
2024-02-27 14:00:00+00:00,0.0,0.0,0.0,0.0
2024-02-27 15:00:00+00:00,0.0,0.0,0.0,0.0
2024-02-27 16:00:00+00:00,0.0,0.0,0.0,0.0
2024-02-27 17:00:00+00:00,0.0,0.0,0.0,0.0
2024-02-27 18:00:00+00:00,0.0,0.0,0.0,0.0
2024-02-27 19:00:00+00:00,0.0,0.0,0.0,0.0
2024-02-27 20:00:00+00:00,0.0,0.0,0.0,0.0
2024-02-27 21:00:00+00:00,0.0,0.0,0.0,0.0
2024-02-27 22:00:00+00:00,0.0,0.0,0.0,0.0
2024-02-27 23:00:00+00:00,0.0,0.0,0.0,0.0
2024-02-28 00:00:00+00:00,0.0,0.0,0.0,0.0
2024-02-28 01:00:00+00:00,0.0,0.0,0.0,0.0
2024-02-28 02:00:00+00:00,0.0,0.0,0.0,0.0
2024-02-28 03:00:00+00:00,0.0,0.0,0.0,0.0
2024-02-28 04:00:00+00:00,0.0,0.0,0.0,0.0
2024-02-28 05:00:00+00:00,0.0,0.0,0.0,0.0
2024-02-28 06:00:00+00:00,0.0,0.0,0.0,0.0
2024-02-28 07:00:00+00:00,0.0,0.0,0.0,0.0
2024-02-28 08:00:00+00:00,0.0,0.0,0.0,0.0
2024-02-28 09:00:00+00:00,0.0,0.0,0.0,0.0
2024-02-28 10:00:00+00:00,0.0,0.0,0.0,0.0
2024-02-28 11:00:00+00:00,0.0,0.0,0.0,0.0
2024-02-28 12:00:00+00:00,0.0,0.0,0.0,0.0
2024-02-28 13:00:00+00:00,0.0,0.0,0.0,0.0
2024-02-28 14:00:00+00:00,0.0,0.0,0.0,0.0
2024-02-28 15:00:00+00:00,0.0,0.0,0.0,0.0
2024-02-28 16:00:00+00:00,0.0,0.0,0.0,0.0
2024-02-28 17:00:00+00:00,0.0,0.0,0.0,0.0
2024-02-28 18:00:00+00:00,0.0,0.0,0.0,0.0
2024-02-28 19:00:00+00:00,0.0,0.0,0.0,0.0
2024-02-28 20:00:00+00:00,0.0,0.0,0.0,0.0
2024-02-28 21:00:00+00:00,0.0,0.0,0.0,0.0
2024-02-28 22:00:00+00:00,0.0,0.0,0.0,0.0
2024-02-28 23:00:00+00:00,0.0,0.0,0.0,0.0
2024-02-29 00:00:00+00:00,0.0,0.0,0.0,0.0
2024-02-29 01:00:00+00:00,0.0,0.0,0.0,0.0
2024-02-29 02:00:00+00:00,0.0,0.0,0.0,0.0
2024-02-29 03:00:00+00:00,0.0,0.0,0.0,0.0
2024-02-29 04:00:00+00:00,0.0,0.0,0.0,0.0
2024-02-29 05:00:00+00:00,0.0,0.0,0.0,0.0
2024-02-29 06:00:00+00:00,0.0,0.0,0.0,0.0
2024-02-29 07:00:00+00:00,0.0,0.0,0.0,0.0
2024-02-29 08:00:00+00:00,0.0,0.0,0.0,0.0
2024-02-29 09:00:00+00:00,0.0,0.0,0.0,0.0
2024-02-29 10:00:00+00:00,0.0,0.0,0.0,0.0
2024-02-29 11:00:00+00:00,0.0,0.0,0.0,0.0
2024-02-29 12:00:00+00:00,0.0,0.0,0.0,0.0
2024-02-29 13:00:00+00:00,0.0,0.0,0.0,0.0
2024-02-29 14:00:00+00:00,0.0,0.0,0.0,0.0
2024-02-29 15:00:00+00:00,0.0,0.0,0.0,0.0
2024-02-29 16:00:00+00:00,0.0,0.0,0.0,0.0
2024-02-29 17:00:00+00:00,0.0,0.0,0.0,0.0
2024-02-29 18:00:00+00:00,0.0,0.0,0.0,0.0
2024-02-29 19:00:00+00:00,0.0,0.0,0.0,0.0
2024-02-29 20:00:00+00:00,0.0,0.0,0.0,0.0
2024-02-29 21:00:00+00:00,0.0,0.0,0.0,0.0
2024-02-29 22:00:00+00:00,0.0,0.0,0.0,0.0
2024-02-29 23:00:00+00:00,0.0,0.0,0.0,0.0
2024-03-01 00:00:00+00:00,0.0,0.0,0.0,0.0
2024-03-01 01:00:00+00:00,0.0,0.0,0.0,0.0
2024-03-01 02:00:00+00:00,0.0,0.0,0.0,0.0
2024-03-01 03:00:00+00:00,0.0,0.0,0.0,0.0
2024-03-01 04:00:00+00:00,0.0,0.0,0.0,0.0
2024-03-01 05:00:00+00:00,0.0,0.0,0.0,0.0
2024-03-01 06:00:00+00:00,0.0,0.0,0.0,0.0
2024-03-01 07:00:00+00:00,0.0,0.0,0.0,0.0
2024-03-01 08:00:00+00:00,0.0,0.0,0.0,0.0
2024-03-01 09:00:00+00:00,0.0,0.0,0.0,0.0
2024-03-01 10:00:00+00:00,0.0,0.0,0.0,0.0
2024-03-01 11:00:00+00:00,0.0,0.0,0.0,0.0
2024-03-01 12:00:00+00:00,0.0,0.0,0.0,0.0
2024-03-01 13:00:00+00:00,0.0,0.0,0.0,0.0
2024-03-01 14:00:00+00:00,0.0,0.0,0.0,0.0
2024-03-01 15:00:00+00:00,0.0,0.0,0.0,0.0
2024-03-01 16:00:00+00:00,0.0,0.0,0.0,0.0
2024-03-01 17:00:00+00:00,0.0,0.0,0.0,0.0
2024-03-01 18:00:00+00:00,0.0,0.0,0.0,0.0
2024-03-01 19:00:00+00:00,0.0,0.0,0.0,0.0
2024-03-01 20:00:00+00:00,0.0,0.0,0.0,0.0
2024-03-01 21:00:00+00:00,0.0,0.0,0.0,0.0
2024-03-01 22:00:00+00:00,0.0,0.0,0.0,0.0
2024-03-01 23:00:00+00:00,0.0,0.0,0.0,0.0
2024-03-02 00:00:00+00:00,0.0,0.0,0.0,0.0
2024-03-02 01:00:00+00:00,0.0,0.0,0.0,0.0
2024-03-02 02:00:00+00:00,0.0,0.0,0.0,0.0
2024-03-02 03:00:00+00:00,0.0,0.0,0.0,0.0
2024-03-02 04:00:00+00:00,0.0,0.0,0.0,0.0
2024-03-02 05:00:00+00:00,0.0,0.0,0.0,0.0
2024-03-02 06:00:00+00:00,0.0,0.0,0.0,0.0
2024-03-02 07:00:00+00:00,0.0,0.0,0.0,0.0
2024-03-02 08:00:00+00:00,0.0,0.0,0.0,0.0
2024-03-02 09:00:00+00:00,0.0,0.0,0.0,0.0
2024-03-02 10:00:00+00:00,0.0,0.0,0.0,0.0
2024-03-02 11:00:00+00:00,0.0,0.0,0.0,0.0
2024-03-02 12:00:00+00:00,0.0,0.0,0.0,0.0
2024-03-02 13:00:00+00:00,0.0,0.0,0.0,0.0
2024-03-02 14:00:00+00:00,0.0,0.0,0.0,0.0
2024-03-02 15:00:00+00:00,0.0,0.0,0.0,0.0
2024-03-02 16:00:00+00:00,0.0,0.0,0.0,0.0
2024-03-02 17:00:00+00:00,0.0,0.0,0.0,0.0
2024-03-02 18:00:00+00:00,0.0,0.0,0.0,0.0
2024-03-02 19:00:00+00:00,0.0,0.0,0.0,0.0
2024-03-02 20:00:00+00:00,0.0,0.0,0.0,0.0
2024-03-02 21:00:00+00:00,0.0,0.0,0.0,0.0
2024-03-02 22:00:00+00:00,0.0,0.0,0.0,0.0
2024-03-02 23:00:00+00:00,0.0,0.0,0.0,0.0
2024-03-03 00:00:00+00:00,0.0,0.0,0.0,0.0
2024-03-03 01:00:00+00:00,0.0,0.0,0.0,0.0
2024-03-03 02:00:00+00:00,0.0,0.0,0.0,0.0
2024-03-03 03:00:00+00:00,0.0,0.0,0.0,0.0
2024-03-03 04:00:00+00:00,0.0,0.0,0.0,0.0
2024-03-03 05:00:00+00:00,0.0,0.0,0.0,0.0
2024-03-03 06:00:00+00:00,0.0,0.0,0.0,0.0
2024-03-03 07:00:00+00:00,0.0,0.0,0.0,0.0
2024-03-03 08:00:00+00:00,0.0,0.0,0.0,0.0
2024-03-03 09:00:00+00:00,0.0,0.0,0.0,0.0
2024-03-03 10:00:00+00:00,0.0,0.0,0.0,0.0
2024-03-03 11:00:00+00:00,0.0,0.0,0.0,0.0
2024-03-03 12:00:00+00:00,0.0,0.0,0.0,0.0
2024-03-03 13:00:00+00:00,0.0,0.0,0.0,0.0
2024-03-03 14:00:00+00:00,0.0,0.0,0.0,0.0
2024-03-03 15:00:00+00:00,0.0,0.0,0.0,0.0
2024-03-03 16:00:00+00:00,0.0,0.0,0.0,0.0
2024-03-03 17:00:00+00:00,0.0,0.0,0.0,0.0
2024-03-03 18:00:00+00:00,0.0,0.0,0.0,0.0
2024-03-03 19:00:00+00:00,0.0,0.0,0.0,0.0
2024-03-03 20:00:00+00:00,0.0,0.0,0.0,0.0
2024-03-03 21:00:00+00:00,0.0,0.0,0.0,0.0
2024-03-03 22:00:00+00:00,0.0,0.0,0.0,0.0
2024-03-03 23:00:00+00:00,0.0,0.0,0.0,0.0
2024-03-04 00:00:00+00:00,0.0,0.0,0.0,0.0
2024-03-04 01:00:00+00:00,0.0,0.0,0.0,0.0
2024-03-04 02:00:00+00:00,0.0,0.0,0.0,0.0
2024-03-04 03:00:00+00:00,0.0,0.0,0.0,0.0
2024-03-04 04:00:00+00:00,0.0,0.0,0.0,0.0
2024-03-04 05:00:00+00:00,0.0,0.0,0.0,0.0
2024-03-04 06:00:00+00:00,0.0,0.0,0.0,0.0
2024-03-04 07:00:00+00:00,0.0,0.0,0.0,0.0
2024-03-04 08:00:00+00:00,0.0,0.0,0.0,0.0
2024-03-04 09:00:00+00:00,0.0,0.0,0.0,0.0
2024-03-04 10:00:00+00:00,0.0,0.0,0.0,0.0
2024-03-04 11:00:00+00:00,0.0,0.0,0.0,0.0
2024-03-04 12:00:00+00:00,0.0,0.0,0.0,0.0
2024-03-04 13:00:00+00:00,0.0,0.0,0.0,0.0
2024-03-04 14:00:00+00:00,0.0,0.0,0.0,0.0
2024-03-04 15:00:00+00:00,0.0,0.0,0.0,0.0
2024-03-04 16:00:00+00:00,0.0,0.0,0.0,0.0
2024-03-04 17:00:00+00:00,0.0,0.0,0.0,0.0
2024-03-04 18:00:00+00:00,0.0,0.0,0.0,0.0
2024-03-04 19:00:00+00:00,0.0,0.0,0.0,0.0
2024-03-04 20:00:00+00:00,0.0,0.0,0.0,0.0
2024-03-04 21:00:00+00:00,0.0,0.0,0.0,0.0
2024-03-04 22:00:00+00:00,0.0,0.0,0.0,0.0
2024-03-04 23:00:00+00:00,0.0,0.0,0.0,0.0
2024-03-05 00:00:00+00:00,0.0,0.0,0.0,0.0
2024-03-05 01:00:00+00:00,0.0,0.0,0.0,0.0
2024-03-05 02:00:00+00:00,0.0,0.0,0.0,0.0
2024-03-05 03:00:00+00:00,0.0,0.0,0.0,0.0
2024-03-05 04:00:00+00:00,0.0,0.0,0.0,0.0
2024-03-05 05:00:00+00:00,0.0,0.0,0.0,0.0
2024-03-05 06:00:00+00:00,0.0,0.0,0.0,0.0
2024-03-05 07:00:00+00:00,0.0,0.0,0.0,0.0
2024-03-05 08:00:00+00:00,0.0,0.0,0.0,0.0
2024-03-05 09:00:00+00:00,0.0,0.0,0.0,0.0
2024-03-05 10:00:00+00:00,0.0,0.0,0.0,0.0
2024-03-05 11:00:00+00:00,0.0,0.0,0.0,0.0
2024-03-05 12:00:00+00:00,0.0,0.0,0.0,0.0
2024-03-05 13:00:00+00:00,0.0,0.0,0.0,0.0
2024-03-05 14:00:00+00:00,0.0,0.0,0.0,0.0
2024-03-05 15:00:00+00:00,0.0,0.0,0.0,0.0
2024-03-05 16:00:00+00:00,0.0,0.0,0.0,0.0
2024-03-05 17:00:00+00:00,0.0,0.0,0.0,0.0
2024-03-05 18:00:00+00:00,0.0,0.0,0.0,0.0
2024-03-05 19:00:00+00:00,0.0,0.0,0.0,0.0
2024-03-05 20:00:00+00:00,0.0,0.0,0.0,0.0
2024-03-05 21:00:00+00:00,0.0,0.0,0.0,0.0
2024-03-05 22:00:00+00:00,0.0,0.0,0.0,0.0
2024-03-05 23:00:00+00:00,0.0,0.0,0.0,0.0
2024-03-06 00:00:00+00:00,0.0,0.0,0.0,0.0
2024-03-06 01:00:00+00:00,0.0,0.0,0.0,0.0
2024-03-06 02:00:00+00:00,0.0,0.0,0.0,0.0
2024-03-06 03:00:00+00:00,0.0,0.0,0.0,0.0
2024-03-06 04:00:00+00:00,0.0,0.0,0.0,0.0
2024-03-06 05:00:00+00:00,0.0,0.0,0.0,0.0
2024-03-06 06:00:00+00:00,0.0,0.0,0.0,0.0
2024-03-06 07:00:00+00:00,0.0,0.0,0.0,0.0
2024-03-06 08:00:00+00:00,0.0,0.0,0.0,0.0
2024-03-06 09:00:00+00:00,0.0,0.0,0.0,0.0
2024-03-06 10:00:00+00:00,0.0,0.0,0.0,0.0
2024-03-06 11:00:00+00:00,0.0,0.0,0.0,0.0
2024-03-06 12:00:00+00:00,0.0,0.0,0.0,0.0
2024-03-06 13:00:00+00:00,0.0,0.0,0.0,0.0
2024-03-06 14:00:00+00:00,0.0,0.0,0.0,0.0
2024-03-06 15:00:00+00:00,0.0,0.0,0.0,0.0
2024-03-06 16:00:00+00:00,0.0,0.0,0.0,0.0
2024-03-06 17:00:00+00:00,0.0,0.0,0.0,0.0
2024-03-06 18:00:00+00:00,0.0,0.0,0.0,0.0
2024-03-06 19:00:00+00:00,0.0,0.0,0.0,0.0
2024-03-06 20:00:00+00:00,0.0,0.0,0.0,0.0
2024-03-06 21:00:00+00:00,0.0,0.0,0.0,0.0
2024-03-06 22:00:00+00:00,0.0,0.0,0.0,0.0
2024-03-06 23:00:00+00:00,0.0,0.0,0.0,0.0
2024-03-07 00:00:00+00:00,0.0,0.0,0.0,0.0
2024-03-07 01:00:00+00:00,0.0,0.0,0.0,0.0
2024-03-07 02:00:00+00:00,0.0,0.0,0.0,0.0
2024-03-07 03:00:00+00:00,0.0,0.0,0.0,0.0
2024-03-07 04:00:00+00:00,0.0,0.0,0.0,0.0
2024-03-07 05:00:00+00:00,0.0,0.0,0.0,0.0
2024-03-07 06:00:00+00:00,0.0,0.0,0.0,0.0
2024-03-07 07:00:00+00:00,0.0,0.0,0.0,0.0
2024-03-07 08:00:00+00:00,0.0,0.0,0.0,0.0
2024-03-07 09:00:00+00:00,0.0,0.0,0.0,0.0
2024-03-07 10:00:00+00:00,0.0,0.0,0.0,0.0
2024-03-07 11:00:00+00:00,0.0,0.0,0.0,0.0
2024-03-07 12:00:00+00:00,0.0,0.0,0.0,0.0
2024-03-07 13:00:00+00:00,0.0,0.0,0.0,0.0
2024-03-07 14:00:00+00:00,0.0,0.0,0.0,0.0
2024-03-07 15:00:00+00:00,0.0,0.0,0.0,0.0
2024-03-07 16:00:00+00:00,0.0,0.0,0.0,0.0
2024-03-07 17:00:00+00:00,0.0,0.0,0.0,0.0
2024-03-07 18:00:00+00:00,0.0,0.0,0.0,0.0
2024-03-07 19:00:00+00:00,0.0,0.0,0.0,0.0
2024-03-07 20:00:00+00:00,0.0,0.0,0.0,0.0
2024-03-07 21:00:00+00:00,0.0,0.0,0.0,0.0
2024-03-07 22:00:00+00:00,0.0,0.0,0.0,0.0
2024-03-07 23:00:00+00:00,0.0,0.0,0.0,0.0
2024-03-08 00:00:00+00:00,0.0,0.0,0.0,0.0
2024-03-08 01:00:00+00:00,0.0,0.0,0.0,0.0
2024-03-08 02:00:00+00:00,0.0,0.0,0.0,0.0
2024-03-08 03:00:00+00:00,0.0,0.0,0.0,0.0
2024-03-08 04:00:00+00:00,0.0,0.0,0.0,0.0
2024-03-08 05:00:00+00:00,0.0,0.0,0.0,0.0
2024-03-08 06:00:00+00:00,0.0,0.0,0.0,0.0
2024-03-08 07:00:00+00:00,0.0,0.0,0.0,0.0
2024-03-08 08:00:00+00:00,0.0,0.0,0.0,0.0
2024-03-08 09:00:00+00:00,0.0,0.0,0.0,0.0
2024-03-08 10:00:00+00:00,0.0,0.0,0.0,0.0
2024-03-08 11:00:00+00:00,0.0,0.0,0.0,0.0
2024-03-08 12:00:00+00:00,0.0,0.0,0.0,0.0
2024-03-08 13:00:00+00:00,0.0,0.0,0.0,0.0
2024-03-08 14:00:00+00:00,0.0,0.0,0.0,0.0
2024-03-08 15:00:00+00:00,0.0,0.0,0.0,0.0
2024-03-08 16:00:00+00:00,0.0,0.0,0.0,0.0
2024-03-08 17:00:00+00:00,0.0,0.0,0.0,0.0
2024-03-08 18:00:00+00:00,0.0,0.0,0.0,0.0
2024-03-08 19:00:00+00:00,0.0,0.0,0.0,0.0
2024-03-08 20:00:00+00:00,0.0,0.0,0.0,0.0
2024-03-08 21:00:00+00:00,0.0,0.0,0.0,0.0
2024-03-08 22:00:00+00:00,0.0,0.0,0.0,0.0
2024-03-08 23:00:00+00:00,0.0,0.0,0.0,0.0
2024-03-09 00:00:00+00:00,0.0,0.0,0.0,0.0
2024-03-09 01:00:00+00:00,0.0,0.0,0.0,0.0
2024-03-09 02:00:00+00:00,0.0,0.0,0.0,0.0
2024-03-09 03:00:00+00:00,0.0,0.0,0.0,0.0
2024-03-09 04:00:00+00:00,0.0,0.0,0.0,0.0
2024-03-09 05:00:00+00:00,0.0,0.0,0.0,0.0
2024-03-09 06:00:00+00:00,0.0,0.0,0.0,0.0
2024-03-09 07:00:00+00:00,0.0,0.0,0.0,0.0
2024-03-09 08:00:00+00:00,0.0,0.0,0.0,0.0
2024-03-09 09:00:00+00:00,0.0,0.0,0.0,0.0
2024-03-09 10:00:00+00:00,0.0,0.0,0.0,0.0
2024-03-09 11:00:00+00:00,0.0,0.0,0.0,0.0
2024-03-09 12:00:00+00:00,0.0,0.0,0.0,0.0
2024-03-09 13:00:00+00:00,0.0,0.0,0.0,0.0
2024-03-09 14:00:00+00:00,0.0,0.0,0.0,0.0
2024-03-09 15:00:00+00:00,0.0,0.0,0.0,0.0
2024-03-09 16:00:00+00:00,0.0,0.0,0.0,0.0
2024-03-09 17:00:00+00:00,0.0,0.0,0.0,0.0
2024-03-09 18:00:00+00:00,0.0,0.0,0.0,0.0
2024-03-09 19:00:00+00:00,0.0,0.0,0.0,0.0
2024-03-09 20:00:00+00:00,0.0,0.0,0.0,0.0
2024-03-09 21:00:00+00:00,0.0,0.0,0.0,0.0
2024-03-09 22:00:00+00:00,0.0,0.0,0.0,0.0
2024-03-09 23:00:00+00:00,0.0,0.0,0.0,0.0
2024-03-10 00:00:00+00:00,0.0,0.0,0.0,0.0
2024-03-10 01:00:00+00:00,0.0,0.0,0.0,0.0
2024-03-10 02:00:00+00:00,0.0,0.0,0.0,0.0
2024-03-10 03:00:00+00:00,0.0,0.0,0.0,0.0
2024-03-10 04:00:00+00:00,0.0,0.0,0.0,0.0
2024-03-10 05:00:00+00:00,0.0,0.0,0.0,0.0
2024-03-10 06:00:00+00:00,0.0,0.0,0.0,0.0
2024-03-10 07:00:00+00:00,0.0,0.0,0.0,0.0
2024-03-10 08:00:00+00:00,0.0,0.0,0.0,0.0
2024-03-10 09:00:00+00:00,0.0,0.0,0.0,0.0
2024-03-10 10:00:00+00:00,0.0,0.0,0.0,0.0
2024-03-10 11:00:00+00:00,0.0,0.0,0.0,0.0
2024-03-10 12:00:00+00:00,0.0,0.0,0.0,0.0
2024-03-10 13:00:00+00:00,0.0,0.0,0.0,0.0
2024-03-10 14:00:00+00:00,0.0,0.0,0.0,0.0
2024-03-10 15:00:00+00:00,0.0,0.0,0.0,0.0
2024-03-10 16:00:00+00:00,0.0,0.0,0.0,0.0
2024-03-10 17:00:00+00:00,0.0,0.0,0.0,0.0
2024-03-10 18:00:00+00:00,0.0,0.0,0.0,0.0
2024-03-10 19:00:00+00:00,0.0,0.0,0.0,0.0
2024-03-10 20:00:00+00:00,0.0,0.0,0.0,0.0
2024-03-10 21:00:00+00:00,0.0,0.0,0.0,0.0
2024-03-10 22:00:00+00:00,0.0,0.0,0.0,0.0
2024-03-10 23:00:00+00:00,0.0,0.0,0.0,0.0
2024-03-11 00:00:00+00:00,0.0,0.0,0.0,0.0
2024-03-11 01:00:00+00:00,0.0,0.0,0.0,0.0
2024-03-11 02:00:00+00:00,0.0,0.0,0.0,0.0
2024-03-11 03:00:00+00:00,0.0,0.0,0.0,0.0
2024-03-11 04:00:00+00:00,0.0,0.0,0.0,0.0
2024-03-11 05:00:00+00:00,0.0,0.0,0.0,0.0
2024-03-11 06:00:00+00:00,0.0,0.0,0.0,0.0
2024-03-11 07:00:00+00:00,0.0,0.0,0.0,0.0
2024-03-11 08:00:00+00:00,0.0,0.0,0.0,0.0
2024-03-11 09:00:00+00:00,0.0,0.0,0.0,0.0
2024-03-11 10:00:00+00:00,0.0,0.0,0.0,0.0
2024-03-11 11:00:00+00:00,0.0,0.0,0.0,0.0
2024-03-11 12:00:00+00:00,0.0,0.0,0.0,0.0
2024-03-11 13:00:00+00:00,0.0,0.0,0.0,0.0
2024-03-11 14:00:00+00:00,0.0,0.0,0.0,0.0
2024-03-11 15:00:00+00:00,0.0,0.0,0.0,0.0
2024-03-11 16:00:00+00:00,0.0,0.0,0.0,0.0
2024-03-11 17:00:00+00:00,0.0,0.0,0.0,0.0
2024-03-11 18:00:00+00:00,0.0,0.0,0.0,0.0
2024-03-11 19:00:00+00:00,0.0,0.0,0.0,0.0
2024-03-11 20:00:00+00:00,0.0,0.0,0.0,0.0
2024-03-11 21:00:00+00:00,0.0,0.0,0.0,0.0
2024-03-11 22:00:00+00:00,0.0,0.0,0.0,0.0
2024-03-11 23:00:00+00:00,0.0,0.0,0.0,0.0
2024-03-12 00:00:00+00:00,0.0,0.0,0.0,0.0
2024-03-12 01:00:00+00:00,0.0,0.0,0.0,0.0
2024-03-12 02:00:00+00:00,0.0,0.0,0.0,0.0
2024-03-12 03:00:00+00:00,0.0,0.0,0.0,0.0
2024-03-12 04:00:00+00:00,0.0,0.0,0.0,0.0
2024-03-12 05:00:00+00:00,0.0,0.0,0.0,0.0
2024-03-12 06:00:00+00:00,0.0,0.0,0.0,0.0
2024-03-12 07:00:00+00:00,0.0,0.0,0.0,0.0
2024-03-12 08:00:00+00:00,0.0,0.0,0.0,0.0
2024-03-12 09:00:00+00:00,0.0,0.0,0.0,0.0
2024-03-12 10:00:00+00:00,0.0,0.0,0.0,0.0
2024-03-12 11:00:00+00:00,0.0,0.0,0.0,0.0
2024-03-12 12:00:00+00:00,0.0,0.0,0.0,0.0
2024-03-12 13:00:00+00:00,0.0,0.0,0.0,0.0
2024-03-12 14:00:00+00:00,0.0,0.0,0.0,0.0
2024-03-12 15:00:00+00:00,0.0,0.0,0.0,0.0
2024-03-12 16:00:00+00:00,0.0,0.0,0.0,0.0
2024-03-12 17:00:00+00:00,0.0,0.0,0.0,0.0
2024-03-12 18:00:00+00:00,0.0,0.0,0.0,0.0
2024-03-12 19:00:00+00:00,0.0,0.0,0.0,0.0
2024-03-12 20:00:00+00:00,0.0,0.0,0.0,0.0
2024-03-12 21:00:00+00:00,0.0,0.0,0.0,0.0
2024-03-12 22:00:00+00:00,0.0,0.0,0.0,0.0
2024-03-12 23:00:00+00:00,0.0,0.0,0.0,0.0
2024-03-13 00:00:00+00:00,0.0,0.0,0.0,0.0
2024-03-13 01:00:00+00:00,0.0,0.0,0.0,0.0
2024-03-13 02:00:00+00:00,0.0,0.0,0.0,0.0
2024-03-13 03:00:00+00:00,0.0,0.0,0.0,0.0
2024-03-13 04:00:00+00:00,0.0,0.0,0.0,0.0
2024-03-13 05:00:00+00:00,0.0,0.0,0.0,0.0
2024-03-13 06:00:00+00:00,0.0,0.0,0.0,0.0
2024-03-13 07:00:00+00:00,0.0,0.0,0.0,0.0
2024-03-13 08:00:00+00:00,0.0,0.0,0.0,0.0
2024-03-13 09:00:00+00:00,0.0,0.0,0.0,0.0
2024-03-13 10:00:00+00:00,0.0,0.0,0.0,0.0
2024-03-13 11:00:00+00:00,0.0,0.0,0.0,0.0
2024-03-13 12:00:00+00:00,0.0,0.0,0.0,0.0
2024-03-13 13:00:00+00:00,0.0,0.0,0.0,0.0
2024-03-13 14:00:00+00:00,0.0,0.0,0.0,0.0
2024-03-13 15:00:00+00:00,0.0,0.0,0.0,0.0
2024-03-13 16:00:00+00:00,0.0,0.0,0.0,0.0
2024-03-13 17:00:00+00:00,0.0,0.0,0.0,0.0
2024-03-13 18:00:00+00:00,0.0,0.0,0.0,0.0
2024-03-13 19:00:00+00:00,0.0,0.0,0.0,0.0
2024-03-13 20:00:00+00:00,0.0,0.0,0.0,0.0
2024-03-13 21:00:00+00:00,0.0,0.0,0.0,0.0
2024-03-13 22:00:00+00:00,0.0,0.0,0.0,0.0
2024-03-13 23:00:00+00:00,0.0,0.0,0.0,0.0
2024-03-14 00:00:00+00:00,0.0,0.0,0.0,0.0
2024-03-14 01:00:00+00:00,0.0,0.0,0.0,0.0
2024-03-14 02:00:00+00:00,0.0,0.0,0.0,0.0
2024-03-14 03:00:00+00:00,0.0,0.0,0.0,0.0
2024-03-14 04:00:00+00:00,0.0,0.0,0.0,0.0
2024-03-14 05:00:00+00:00,0.0,0.0,0.0,0.0
2024-03-14 06:00:00+00:00,0.0,0.0,0.0,0.0
2024-03-14 07:00:00+00:00,0.0,0.0,0.0,0.0
2024-03-14 08:00:00+00:00,0.0,0.0,0.0,0.0
2024-03-14 09:00:00+00:00,0.0,0.0,0.0,0.0
2024-03-14 10:00:00+00:00,0.0,0.0,0.0,0.0
2024-03-14 11:00:00+00:00,0.0,0.0,0.0,0.0
2024-03-14 12:00:00+00:00,0.0,0.0,0.0,0.0
2024-03-14 13:00:00+00:00,0.0,0.0,0.0,0.0
2024-03-14 14:00:00+00:00,0.0,0.0,0.0,0.0
2024-03-14 15:00:00+00:00,0.0,0.0,0.0,0.0
2024-03-14 16:00:00+00:00,0.0,0.0,0.0,0.0
2024-03-14 17:00:00+00:00,0.0,0.0,0.0,0.0
2024-03-14 18:00:00+00:00,0.0,0.0,0.0,0.0
2024-03-14 19:00:00+00:00,0.0,0.0,0.0,0.0
2024-03-14 20:00:00+00:00,0.0,0.0,0.0,0.0
2024-03-14 21:00:00+00:00,0.0,0.0,0.0,0.0
2024-03-14 22:00:00+00:00,0.0,0.0,0.0,0.0
2024-03-14 23:00:00+00:00,0.0,0.0,0.0,0.0
2024-03-15 00:00:00+00:00,0.0,0.0,0.0,0.0
2024-03-15 01:00:00+00:00,0.0,0.0,0.0,0.0
2024-03-15 02:00:00+00:00,0.0,0.0,0.0,0.0
2024-03-15 03:00:00+00:00,0.0,0.0,0.0,0.0
2024-03-15 04:00:00+00:00,0.0,0.0,0.0,0.0
2024-03-15 05:00:00+00:00,0.0,0.0,0.0,0.0
2024-03-15 06:00:00+00:00,0.0,0.0,0.0,0.0
2024-03-15 07:00:00+00:00,0.0,0.0,0.0,0.0
2024-03-15 08:00:00+00:00,0.0,0.0,0.0,0.0
2024-03-15 09:00:00+00:00,0.0,0.0,0.0,0.0
2024-03-15 10:00:00+00:00,0.0,0.0,0.0,0.0
2024-03-15 11:00:00+00:00,0.0,0.0,0.0,0.0
2024-03-15 12:00:00+00:00,0.0,0.0,0.0,0.0
2024-03-15 13:00:00+00:00,0.0,0.0,0.0,0.0
2024-03-15 14:00:00+00:00,0.0,0.0,0.0,0.0
2024-03-15 15:00:00+00:00,0.0,0.0,0.0,0.0
2024-03-15 16:00:00+00:00,0.0,0.0,0.0,0.0
2024-03-15 17:00:00+00:00,0.0,0.0,0.0,0.0
2024-03-15 18:00:00+00:00,0.0,0.0,0.0,0.0
2024-03-15 19:00:00+00:00,0.0,0.0,0.0,0.0
2024-03-15 20:00:00+00:00,0.0,0.0,0.0,0.0
2024-03-15 21:00:00+00:00,0.0,0.0,0.0,0.0
2024-03-15 22:00:00+00:00,0.0,0.0,0.0,0.0
2024-03-15 23:00:00+00:00,0.0,0.0,0.0,0.0
2024-03-16 00:00:00+00:00,0.0,0.0,0.0,0.0
2024-03-16 01:00:00+00:00,0.0,0.0,0.0,0.0
2024-03-16 02:00:00+00:00,0.0,0.0,0.0,0.0
2024-03-16 03:00:00+00:00,0.0,0.0,0.0,0.0
2024-03-16 04:00:00+00:00,0.0,0.0,0.0,0.0
2024-03-16 05:00:00+00:00,0.0,0.0,0.0,0.0
2024-03-16 06:00:00+00:00,0.0,0.0,0.0,0.0
2024-03-16 07:00:00+00:00,0.0,0.0,0.0,0.0
2024-03-16 08:00:00+00:00,0.0,0.0,0.0,0.0
2024-03-16 09:00:00+00:00,0.0,0.0,0.0,0.0
2024-03-16 10:00:00+00:00,0.0,0.0,0.0,0.0
2024-03-16 11:00:00+00:00,0.0,0.0,0.0,0.0
2024-03-16 12:00:00+00:00,0.0,0.0,0.0,0.0
2024-03-16 13:00:00+00:00,0.0,0.0,0.0,0.0
2024-03-16 14:00:00+00:00,0.0,0.0,0.0,0.0
2024-03-16 15:00:00+00:00,0.0,0.0,0.0,0.0
2024-03-16 16:00:00+00:00,0.0,0.0,0.0,0.0
2024-03-16 17:00:00+00:00,0.0,0.0,0.0,0.0
2024-03-16 18:00:00+00:00,0.0,0.0,0.0,0.0
2024-03-16 19:00:00+00:00,0.0,0.0,0.0,0.0
2024-03-16 20:00:00+00:00,0.0,0.0,0.0,0.0
2024-03-16 21:00:00+00:00,0.0,0.0,0.0,0.0
2024-03-16 22:00:00+00:00,0.0,0.0,0.0,0.0
2024-03-16 23:00:00+00:00,0.0,0.0,0.0,0.0
2024-03-17 00:00:00+00:00,0.0,0.0,0.0,0.0
2024-03-17 01:00:00+00:00,0.0,0.0,0.0,0.0
2024-03-17 02:00:00+00:00,0.0,0.0,0.0,0.0
2024-03-17 03:00:00+00:00,0.0,0.0,0.0,0.0
2024-03-17 04:00:00+00:00,0.0,0.0,0.0,0.0
2024-03-17 05:00:00+00:00,0.0,0.0,0.0,0.0
2024-03-17 06:00:00+00:00,0.0,0.0,0.0,0.0
2024-03-17 07:00:00+00:00,0.0,0.0,0.0,0.0
2024-03-17 08:00:00+00:00,0.0,0.0,0.0,0.0
2024-03-17 09:00:00+00:00,0.0,0.0,0.0,0.0
2024-03-17 10:00:00+00:00,0.0,0.0,0.0,0.0
2024-03-17 11:00:00+00:00,0.0,0.0,0.0,0.0
2024-03-17 12:00:00+00:00,0.0,0.0,0.0,0.0
2024-03-17 13:00:00+00:00,0.0,0.0,0.0,0.0
2024-03-17 14:00:00+00:00,0.0,0.0,0.0,0.0
2024-03-17 15:00:00+00:00,0.0,0.0,0.0,0.0
2024-03-17 16:00:00+00:00,0.0,0.0,0.0,0.0
2024-03-17 17:00:00+00:00,0.0,0.0,0.0,0.0
2024-03-17 18:00:00+00:00,0.0,0.0,0.0,0.0
2024-03-17 19:00:00+00:00,0.0,0.0,0.0,0.0
2024-03-17 20:00:00+00:00,0.0,0.0,0.0,0.0
2024-03-17 21:00:00+00:00,0.0,0.0,0.0,0.0
2024-03-17 22:00:00+00:00,0.0,0.0,0.0,0.0
2024-03-17 23:00:00+00:00,0.0,0.0,0.0,0.0
2024-03-18 00:00:00+00:00,0.0,0.0,0.0,0.0
2024-03-18 01:00:00+00:00,0.0,0.0,0.0,0.0
2024-03-18 02:00:00+00:00,0.0,0.0,0.0,0.0
2024-03-18 03:00:00+00:00,0.0,0.0,0.0,0.0
2024-03-18 04:00:00+00:00,0.0,0.0,0.0,0.0
2024-03-18 05:00:00+00:00,0.0,0.0,0.0,0.0
2024-03-18 06:00:00+00:00,0.0,0.0,0.0,0.0
2024-03-18 07:00:00+00:00,0.0,0.0,0.0,0.0
2024-03-18 08:00:00+00:00,0.0,0.0,0.0,0.0
2024-03-18 09:00:00+00:00,0.0,0.0,0.0,0.0
2024-03-18 10:00:00+00:00,0.0,0.0,0.0,0.0
2024-03-18 11:00:00+00:00,0.0,0.0,0.0,0.0
2024-03-18 12:00:00+00:00,0.0,0.0,0.0,0.0
2024-03-18 13:00:00+00:00,0.0,0.0,0.0,0.0
2024-03-18 14:00:00+00:00,0.0,0.0,0.0,0.0
2024-03-18 15:00:00+00:00,0.0,0.0,0.0,0.0
2024-03-18 16:00:00+00:00,0.0,0.0,0.0,0.0
2024-03-18 17:00:00+00:00,0.0,0.0,0.0,0.0
2024-03-18 18:00:00+00:00,0.0,0.0,0.0,0.0
2024-03-18 19:00:00+00:00,0.0,0.0,0.0,0.0
2024-03-18 20:00:00+00:00,0.0,0.0,0.0,0.0
2024-03-18 21:00:00+00:00,0.0,0.0,0.0,0.0
2024-03-18 22:00:00+00:00,0.0,0.0,0.0,0.0
2024-03-18 23:00:00+00:00,0.0,0.0,0.0,0.0
2024-03-19 00:00:00+00:00,0.0,0.0,0.0,0.0
2024-03-19 01:00:00+00:00,0.0,0.0,0.0,0.0
2024-03-19 02:00:00+00:00,0.0,0.0,0.0,0.0
2024-03-19 03:00:00+00:00,0.0,0.0,0.0,0.0
2024-03-19 04:00:00+00:00,0.0,0.0,0.0,0.0
2024-03-19 05:00:00+00:00,0.0,0.0,0.0,0.0
2024-03-19 06:00:00+00:00,0.0,0.0,0.0,0.0
2024-03-19 07:00:00+00:00,0.0,0.0,0.0,0.0
2024-03-19 08:00:00+00:00,0.0,0.0,0.0,0.0
2024-03-19 09:00:00+00:00,0.0,0.0,0.0,0.0
2024-03-19 10:00:00+00:00,0.0,0.0,0.0,0.0
2024-03-19 11:00:00+00:00,0.0,0.0,0.0,0.0
2024-03-19 12:00:00+00:00,0.0,0.0,0.0,0.0
2024-03-19 13:00:00+00:00,0.0,0.0,0.0,0.0
2024-03-19 14:00:00+00:00,0.0,0.0,0.0,0.0
2024-03-19 15:00:00+00:00,0.0,0.0,0.0,0.0
2024-03-19 16:00:00+00:00,0.0,0.0,0.0,0.0
2024-03-19 17:00:00+00:00,0.0,0.0,0.0,0.0
2024-03-19 18:00:00+00:00,0.0,0.0,0.0,0.0
2024-03-19 19:00:00+00:00,0.0,0.0,0.0,0.0
2024-03-19 20:00:00+00:00,0.0,0.0,0.0,0.0
2024-03-19 21:00:00+00:00,0.0,0.0,0.0,0.0
2024-03-19 22:00:00+00:00,0.0,0.0,0.0,0.0
2024-03-19 23:00:00+00:00,0.0,0.0,0.0,0.0
2024-03-20 00:00:00+00:00,0.0,0.0,0.0,0.0
2024-03-20 01:00:00+00:00,0.0,0.0,0.0,0.0
2024-03-20 02:00:00+00:00,0.0,0.0,0.0,0.0
2024-03-20 03:00:00+00:00,0.0,0.0,0.0,0.0
2024-03-20 04:00:00+00:00,0.0,0.0,0.0,0.0
2024-03-20 05:00:00+00:00,0.0,0.0,0.0,0.0
2024-03-20 06:00:00+00:00,0.0,0.0,0.0,0.0
2024-03-20 07:00:00+00:00,0.0,0.0,0.0,0.0
2024-03-20 08:00:00+00:00,0.0,0.0,0.0,0.0
2024-03-20 09:00:00+00:00,0.0,0.0,0.0,0.0
2024-03-20 10:00:00+00:00,0.0,0.0,0.0,0.0
2024-03-20 11:00:00+00:00,0.0,0.0,0.0,0.0
2024-03-20 12:00:00+00:00,0.0,0.0,0.0,0.0
2024-03-20 13:00:00+00:00,0.0,0.0,0.0,0.0
2024-03-20 14:00:00+00:00,0.0,0.0,0.0,0.0
2024-03-20 15:00:00+00:00,0.0,0.0,0.0,0.0
2024-03-20 16:00:00+00:00,0.0,0.0,0.0,0.0
2024-03-20 17:00:00+00:00,0.0,0.0,0.0,0.0
2024-03-20 18:00:00+00:00,0.0,0.0,0.0,0.0
2024-03-20 19:00:00+00:00,0.0,0.0,0.0,0.0
2024-03-20 20:00:00+00:00,0.0,0.0,0.0,0.0
2024-03-20 21:00:00+00:00,0.0,0.0,0.0,0.0
2024-03-20 22:00:00+00:00,0.0,0.0,0.0,0.0
2024-03-20 23:00:00+00:00,0.0,0.0,0.0,0.0
2024-03-21 00:00:00+00:00,0.0,0.0,0.0,0.0
2024-03-21 01:00:00+00:00,0.0,0.0,0.0,0.0
2024-03-21 02:00:00+00:00,0.0,0.0,0.0,0.0
2024-03-21 03:00:00+00:00,0.0,0.0,0.0,0.0
2024-03-21 04:00:00+00:00,0.0,0.0,0.0,0.0
2024-03-21 05:00:00+00:00,0.0,0.0,0.0,0.0
2024-03-21 06:00:00+00:00,0.0,0.0,0.0,0.0
2024-03-21 07:00:00+00:00,0.0,0.0,0.0,0.0
2024-03-21 08:00:00+00:00,0.0,0.0,0.0,0.0
2024-03-21 09:00:00+00:00,0.0,0.0,0.0,0.0
2024-03-21 10:00:00+00:00,0.0,0.0,0.0,0.0
2024-03-21 11:00:00+00:00,0.0,0.0,0.0,0.0
2024-03-21 12:00:00+00:00,0.0,0.0,0.0,0.0
2024-03-21 13:00:00+00:00,0.0,0.0,0.0,0.0
2024-03-21 14:00:00+00:00,0.0,0.0,0.0,0.0
2024-03-21 15:00:00+00:00,0.0,0.0,0.0,0.0
2024-03-21 16:00:00+00:00,0.0,0.0,0.0,0.0
2024-03-21 17:00:00+00:00,0.0,0.0,0.0,0.0
2024-03-21 18:00:00+00:00,0.0,0.0,0.0,0.0
2024-03-21 19:00:00+00:00,0.0,0.0,0.0,0.0
2024-03-21 20:00:00+00:00,0.0,0.0,0.0,0.0
2024-03-21 21:00:00+00:00,0.0,0.0,0.0,0.0
2024-03-21 22:00:00+00:00,0.0,0.0,0.0,0.0
2024-03-21 23:00:00+00:00,0.0,0.0,0.0,0.0
2024-03-22 00:00:00+00:00,0.0,0.0,0.0,0.0
2024-03-22 01:00:00+00:00,0.0,0.0,0.0,0.0
2024-03-22 02:00:00+00:00,0.0,0.0,0.0,0.0
2024-03-22 03:00:00+00:00,0.0,0.0,0.0,0.0
2024-03-22 04:00:00+00:00,0.0,0.0,0.0,0.0
2024-03-22 05:00:00+00:00,0.0,0.0,0.0,0.0
2024-03-22 06:00:00+00:00,0.0,0.0,0.0,0.0
2024-03-22 07:00:00+00:00,0.0,0.0,0.0,0.0
2024-03-22 08:00:00+00:00,0.0,0.0,0.0,0.0
2024-03-22 09:00:00+00:00,0.0,0.0,0.0,0.0
2024-03-22 10:00:00+00:00,0.0,0.0,0.0,0.0
2024-03-22 11:00:00+00:00,0.0,0.0,0.0,0.0
2024-03-22 12:00:00+00:00,0.0,0.0,0.0,0.0
2024-03-22 13:00:00+00:00,0.0,0.0,0.0,0.0
2024-03-22 14:00:00+00:00,0.0,0.0,0.0,0.0
2024-03-22 15:00:00+00:00,0.0,0.0,0.0,0.0
2024-03-22 16:00:00+00:00,0.0,0.0,0.0,0.0
2024-03-22 17:00:00+00:00,0.0,0.0,0.0,0.0
2024-03-22 18:00:00+00:00,0.0,0.0,0.0,0.0
2024-03-22 19:00:00+00:00,0.0,0.0,0.0,0.0
2024-03-22 20:00:00+00:00,0.0,0.0,0.0,0.0
2024-03-22 21:00:00+00:00,0.0,0.0,0.0,0.0
2024-03-22 22:00:00+00:00,0.0,0.0,0.0,0.0
2024-03-22 23:00:00+00:00,0.0,0.0,0.0,0.0
2024-03-23 00:00:00+00:00,0.0,0.0,0.0,0.0
2024-03-23 01:00:00+00:00,0.0,0.0,0.0,0.0
2024-03-23 02:00:00+00:00,0.0,0.0,0.0,0.0
2024-03-23 03:00:00+00:00,0.0,0.0,0.0,0.0
2024-03-23 04:00:00+00:00,0.0,0.0,0.0,0.0
2024-03-23 05:00:00+00:00,0.0,0.0,0.0,0.0
2024-03-23 06:00:00+00:00,0.0,0.0,0.0,0.0
2024-03-23 07:00:00+00:00,0.0,0.0,0.0,0.0
2024-03-23 08:00:00+00:00,0.0,0.0,0.0,0.0
2024-03-23 09:00:00+00:00,0.0,0.0,0.0,0.0
2024-03-23 10:00:00+00:00,0.0,0.0,0.0,0.0
2024-03-23 11:00:00+00:00,0.0,0.0,0.0,0.0
2024-03-23 12:00:00+00:00,0.0,0.0,0.0,0.0
2024-03-23 13:00:00+00:00,0.0,0.0,0.0,0.0
2024-03-23 14:00:00+00:00,0.0,0.0,0.0,0.0
2024-03-23 15:00:00+00:00,0.0,0.0,0.0,0.0
2024-03-23 16:00:00+00:00,0.0,0.0,0.0,0.0
2024-03-23 17:00:00+00:00,0.0,0.0,0.0,0.0
2024-03-23 18:00:00+00:00,0.0,0.0,0.0,0.0
2024-03-23 19:00:00+00:00,0.0,0.0,0.0,0.0
2024-03-23 20:00:00+00:00,0.0,0.0,0.0,0.0
2024-03-23 21:00:00+00:00,0.0,0.0,0.0,0.0
2024-03-23 22:00:00+00:00,0.0,0.0,0.0,0.0
2024-03-23 23:00:00+00:00,0.0,0.0,0.0,0.0
2024-03-24 00:00:00+00:00,0.0,0.0,0.0,0.0
2024-03-24 01:00:00+00:00,0.0,0.0,0.0,0.0
2024-03-24 02:00:00+00:00,0.0,0.0,0.0,0.0
2024-03-24 03:00:00+00:00,0.0,0.0,0.0,0.0
2024-03-24 04:00:00+00:00,0.0,0.0,0.0,0.0
2024-03-24 05:00:00+00:00,0.0,0.0,0.0,0.0
2024-03-24 06:00:00+00:00,0.0,0.0,0.0,0.0
2024-03-24 07:00:00+00:00,0.0,0.0,0.0,0.0
2024-03-24 08:00:00+00:00,0.0,0.0,0.0,0.0
2024-03-24 09:00:00+00:00,0.0,0.0,0.0,0.0
2024-03-24 10:00:00+00:00,0.0,0.0,0.0,0.0
2024-03-24 11:00:00+00:00,0.0,0.0,0.0,0.0
2024-03-24 12:00:00+00:00,0.0,0.0,0.0,0.0
2024-03-24 13:00:00+00:00,0.0,0.0,0.0,0.0
2024-03-24 14:00:00+00:00,0.0,0.0,0.0,0.0
2024-03-24 15:00:00+00:00,0.0,0.0,0.0,0.0
2024-03-24 16:00:00+00:00,0.0,0.0,0.0,0.0
2024-03-24 17:00:00+00:00,0.0,0.0,0.0,0.0
2024-03-24 18:00:00+00:00,0.0,0.0,0.0,0.0
2024-03-24 19:00:00+00:00,0.0,0.0,0.0,0.0
2024-03-24 20:00:00+00:00,0.0,0.0,0.0,0.0
2024-03-24 21:00:00+00:00,0.0,0.0,0.0,0.0
2024-03-24 22:00:00+00:00,0.0,0.0,0.0,0.0
2024-03-24 23:00:00+00:00,0.0,0.0,0.0,0.0
2024-03-25 00:00:00+00:00,0.0,0.0,0.0,0.0
2024-03-25 01:00:00+00:00,0.0,0.0,0.0,0.0
2024-03-25 02:00:00+00:00,0.0,0.0,0.0,0.0
2024-03-25 03:00:00+00:00,0.0,0.0,0.0,0.0
2024-03-25 04:00:00+00:00,0.0,0.0,0.0,0.0
2024-03-25 05:00:00+00:00,0.0,0.0,0.0,0.0
2024-03-25 06:00:00+00:00,0.0,0.0,0.0,0.0
2024-03-25 07:00:00+00:00,-0.011158,0.0,0.0,0.0
2024-03-25 08:00:00+00:00,0.0,0.0,0.0,0.0
2024-03-25 09:00:00+00:00,0.0,0.0,0.0,0.0
2024-03-25 10:00:00+00:00,0.0,0.0,0.0,0.0
2024-03-25 11:00:00+00:00,0.0,0.0,0.0,0.0
2024-03-25 12:00:00+00:00,0.0,0.0,0.0,0.0
2024-03-25 13:00:00+00:00,0.0,0.0,0.0,0.0
2024-03-25 14:00:00+00:00,0.0,0.0,0.0,0.0
2024-03-25 15:00:00+00:00,0.0,0.0,0.0,0.0
2024-03-25 16:00:00+00:00,0.0,0.0,0.0,0.0
2024-03-25 17:00:00+00:00,0.0,0.0,0.0,0.0
2024-03-25 18:00:00+00:00,0.0,0.0,0.0,0.0
2024-03-25 19:00:00+00:00,0.0,0.0,0.0,0.0
2024-03-25 20:00:00+00:00,0.013949,0.0,0.0,0.0
2024-03-25 21:00:00+00:00,0.0,0.0,0.0,0.0
2024-03-25 22:00:00+00:00,0.0,0.0,0.0,0.0
2024-03-25 23:00:00+00:00,0.0,0.0,0.0,0.0
2024-03-26 00:00:00+00:00,0.0,0.0,0.0,0.0
2024-03-26 01:00:00+00:00,0.0,0.0,0.0,0.0
2024-03-26 02:00:00+00:00,0.0,0.0,0.0,0.0
2024-03-26 03:00:00+00:00,0.0,0.0,0.0,0.0
2024-03-26 04:00:00+00:00,0.0,0.0,0.0,0.0
2024-03-26 05:00:00+00:00,0.0,0.0,0.0,0.0
2024-03-26 06:00:00+00:00,0.0,0.0,0.0,0.0
2024-03-26 07:00:00+00:00,0.0,0.0,0.0,0.0
2024-03-26 08:00:00+00:00,0.0,0.0,0.0,0.0
2024-03-26 09:00:00+00:00,0.0,0.0,0.0,0.0
2024-03-26 10:00:00+00:00,0.0,0.0,0.0,0.0
2024-03-26 11:00:00+00:00,0.0,0.0,0.0,0.0
2024-03-26 12:00:00+00:00,0.0,0.0,0.0,0.0
2024-03-26 13:00:00+00:00,0.0,0.0,0.0,0.0
2024-03-26 14:00:00+00:00,0.0,0.0,0.0,0.0
2024-03-26 15:00:00+00:00,0.0,0.0,0.0,0.0
2024-03-26 16:00:00+00:00,0.0,0.0,0.0,0.0
2024-03-26 17:00:00+00:00,0.0,0.0,0.0,0.0
2024-03-26 18:00:00+00:00,0.0,0.0,0.0,0.0
2024-03-26 19:00:00+00:00,0.0,0.0,0.0,0.0
2024-03-26 20:00:00+00:00,0.0,0.0,0.0,0.0
2024-03-26 21:00:00+00:00,0.0,0.0,0.0,0.0
2024-03-26 22:00:00+00:00,0.0,0.0,0.0,0.0
2024-03-26 23:00:00+00:00,0.0,0.0,0.0,0.0
2024-03-27 00:00:00+00:00,0.0,0.0,0.0,0.0
2024-03-27 01:00:00+00:00,0.0,0.0,0.0,0.0
2024-03-27 02:00:00+00:00,0.0,0.0,0.0,0.0
2024-03-27 03:00:00+00:00,0.0,0.0,0.0,0.0
2024-03-27 04:00:00+00:00,0.0,0.0,0.0,0.0
2024-03-27 05:00:00+00:00,0.0,0.0,0.0,0.0
2024-03-27 06:00:00+00:00,0.0,0.0,0.0,0.0
2024-03-27 07:00:00+00:00,0.0,0.0,0.0,0.0
2024-03-27 08:00:00+00:00,0.0,0.0,0.0,0.0
2024-03-27 09:00:00+00:00,0.0,0.0,0.0,0.0
2024-03-27 10:00:00+00:00,0.0,0.0,0.0,0.0
2024-03-27 11:00:00+00:00,0.0,0.0,0.0,0.0
2024-03-27 12:00:00+00:00,0.0,0.0,0.0,0.0
2024-03-27 13:00:00+00:00,0.0,0.0,0.0,0.0
2024-03-27 14:00:00+00:00,0.0,0.0,0.0,0.0
2024-03-27 15:00:00+00:00,0.0,0.0,0.0,0.0
2024-03-27 16:00:00+00:00,0.0,0.0,0.0,0.0
2024-03-27 17:00:00+00:00,0.0,0.0,0.0,0.0
2024-03-27 18:00:00+00:00,0.0,0.0,0.0,0.0
2024-03-27 19:00:00+00:00,0.0,0.0,0.0,0.0
2024-03-27 20:00:00+00:00,0.0,0.0,0.0,0.0
2024-03-27 21:00:00+00:00,0.0,0.0,0.0,0.0
2024-03-27 22:00:00+00:00,0.0,0.0,0.0,0.0
2024-03-27 23:00:00+00:00,0.0,0.0,0.0,0.0
2024-03-28 00:00:00+00:00,0.0,0.0,0.0,0.0
2024-03-28 01:00:00+00:00,0.0,0.0,0.0,0.0
2024-03-28 02:00:00+00:00,0.0,0.0,0.0,0.0
2024-03-28 03:00:00+00:00,0.0,0.0,0.0,0.0
2024-03-28 04:00:00+00:00,0.0,0.0,0.0,0.0
2024-03-28 05:00:00+00:00,0.0,0.0,0.0,0.0
2024-03-28 06:00:00+00:00,0.0,0.0,0.0,0.0
2024-03-28 07:00:00+00:00,0.0,0.0,0.0,0.0
2024-03-28 08:00:00+00:00,0.0,0.0,0.0,0.0
2024-03-28 09:00:00+00:00,0.0,0.0,0.0,0.0
2024-03-28 10:00:00+00:00,0.0,0.0,0.0,0.0
2024-03-28 11:00:00+00:00,0.0,0.0,0.0,0.0
2024-03-28 12:00:00+00:00,0.0,0.0,0.0,0.0
2024-03-28 13:00:00+00:00,0.0,0.0,0.0,0.0
2024-03-28 14:00:00+00:00,0.0,0.0,0.0,0.0
2024-03-28 15:00:00+00:00,0.0,0.0,0.0,0.0
2024-03-28 16:00:00+00:00,0.003765,0.0,0.0,0.0
2024-03-28 17:00:00+00:00,0.0,0.0,0.0,0.0
2024-03-28 18:00:00+00:00,0.0,0.0,0.0,0.0
2024-03-28 19:00:00+00:00,0.0,0.0,0.0,0.0
2024-03-28 20:00:00+00:00,0.0,0.0,0.0,0.0
2024-03-28 21:00:00+00:00,0.0,0.0,0.0,0.0
2024-03-28 22:00:00+00:00,0.0,0.0,0.0,0.0
2024-03-28 23:00:00+00:00,0.0,0.0,0.0,0.0
2024-03-29 00:00:00+00:00,0.0,0.0,0.0,0.0
2024-03-29 01:00:00+00:00,0.0,0.0,0.0,0.0
2024-03-29 02:00:00+00:00,0.0,0.0,0.0,0.0
2024-03-29 03:00:00+00:00,0.0,0.0,0.0,0.0
2024-03-29 04:00:00+00:00,0.0,0.0,0.0,0.0
2024-03-29 05:00:00+00:00,0.0,0.0,0.0,0.0
2024-03-29 06:00:00+00:00,0.0,0.0,0.0,0.0
2024-03-29 07:00:00+00:00,0.0,0.0,0.0,0.0
2024-03-29 08:00:00+00:00,0.0,0.0,0.0,0.0
2024-03-29 09:00:00+00:00,0.0,0.0,0.0,0.0
2024-03-29 10:00:00+00:00,0.0,0.0,0.0,0.0
2024-03-29 11:00:00+00:00,0.0,0.0,0.0,0.0
2024-03-29 12:00:00+00:00,0.0,0.0,0.0,0.0
2024-03-29 13:00:00+00:00,0.0,0.0,0.0,0.0
2024-03-29 14:00:00+00:00,0.0,0.0,0.0,0.0
2024-03-29 15:00:00+00:00,0.0,0.0,0.0,0.0
2024-03-29 16:00:00+00:00,0.0,0.0,0.0,0.0
2024-03-29 17:00:00+00:00,0.0,0.0,0.0,0.0
2024-03-29 18:00:00+00:00,0.0,0.0,0.0,0.0
2024-03-29 19:00:00+00:00,0.0,0.0,0.0,0.0
2024-03-29 20:00:00+00:00,0.0,0.0,0.0,0.0
2024-03-29 21:00:00+00:00,0.0,0.0,0.0,0.0
2024-03-29 22:00:00+00:00,0.0,0.0,0.0,0.0
2024-03-29 23:00:00+00:00,0.0,0.0,0.0,0.0
2024-03-30 00:00:00+00:00,0.0,0.0,0.0,0.0
2024-03-30 01:00:00+00:00,0.0,0.0,0.0,0.0
2024-03-30 02:00:00+00:00,0.0,0.0,0.0,0.0
2024-03-30 03:00:00+00:00,0.0,0.0,0.0,0.0
2024-03-30 04:00:00+00:00,0.0,0.0,0.0,0.0
2024-03-30 05:00:00+00:00,0.0,0.0,0.0,0.0
2024-03-30 06:00:00+00:00,0.0,0.0,0.0,0.0
2024-03-30 07:00:00+00:00,0.0,0.0,0.0,0.0
2024-03-30 08:00:00+00:00,0.0,0.0,0.0,0.0
2024-03-30 09:00:00+00:00,0.0,0.0,0.0,0.0
2024-03-30 10:00:00+00:00,0.0,0.0,0.0,0.0
2024-03-30 11:00:00+00:00,0.0,0.0,0.0,0.0
2024-03-30 12:00:00+00:00,0.0,0.0,0.0,0.0
2024-03-30 13:00:00+00:00,0.0,0.0,0.0,0.0
2024-03-30 14:00:00+00:00,0.0,0.0,0.0,0.0
2024-03-30 15:00:00+00:00,0.0,0.0,0.0,0.0
2024-03-30 16:00:00+00:00,-0.012342,0.0,0.0,0.0
2024-03-30 17:00:00+00:00,0.0,0.0,0.0,0.0
2024-03-30 18:00:00+00:00,0.0,0.0,0.0,0.0
2024-03-30 19:00:00+00:00,0.0,0.0,0.0,0.0
2024-03-30 20:00:00+00:00,0.0,0.0,0.0,0.0
2024-03-30 21:00:00+00:00,0.0,0.0,0.0,0.0
2024-03-30 22:00:00+00:00,0.0,0.0,0.0,0.0
2024-03-30 23:00:00+00:00,0.0,0.0,0.0,0.0
2024-03-31 00:00:00+00:00,0.0,0.0,0.0,0.0
2024-03-31 01:00:00+00:00,0.0,0.0,0.0,0.0
2024-03-31 02:00:00+00:00,0.0,0.0,0.0,0.0
2024-03-31 03:00:00+00:00,-0.012677,0.0,0.0,0.0
2024-03-31 04:00:00+00:00,0.0,0.0,0.0,0.0
2024-03-31 05:00:00+00:00,0.0,0.0,0.0,0.0
2024-03-31 06:00:00+00:00,0.0,0.0,0.0,0.0
2024-03-31 07:00:00+00:00,0.0,0.0,0.0,0.0
2024-03-31 08:00:00+00:00,0.0,0.0,0.0,0.0
2024-03-31 09:00:00+00:00,0.0,0.0,0.0,0.0
2024-03-31 10:00:00+00:00,0.0,0.0,0.0,0.0
2024-03-31 11:00:00+00:00,0.0,0.0,0.0,0.0
2024-03-31 12:00:00+00:00,0.0,0.0,0.0,0.0
2024-03-31 13:00:00+00:00,0.012332,0.0,0.0,0.0
2024-03-31 14:00:00+00:00,0.0,0.0,0.0,0.0
2024-03-31 15:00:00+00:00,0.0,0.0,0.0,0.0
2024-03-31 16:00:00+00:00,0.0,0.0,0.0,0.0
2024-03-31 17:00:00+00:00,0.0,0.0,0.0,0.0
2024-03-31 18:00:00+00:00,0.01201,0.0,0.0,0.0
2024-03-31 19:00:00+00:00,0.0,0.0,0.0,0.0
2024-03-31 20:00:00+00:00,0.0,0.0,0.0,0.0
2024-03-31 21:00:00+00:00,0.0,0.0,0.0,0.0
2024-03-31 22:00:00+00:00,0.0,0.0,0.0,0.0
2024-03-31 23:00:00+00:00,0.0,0.0,0.0,0.0
2024-04-01 00:00:00+00:00,0.0,0.0,0.0,0.0
2024-04-01 01:00:00+00:00,0.0,0.0,0.0,0.0
2024-04-01 02:00:00+00:00,0.0,0.0,0.0,0.0
2024-04-01 03:00:00+00:00,0.0,0.0,0.0,0.0
2024-04-01 04:00:00+00:00,0.0,0.0,0.0,0.0
2024-04-01 05:00:00+00:00,0.0,0.0,0.0,0.0
2024-04-01 06:00:00+00:00,0.0,0.0,0.0,0.0
2024-04-01 07:00:00+00:00,0.0,0.0,0.0,0.0
2024-04-01 08:00:00+00:00,-0.011663,0.0,0.0,0.0
2024-04-01 09:00:00+00:00,0.0,0.0,0.0,0.0
2024-04-01 10:00:00+00:00,0.0,0.0,0.0,0.0
2024-04-01 11:00:00+00:00,0.0,0.0,0.0,0.0
2024-04-01 12:00:00+00:00,0.0,0.0,0.0,0.0
2024-04-01 13:00:00+00:00,0.0,0.0,0.0,0.0
2024-04-01 14:00:00+00:00,0.0,0.0,0.0,0.0
2024-04-01 15:00:00+00:00,0.0,0.0,0.0,0.0
2024-04-01 16:00:00+00:00,0.0,0.0,0.0,0.0
2024-04-01 17:00:00+00:00,0.0,0.0,0.0,0.0
2024-04-01 18:00:00+00:00,0.0,0.0,0.0,0.0
2024-04-01 19:00:00+00:00,0.0,0.0,0.0,0.0
2024-04-01 20:00:00+00:00,0.0,0.0,0.0,0.0
2024-04-01 21:00:00+00:00,0.0,0.0,0.0,0.0
2024-04-01 22:00:00+00:00,0.0,0.0,0.0,0.0
2024-04-01 23:00:00+00:00,0.0,0.0,0.0,0.0
2024-04-02 00:00:00+00:00,0.0,0.0,0.0,0.0
2024-04-02 01:00:00+00:00,0.0,0.0,0.0,0.0
2024-04-02 02:00:00+00:00,0.0,0.0,0.0,0.0
2024-04-02 03:00:00+00:00,0.0,0.0,0.0,0.0
2024-04-02 04:00:00+00:00,0.0,0.0,0.0,0.0
2024-04-02 05:00:00+00:00,0.0,0.0,0.0,0.0
2024-04-02 06:00:00+00:00,0.0,0.0,0.0,0.0
2024-04-02 07:00:00+00:00,0.0,0.0,0.0,0.0
2024-04-02 08:00:00+00:00,0.0,0.0,0.0,0.0
2024-04-02 09:00:00+00:00,0.0,0.0,0.0,0.0
2024-04-02 10:00:00+00:00,0.0,0.0,0.0,0.0
2024-04-02 11:00:00+00:00,0.0,0.0,0.0,0.0
2024-04-02 12:00:00+00:00,0.0,0.0,0.0,0.0
2024-04-02 13:00:00+00:00,0.0,0.0,0.0,0.0
2024-04-02 14:00:00+00:00,0.0,0.0,0.0,0.0
2024-04-02 15:00:00+00:00,0.0,0.0,0.0,0.0
2024-04-02 16:00:00+00:00,0.0,0.0,0.0,0.0
2024-04-02 17:00:00+00:00,0.0,0.0,0.0,0.0
2024-04-02 18:00:00+00:00,0.0,0.0,0.0,0.0
2024-04-02 19:00:00+00:00,0.0,0.0,0.0,0.0
2024-04-02 20:00:00+00:00,0.0,0.0,0.0,0.0
2024-04-02 21:00:00+00:00,0.0,0.0,0.0,0.0
2024-04-02 22:00:00+00:00,0.0,0.0,0.0,0.0
2024-04-02 23:00:00+00:00,0.0,0.0,0.0,0.0
2024-04-03 00:00:00+00:00,0.0,0.0,0.0,0.0
2024-04-03 01:00:00+00:00,0.0,0.0,0.0,0.0
2024-04-03 02:00:00+00:00,0.0,0.0,0.0,0.0
2024-04-03 03:00:00+00:00,0.0,0.0,0.0,0.0
2024-04-03 04:00:00+00:00,0.0,0.0,0.0,0.0
2024-04-03 05:00:00+00:00,0.0,0.0,0.0,0.0
2024-04-03 06:00:00+00:00,0.0,0.0,0.0,0.0
2024-04-03 07:00:00+00:00,0.0,0.0,0.0,0.0
2024-04-03 08:00:00+00:00,0.0,0.0,0.0,0.0
2024-04-03 09:00:00+00:00,0.0,0.0,0.0,0.0
2024-04-03 10:00:00+00:00,0.0,0.0,0.0,0.0
2024-04-03 11:00:00+00:00,-0.011056,0.0,0.0,0.0
2024-04-03 12:00:00+00:00,0.0,0.0,0.0,0.0
2024-04-03 13:00:00+00:00,0.0,0.0,0.0,0.0
2024-04-03 14:00:00+00:00,0.0,0.0,0.0,0.0
2024-04-03 15:00:00+00:00,0.0,0.0,0.0,0.0
2024-04-03 16:00:00+00:00,0.0,0.0,0.0,0.0
2024-04-03 17:00:00+00:00,0.003957,0.0,0.0,0.0
2024-04-03 18:00:00+00:00,0.0,0.0,0.0,0.0
2024-04-03 19:00:00+00:00,0.0,0.0,0.0,0.0
2024-04-03 20:00:00+00:00,0.0,0.0,0.0,0.0
2024-04-03 21:00:00+00:00,0.0,0.0,0.0,0.0
2024-04-03 22:00:00+00:00,0.0,0.0,0.0,0.0
2024-04-03 23:00:00+00:00,0.0,0.0,0.0,0.0
2024-04-04 00:00:00+00:00,0.0,0.0,0.0,0.0
2024-04-04 01:00:00+00:00,0.0,0.0,0.0,0.0
2024-04-04 02:00:00+00:00,0.0,0.0,0.0,0.0
2024-04-04 03:00:00+00:00,0.0,0.0,0.0,0.0
2024-04-04 04:00:00+00:00,0.0,0.0,0.0,0.0
2024-04-04 05:00:00+00:00,0.0,0.0,0.0,0.0
2024-04-04 06:00:00+00:00,0.0,0.0,0.0,0.0
2024-04-04 07:00:00+00:00,0.0,0.0,0.0,0.0
2024-04-04 08:00:00+00:00,0.0,0.0,0.0,0.0
2024-04-04 09:00:00+00:00,0.0,0.0,0.0,0.0
2024-04-04 10:00:00+00:00,0.0,0.0,0.0,0.0
2024-04-04 11:00:00+00:00,0.0,0.0,0.0,0.0
2024-04-04 12:00:00+00:00,0.0,0.0,0.0,0.0
2024-04-04 13:00:00+00:00,0.013599,0.0,0.0,0.0
2024-04-04 14:00:00+00:00,0.0,0.0,0.0,0.0
2024-04-04 15:00:00+00:00,0.0,0.0,0.0,0.0
2024-04-04 16:00:00+00:00,0.0,0.0,0.0,0.0
2024-04-04 17:00:00+00:00,0.0,0.0,0.0,0.0
2024-04-04 18:00:00+00:00,0.0,0.0,0.0,0.0
2024-04-04 19:00:00+00:00,0.0,0.0,0.0,0.0
2024-04-04 20:00:00+00:00,-0.011222,0.0,0.0,0.0
2024-04-04 21:00:00+00:00,0.0,0.0,0.0,0.0
2024-04-04 22:00:00+00:00,0.0,0.0,0.0,0.0
2024-04-04 23:00:00+00:00,0.0,0.0,0.0,0.0
2024-04-05 00:00:00+00:00,0.0,0.0,0.0,0.0
2024-04-05 01:00:00+00:00,0.0,0.0,0.0,0.0
2024-04-05 02:00:00+00:00,0.0,0.0,0.0,0.0
2024-04-05 03:00:00+00:00,0.0,0.0,0.0,0.0
2024-04-05 04:00:00+00:00,0.0,0.0,0.0,0.0
2024-04-05 05:00:00+00:00,0.0,0.0,0.0,0.0
2024-04-05 06:00:00+00:00,0.0,0.0,0.0,0.0
2024-04-05 07:00:00+00:00,0.0,0.0,0.0,0.0
2024-04-05 08:00:00+00:00,0.0,0.0,0.0,0.0
2024-04-05 09:00:00+00:00,0.0,0.0,0.0,0.0
2024-04-05 10:00:00+00:00,0.0,0.0,0.0,0.0
2024-04-05 11:00:00+00:00,0.0,0.0,0.0,0.0
2024-04-05 12:00:00+00:00,0.0,0.0,0.0,0.0
2024-04-05 13:00:00+00:00,0.0,0.0,0.0,0.0
2024-04-05 14:00:00+00:00,0.0,0.0,0.0,0.0
2024-04-05 15:00:00+00:00,0.0,0.0,0.0,0.0
2024-04-05 16:00:00+00:00,0.0,0.0,0.0,0.0
2024-04-05 17:00:00+00:00,0.0,0.0,0.0,0.0
2024-04-05 18:00:00+00:00,0.0,0.0,0.0,0.0
2024-04-05 19:00:00+00:00,0.0,0.0,0.0,0.0
2024-04-05 20:00:00+00:00,0.0,0.0,0.0,0.0
2024-04-05 21:00:00+00:00,0.0,0.0,0.0,0.0
2024-04-05 22:00:00+00:00,0.0,0.0,0.0,0.0
2024-04-05 23:00:00+00:00,0.0,0.0,0.0,0.0
2024-04-06 00:00:00+00:00,0.0,0.0,0.0,0.0
2024-04-06 01:00:00+00:00,0.0,0.0,0.0,0.0
2024-04-06 02:00:00+00:00,0.0,0.0,0.0,0.0
2024-04-06 03:00:00+00:00,0.0,0.0,0.0,0.0
2024-04-06 04:00:00+00:00,0.0,0.0,0.0,0.0
2024-04-06 05:00:00+00:00,0.0,0.0,0.0,0.0
2024-04-06 06:00:00+00:00,0.0,0.0,0.0,0.0
2024-04-06 07:00:00+00:00,0.0,0.0,0.0,0.0
2024-04-06 08:00:00+00:00,0.0,0.0,0.0,0.0
2024-04-06 09:00:00+00:00,0.0,0.0,0.0,0.0
2024-04-06 10:00:00+00:00,0.0,0.0,0.0,0.0
2024-04-06 11:00:00+00:00,0.0,0.0,0.0,0.0
2024-04-06 12:00:00+00:00,0.0,0.0,0.0,0.0
2024-04-06 13:00:00+00:00,0.0,0.0,0.0,0.0
2024-04-06 14:00:00+00:00,0.0,0.0,0.0,0.0
2024-04-06 15:00:00+00:00,0.0,0.0,0.0,0.0
2024-04-06 16:00:00+00:00,0.0,0.0,0.0,0.0
2024-04-06 17:00:00+00:00,0.0,0.0,0.0,0.0
2024-04-06 18:00:00+00:00,0.0,0.0,0.0,0.0
2024-04-06 19:00:00+00:00,0.0,0.0,0.0,0.0
2024-04-06 20:00:00+00:00,0.0,0.0,0.0,0.0
2024-04-06 21:00:00+00:00,0.0,0.0,0.0,0.0
2024-04-06 22:00:00+00:00,0.0,0.0,0.0,0.0
2024-04-06 23:00:00+00:00,0.0,0.0,0.0,0.0
2024-04-07 00:00:00+00:00,0.0,0.0,0.0,0.0
2024-04-07 01:00:00+00:00,0.0,0.0,0.0,0.0
2024-04-07 02:00:00+00:00,0.0,0.0,0.0,0.0
2024-04-07 03:00:00+00:00,0.0,0.0,0.0,0.0
2024-04-07 04:00:00+00:00,0.0,0.0,0.0,0.0
2024-04-07 05:00:00+00:00,0.0,0.0,0.0,0.0
2024-04-07 06:00:00+00:00,0.0,0.0,0.0,0.0
2024-04-07 07:00:00+00:00,0.0,0.0,0.0,0.0
2024-04-07 08:00:00+00:00,0.0,0.0,0.0,0.0
2024-04-07 09:00:00+00:00,0.0,0.0,0.0,0.0
2024-04-07 10:00:00+00:00,0.0,0.0,0.0,0.0
2024-04-07 11:00:00+00:00,0.0,0.0,0.0,0.0
2024-04-07 12:00:00+00:00,0.0,0.0,0.0,0.0
2024-04-07 13:00:00+00:00,0.0,0.0,0.0,0.0
2024-04-07 14:00:00+00:00,0.0,0.0,0.0,0.0
2024-04-07 15:00:00+00:00,0.0,0.0,0.0,0.0
2024-04-07 16:00:00+00:00,0.01338,0.0,0.0,0.0
2024-04-07 17:00:00+00:00,0.0,0.0,0.0,0.0
2024-04-07 18:00:00+00:00,0.0,0.0,0.0,0.0
2024-04-07 19:00:00+00:00,0.0,0.0,0.0,0.0
2024-04-07 20:00:00+00:00,0.0,0.0,0.0,0.0
2024-04-07 21:00:00+00:00,0.0,0.0,0.0,0.0
2024-04-07 22:00:00+00:00,0.0,0.0,0.0,0.0
2024-04-07 23:00:00+00:00,0.0,0.0,0.0,0.0
2024-04-08 00:00:00+00:00,0.0,0.0,0.0,0.0
2024-04-08 01:00:00+00:00,0.0,0.0,0.0,0.0
2024-04-08 02:00:00+00:00,0.00338,0.0,0.0,0.0
2024-04-08 03:00:00+00:00,0.0,0.0,0.0,0.0
2024-04-08 04:00:00+00:00,0.0,0.0,0.0,0.0
2024-04-08 05:00:00+00:00,0.0,0.0,0.0,0.0
2024-04-08 06:00:00+00:00,0.0,0.0,0.0,0.0
2024-04-08 07:00:00+00:00,0.0,0.0,0.0,0.0
2024-04-08 08:00:00+00:00,0.0,0.0,0.0,0.0
2024-04-08 09:00:00+00:00,0.0,0.0,0.0,0.0
2024-04-08 10:00:00+00:00,0.003581,0.0,0.0,0.0
2024-04-08 11:00:00+00:00,0.0,0.0,0.0,0.0
2024-04-08 12:00:00+00:00,0.0,0.0,0.0,0.0
2024-04-08 13:00:00+00:00,0.0,0.0,0.0,0.0
2024-04-08 14:00:00+00:00,-0.011306,0.0,0.0,0.0
2024-04-08 15:00:00+00:00,0.0,0.0,0.0,0.0
2024-04-08 16:00:00+00:00,0.0,0.0,0.0,0.0
2024-04-08 17:00:00+00:00,0.0,0.0,0.0,0.0
2024-04-08 18:00:00+00:00,0.0,0.0,0.0,0.0
2024-04-08 19:00:00+00:00,0.0,0.0,0.0,0.0
2024-04-08 20:00:00+00:00,0.0,0.0,0.0,0.0
2024-04-08 21:00:00+00:00,0.0,0.0,0.0,0.0
2024-04-08 22:00:00+00:00,0.0,0.0,0.0,0.0
2024-04-08 23:00:00+00:00,0.0,0.0,0.0,0.0
2024-04-09 00:00:00+00:00,0.0,0.0,0.0,0.0
2024-04-09 01:00:00+00:00,-0.011322,0.0,0.0,0.0
2024-04-09 02:00:00+00:00,0.0,0.0,0.0,0.0
2024-04-09 03:00:00+00:00,0.0,0.0,0.0,0.0
2024-04-09 04:00:00+00:00,0.0,0.0,0.0,0.0
2024-04-09 05:00:00+00:00,0.0,0.0,0.0,0.0
2024-04-09 06:00:00+00:00,0.0,0.0,0.0,0.0
2024-04-09 07:00:00+00:00,0.0,0.0,0.0,0.0
2024-04-09 08:00:00+00:00,-0.01138,0.0,0.0,0.0
2024-04-09 09:00:00+00:00,0.0,0.0,0.0,0.0
2024-04-09 10:00:00+00:00,0.0,0.0,0.0,0.0
2024-04-09 11:00:00+00:00,0.0,0.0,0.0,0.0
2024-04-09 12:00:00+00:00,0.0,0.0,0.0,0.0
2024-04-09 13:00:00+00:00,0.0,0.0,0.0,0.0
2024-04-09 14:00:00+00:00,0.0,0.0,0.0,0.0
2024-04-09 15:00:00+00:00,0.0,0.0,0.0,0.0
2024-04-09 16:00:00+00:00,0.0,0.0,0.0,0.0
2024-04-09 17:00:00+00:00,0.0,0.0,0.0,0.0
2024-04-09 18:00:00+00:00,0.0,0.0,0.0,0.0
2024-04-09 19:00:00+00:00,0.0,0.0,0.0,0.0
2024-04-09 20:00:00+00:00,0.0,0.0,0.0,0.0
2024-04-09 21:00:00+00:00,0.0,0.0,0.0,0.0
2024-04-09 22:00:00+00:00,0.0,0.0,0.0,0.0
2024-04-09 23:00:00+00:00,0.0,0.0,0.0,0.0
2024-04-10 00:00:00+00:00,0.0,0.0,0.0,0.0
2024-04-10 01:00:00+00:00,0.0,0.0,0.0,0.0
2024-04-10 02:00:00+00:00,0.0,0.0,0.0,0.0
2024-04-10 03:00:00+00:00,0.0,0.0,0.0,0.0
2024-04-10 04:00:00+00:00,0.0,0.0,0.0,0.0
2024-04-10 05:00:00+00:00,0.0,0.0,0.0,0.0
2024-04-10 06:00:00+00:00,0.0,0.0,0.0,0.0
2024-04-10 07:00:00+00:00,0.0,0.0,0.0,0.0
2024-04-10 08:00:00+00:00,-0.011394,0.0,0.0,0.0
2024-04-10 09:00:00+00:00,0.0,0.0,0.0,0.0
2024-04-10 10:00:00+00:00,0.0,0.0,0.0,0.0
2024-04-10 11:00:00+00:00,0.0,0.0,0.0,0.0
2024-04-10 12:00:00+00:00,-0.011458,0.0,0.0,0.0
2024-04-10 13:00:00+00:00,0.0,0.0,0.0,0.0
2024-04-10 14:00:00+00:00,0.0,0.0,0.0,0.0
2024-04-10 15:00:00+00:00,0.0,0.0,0.0,0.0
2024-04-10 16:00:00+00:00,0.0,0.0,0.0,0.0
2024-04-10 17:00:00+00:00,0.0,0.0,0.0,0.0
2024-04-10 18:00:00+00:00,0.0,0.0,0.0,0.0
2024-04-10 19:00:00+00:00,0.0,0.0,0.0,0.0
2024-04-10 20:00:00+00:00,0.0,0.0,0.0,0.0
2024-04-10 21:00:00+00:00,0.0,0.0,0.0,0.0
2024-04-10 22:00:00+00:00,0.013903,0.0,0.0,0.0
2024-04-10 23:00:00+00:00,0.0,0.0,0.0,0.0
2024-04-11 00:00:00+00:00,0.0,0.0,0.0,0.0
2024-04-11 01:00:00+00:00,0.0,0.0,0.0,0.0
2024-04-11 02:00:00+00:00,0.0,0.0,0.0,0.0
2024-04-11 03:00:00+00:00,0.0,0.0,0.0,0.0
2024-04-11 04:00:00+00:00,0.0,0.0,0.0,0.0
2024-04-11 05:00:00+00:00,0.0,0.0,0.0,0.0
2024-04-11 06:00:00+00:00,0.0,0.0,0.0,0.0
2024-04-11 07:00:00+00:00,0.0,0.0,0.0,0.0
2024-04-11 08:00:00+00:00,0.0,0.0,0.0,0.0
2024-04-11 09:00:00+00:00,0.0,0.0,0.0,0.0
2024-04-11 10:00:00+00:00,0.0,0.0,0.0,0.0
2024-04-11 11:00:00+00:00,0.0,0.0,0.0,0.0
2024-04-11 12:00:00+00:00,0.0,0.0,0.0,0.0
2024-04-11 13:00:00+00:00,0.0,0.0,0.0,0.0
2024-04-11 14:00:00+00:00,0.0,0.0,0.0,0.0
2024-04-11 15:00:00+00:00,0.0,0.0,0.0,0.0
2024-04-11 16:00:00+00:00,0.0,0.0,0.0,0.0
2024-04-11 17:00:00+00:00,0.0,0.0,0.0,0.0
2024-04-11 18:00:00+00:00,0.0,0.0,0.0,0.0
2024-04-11 19:00:00+00:00,0.0,0.0,0.0,0.0
2024-04-11 20:00:00+00:00,0.0,0.0,0.0,0.0
2024-04-11 21:00:00+00:00,0.0,0.0,0.0,0.0
2024-04-11 22:00:00+00:00,0.0,0.0,0.0,0.0
2024-04-11 23:00:00+00:00,0.0,0.0,0.0,0.0
2024-04-12 00:00:00+00:00,0.0,0.0,0.0,0.0
2024-04-12 01:00:00+00:00,0.0,0.0,0.0,0.0
2024-04-12 02:00:00+00:00,0.0,0.0,0.0,0.0
2024-04-12 03:00:00+00:00,0.0,0.0,0.0,0.0
2024-04-12 04:00:00+00:00,0.0,0.0,0.0,0.0
2024-04-12 05:00:00+00:00,0.0,0.0,0.0,0.0
2024-04-12 06:00:00+00:00,0.0,0.0,0.0,0.0
2024-04-12 07:00:00+00:00,0.0,0.0,0.0,0.0
2024-04-12 08:00:00+00:00,0.0,0.0,0.0,0.0
2024-04-12 09:00:00+00:00,0.0,0.0,0.0,0.0
2024-04-12 10:00:00+00:00,0.0,0.0,0.0,0.0
2024-04-12 11:00:00+00:00,0.0,0.0,0.0,0.0
2024-04-12 12:00:00+00:00,0.0,0.0,0.0,0.0
2024-04-12 13:00:00+00:00,0.0,0.0,0.0,0.0
2024-04-12 14:00:00+00:00,0.0,0.0,0.0,0.0
2024-04-12 15:00:00+00:00,0.0,0.0,0.0,0.0
2024-04-12 16:00:00+00:00,0.0,0.0,0.0,0.0
2024-04-12 17:00:00+00:00,0.0,0.0,0.0,0.0
2024-04-12 18:00:00+00:00,0.0,0.0,0.0,0.0
2024-04-12 19:00:00+00:00,0.0,0.0,0.0,0.0
2024-04-12 20:00:00+00:00,0.0,0.0,0.0,0.0
2024-04-12 21:00:00+00:00,0.0,0.0,0.0,0.0
2024-04-12 22:00:00+00:00,0.0,0.0,0.0,0.0
2024-04-12 23:00:00+00:00,0.0,0.0,0.0,0.0
2024-04-13 00:00:00+00:00,0.0,0.0,0.0,0.0
2024-04-13 01:00:00+00:00,0.0,0.0,0.0,0.0
2024-04-13 02:00:00+00:00,0.0,0.0,0.0,0.0
2024-04-13 03:00:00+00:00,0.0,0.0,0.0,0.0
2024-04-13 04:00:00+00:00,0.0,0.0,0.0,0.0
2024-04-13 05:00:00+00:00,0.0,0.0,0.0,0.0
2024-04-13 06:00:00+00:00,0.0,0.0,0.0,0.0
2024-04-13 07:00:00+00:00,0.0,0.0,0.0,0.0
2024-04-13 08:00:00+00:00,0.0,0.0,0.0,0.0
2024-04-13 09:00:00+00:00,0.0,0.0,0.0,0.0
2024-04-13 10:00:00+00:00,0.0,0.0,0.0,0.0
2024-04-13 11:00:00+00:00,0.0,0.0,0.0,0.0
2024-04-13 12:00:00+00:00,0.0,0.0,0.0,0.0
2024-04-13 13:00:00+00:00,0.0,0.0,0.0,0.0
2024-04-13 14:00:00+00:00,0.0,0.0,0.0,0.0
2024-04-13 15:00:00+00:00,0.0,0.0,0.0,0.0
2024-04-13 16:00:00+00:00,0.0,0.0,0.0,0.0
2024-04-13 17:00:00+00:00,0.0,0.0,0.0,0.0
2024-04-13 18:00:00+00:00,0.0,0.0,0.0,0.0
2024-04-13 19:00:00+00:00,0.0,0.0,0.0,0.0
2024-04-13 20:00:00+00:00,0.0,0.0,0.0,0.0
2024-04-13 21:00:00+00:00,0.0,0.0,0.0,0.0
2024-04-13 22:00:00+00:00,0.0,0.0,0.0,0.0
2024-04-13 23:00:00+00:00,0.0,0.0,0.0,0.0
2024-04-14 00:00:00+00:00,0.0,0.0,0.0,0.0
2024-04-14 01:00:00+00:00,0.0,0.0,0.0,0.0
2024-04-14 02:00:00+00:00,0.0,0.0,0.0,0.0
2024-04-14 03:00:00+00:00,0.0,0.0,0.0,0.0
2024-04-14 04:00:00+00:00,0.0,0.0,0.0,0.0
2024-04-14 05:00:00+00:00,0.0,0.0,0.0,0.0
2024-04-14 06:00:00+00:00,0.0,0.0,0.0,0.0
2024-04-14 07:00:00+00:00,0.0,0.0,0.0,0.0
2024-04-14 08:00:00+00:00,0.0,0.0,0.0,0.0
2024-04-14 09:00:00+00:00,0.0,0.0,0.0,0.0
2024-04-14 10:00:00+00:00,0.0,0.0,0.0,0.0
2024-04-14 11:00:00+00:00,0.0,0.0,0.0,0.0
2024-04-14 12:00:00+00:00,0.0,0.0,0.0,0.0
2024-04-14 13:00:00+00:00,0.0,0.0,0.0,0.0
2024-04-14 14:00:00+00:00,0.0,0.0,0.0,0.0
2024-04-14 15:00:00+00:00,0.0,0.0,0.0,0.0
2024-04-14 16:00:00+00:00,0.0,0.0,0.0,0.0
2024-04-14 17:00:00+00:00,0.0,0.0,0.0,0.0
2024-04-14 18:00:00+00:00,0.0,0.0,0.0,0.0
2024-04-14 19:00:00+00:00,0.0,0.0,0.0,0.0
2024-04-14 20:00:00+00:00,0.0,0.0,0.0,0.0
2024-04-14 21:00:00+00:00,0.0,0.0,0.0,0.0
2024-04-14 22:00:00+00:00,0.0,0.0,0.0,0.0
2024-04-14 23:00:00+00:00,0.0,0.0,0.0,0.0
2024-04-15 00:00:00+00:00,0.0,0.0,0.0,0.0
2024-04-15 01:00:00+00:00,0.0,0.0,0.0,0.0
2024-04-15 02:00:00+00:00,0.0,0.0,0.0,0.0
2024-04-15 03:00:00+00:00,0.0,0.0,0.0,0.0
2024-04-15 04:00:00+00:00,0.0,0.0,0.0,0.0
2024-04-15 05:00:00+00:00,0.0,0.0,0.0,0.0
2024-04-15 06:00:00+00:00,0.0,0.0,0.0,0.0
2024-04-15 07:00:00+00:00,0.0,0.0,0.0,0.0
2024-04-15 08:00:00+00:00,0.0,0.0,0.0,0.0
2024-04-15 09:00:00+00:00,0.0,0.0,0.0,0.0
2024-04-15 10:00:00+00:00,0.0,0.0,0.0,0.0
2024-04-15 11:00:00+00:00,0.0,0.0,0.0,0.0
2024-04-15 12:00:00+00:00,0.0,0.0,0.0,0.0
2024-04-15 13:00:00+00:00,0.0,0.0,0.0,0.0
2024-04-15 14:00:00+00:00,-0.010846,0.0,0.0,0.0
2024-04-15 15:00:00+00:00,0.0,0.0,0.0,0.0
2024-04-15 16:00:00+00:00,0.0,0.0,0.0,0.0
2024-04-15 17:00:00+00:00,0.0,0.0,0.0,0.0
2024-04-15 18:00:00+00:00,0.0,0.0,0.0,0.0
2024-04-15 19:00:00+00:00,0.0,0.0,0.0,0.0
2024-04-15 20:00:00+00:00,0.0,0.0,0.0,0.0
2024-04-15 21:00:00+00:00,0.0,0.0,0.0,0.0
2024-04-15 22:00:00+00:00,0.0,0.0,0.0,0.0
2024-04-15 23:00:00+00:00,0.0,0.0,0.0,0.0
2024-04-16 00:00:00+00:00,0.0,0.0,0.0,0.0
2024-04-16 01:00:00+00:00,0.0,0.0,0.0,0.0
2024-04-16 02:00:00+00:00,0.0,0.0,0.0,0.0
2024-04-16 03:00:00+00:00,0.0,0.0,0.0,0.0
2024-04-16 04:00:00+00:00,0.0,0.0,0.0,0.0
2024-04-16 05:00:00+00:00,0.0,0.0,0.0,0.0
2024-04-16 06:00:00+00:00,0.0,0.0,0.0,0.0
2024-04-16 07:00:00+00:00,0.0,0.0,0.0,0.0
2024-04-16 08:00:00+00:00,0.0,0.0,0.0,0.0
2024-04-16 09:00:00+00:00,0.0,0.0,0.0,0.0
2024-04-16 10:00:00+00:00,0.0,0.0,0.0,0.0
2024-04-16 11:00:00+00:00,0.0,0.0,0.0,0.0
2024-04-16 12:00:00+00:00,0.0,0.0,0.0,0.0
2024-04-16 13:00:00+00:00,0.0,0.0,0.0,0.0
2024-04-16 14:00:00+00:00,0.0,0.0,0.0,0.0
2024-04-16 15:00:00+00:00,0.0,0.0,0.0,0.0
2024-04-16 16:00:00+00:00,0.0,0.0,0.0,0.0
2024-04-16 17:00:00+00:00,0.0,0.0,0.0,0.0
2024-04-16 18:00:00+00:00,0.0,0.0,0.0,0.0
2024-04-16 19:00:00+00:00,0.0,0.0,0.0,0.0
2024-04-16 20:00:00+00:00,0.0,0.0,0.0,0.0
2024-04-16 21:00:00+00:00,0.0,0.0,0.0,0.0
2024-04-16 22:00:00+00:00,0.0,0.0,0.0,0.0
2024-04-16 23:00:00+00:00,0.0,0.0,0.0,0.0
2024-04-17 00:00:00+00:00,0.0,0.0,0.0,0.0
2024-04-17 01:00:00+00:00,0.0,0.0,0.0,0.0
2024-04-17 02:00:00+00:00,0.0,0.0,0.0,0.0
2024-04-17 03:00:00+00:00,0.0,0.0,0.0,0.0
2024-04-17 04:00:00+00:00,0.0,0.0,0.0,0.0
2024-04-17 05:00:00+00:00,0.0,0.0,0.0,0.0
2024-04-17 06:00:00+00:00,0.0,0.0,0.0,0.0
2024-04-17 07:00:00+00:00,0.0,0.0,0.0,0.0
2024-04-17 08:00:00+00:00,0.0,0.0,0.0,0.0
2024-04-17 09:00:00+00:00,0.0,0.0,0.0,0.0
2024-04-17 10:00:00+00:00,0.0,0.0,0.0,0.0
2024-04-17 11:00:00+00:00,0.0,0.0,0.0,0.0
2024-04-17 12:00:00+00:00,0.0,0.0,0.0,0.0
2024-04-17 13:00:00+00:00,0.0,0.0,0.0,0.0
2024-04-17 14:00:00+00:00,0.0,0.0,0.0,0.0
2024-04-17 15:00:00+00:00,0.0,0.0,0.0,0.0
2024-04-17 16:00:00+00:00,0.0,0.0,0.0,0.0
2024-04-17 17:00:00+00:00,0.0,0.0,0.0,0.0
2024-04-17 18:00:00+00:00,0.0,0.0,0.0,0.0
2024-04-17 19:00:00+00:00,0.0,0.0,0.0,0.0
2024-04-17 20:00:00+00:00,0.0,0.0,0.0,0.0
2024-04-17 21:00:00+00:00,0.0,0.0,0.0,0.0
2024-04-17 22:00:00+00:00,0.0,0.0,0.0,0.0
2024-04-17 23:00:00+00:00,0.0,0.0,0.0,0.0
2024-04-18 00:00:00+00:00,0.0,0.0,0.0,0.0
2024-04-18 01:00:00+00:00,0.0,0.0,0.0,0.0
2024-04-18 02:00:00+00:00,0.0,0.0,0.0,0.0
2024-04-18 03:00:00+00:00,0.0,0.0,0.0,0.0
2024-04-18 04:00:00+00:00,0.0,0.0,0.0,0.0
2024-04-18 05:00:00+00:00,0.0,0.0,0.0,0.0
2024-04-18 06:00:00+00:00,0.0,0.0,0.0,0.0
2024-04-18 07:00:00+00:00,0.0,0.0,0.0,0.0
2024-04-18 08:00:00+00:00,0.0,0.0,0.0,0.0
2024-04-18 09:00:00+00:00,0.0,0.0,0.0,0.0
2024-04-18 10:00:00+00:00,0.0,0.0,0.0,0.0
2024-04-18 11:00:00+00:00,0.0,0.0,0.0,0.0
2024-04-18 12:00:00+00:00,0.0,0.0,0.0,0.0
2024-04-18 13:00:00+00:00,0.0,0.0,0.0,0.0
2024-04-18 14:00:00+00:00,0.0,0.0,0.0,0.0
2024-04-18 15:00:00+00:00,0.0,0.0,0.0,0.0
2024-04-18 16:00:00+00:00,0.0,0.0,0.0,0.0
2024-04-18 17:00:00+00:00,0.0,0.0,0.0,0.0
2024-04-18 18:00:00+00:00,0.0,0.0,0.0,0.0
2024-04-18 19:00:00+00:00,0.0,0.0,0.0,0.0
2024-04-18 20:00:00+00:00,0.0,0.0,0.0,0.0
2024-04-18 21:00:00+00:00,0.0,0.0,0.0,0.0
2024-04-18 22:00:00+00:00,0.0,0.0,0.0,0.0
2024-04-18 23:00:00+00:00,0.0,0.0,0.0,0.0
2024-04-19 00:00:00+00:00,0.0,0.0,0.0,0.0
2024-04-19 01:00:00+00:00,0.0,0.0,0.0,0.0
2024-04-19 02:00:00+00:00,0.0,0.0,0.0,0.0
2024-04-19 03:00:00+00:00,0.0,0.0,0.0,0.0
2024-04-19 04:00:00+00:00,0.0,0.0,0.0,0.0
2024-04-19 05:00:00+00:00,0.0,0.0,0.0,0.0
2024-04-19 06:00:00+00:00,0.0,0.0,0.0,0.0
2024-04-19 07:00:00+00:00,0.0,0.0,0.0,0.0
2024-04-19 08:00:00+00:00,0.0,0.0,0.0,0.0
2024-04-19 09:00:00+00:00,0.0,0.0,0.0,0.0
2024-04-19 10:00:00+00:00,0.0,0.0,0.0,0.0
2024-04-19 11:00:00+00:00,0.0,0.0,0.0,0.0
2024-04-19 12:00:00+00:00,0.0,0.0,0.0,0.0
2024-04-19 13:00:00+00:00,0.0,0.0,0.0,0.0
2024-04-19 14:00:00+00:00,0.0,0.0,0.0,0.0
2024-04-19 15:00:00+00:00,0.0,0.0,0.0,0.0
2024-04-19 16:00:00+00:00,0.0,0.0,0.0,0.0
2024-04-19 17:00:00+00:00,0.0,0.0,0.0,0.0
2024-04-19 18:00:00+00:00,0.0,0.0,0.0,0.0
2024-04-19 19:00:00+00:00,0.0,0.0,0.0,0.0
2024-04-19 20:00:00+00:00,0.0,0.0,0.0,0.0
2024-04-19 21:00:00+00:00,0.0,0.0,0.0,0.0
2024-04-19 22:00:00+00:00,0.0,0.0,0.0,0.0
2024-04-19 23:00:00+00:00,0.0,0.0,0.0,0.0
2024-04-20 00:00:00+00:00,0.0,0.0,0.0,0.0
2024-04-20 01:00:00+00:00,0.0,0.0,0.0,0.0
2024-04-20 02:00:00+00:00,0.0,0.0,0.0,0.0
2024-04-20 03:00:00+00:00,0.0,0.0,0.0,0.0
2024-04-20 04:00:00+00:00,0.0,0.0,0.0,0.0
2024-04-20 05:00:00+00:00,0.0,0.0,0.0,0.0
2024-04-20 06:00:00+00:00,0.0,0.0,0.0,0.0
2024-04-20 07:00:00+00:00,0.0,0.0,0.0,0.0
2024-04-20 08:00:00+00:00,0.0,0.0,0.0,0.0
2024-04-20 09:00:00+00:00,0.0,0.0,0.0,0.0
2024-04-20 10:00:00+00:00,0.0,0.0,0.0,0.0
2024-04-20 11:00:00+00:00,0.0,0.0,0.0,0.0
2024-04-20 12:00:00+00:00,0.0,0.0,0.0,0.0
2024-04-20 13:00:00+00:00,0.0,0.0,0.0,0.0
2024-04-20 14:00:00+00:00,0.0,0.0,0.0,0.0
2024-04-20 15:00:00+00:00,0.0,0.0,0.0,0.0
2024-04-20 16:00:00+00:00,0.0,0.0,0.0,0.0
2024-04-20 17:00:00+00:00,0.0,0.0,0.0,0.0
2024-04-20 18:00:00+00:00,0.0,0.0,0.0,0.0
2024-04-20 19:00:00+00:00,0.0,0.0,0.0,0.0
2024-04-20 20:00:00+00:00,0.0,0.0,0.0,0.0
2024-04-20 21:00:00+00:00,0.0,0.0,0.0,0.0
2024-04-20 22:00:00+00:00,0.0,0.0,0.0,0.0
2024-04-20 23:00:00+00:00,0.0,0.0,0.0,0.0
2024-04-21 00:00:00+00:00,0.0,0.0,0.0,0.0
2024-04-21 01:00:00+00:00,0.0,0.0,0.0,0.0
2024-04-21 02:00:00+00:00,0.0,0.0,0.0,0.0
2024-04-21 03:00:00+00:00,0.0,0.0,0.0,0.0
2024-04-21 04:00:00+00:00,0.0,0.0,0.0,0.0
2024-04-21 05:00:00+00:00,0.0,0.0,0.0,0.0
2024-04-21 06:00:00+00:00,0.0,0.0,0.0,0.0
2024-04-21 07:00:00+00:00,0.0,0.0,0.0,0.0
2024-04-21 08:00:00+00:00,0.0,0.0,0.0,0.0
2024-04-21 09:00:00+00:00,0.0,0.0,0.0,0.0
2024-04-21 10:00:00+00:00,0.0,0.0,0.0,0.0
2024-04-21 11:00:00+00:00,0.0,0.0,0.0,0.0
2024-04-21 12:00:00+00:00,0.0,0.0,0.0,0.0
2024-04-21 13:00:00+00:00,0.0,0.0,0.0,0.0
2024-04-21 14:00:00+00:00,0.0,0.0,0.0,0.0
2024-04-21 15:00:00+00:00,0.0,0.0,0.0,0.0
2024-04-21 16:00:00+00:00,0.0,0.0,0.0,0.0
2024-04-21 17:00:00+00:00,0.0,0.0,0.0,0.0
2024-04-21 18:00:00+00:00,0.0,0.0,0.0,0.0
2024-04-21 19:00:00+00:00,0.0,0.0,0.0,0.0
2024-04-21 20:00:00+00:00,0.0,0.0,0.0,0.0
2024-04-21 21:00:00+00:00,0.0,0.0,0.0,0.0
2024-04-21 22:00:00+00:00,0.0,0.0,0.0,0.0
2024-04-21 23:00:00+00:00,0.0,0.0,0.0,0.0
2024-04-22 00:00:00+00:00,0.0,0.0,0.0,0.0
2024-04-22 01:00:00+00:00,0.0,0.0,0.0,0.0
2024-04-22 02:00:00+00:00,0.0,0.0,0.0,0.0
2024-04-22 03:00:00+00:00,0.0,0.0,0.0,0.0
2024-04-22 04:00:00+00:00,0.0,0.0,0.0,0.0
2024-04-22 05:00:00+00:00,0.0,0.0,0.0,0.0
2024-04-22 06:00:00+00:00,0.0,0.0,0.0,0.0
2024-04-22 07:00:00+00:00,0.0,0.0,0.0,0.0
2024-04-22 08:00:00+00:00,0.0,0.0,0.0,0.0
2024-04-22 09:00:00+00:00,0.0,0.0,0.0,0.0
2024-04-22 10:00:00+00:00,0.0,0.0,0.0,0.0
2024-04-22 11:00:00+00:00,0.0,0.0,0.0,0.0
2024-04-22 12:00:00+00:00,0.0,0.0,0.0,0.0
2024-04-22 13:00:00+00:00,0.0,0.0,0.0,0.0
2024-04-22 14:00:00+00:00,0.0,0.0,0.0,0.0
2024-04-22 15:00:00+00:00,0.0,0.0,0.0,0.0
2024-04-22 16:00:00+00:00,0.0,0.0,0.0,0.0
2024-04-22 17:00:00+00:00,0.0,0.0,0.0,0.0
2024-04-22 18:00:00+00:00,0.0,0.0,0.0,0.0
2024-04-22 19:00:00+00:00,0.0,0.0,0.0,0.0
2024-04-22 20:00:00+00:00,0.0,0.0,0.0,0.0
2024-04-22 21:00:00+00:00,0.0,0.0,0.0,0.0
2024-04-22 22:00:00+00:00,0.0,0.0,0.0,0.0
2024-04-22 23:00:00+00:00,0.0,0.0,0.0,0.0
2024-04-23 00:00:00+00:00,0.0,0.0,0.0,0.0
2024-04-23 01:00:00+00:00,0.0,0.0,0.0,0.0
2024-04-23 02:00:00+00:00,0.0,0.0,0.0,0.0
2024-04-23 03:00:00+00:00,0.0,0.0,0.0,0.0
2024-04-23 04:00:00+00:00,0.0,0.0,0.0,0.0
2024-04-23 05:00:00+00:00,0.0,0.0,0.0,0.0
2024-04-23 06:00:00+00:00,0.0,0.0,0.0,0.0
2024-04-23 07:00:00+00:00,0.0,0.0,0.0,0.0
2024-04-23 08:00:00+00:00,0.0,0.0,0.0,0.0
2024-04-23 09:00:00+00:00,0.0,0.0,0.0,0.0
2024-04-23 10:00:00+00:00,0.0,0.0,0.0,0.0
2024-04-23 11:00:00+00:00,0.0,0.0,0.0,0.0
2024-04-23 12:00:00+00:00,0.0,0.0,0.0,0.0
2024-04-23 13:00:00+00:00,0.0,0.0,0.0,0.0
2024-04-23 14:00:00+00:00,0.0,0.0,0.0,0.0
2024-04-23 15:00:00+00:00,0.0,0.0,0.0,0.0
2024-04-23 16:00:00+00:00,0.0,0.0,0.0,0.0
2024-04-23 17:00:00+00:00,0.0,0.0,0.0,0.0
2024-04-23 18:00:00+00:00,0.0,0.0,0.0,0.0
2024-04-23 19:00:00+00:00,0.0,0.0,0.0,0.0
2024-04-23 20:00:00+00:00,0.0,0.0,0.0,0.0
2024-04-23 21:00:00+00:00,0.0,0.0,0.0,0.0
2024-04-23 22:00:00+00:00,0.0,0.0,0.0,0.0
2024-04-23 23:00:00+00:00,0.0,0.0,0.0,0.0
2024-04-24 00:00:00+00:00,0.0,0.0,0.0,0.0
2024-04-24 01:00:00+00:00,0.0,0.0,0.0,0.0
2024-04-24 02:00:00+00:00,0.0,0.0,0.0,0.0
2024-04-24 03:00:00+00:00,0.0,0.0,0.0,0.0
2024-04-24 04:00:00+00:00,0.0,0.0,0.0,0.0
2024-04-24 05:00:00+00:00,0.0,0.0,0.0,0.0
2024-04-24 06:00:00+00:00,0.0,0.0,0.0,0.0
2024-04-24 07:00:00+00:00,0.0,0.0,0.0,0.0
2024-04-24 08:00:00+00:00,0.0,0.0,0.0,0.0
2024-04-24 09:00:00+00:00,0.0,0.0,0.0,0.0
2024-04-24 10:00:00+00:00,0.0,0.0,0.0,0.0
2024-04-24 11:00:00+00:00,0.0,0.0,0.0,0.0
2024-04-24 12:00:00+00:00,0.0,0.0,0.0,0.0
2024-04-24 13:00:00+00:00,0.0,0.0,0.0,0.0
2024-04-24 14:00:00+00:00,0.0,0.0,0.0,0.0
2024-04-24 15:00:00+00:00,0.0,0.0,0.0,0.0
2024-04-24 16:00:00+00:00,0.0,0.0,0.0,0.0
2024-04-24 17:00:00+00:00,0.0,0.0,0.0,0.0
2024-04-24 18:00:00+00:00,0.0,0.0,0.0,0.0
2024-04-24 19:00:00+00:00,0.0,0.0,0.0,0.0
2024-04-24 20:00:00+00:00,0.0,0.0,0.0,0.0
2024-04-24 21:00:00+00:00,0.0,0.0,0.0,0.0
2024-04-24 22:00:00+00:00,0.0,0.0,0.0,0.0
2024-04-24 23:00:00+00:00,0.0,0.0,0.0,0.0
2024-04-25 00:00:00+00:00,0.0,0.0,0.0,0.0
2024-04-25 01:00:00+00:00,0.0,0.0,0.0,0.0
2024-04-25 02:00:00+00:00,0.0,0.0,0.0,0.0
2024-04-25 03:00:00+00:00,0.0,0.0,0.0,0.0
2024-04-25 04:00:00+00:00,0.0,0.0,0.0,0.0
2024-04-25 05:00:00+00:00,0.0,0.0,0.0,0.0
2024-04-25 06:00:00+00:00,0.0,0.0,0.0,0.0
2024-04-25 07:00:00+00:00,0.0,0.0,0.0,0.0
2024-04-25 08:00:00+00:00,0.0,0.0,0.0,0.0
2024-04-25 09:00:00+00:00,0.0,0.0,0.0,0.0
2024-04-25 10:00:00+00:00,0.0,0.0,0.0,0.0
2024-04-25 11:00:00+00:00,0.0,0.0,0.0,0.0
2024-04-25 12:00:00+00:00,0.0,0.0,0.0,0.0
2024-04-25 13:00:00+00:00,0.0,0.0,0.0,0.0
2024-04-25 14:00:00+00:00,0.0,0.0,0.0,0.0
2024-04-25 15:00:00+00:00,0.0,0.0,0.0,0.0
2024-04-25 16:00:00+00:00,0.0,0.0,0.0,0.0
2024-04-25 17:00:00+00:00,0.0,0.0,0.0,0.0
2024-04-25 18:00:00+00:00,0.0,0.0,0.0,0.0
2024-04-25 19:00:00+00:00,0.0,0.0,0.0,0.0
2024-04-25 20:00:00+00:00,0.0,0.0,0.0,0.0
2024-04-25 21:00:00+00:00,0.0,0.0,0.0,0.0
2024-04-25 22:00:00+00:00,0.0,0.0,0.0,0.0
2024-04-25 23:00:00+00:00,0.0,0.0,0.0,0.0
2024-04-26 00:00:00+00:00,0.0,0.0,0.0,0.0
2024-04-26 01:00:00+00:00,0.0,0.0,0.0,0.0
2024-04-26 02:00:00+00:00,0.0,0.0,0.0,0.0
2024-04-26 03:00:00+00:00,0.0,0.0,0.0,0.0
2024-04-26 04:00:00+00:00,0.0,0.0,0.0,0.0
2024-04-26 05:00:00+00:00,0.0,0.0,0.0,0.0
2024-04-26 06:00:00+00:00,0.0,0.0,0.0,0.0
2024-04-26 07:00:00+00:00,0.0,0.0,0.0,0.0
2024-04-26 08:00:00+00:00,0.0,0.0,0.0,0.0
2024-04-26 09:00:00+00:00,0.0,0.0,0.0,0.0
2024-04-26 10:00:00+00:00,0.0,0.0,0.0,0.0
2024-04-26 11:00:00+00:00,0.0,0.0,0.0,0.0
2024-04-26 12:00:00+00:00,0.0,0.0,0.0,0.0
2024-04-26 13:00:00+00:00,0.0,0.0,0.0,0.0
2024-04-26 14:00:00+00:00,0.0,0.0,0.0,0.0
2024-04-26 15:00:00+00:00,0.0,0.0,0.0,0.0
2024-04-26 16:00:00+00:00,0.0,0.0,0.0,0.0
2024-04-26 17:00:00+00:00,0.0,0.0,0.0,0.0
2024-04-26 18:00:00+00:00,0.0,0.0,0.0,0.0
2024-04-26 19:00:00+00:00,0.0,0.0,0.0,0.0
2024-04-26 20:00:00+00:00,0.0,0.0,0.0,0.0
2024-04-26 21:00:00+00:00,0.0,0.0,0.0,0.0
2024-04-26 22:00:00+00:00,0.0,0.0,0.0,0.0
2024-04-26 23:00:00+00:00,0.0,0.0,0.0,0.0
2024-04-27 00:00:00+00:00,0.0,0.0,0.0,0.0
2024-04-27 01:00:00+00:00,0.0,0.0,0.0,0.0
2024-04-27 02:00:00+00:00,0.0,0.0,0.0,0.0
2024-04-27 03:00:00+00:00,0.0,0.0,0.0,0.0
2024-04-27 04:00:00+00:00,0.0,0.0,0.0,0.0
2024-04-27 05:00:00+00:00,0.0,0.0,0.0,0.0
2024-04-27 06:00:00+00:00,0.0,0.0,0.0,0.0
2024-04-27 07:00:00+00:00,0.0,0.0,0.0,0.0
2024-04-27 08:00:00+00:00,0.0,0.0,0.0,0.0
2024-04-27 09:00:00+00:00,0.0,0.0,0.0,0.0
2024-04-27 10:00:00+00:00,0.0,0.0,0.0,0.0
2024-04-27 11:00:00+00:00,0.0,0.0,0.0,0.0
2024-04-27 12:00:00+00:00,0.0,0.0,0.0,0.0
2024-04-27 13:00:00+00:00,0.0,0.0,0.0,0.0
2024-04-27 14:00:00+00:00,0.0,0.0,0.0,0.0
2024-04-27 15:00:00+00:00,0.0,0.0,0.0,0.0
2024-04-27 16:00:00+00:00,0.0,0.0,0.0,0.0
2024-04-27 17:00:00+00:00,0.0,0.0,0.0,0.0
2024-04-27 18:00:00+00:00,0.0,0.0,0.0,0.0
2024-04-27 19:00:00+00:00,0.0,0.0,0.0,0.0
2024-04-27 20:00:00+00:00,0.0,0.0,0.0,0.0
2024-04-27 21:00:00+00:00,0.0,0.0,0.0,0.0
2024-04-27 22:00:00+00:00,0.0,0.0,0.0,0.0
2024-04-27 23:00:00+00:00,0.0,0.0,0.0,0.0
2024-04-28 00:00:00+00:00,0.0,0.0,0.0,0.0
2024-04-28 01:00:00+00:00,0.0,0.0,0.0,0.0
2024-04-28 02:00:00+00:00,0.0,0.0,0.0,0.0
2024-04-28 03:00:00+00:00,0.0,0.0,0.0,0.0
2024-04-28 04:00:00+00:00,0.0,0.0,0.0,0.0
2024-04-28 05:00:00+00:00,0.0,0.0,0.0,0.0
2024-04-28 06:00:00+00:00,0.0,0.0,0.0,0.0
2024-04-28 07:00:00+00:00,0.0,0.0,0.0,0.0
2024-04-28 08:00:00+00:00,0.0,0.0,0.0,0.0
2024-04-28 09:00:00+00:00,0.0,0.0,0.0,0.0
2024-04-28 10:00:00+00:00,0.0,0.0,0.0,0.0
2024-04-28 11:00:00+00:00,0.0,0.0,0.0,0.0
2024-04-28 12:00:00+00:00,0.0,0.0,0.0,0.0
2024-04-28 13:00:00+00:00,0.0,0.0,0.0,0.0
2024-04-28 14:00:00+00:00,0.0,0.0,0.0,0.0
2024-04-28 15:00:00+00:00,0.0,0.0,0.0,0.0
2024-04-28 16:00:00+00:00,0.0,0.0,0.0,0.0
2024-04-28 17:00:00+00:00,0.0,0.0,0.0,0.0
2024-04-28 18:00:00+00:00,0.0,0.0,0.0,0.0
2024-04-28 19:00:00+00:00,0.0,0.0,0.0,0.0
2024-04-28 20:00:00+00:00,0.0,0.0,0.0,0.0
2024-04-28 21:00:00+00:00,0.0,0.0,0.0,0.0
2024-04-28 22:00:00+00:00,0.0,0.0,0.0,0.0
2024-04-28 23:00:00+00:00,0.0,0.0,0.0,0.0
2024-04-29 00:00:00+00:00,0.0,0.0,0.0,0.0
2024-04-29 01:00:00+00:00,0.0,0.0,0.0,0.0
2024-04-29 02:00:00+00:00,0.0,0.0,0.0,0.0
2024-04-29 03:00:00+00:00,0.0,0.0,0.0,0.0
2024-04-29 04:00:00+00:00,0.0,0.0,0.0,0.0
2024-04-29 05:00:00+00:00,0.0,0.0,0.0,0.0
2024-04-29 06:00:00+00:00,0.0,0.0,0.0,0.0
2024-04-29 07:00:00+00:00,0.0,0.0,0.0,0.0
2024-04-29 08:00:00+00:00,0.0,0.0,0.0,0.0
2024-04-29 09:00:00+00:00,0.0,0.0,0.0,0.0
2024-04-29 10:00:00+00:00,0.0,0.0,0.0,0.0
2024-04-29 11:00:00+00:00,0.0,0.0,0.0,0.0
2024-04-29 12:00:00+00:00,0.0,0.0,0.0,0.0
2024-04-29 13:00:00+00:00,0.0,0.0,0.0,0.0
2024-04-29 14:00:00+00:00,0.0,0.0,0.0,0.0
2024-04-29 15:00:00+00:00,0.0,0.0,0.0,0.0
2024-04-29 16:00:00+00:00,0.0,0.0,0.0,0.0
2024-04-29 17:00:00+00:00,0.0,0.0,0.0,0.0
2024-04-29 18:00:00+00:00,0.0,0.0,0.0,0.0
2024-04-29 19:00:00+00:00,0.0,0.0,0.0,0.0
2024-04-29 20:00:00+00:00,0.0,0.0,0.0,0.0
2024-04-29 21:00:00+00:00,0.0,0.0,0.0,0.0
2024-04-29 22:00:00+00:00,0.0,0.0,0.0,0.0
2024-04-29 23:00:00+00:00,0.0,0.0,0.0,0.0
2024-04-30 00:00:00+00:00,0.0,0.0,0.0,0.0
2024-04-30 01:00:00+00:00,0.0,0.0,0.0,0.0
2024-04-30 02:00:00+00:00,0.0,0.0,0.0,0.0
2024-04-30 03:00:00+00:00,0.0,0.0,0.0,0.0
2024-04-30 04:00:00+00:00,0.0,0.0,0.0,0.0
2024-04-30 05:00:00+00:00,0.0,0.0,0.0,0.0
2024-04-30 06:00:00+00:00,0.0,0.0,0.0,0.0
2024-04-30 07:00:00+00:00,0.0,0.0,0.0,0.0
2024-04-30 08:00:00+00:00,0.0,0.0,0.0,0.0
2024-04-30 09:00:00+00:00,0.0,0.0,0.0,0.0
2024-04-30 10:00:00+00:00,0.0,0.0,0.0,0.0
2024-04-30 11:00:00+00:00,0.0,0.0,0.0,0.0
2024-04-30 12:00:00+00:00,0.0,0.0,0.0,0.0
2024-04-30 13:00:00+00:00,0.0,0.0,0.0,0.0
2024-04-30 14:00:00+00:00,0.0,0.0,0.0,0.0
2024-04-30 15:00:00+00:00,0.0,0.0,0.0,0.0
2024-04-30 16:00:00+00:00,0.0,0.0,0.0,0.0
2024-04-30 17:00:00+00:00,0.0,0.0,0.0,0.0
2024-04-30 18:00:00+00:00,0.0,0.0,0.0,0.0
2024-04-30 19:00:00+00:00,0.0,0.0,0.0,0.0
2024-04-30 20:00:00+00:00,0.0,0.0,0.0,0.0
2024-04-30 21:00:00+00:00,0.0,0.0,0.0,0.0
2024-04-30 22:00:00+00:00,0.0,0.0,0.0,0.0
2024-04-30 23:00:00+00:00,0.0,0.0,0.0,0.0
2024-05-01 00:00:00+00:00,0.0,0.0,0.0,0.0
2024-05-01 01:00:00+00:00,0.0,0.0,0.0,0.0
2024-05-01 02:00:00+00:00,0.0,0.0,0.0,0.0
2024-05-01 03:00:00+00:00,0.0,0.0,0.0,0.0
2024-05-01 04:00:00+00:00,0.0,0.0,0.0,0.0
2024-05-01 05:00:00+00:00,0.0,0.0,0.0,0.0
2024-05-01 06:00:00+00:00,0.0,0.0,0.0,0.0
2024-05-01 07:00:00+00:00,0.0,0.0,0.0,0.0
2024-05-01 08:00:00+00:00,0.0,0.0,0.0,0.0
2024-05-01 09:00:00+00:00,0.0,0.0,0.0,0.0
2024-05-01 10:00:00+00:00,0.0,0.0,0.0,0.0
2024-05-01 11:00:00+00:00,0.0,0.0,0.0,0.0
2024-05-01 12:00:00+00:00,0.0,0.0,0.0,0.0
2024-05-01 13:00:00+00:00,0.0,0.0,0.0,0.0
2024-05-01 14:00:00+00:00,0.0,0.0,0.0,0.0
2024-05-01 15:00:00+00:00,0.0,0.0,0.0,0.0
2024-05-01 16:00:00+00:00,0.0,0.0,0.0,0.0
2024-05-01 17:00:00+00:00,0.0,0.0,0.0,0.0
2024-05-01 18:00:00+00:00,0.0,0.0,0.0,0.0
2024-05-01 19:00:00+00:00,0.0,0.0,0.0,0.0
2024-05-01 20:00:00+00:00,0.0,0.0,0.0,0.0
2024-05-01 21:00:00+00:00,0.0,0.0,0.0,0.0
2024-05-01 22:00:00+00:00,0.0,0.0,0.0,0.0
2024-05-01 23:00:00+00:00,0.0,0.0,0.0,0.0
2024-05-02 00:00:00+00:00,0.0,0.0,0.0,0.0
2024-05-02 01:00:00+00:00,0.0,0.0,0.0,0.0
2024-05-02 02:00:00+00:00,0.0,0.0,0.0,0.0
2024-05-02 03:00:00+00:00,0.0,0.0,0.0,0.0
2024-05-02 04:00:00+00:00,0.0,0.0,0.0,0.0
2024-05-02 05:00:00+00:00,0.0,0.0,0.0,0.0
2024-05-02 06:00:00+00:00,0.0,0.0,0.0,0.0
2024-05-02 07:00:00+00:00,0.0,0.0,0.0,0.0
2024-05-02 08:00:00+00:00,0.0,0.0,0.0,0.0
2024-05-02 09:00:00+00:00,0.0,0.0,0.0,0.0
2024-05-02 10:00:00+00:00,0.0,0.0,0.0,0.0
2024-05-02 11:00:00+00:00,0.0,0.0,0.0,0.0
2024-05-02 12:00:00+00:00,0.0,0.0,0.0,0.0
2024-05-02 13:00:00+00:00,0.0,0.0,0.0,0.0
2024-05-02 14:00:00+00:00,0.0,0.0,0.0,0.0
2024-05-02 15:00:00+00:00,0.0,0.0,0.0,0.0
2024-05-02 16:00:00+00:00,0.0,0.0,0.0,0.0
2024-05-02 17:00:00+00:00,0.0,0.0,0.0,0.0
2024-05-02 18:00:00+00:00,0.0,0.0,0.0,0.0
2024-05-02 19:00:00+00:00,0.0,0.0,0.0,0.0
2024-05-02 20:00:00+00:00,0.0,0.0,0.0,0.0
2024-05-02 21:00:00+00:00,0.0,0.0,0.0,0.0
2024-05-02 22:00:00+00:00,0.0,0.0,0.0,0.0
2024-05-02 23:00:00+00:00,0.0,0.0,0.0,0.0
2024-05-03 00:00:00+00:00,0.0,0.0,0.0,0.0
2024-05-03 01:00:00+00:00,0.0,0.0,0.0,0.0
2024-05-03 02:00:00+00:00,0.0,0.0,0.0,0.0
2024-05-03 03:00:00+00:00,0.0,0.0,0.0,0.0
2024-05-03 04:00:00+00:00,0.0,0.0,0.0,0.0
2024-05-03 05:00:00+00:00,0.0,0.0,0.0,0.0
2024-05-03 06:00:00+00:00,0.0,0.0,0.0,0.0
2024-05-03 07:00:00+00:00,0.0,0.0,0.0,0.0
2024-05-03 08:00:00+00:00,0.0,0.0,0.0,0.0
2024-05-03 09:00:00+00:00,0.0,0.0,0.0,0.0
2024-05-03 10:00:00+00:00,0.0,0.0,0.0,0.0
2024-05-03 11:00:00+00:00,0.0,0.0,0.0,0.0
2024-05-03 12:00:00+00:00,0.0,0.0,0.0,0.0
2024-05-03 13:00:00+00:00,0.0,0.0,0.0,0.0
2024-05-03 14:00:00+00:00,0.0,0.0,0.0,0.0
2024-05-03 15:00:00+00:00,0.0,0.0,0.0,0.0
2024-05-03 16:00:00+00:00,0.0,0.0,0.0,0.0
2024-05-03 17:00:00+00:00,0.0,0.0,0.0,0.0
2024-05-03 18:00:00+00:00,0.0,0.0,0.0,0.0
2024-05-03 19:00:00+00:00,0.0,0.0,0.0,0.0
2024-05-03 20:00:00+00:00,0.0,0.0,0.0,0.0
2024-05-03 21:00:00+00:00,0.0,0.0,0.0,0.0
2024-05-03 22:00:00+00:00,0.0,0.0,0.0,0.0
2024-05-03 23:00:00+00:00,0.0,0.0,0.0,0.0
2024-05-04 00:00:00+00:00,0.0,0.0,0.0,0.0
2024-05-04 01:00:00+00:00,0.0,0.0,0.0,0.0
2024-05-04 02:00:00+00:00,0.0,0.0,0.0,0.0
2024-05-04 03:00:00+00:00,0.0,0.0,0.0,0.0
2024-05-04 04:00:00+00:00,0.0,0.0,0.0,0.0
2024-05-04 05:00:00+00:00,0.0,0.0,0.0,0.0
2024-05-04 06:00:00+00:00,0.0,0.0,0.0,0.0
2024-05-04 07:00:00+00:00,0.0,0.0,0.0,0.0
2024-05-04 08:00:00+00:00,0.0,0.0,0.0,0.0
2024-05-04 09:00:00+00:00,0.0,0.0,0.0,0.0
2024-05-04 10:00:00+00:00,0.0,0.0,0.0,0.0
2024-05-04 11:00:00+00:00,0.0,0.0,0.0,0.0
2024-05-04 12:00:00+00:00,0.0,0.0,0.0,0.0
2024-05-04 13:00:00+00:00,0.0,0.0,0.0,0.0
2024-05-04 14:00:00+00:00,0.0,0.0,0.0,0.0
2024-05-04 15:00:00+00:00,0.0,0.0,0.0,0.0
2024-05-04 16:00:00+00:00,0.0,0.0,0.0,0.0
2024-05-04 17:00:00+00:00,0.0,0.0,0.0,0.0
2024-05-04 18:00:00+00:00,0.0,0.0,0.0,0.0
2024-05-04 19:00:00+00:00,0.0,0.0,0.0,0.0
2024-05-04 20:00:00+00:00,0.0,0.0,0.0,0.0
2024-05-04 21:00:00+00:00,0.0,0.0,0.0,0.0
2024-05-04 22:00:00+00:00,0.0,0.0,0.0,0.0
2024-05-04 23:00:00+00:00,0.0,0.0,0.0,0.0
2024-05-05 00:00:00+00:00,0.0,0.0,0.0,0.0
2024-05-05 01:00:00+00:00,0.0,0.0,0.0,0.0
2024-05-05 02:00:00+00:00,0.0,0.0,0.0,0.0
2024-05-05 03:00:00+00:00,0.0,0.0,0.0,0.0
2024-05-05 04:00:00+00:00,0.0,0.0,0.0,0.0
2024-05-05 05:00:00+00:00,0.0,0.0,0.0,0.0
2024-05-05 06:00:00+00:00,0.0,0.0,0.0,0.0
2024-05-05 07:00:00+00:00,0.0,0.0,0.0,0.0
2024-05-05 08:00:00+00:00,0.0,0.0,0.0,0.0
2024-05-05 09:00:00+00:00,0.0,0.0,0.0,0.0
2024-05-05 10:00:00+00:00,0.0,0.0,0.0,0.0
2024-05-05 11:00:00+00:00,0.0,0.0,0.0,0.0
2024-05-05 12:00:00+00:00,0.0,0.0,0.0,0.0
2024-05-05 13:00:00+00:00,0.0,0.0,0.0,0.0
2024-05-05 14:00:00+00:00,0.0,0.0,0.0,0.0
2024-05-05 15:00:00+00:00,0.0,0.0,0.0,0.0
2024-05-05 16:00:00+00:00,0.0,0.0,0.0,0.0
2024-05-05 17:00:00+00:00,0.0,0.0,0.0,0.0
2024-05-05 18:00:00+00:00,0.0,0.0,0.0,0.0
2024-05-05 19:00:00+00:00,0.0,0.0,0.0,0.0
2024-05-05 20:00:00+00:00,0.0,0.0,0.0,0.0
2024-05-05 21:00:00+00:00,0.0,0.0,0.0,0.0
2024-05-05 22:00:00+00:00,0.0,0.0,0.0,0.0
2024-05-05 23:00:00+00:00,0.0,0.0,0.0,0.0
2024-05-06 00:00:00+00:00,0.0,0.0,0.0,0.0
2024-05-06 01:00:00+00:00,0.0,0.0,0.0,0.0
2024-05-06 02:00:00+00:00,0.0,0.0,0.0,0.0
2024-05-06 03:00:00+00:00,0.0,0.0,0.0,0.0
2024-05-06 04:00:00+00:00,0.0,0.0,0.0,0.0
2024-05-06 05:00:00+00:00,0.0,0.0,0.0,0.0
2024-05-06 06:00:00+00:00,0.0,0.0,0.0,0.0
2024-05-06 07:00:00+00:00,0.0,0.0,0.0,0.0
2024-05-06 08:00:00+00:00,0.0,0.01332,0.0,0.0
2024-05-06 09:00:00+00:00,0.0,0.0,0.0,0.0
2024-05-06 10:00:00+00:00,0.0,0.0,0.0,0.0
2024-05-06 11:00:00+00:00,0.0,0.0,0.0,0.0
2024-05-06 12:00:00+00:00,0.0,-0.0113199999999999,0.0,0.0
2024-05-06 13:00:00+00:00,0.0,0.0,0.0,0.0
2024-05-06 14:00:00+00:00,0.0,0.0,0.0,0.0
2024-05-06 15:00:00+00:00,0.0,0.0,0.0,0.0
2024-05-06 16:00:00+00:00,0.0,0.0,0.0,0.0
2024-05-06 17:00:00+00:00,0.0,0.0,0.0,0.0
2024-05-06 18:00:00+00:00,0.0,0.0,0.0,0.0
2024-05-06 19:00:00+00:00,0.0,0.0,0.0,0.0
2024-05-06 20:00:00+00:00,0.0,0.0,0.0,0.0
2024-05-06 21:00:00+00:00,0.0,0.0,0.0,0.0
2024-05-06 22:00:00+00:00,0.0,0.0,0.0,0.0
2024-05-06 23:00:00+00:00,0.0,0.0,0.0,0.0
2024-05-07 00:00:00+00:00,0.0,0.0,0.0,0.0
2024-05-07 01:00:00+00:00,0.0,0.0,0.0,0.0
2024-05-07 02:00:00+00:00,0.0,0.0,0.0,0.0
2024-05-07 03:00:00+00:00,0.0,0.0,0.0,0.0
2024-05-07 04:00:00+00:00,0.0,0.0,0.0,0.0
2024-05-07 05:00:00+00:00,0.0,0.0,0.0,0.0
2024-05-07 06:00:00+00:00,0.0,0.0,0.0,0.0
2024-05-07 07:00:00+00:00,0.0,0.0,0.0,0.0
2024-05-07 08:00:00+00:00,0.0,0.0,0.0,0.0
2024-05-07 09:00:00+00:00,0.0,0.0,0.0,0.0
2024-05-07 10:00:00+00:00,0.0,0.0,0.0,0.0
2024-05-07 11:00:00+00:00,0.0,0.0,0.0,0.0
2024-05-07 12:00:00+00:00,0.0,0.0,0.0,0.0
2024-05-07 13:00:00+00:00,0.0,0.0,0.0,0.0
2024-05-07 14:00:00+00:00,0.0,0.0,0.0,0.0
2024-05-07 15:00:00+00:00,0.0,0.0,0.0,0.0
2024-05-07 16:00:00+00:00,0.0,0.0,0.0,0.0
2024-05-07 17:00:00+00:00,0.0,0.0,0.0,0.0
2024-05-07 18:00:00+00:00,0.0,0.0,0.0,0.0
2024-05-07 19:00:00+00:00,0.0,0.0,0.0,0.0
2024-05-07 20:00:00+00:00,0.0,0.0,0.0,0.0
2024-05-07 21:00:00+00:00,0.0,0.0,0.0,0.0
2024-05-07 22:00:00+00:00,0.0,0.0,0.0,0.0
2024-05-07 23:00:00+00:00,0.0,0.0,0.0,0.0
2024-05-08 00:00:00+00:00,0.0,0.0,0.0,0.0
2024-05-08 01:00:00+00:00,0.0,0.0,0.0,0.0
2024-05-08 02:00:00+00:00,0.0,0.0,0.0,0.0
2024-05-08 03:00:00+00:00,0.0,0.0,0.0,0.0
2024-05-08 04:00:00+00:00,0.0,0.0,0.0,0.0
2024-05-08 05:00:00+00:00,0.0,0.0,0.0,0.0
2024-05-08 06:00:00+00:00,0.0,0.0,0.0,0.0
2024-05-08 07:00:00+00:00,0.0,0.0,0.0,0.0
2024-05-08 08:00:00+00:00,0.0,0.0,0.0,0.0
2024-05-08 09:00:00+00:00,0.0,0.0,0.0,0.0
2024-05-08 10:00:00+00:00,0.0,0.0,0.0,0.0
2024-05-08 11:00:00+00:00,0.0,0.0,0.0,0.0
2024-05-08 12:00:00+00:00,0.0,0.0,0.0,0.0
2024-05-08 13:00:00+00:00,0.0,-0.0112579999999999,0.0,0.0
2024-05-08 14:00:00+00:00,0.0,0.0,0.0,0.0
2024-05-08 15:00:00+00:00,0.0,0.0,0.0,0.0
2024-05-08 16:00:00+00:00,0.0,0.0,0.0,0.0
2024-05-08 17:00:00+00:00,0.0,0.0,0.0,0.0
2024-05-08 18:00:00+00:00,0.0,0.0,0.0,0.0
2024-05-08 19:00:00+00:00,0.0,0.0,0.0,0.0
2024-05-08 20:00:00+00:00,0.0,0.0,0.0,0.0
2024-05-08 21:00:00+00:00,0.0,0.0,0.0,0.0
2024-05-08 22:00:00+00:00,0.0,0.0,0.0,0.0
2024-05-08 23:00:00+00:00,0.0,0.0,0.0,0.0
2024-05-09 00:00:00+00:00,0.0,0.0,0.0,0.0
2024-05-09 01:00:00+00:00,0.0,0.0,0.0,0.0
2024-05-09 02:00:00+00:00,0.0,0.0,0.0,0.0
2024-05-09 03:00:00+00:00,0.0,0.0,0.0,0.0
2024-05-09 04:00:00+00:00,0.0,0.0,0.0,0.0
2024-05-09 05:00:00+00:00,0.0,0.0,0.0,0.0
2024-05-09 06:00:00+00:00,0.0,0.0,0.0,0.0
2024-05-09 07:00:00+00:00,0.0,0.0,0.0,0.0
2024-05-09 08:00:00+00:00,0.0,0.0,0.0,0.0
2024-05-09 09:00:00+00:00,0.0,0.0,0.0,0.0
2024-05-09 10:00:00+00:00,0.0,0.0,0.0,0.0
2024-05-09 11:00:00+00:00,0.0,0.0,0.0,0.0
2024-05-09 12:00:00+00:00,0.0,0.0,0.0,0.0
2024-05-09 13:00:00+00:00,0.0,0.003614,0.0,0.0
2024-05-09 14:00:00+00:00,0.0,0.0,0.0,0.0
2024-05-09 15:00:00+00:00,0.0,0.0,0.0,0.0
2024-05-09 16:00:00+00:00,0.0,0.0,0.0,0.0
2024-05-09 17:00:00+00:00,0.0,0.0,0.0,0.0
2024-05-09 18:00:00+00:00,0.0,0.0,0.0,0.0
2024-05-09 19:00:00+00:00,0.0,0.0,0.0,0.0
2024-05-09 20:00:00+00:00,0.0,0.0,0.0,0.0
2024-05-09 21:00:00+00:00,0.0,0.0,0.0,0.0
2024-05-09 22:00:00+00:00,0.0,0.0,0.0,0.0
2024-05-09 23:00:00+00:00,0.0,0.0,0.0,0.0
2024-05-10 00:00:00+00:00,0.0,0.0,0.0,0.0
2024-05-10 01:00:00+00:00,0.0,0.0,0.0,0.0
2024-05-10 02:00:00+00:00,0.0,0.0,0.0,0.0
2024-05-10 03:00:00+00:00,0.0,0.0,0.0,0.0
2024-05-10 04:00:00+00:00,0.0,0.0,0.0,0.0
2024-05-10 05:00:00+00:00,0.0,0.0,0.0,0.0
2024-05-10 06:00:00+00:00,0.0,0.0,0.0,0.0
2024-05-10 07:00:00+00:00,0.0,0.0,0.0,0.0
2024-05-10 08:00:00+00:00,0.0,0.0,0.0,0.0
2024-05-10 09:00:00+00:00,0.0,0.0,0.0,0.0
2024-05-10 10:00:00+00:00,0.0,0.0,0.0,0.0
2024-05-10 11:00:00+00:00,0.0,0.0,0.0,0.0
2024-05-10 12:00:00+00:00,0.0,0.0,0.0,0.0
2024-05-10 13:00:00+00:00,0.0,0.0,0.0,0.0
2024-05-10 14:00:00+00:00,0.0,0.0,0.0,0.0
2024-05-10 15:00:00+00:00,0.0,0.0,0.0,0.0
2024-05-10 16:00:00+00:00,0.0,0.0,0.0,0.0
2024-05-10 17:00:00+00:00,0.0,0.0,0.0,0.0
2024-05-10 18:00:00+00:00,0.0,0.0,0.0,0.0
2024-05-10 19:00:00+00:00,0.0,0.0,0.0,0.0
2024-05-10 20:00:00+00:00,0.0,0.0,0.0,0.0
2024-05-10 21:00:00+00:00,0.0,0.0,0.0,0.0
2024-05-10 22:00:00+00:00,0.0,0.0,0.0,0.0
2024-05-10 23:00:00+00:00,0.0,0.0,0.0,0.0
2024-05-11 00:00:00+00:00,0.0,0.0,0.0,0.0
2024-05-11 01:00:00+00:00,0.0,0.0,0.0,0.0
2024-05-11 02:00:00+00:00,0.0,0.0,0.0,0.0
2024-05-11 03:00:00+00:00,0.0,0.0,0.0,0.0
2024-05-11 04:00:00+00:00,0.0,0.0,0.0,0.0
2024-05-11 05:00:00+00:00,0.0,0.0,0.0,0.0
2024-05-11 06:00:00+00:00,0.0,0.0,0.0,0.0
2024-05-11 07:00:00+00:00,0.0,0.0,0.0,0.0
2024-05-11 08:00:00+00:00,0.0,0.0,0.0,0.0
2024-05-11 09:00:00+00:00,0.0,0.0,0.0,0.0
2024-05-11 10:00:00+00:00,0.0,0.0,0.0,0.0
2024-05-11 11:00:00+00:00,0.0,0.0,0.0,0.0
2024-05-11 12:00:00+00:00,0.0,0.0,0.0,0.0
2024-05-11 13:00:00+00:00,0.0,0.0,0.0,0.0
2024-05-11 14:00:00+00:00,0.0,0.0,0.0,0.0
2024-05-11 15:00:00+00:00,0.0,0.013219,0.0,0.0
2024-05-11 16:00:00+00:00,0.0,0.0,0.0,0.0
2024-05-11 17:00:00+00:00,0.0,0.0,0.0,0.0
2024-05-11 18:00:00+00:00,0.0,0.0,0.0,0.0
2024-05-11 19:00:00+00:00,0.0,0.0,0.0,0.0
2024-05-11 20:00:00+00:00,0.0,0.0,0.0,0.0
2024-05-11 21:00:00+00:00,0.0,0.0,0.0,0.0
2024-05-11 22:00:00+00:00,0.0,0.0,0.0,0.0
2024-05-11 23:00:00+00:00,0.0,0.0,0.0,0.0
2024-05-12 00:00:00+00:00,0.0,0.0,0.0,0.0
2024-05-12 01:00:00+00:00,0.0,0.0,0.0,0.0
2024-05-12 02:00:00+00:00,0.0,0.0,0.0,0.0
2024-05-12 03:00:00+00:00,0.0,0.0,0.0,0.0
2024-05-12 04:00:00+00:00,0.0,0.0,0.0,0.0
2024-05-12 05:00:00+00:00,0.0,0.0,0.0,0.0
2024-05-12 06:00:00+00:00,0.0,0.0,0.0,0.0
2024-05-12 07:00:00+00:00,0.0,0.0,0.0,0.0
2024-05-12 08:00:00+00:00,0.0,0.0,0.0,0.0
2024-05-12 09:00:00+00:00,0.0,0.0,0.0,0.0
2024-05-12 10:00:00+00:00,0.0,0.0,0.0,0.0
2024-05-12 11:00:00+00:00,0.0,0.0,0.0,0.0
2024-05-12 12:00:00+00:00,0.0,0.0,0.0,0.0
2024-05-12 13:00:00+00:00,0.0,0.0,0.0,0.0
2024-05-12 14:00:00+00:00,0.0,0.0,0.0,0.0
2024-05-12 15:00:00+00:00,0.0,0.0,0.0,0.0
2024-05-12 16:00:00+00:00,0.0,0.0,0.0,0.0
2024-05-12 17:00:00+00:00,0.0,0.0,0.0,0.0
2024-05-12 18:00:00+00:00,0.0,0.0,0.0,0.0
2024-05-12 19:00:00+00:00,0.0,0.0,0.0,0.0
2024-05-12 20:00:00+00:00,0.0,0.0,0.0,0.0
2024-05-12 21:00:00+00:00,0.0,0.0,0.0,0.0
2024-05-12 22:00:00+00:00,0.0,0.0,0.0,0.0
2024-05-12 23:00:00+00:00,0.0,0.0,0.0,0.0
2024-05-13 00:00:00+00:00,0.0,0.0,0.0,0.0
2024-05-13 01:00:00+00:00,0.0,0.0,0.0,0.0
2024-05-13 02:00:00+00:00,0.0,0.0,0.0,0.0
2024-05-13 03:00:00+00:00,0.0,0.0,0.0,0.0
2024-05-13 04:00:00+00:00,0.0,0.0,0.0,0.0
2024-05-13 05:00:00+00:00,0.0,0.0,0.0,0.0
2024-05-13 06:00:00+00:00,0.0,0.0,0.0,0.0
2024-05-13 07:00:00+00:00,0.0,0.0,0.0,0.0
2024-05-13 08:00:00+00:00,0.0,0.013422,0.0,0.0
2024-05-13 09:00:00+00:00,0.0,0.0,0.0,0.0
2024-05-13 10:00:00+00:00,0.0,0.0,0.0,0.0
2024-05-13 11:00:00+00:00,0.0,0.0,0.0,0.0
2024-05-13 12:00:00+00:00,0.0,0.0,0.0,0.0
2024-05-13 13:00:00+00:00,0.0,0.0,0.0,0.0
2024-05-13 14:00:00+00:00,0.0,0.0,0.0,0.0
2024-05-13 15:00:00+00:00,0.0,0.0,0.0,0.0
2024-05-13 16:00:00+00:00,0.0,0.0,0.0,0.0
2024-05-13 17:00:00+00:00,0.0,0.003579,0.0,0.0
2024-05-13 18:00:00+00:00,0.0,0.0,0.0,0.0
2024-05-13 19:00:00+00:00,0.0,0.0,0.0,0.0
2024-05-13 20:00:00+00:00,0.0,0.0,0.0,0.0
2024-05-13 21:00:00+00:00,0.0,0.0,0.0,0.0
2024-05-13 22:00:00+00:00,0.0,0.0,0.0,0.0
2024-05-13 23:00:00+00:00,0.0,0.0,0.0,0.0
2024-05-14 00:00:00+00:00,0.0,0.0,0.0,0.0
2024-05-14 01:00:00+00:00,0.0,-0.011474,0.0,0.0
2024-05-14 02:00:00+00:00,0.0,0.0,0.0,0.0
2024-05-14 03:00:00+00:00,0.0,0.0,0.0,0.0
2024-05-14 04:00:00+00:00,0.0,0.0,0.0,0.0
2024-05-14 05:00:00+00:00,0.0,0.0,0.0,0.0
2024-05-14 06:00:00+00:00,0.0,0.0,0.0,0.0
2024-05-14 07:00:00+00:00,0.0,0.0,0.0,0.0
2024-05-14 08:00:00+00:00,0.0,0.0,0.0,0.0
2024-05-14 09:00:00+00:00,0.0,0.0,0.0,0.0
2024-05-14 10:00:00+00:00,0.0,0.0,0.0,0.0
2024-05-14 11:00:00+00:00,0.0,0.0,0.0,0.0
2024-05-14 12:00:00+00:00,0.0,0.0,0.0,0.0
2024-05-14 13:00:00+00:00,0.0,0.0,0.0,0.0
2024-05-14 14:00:00+00:00,0.0,0.0,0.0,0.0
2024-05-14 15:00:00+00:00,0.0,0.0,0.0,0.0
2024-05-14 16:00:00+00:00,0.0,0.0,0.0,0.0
2024-05-14 17:00:00+00:00,0.0,0.0,0.0,0.0
2024-05-14 18:00:00+00:00,0.0,0.0,0.0,0.0
2024-05-14 19:00:00+00:00,0.0,0.0,0.0,0.0
2024-05-14 20:00:00+00:00,0.0,0.0,0.0,0.0
2024-05-14 21:00:00+00:00,0.0,0.0,0.0,0.0
2024-05-14 22:00:00+00:00,0.0,0.0,0.0,0.0
2024-05-14 23:00:00+00:00,0.0,0.0,0.0,0.0
2024-05-15 00:00:00+00:00,0.0,0.0,0.0,0.0
2024-05-15 01:00:00+00:00,0.0,0.0,0.0,0.0
2024-05-15 02:00:00+00:00,0.0,0.0,0.0,0.0
2024-05-15 03:00:00+00:00,0.0,0.0,0.0,0.0
2024-05-15 04:00:00+00:00,0.0,0.0,0.0,0.0
2024-05-15 05:00:00+00:00,0.0,0.0,0.0,0.0
2024-05-15 06:00:00+00:00,0.0,0.0,0.0,0.0
2024-05-15 07:00:00+00:00,0.0,0.0,0.0,0.0
2024-05-15 08:00:00+00:00,0.0,0.0,0.0,0.0
2024-05-15 09:00:00+00:00,0.0,0.0,0.0,0.0
2024-05-15 10:00:00+00:00,0.0,0.0,0.0,0.0
2024-05-15 11:00:00+00:00,0.0,0.0,0.0,0.0
2024-05-15 12:00:00+00:00,0.0,0.0,0.0,0.0
2024-05-15 13:00:00+00:00,0.0,0.0,0.0,0.0
2024-05-15 14:00:00+00:00,0.0,0.0,0.0,0.0
2024-05-15 15:00:00+00:00,0.0,0.0,0.0,0.0
2024-05-15 16:00:00+00:00,0.0,0.0,0.0,0.0
2024-05-15 17:00:00+00:00,0.0,0.0,0.0,0.0
2024-05-15 18:00:00+00:00,0.0,0.013848,0.0,0.0
2024-05-15 19:00:00+00:00,0.0,0.0,0.0,0.0
2024-05-15 20:00:00+00:00,0.0,0.0,0.0,0.0
2024-05-15 21:00:00+00:00,0.0,0.0,0.0,0.0
2024-05-15 22:00:00+00:00,0.0,0.0,0.0,0.0
2024-05-15 23:00:00+00:00,0.0,0.0,0.0,0.0
2024-05-16 00:00:00+00:00,0.0,0.0,0.0,0.0
2024-05-16 01:00:00+00:00,0.0,0.0,0.0,0.0
2024-05-16 02:00:00+00:00,0.0,0.0,0.0,0.0
2024-05-16 03:00:00+00:00,0.0,0.0,0.0,0.0
2024-05-16 04:00:00+00:00,0.0,0.0,0.0,0.0
2024-05-16 05:00:00+00:00,0.0,0.0,0.0,0.0
2024-05-16 06:00:00+00:00,0.0,0.0,0.0,0.0
2024-05-16 07:00:00+00:00,0.0,0.0,0.0,0.0
2024-05-16 08:00:00+00:00,0.0,0.0,0.0,0.0
2024-05-16 09:00:00+00:00,0.0,0.0,0.0,0.0
2024-05-16 10:00:00+00:00,0.0,0.0,0.0,0.0
2024-05-16 11:00:00+00:00,0.0,0.0,0.0,0.0
2024-05-16 12:00:00+00:00,0.0,-0.011508,0.0,0.0
2024-05-16 13:00:00+00:00,0.0,0.0,0.0,0.0
2024-05-16 14:00:00+00:00,0.0,0.0,0.0,0.0
2024-05-16 15:00:00+00:00,0.0,0.0,0.0,0.0
2024-05-16 16:00:00+00:00,0.0,0.0,0.0,0.0
2024-05-16 17:00:00+00:00,0.0,0.0,0.0,0.0
2024-05-16 18:00:00+00:00,0.0,0.0,0.0,0.0
2024-05-16 19:00:00+00:00,0.0,0.0,0.0,0.0
2024-05-16 20:00:00+00:00,0.0,0.0,0.0,0.0
2024-05-16 21:00:00+00:00,0.0,0.0,0.0,0.0
2024-05-16 22:00:00+00:00,0.0,0.0,0.0,0.0
2024-05-16 23:00:00+00:00,0.0,0.0,0.0,0.0
2024-05-17 00:00:00+00:00,0.0,0.0,0.0,0.0
2024-05-17 01:00:00+00:00,0.0,0.0,0.0,0.0
2024-05-17 02:00:00+00:00,0.0,0.0,0.0,0.0
2024-05-17 03:00:00+00:00,0.0,0.0,0.0,0.0
2024-05-17 04:00:00+00:00,0.0,0.0,0.0,0.0
2024-05-17 05:00:00+00:00,0.0,0.0,0.0,0.0
2024-05-17 06:00:00+00:00,0.0,0.0,0.0,0.0
2024-05-17 07:00:00+00:00,0.0,0.0,0.0,0.0
2024-05-17 08:00:00+00:00,0.0,0.0,0.0,0.0
2024-05-17 09:00:00+00:00,0.0,0.0,0.0,0.0
2024-05-17 10:00:00+00:00,0.0,0.0,0.0,0.0
2024-05-17 11:00:00+00:00,0.0,0.0,0.0,0.0
2024-05-17 12:00:00+00:00,0.0,0.0,0.0,0.0
2024-05-17 13:00:00+00:00,0.0,0.0,0.0,0.0
2024-05-17 14:00:00+00:00,0.0,0.0,0.0,0.0
2024-05-17 15:00:00+00:00,0.0,0.0,0.0,0.0
2024-05-17 16:00:00+00:00,0.0,0.0,0.0,0.0
2024-05-17 17:00:00+00:00,0.0,0.0,0.0,0.0
2024-05-17 18:00:00+00:00,0.0,0.0,0.0,0.0
2024-05-17 19:00:00+00:00,0.0,0.0,0.0,0.0
2024-05-17 20:00:00+00:00,0.0,0.0,0.0,0.0
2024-05-17 21:00:00+00:00,0.0,0.0,0.0,0.0
2024-05-17 22:00:00+00:00,0.0,0.0,0.0,0.0
2024-05-17 23:00:00+00:00,0.0,0.0,0.0,0.0
2024-05-18 00:00:00+00:00,0.0,0.0,0.0,0.0
2024-05-18 01:00:00+00:00,0.0,0.0,0.0,0.0
2024-05-18 02:00:00+00:00,0.0,0.0,0.0,0.0
2024-05-18 03:00:00+00:00,0.0,0.0,0.0,0.0
2024-05-18 04:00:00+00:00,0.0,0.0,0.0,0.0
2024-05-18 05:00:00+00:00,0.0,0.0,0.0,0.0
2024-05-18 06:00:00+00:00,0.0,0.0,0.0,0.0
2024-05-18 07:00:00+00:00,0.0,0.0,0.0,0.0
2024-05-18 08:00:00+00:00,0.0,0.0,0.0,0.0
2024-05-18 09:00:00+00:00,0.0,0.0,0.0,0.0
2024-05-18 10:00:00+00:00,0.0,0.0,0.0,0.0
2024-05-18 11:00:00+00:00,0.0,0.0,0.0,0.0
2024-05-18 12:00:00+00:00,0.0,0.0,0.0,0.0
2024-05-18 13:00:00+00:00,0.0,0.0,0.0,0.0
2024-05-18 14:00:00+00:00,0.0,-0.012065,0.0,0.0
2024-05-18 15:00:00+00:00,0.0,0.0,0.0,0.0
2024-05-18 16:00:00+00:00,0.0,0.0,0.0,0.0
2024-05-18 17:00:00+00:00,0.0,0.0,0.0,0.0
2024-05-18 18:00:00+00:00,0.0,0.0,0.0,0.0
2024-05-18 19:00:00+00:00,0.0,0.0,0.0,0.0
2024-05-18 20:00:00+00:00,0.0,0.0,0.0,0.0
2024-05-18 21:00:00+00:00,0.0,0.0,0.0,0.0
2024-05-18 22:00:00+00:00,0.0,0.0,0.0,0.0
2024-05-18 23:00:00+00:00,0.0,0.0,0.0,0.0
2024-05-19 00:00:00+00:00,0.0,0.0,0.0,0.0
2024-05-19 01:00:00+00:00,0.0,0.0,0.0,0.0
2024-05-19 02:00:00+00:00,0.0,0.0,0.0,0.0
2024-05-19 03:00:00+00:00,0.0,0.0,0.0,0.0
2024-05-19 04:00:00+00:00,0.0,0.0,0.0,0.0
2024-05-19 05:00:00+00:00,0.0,0.0,0.0,0.0
2024-05-19 06:00:00+00:00,0.0,0.0,0.0,0.0
2024-05-19 07:00:00+00:00,0.0,0.0,0.0,0.0
2024-05-19 08:00:00+00:00,0.0,0.0,0.0,0.0
2024-05-19 09:00:00+00:00,0.0,0.0,0.0,0.0
2024-05-19 10:00:00+00:00,0.0,0.0,0.0,0.0
2024-05-19 11:00:00+00:00,0.0,0.0,0.0,0.0
2024-05-19 12:00:00+00:00,0.0,0.0,0.0,0.0
2024-05-19 13:00:00+00:00,0.0,0.0,0.0,0.0
2024-05-19 14:00:00+00:00,0.0,0.0,0.0,0.0
2024-05-19 15:00:00+00:00,0.0,0.0,0.0,0.0
2024-05-19 16:00:00+00:00,0.0,0.0,0.0,0.0
2024-05-19 17:00:00+00:00,0.0,0.0,0.0,0.0
2024-05-19 18:00:00+00:00,0.0,0.0,0.0,0.0
2024-05-19 19:00:00+00:00,0.0,0.0,0.0,0.0
2024-05-19 20:00:00+00:00,0.0,0.0,0.0,0.0
2024-05-19 21:00:00+00:00,0.0,0.0,0.0,0.0
2024-05-19 22:00:00+00:00,0.0,0.0,0.0,0.0
2024-05-19 23:00:00+00:00,0.0,0.0,0.0,0.0
2024-05-20 00:00:00+00:00,0.0,0.0,0.0,0.0
2024-05-20 01:00:00+00:00,0.0,0.0,0.0,0.0
2024-05-20 02:00:00+00:00,0.0,0.0,0.0,0.0
2024-05-20 03:00:00+00:00,0.0,0.0,0.0,0.0
2024-05-20 04:00:00+00:00,0.0,0.0,0.0,0.0
2024-05-20 05:00:00+00:00,0.0,0.0,0.0,0.0
2024-05-20 06:00:00+00:00,0.0,-0.011982,0.0,0.0
2024-05-20 07:00:00+00:00,0.0,0.0,0.0,0.0
2024-05-20 08:00:00+00:00,0.0,0.0,0.0,0.0
2024-05-20 09:00:00+00:00,0.0,0.0,0.0,0.0
2024-05-20 10:00:00+00:00,0.013185,0.0,0.0,0.0
2024-05-20 11:00:00+00:00,0.0,0.0,0.0,0.0
2024-05-20 12:00:00+00:00,0.0,0.003228,0.0,0.0
2024-05-20 13:00:00+00:00,0.0,0.0,0.0,0.0
2024-05-20 14:00:00+00:00,0.0,0.0,0.0,0.0
2024-05-20 15:00:00+00:00,0.0,0.0,0.0,0.0
2024-05-20 16:00:00+00:00,0.013198,0.013323,0.0,0.0
2024-05-20 17:00:00+00:00,0.0,0.0,0.0,0.0
2024-05-20 18:00:00+00:00,0.0,0.0,0.0,0.0
2024-05-20 19:00:00+00:00,0.0,0.0,0.0,0.0
2024-05-20 20:00:00+00:00,-0.011378,-0.011314,0.0,0.0
2024-05-20 21:00:00+00:00,0.0,0.0,0.0,0.0
2024-05-20 22:00:00+00:00,0.0,0.0,0.0,0.0
2024-05-20 23:00:00+00:00,0.0,0.0,0.0,0.0
2024-05-21 00:00:00+00:00,0.0,0.0,0.0,0.0
2024-05-21 01:00:00+00:00,0.0,0.0,0.0,0.0
2024-05-21 02:00:00+00:00,0.0,0.0,0.0,0.0
2024-05-21 03:00:00+00:00,0.0,0.0,0.0,0.0
2024-05-21 04:00:00+00:00,0.0,0.0,0.0,0.0
2024-05-21 05:00:00+00:00,0.0,0.0,0.0,0.0
2024-05-21 06:00:00+00:00,0.0,0.0,0.0,0.0
2024-05-21 07:00:00+00:00,0.0,0.0,0.0,0.0
2024-05-21 08:00:00+00:00,0.0,0.0,0.0,0.0
2024-05-21 09:00:00+00:00,0.0,0.0,0.0,0.0
2024-05-21 10:00:00+00:00,0.0,0.0,0.0,0.0
2024-05-21 11:00:00+00:00,0.0,0.0,0.0,0.0
2024-05-21 12:00:00+00:00,0.0,0.0,0.0,0.0
2024-05-21 13:00:00+00:00,0.0,0.0,0.0,0.0
2024-05-21 14:00:00+00:00,0.0,0.0,0.0,0.0
2024-05-21 15:00:00+00:00,0.0,0.0,0.0,0.0
2024-05-21 16:00:00+00:00,0.0,0.0,0.0,0.0
2024-05-21 17:00:00+00:00,0.0,0.0,0.0,0.0
2024-05-21 18:00:00+00:00,0.0,0.0,0.0,0.0
2024-05-21 19:00:00+00:00,0.0,0.0,0.0,0.0
2024-05-21 20:00:00+00:00,0.0,0.0,0.0,0.0
2024-05-21 21:00:00+00:00,0.0,0.0,0.0,0.0
2024-05-21 22:00:00+00:00,0.0,0.0,0.0,0.0
2024-05-21 23:00:00+00:00,0.0,0.0,0.0,0.0
2024-05-22 00:00:00+00:00,0.0,0.0,0.0,0.0
2024-05-22 01:00:00+00:00,0.0,0.0,0.0,0.0
2024-05-22 02:00:00+00:00,0.0,0.0,0.0,0.0
2024-05-22 03:00:00+00:00,0.0,0.0,0.0,0.0
2024-05-22 04:00:00+00:00,0.0,0.0,0.0,0.0
2024-05-22 05:00:00+00:00,0.0,0.0,0.0,0.0
2024-05-22 06:00:00+00:00,0.0,0.0,0.0,0.0
2024-05-22 07:00:00+00:00,0.0,0.0,0.0,0.0
2024-05-22 08:00:00+00:00,0.0,0.0,0.0,0.0
2024-05-22 09:00:00+00:00,0.0,0.0,0.0,0.0
2024-05-22 10:00:00+00:00,0.0,0.0,0.0,0.0
2024-05-22 11:00:00+00:00,0.0,0.0,0.0,0.0
2024-05-22 12:00:00+00:00,0.0035659999999999,0.0,0.0,0.0
2024-05-22 13:00:00+00:00,0.0,0.0,0.0,0.0
2024-05-22 14:00:00+00:00,0.0,0.0,0.0,0.0
2024-05-22 15:00:00+00:00,0.0,0.0,0.0,0.0
2024-05-22 16:00:00+00:00,0.0,0.0,0.0,0.0
2024-05-22 17:00:00+00:00,0.0,0.0,0.0,0.0
2024-05-22 18:00:00+00:00,0.0,0.0,0.0,0.0
2024-05-22 19:00:00+00:00,0.0,0.0,0.0,0.0
2024-05-22 20:00:00+00:00,0.0,0.0,0.0,0.0
2024-05-22 21:00:00+00:00,0.0,0.0,0.0,0.0
2024-05-22 22:00:00+00:00,0.0,0.0,0.0,0.0
2024-05-22 23:00:00+00:00,0.0,0.0,0.0,0.0
2024-05-23 00:00:00+00:00,0.0,0.0,0.0,0.0
2024-05-23 01:00:00+00:00,0.0,0.0,0.0,0.0
2024-05-23 02:00:00+00:00,0.0,0.0,0.0,0.0
2024-05-23 03:00:00+00:00,0.0,0.0,0.0,0.0
2024-05-23 04:00:00+00:00,0.0,0.0,0.0,0.0
2024-05-23 05:00:00+00:00,0.0,0.0,0.0,0.0
2024-05-23 06:00:00+00:00,0.0,0.0,0.0,0.0
2024-05-23 07:00:00+00:00,0.0,0.0,0.0,0.0
2024-05-23 08:00:00+00:00,0.0,0.0,0.0,0.0
2024-05-23 09:00:00+00:00,0.0,0.0,0.0,0.0
2024-05-23 10:00:00+00:00,0.0,0.0,0.0,0.0
2024-05-23 11:00:00+00:00,0.0,0.0,0.0,0.0
2024-05-23 12:00:00+00:00,0.0,0.0,0.0,0.0
2024-05-23 13:00:00+00:00,-0.011559,0.0,0.0,0.0
2024-05-23 14:00:00+00:00,0.0,0.0,0.0,0.0
2024-05-23 15:00:00+00:00,0.0,0.0,0.0,0.0
2024-05-23 16:00:00+00:00,0.0,0.0,0.0,0.0
2024-05-23 17:00:00+00:00,0.0,0.0,0.0,0.0
2024-05-23 18:00:00+00:00,0.0,0.0,0.0,0.0
2024-05-23 19:00:00+00:00,0.0,0.0,0.0,0.0
2024-05-23 20:00:00+00:00,0.0,0.0,0.0,0.0
2024-05-23 21:00:00+00:00,0.0,0.0,0.0,0.0
2024-05-23 22:00:00+00:00,0.0,0.0,0.0,0.0
2024-05-23 23:00:00+00:00,0.0,0.0,0.0,0.0
2024-05-24 00:00:00+00:00,0.0,0.0,0.0,0.0
2024-05-24 01:00:00+00:00,0.0,0.0,0.0,0.0
2024-05-24 02:00:00+00:00,0.0,0.0,0.0,0.0
2024-05-24 03:00:00+00:00,0.0,0.0,0.0,0.0
2024-05-24 04:00:00+00:00,0.0,0.0,0.0,0.0
2024-05-24 05:00:00+00:00,0.0,0.0,0.0,0.0
2024-05-24 06:00:00+00:00,0.0,0.0,0.0,0.0
2024-05-24 07:00:00+00:00,0.0,0.0,0.0,0.0
2024-05-24 08:00:00+00:00,0.0,0.0,0.0,0.0
2024-05-24 09:00:00+00:00,0.0,0.0,0.0,0.0
2024-05-24 10:00:00+00:00,0.0,0.0,0.0,0.0
2024-05-24 11:00:00+00:00,0.0,0.0,0.0,0.0
2024-05-24 12:00:00+00:00,0.0,0.0,0.0,0.0
2024-05-24 13:00:00+00:00,0.0,0.0,0.0,0.0
2024-05-24 14:00:00+00:00,0.0,0.0,0.0,0.0
2024-05-24 15:00:00+00:00,0.0,0.0,0.0,0.0
2024-05-24 16:00:00+00:00,0.0,0.0,0.0,0.0
2024-05-24 17:00:00+00:00,0.0,0.0,0.0,0.0
2024-05-24 18:00:00+00:00,0.0,0.0,0.0,0.0
2024-05-24 19:00:00+00:00,0.0,0.0,0.0,0.0
2024-05-24 20:00:00+00:00,0.0,0.0,0.0,0.0
2024-05-24 21:00:00+00:00,0.0,0.0,0.0,0.0
2024-05-24 22:00:00+00:00,0.0,0.0,0.0,0.0
2024-05-24 23:00:00+00:00,0.0,0.0,0.0,0.0
2024-05-25 00:00:00+00:00,0.0,0.0,0.0,0.0
2024-05-25 01:00:00+00:00,0.0,0.0,0.0,0.0
2024-05-25 02:00:00+00:00,0.0,0.0,0.0,0.0
2024-05-25 03:00:00+00:00,0.0,0.0,0.0,0.0
2024-05-25 04:00:00+00:00,0.0,0.0,0.0,0.0
2024-05-25 05:00:00+00:00,0.0,0.0,0.0,0.0
2024-05-25 06:00:00+00:00,0.0,0.0,0.0,0.0
2024-05-25 07:00:00+00:00,0.0,0.0,0.0,0.0
2024-05-25 08:00:00+00:00,0.0,0.0,0.0,0.0
2024-05-25 09:00:00+00:00,0.0,0.0,0.0,0.0
2024-05-25 10:00:00+00:00,0.0,0.0,0.0,0.0
2024-05-25 11:00:00+00:00,0.0,0.0,0.0,0.0
2024-05-25 12:00:00+00:00,0.0,0.0,0.0,0.0
2024-05-25 13:00:00+00:00,0.0,0.0,0.0,0.0
2024-05-25 14:00:00+00:00,0.0,0.0,0.0,0.0
2024-05-25 15:00:00+00:00,0.0,0.0,0.0,0.0
2024-05-25 16:00:00+00:00,0.0,0.0,0.0,0.0
2024-05-25 17:00:00+00:00,0.0,0.0,0.0,0.0
2024-05-25 18:00:00+00:00,0.0,0.0,0.0,0.0
2024-05-25 19:00:00+00:00,0.0,0.0,0.0,0.0
2024-05-25 20:00:00+00:00,0.0,0.0,0.0,0.0
2024-05-25 21:00:00+00:00,0.0,0.0,0.0,0.0
2024-05-25 22:00:00+00:00,0.0,0.0,0.0,0.0
2024-05-25 23:00:00+00:00,0.0,0.0,0.0,0.0
2024-05-26 00:00:00+00:00,0.0,0.0,0.0,0.0
2024-05-26 01:00:00+00:00,0.0,0.0,0.0,0.0
2024-05-26 02:00:00+00:00,-0.012907,0.0,0.0,0.0
2024-05-26 03:00:00+00:00,0.0,0.0,0.0,0.0
2024-05-26 04:00:00+00:00,0.0,0.0,0.0,0.0
2024-05-26 05:00:00+00:00,0.0,0.0,0.0,0.0
2024-05-26 06:00:00+00:00,0.0,0.0,0.0,0.0
2024-05-26 07:00:00+00:00,0.0,0.0,0.0,0.0
2024-05-26 08:00:00+00:00,0.002095,0.0,0.0,0.0
2024-05-26 09:00:00+00:00,0.0,0.0,0.0,0.0
2024-05-26 10:00:00+00:00,0.0,0.0,0.0,0.0
2024-05-26 11:00:00+00:00,0.0,0.0,0.0,0.0
2024-05-26 12:00:00+00:00,0.0,0.0,0.0,0.0
2024-05-26 13:00:00+00:00,0.0,0.0,0.0,0.0
2024-05-26 14:00:00+00:00,0.0,0.0,0.0,0.0
2024-05-26 15:00:00+00:00,0.0,0.0,0.0,0.0
2024-05-26 16:00:00+00:00,0.0,0.0,0.0,0.0
2024-05-26 17:00:00+00:00,0.0,0.0,0.0,0.0
2024-05-26 18:00:00+00:00,0.0,0.0,0.0,0.0
2024-05-26 19:00:00+00:00,0.0,0.0,0.0,0.0
2024-05-26 20:00:00+00:00,0.0,0.0,0.0,0.0
2024-05-26 21:00:00+00:00,-0.0125099999999999,0.0,0.0,0.0
2024-05-26 22:00:00+00:00,0.0,0.0,0.0,0.0
2024-05-26 23:00:00+00:00,0.0,0.0,0.0,0.0
2024-05-27 00:00:00+00:00,0.0,0.0,0.0,0.0
2024-05-27 01:00:00+00:00,0.0,0.0,0.0,0.0
2024-05-27 02:00:00+00:00,0.0,0.0,0.0,0.0
2024-05-27 03:00:00+00:00,0.0,0.0,0.0,0.0
2024-05-27 04:00:00+00:00,0.0,0.0,0.0,0.0
2024-05-27 05:00:00+00:00,0.0,0.0,0.0,0.0
2024-05-27 06:00:00+00:00,0.0,0.0,0.0,0.0
2024-05-27 07:00:00+00:00,0.0,0.0,0.0,0.0
2024-05-27 08:00:00+00:00,0.0,0.0,0.0,0.0
2024-05-27 09:00:00+00:00,0.0,0.0,0.0,0.0
2024-05-27 10:00:00+00:00,0.0,0.0,0.0,0.0
2024-05-27 11:00:00+00:00,0.0,0.0,0.0,0.0
2024-05-27 12:00:00+00:00,0.0,0.0,0.0,0.0
2024-05-27 13:00:00+00:00,0.0,0.0,0.0,0.0
2024-05-27 14:00:00+00:00,0.0,0.0,0.0,0.0
2024-05-27 15:00:00+00:00,0.0,0.0,0.0,0.0
2024-05-27 16:00:00+00:00,0.0,0.0,0.0,0.0
2024-05-27 17:00:00+00:00,0.0,0.0,0.0,0.0
2024-05-27 18:00:00+00:00,-0.011832,0.0,0.0,0.0
2024-05-27 19:00:00+00:00,0.0,0.0,0.0,0.0
2024-05-27 20:00:00+00:00,0.0,0.0,0.0,0.0
2024-05-27 21:00:00+00:00,0.0,0.0,0.0,0.0
2024-05-27 22:00:00+00:00,0.0,0.0,0.0,0.0
2024-05-27 23:00:00+00:00,0.0,0.0,0.0,0.0
2024-05-28 00:00:00+00:00,0.0,0.0,0.0,0.0
2024-05-28 01:00:00+00:00,0.0,0.0,0.0,0.0
2024-05-28 02:00:00+00:00,0.0,0.0,0.0,0.0
2024-05-28 03:00:00+00:00,0.0,0.0,0.0,0.0
2024-05-28 04:00:00+00:00,0.0,0.0,0.0,0.0
2024-05-28 05:00:00+00:00,0.0,0.0,0.0,0.0
2024-05-28 06:00:00+00:00,0.0,0.0,0.0,0.0
2024-05-28 07:00:00+00:00,0.0,0.0,0.0,0.0
2024-05-28 08:00:00+00:00,0.0,0.0,0.0,0.0
2024-05-28 09:00:00+00:00,0.0,0.0,0.0,0.0
2024-05-28 10:00:00+00:00,0.0,0.0,0.0,0.0
2024-05-28 11:00:00+00:00,0.0,0.0,0.0,0.0
2024-05-28 12:00:00+00:00,0.0,0.0,0.0,0.0
2024-05-28 13:00:00+00:00,0.0,0.0,0.0,0.0
2024-05-28 14:00:00+00:00,0.0,0.0,0.0,0.0
2024-05-28 15:00:00+00:00,0.0,0.0,0.0,0.0
2024-05-28 16:00:00+00:00,0.0,0.0,0.0,0.0
2024-05-28 17:00:00+00:00,0.0,0.0,0.0,0.0
2024-05-28 18:00:00+00:00,0.0,0.0,0.0,0.0
2024-05-28 19:00:00+00:00,0.0,0.0,0.0,0.0
2024-05-28 20:00:00+00:00,0.0,0.0,0.0,0.0
2024-05-28 21:00:00+00:00,0.0,0.0,0.0,0.0
2024-05-28 22:00:00+00:00,0.0,0.0,0.0,0.0
2024-05-28 23:00:00+00:00,0.0,0.0,0.0,0.0
2024-05-29 00:00:00+00:00,0.0,0.0,0.0,0.0
2024-05-29 01:00:00+00:00,0.0,0.0,0.0,0.0
2024-05-29 02:00:00+00:00,0.0,0.0,0.0,0.0
2024-05-29 03:00:00+00:00,0.0,0.0,0.0,0.0
2024-05-29 04:00:00+00:00,0.0,0.0,0.0,0.0
2024-05-29 05:00:00+00:00,0.0,0.0,0.0,0.0
2024-05-29 06:00:00+00:00,0.0,0.0,0.0,0.0
2024-05-29 07:00:00+00:00,0.0,0.0,0.0,0.0
2024-05-29 08:00:00+00:00,0.0,0.0,0.0,0.0
2024-05-29 09:00:00+00:00,0.0,0.0,0.0,0.0
2024-05-29 10:00:00+00:00,0.0,0.0,0.0,0.0
2024-05-29 11:00:00+00:00,0.0,0.0,0.0,0.0
2024-05-29 12:00:00+00:00,0.0,0.0,0.0,0.0
2024-05-29 13:00:00+00:00,0.0,0.0,0.0,0.0
2024-05-29 14:00:00+00:00,-0.01158,0.0,0.0,0.0
2024-05-29 15:00:00+00:00,0.0,0.0,0.0,0.0
2024-05-29 16:00:00+00:00,0.0,0.0,0.0,0.0
2024-05-29 17:00:00+00:00,0.0,0.0,0.0,0.0
2024-05-29 18:00:00+00:00,0.0,0.0,0.0,0.0
2024-05-29 19:00:00+00:00,0.0,0.0,0.0,0.0
2024-05-29 20:00:00+00:00,-0.01153,0.0,0.0,0.0
2024-05-29 21:00:00+00:00,0.0,0.0,0.0,0.0
2024-05-29 22:00:00+00:00,0.0,0.0,0.0,0.0
2024-05-29 23:00:00+00:00,0.0,0.0,0.0,0.0
2024-05-30 00:00:00+00:00,0.0,0.0,0.0,0.0
2024-05-30 01:00:00+00:00,0.0,0.0,0.0,0.0
2024-05-30 02:00:00+00:00,0.0,0.0,0.0,0.0
2024-05-30 03:00:00+00:00,0.0,0.0,0.0,0.0
2024-05-30 04:00:00+00:00,0.0,0.0,0.0,0.0
2024-05-30 05:00:00+00:00,0.0,0.0,0.0,0.0
2024-05-30 06:00:00+00:00,0.0,0.0,0.0,0.0
2024-05-30 07:00:00+00:00,0.0,0.0,0.0,0.0
2024-05-30 08:00:00+00:00,-0.01176,0.0,0.0,0.0
2024-05-30 09:00:00+00:00,0.0,0.0,0.0,0.0
2024-05-30 10:00:00+00:00,0.0,0.0,0.0,0.0
2024-05-30 11:00:00+00:00,0.0,0.0,0.0,0.0
2024-05-30 12:00:00+00:00,0.0,0.0,0.0,0.0
2024-05-30 13:00:00+00:00,0.0,0.0,0.0,0.0
2024-05-30 14:00:00+00:00,0.0,0.0,0.0,0.0
2024-05-30 15:00:00+00:00,-0.011611,0.0,0.0,0.0
2024-05-30 16:00:00+00:00,0.0,0.0,0.0,0.0
2024-05-30 17:00:00+00:00,0.0,0.0,0.0,0.0
2024-05-30 18:00:00+00:00,0.0,0.0,0.0,0.0
2024-05-30 19:00:00+00:00,-0.011543,0.0,0.0,0.0
2024-05-30 20:00:00+00:00,0.0,0.0,0.0,0.0
2024-05-30 21:00:00+00:00,0.0,0.0,0.0,0.0
2024-05-30 22:00:00+00:00,0.0,0.0,0.0,0.0
2024-05-30 23:00:00+00:00,0.0,0.0,0.0,0.0
2024-05-31 00:00:00+00:00,0.0,0.0,0.0,0.0
2024-05-31 01:00:00+00:00,0.0,0.0,0.0,0.0
2024-05-31 02:00:00+00:00,0.0,0.0,0.0,0.0
2024-05-31 03:00:00+00:00,0.0,0.0,0.0,0.0
2024-05-31 04:00:00+00:00,0.0,0.0,0.0,0.0
2024-05-31 05:00:00+00:00,0.0,0.0,0.0,0.0
2024-05-31 06:00:00+00:00,0.0,0.0,0.0,0.0
2024-05-31 07:00:00+00:00,0.0,0.0,0.0,0.0
2024-05-31 08:00:00+00:00,0.0,0.0,0.0,0.0
2024-05-31 09:00:00+00:00,0.0,0.0,0.0,0.0
2024-05-31 10:00:00+00:00,0.0,0.0,0.0,0.0
2024-05-31 11:00:00+00:00,0.0,0.0,0.0,0.0
2024-05-31 12:00:00+00:00,0.013003,0.0,0.0,0.0
2024-05-31 13:00:00+00:00,0.0,0.0,0.0,0.0
2024-05-31 14:00:00+00:00,0.0,0.0,0.0,0.0
2024-05-31 15:00:00+00:00,0.0,0.0,0.0,0.0
2024-05-31 16:00:00+00:00,0.0,0.0,0.0,0.0
2024-05-31 17:00:00+00:00,0.0,0.0,0.0,0.0
2024-05-31 18:00:00+00:00,0.0,0.0,0.0,0.0
2024-05-31 19:00:00+00:00,0.0,0.0,0.0,0.0
2024-05-31 20:00:00+00:00,0.0,0.0,0.0,0.0
2024-05-31 21:00:00+00:00,0.0,0.0,0.0,0.0
2024-05-31 22:00:00+00:00,0.0,0.0,0.0,0.0
2024-05-31 23:00:00+00:00,0.0,0.0,0.0,0.0
2024-06-01 00:00:00+00:00,0.0,0.0,0.0,0.0
2024-06-01 01:00:00+00:00,0.0,0.0,0.0,0.0
2024-06-01 02:00:00+00:00,0.0,0.0,0.0,0.0
2024-06-01 03:00:00+00:00,0.0,0.0,0.0,0.0
2024-06-01 04:00:00+00:00,0.0,0.0,0.0,0.0
2024-06-01 05:00:00+00:00,0.0,0.0,0.0,0.0
2024-06-01 06:00:00+00:00,0.0,0.0,0.0,0.0
2024-06-01 07:00:00+00:00,0.0,0.0,0.0,0.0
2024-06-01 08:00:00+00:00,0.0,0.0,0.0,0.0
2024-06-01 09:00:00+00:00,0.0,0.0,0.0,0.0
2024-06-01 10:00:00+00:00,0.0,0.0,0.0,0.0
2024-06-01 11:00:00+00:00,0.0,0.0,0.0,0.0
2024-06-01 12:00:00+00:00,0.0,0.0,0.0,0.0
2024-06-01 13:00:00+00:00,0.0,0.0,0.0,0.0
2024-06-01 14:00:00+00:00,0.0,0.0,0.0,0.0
2024-06-01 15:00:00+00:00,0.0,0.0,0.0,0.0
2024-06-01 16:00:00+00:00,0.0,0.0,0.0,0.0
2024-06-01 17:00:00+00:00,0.0,0.0,0.0,0.0
2024-06-01 18:00:00+00:00,0.0,0.0,0.0,0.0
2024-06-01 19:00:00+00:00,0.0,0.0,0.0,0.0
2024-06-01 20:00:00+00:00,0.0,0.0,0.0,0.0
2024-06-01 21:00:00+00:00,0.0,0.0,0.0,0.0
2024-06-01 22:00:00+00:00,0.0,0.0,0.0,0.0
2024-06-01 23:00:00+00:00,0.0,0.0,0.0,0.0
2024-06-02 00:00:00+00:00,0.0,0.0,0.0,0.0
2024-06-02 01:00:00+00:00,0.0,0.0,0.0,0.0
2024-06-02 02:00:00+00:00,0.0,0.0,0.0,0.0
2024-06-02 03:00:00+00:00,0.0,0.0,0.0,0.0
2024-06-02 04:00:00+00:00,0.0,0.0,0.0,0.0
2024-06-02 05:00:00+00:00,0.0,0.0,0.0,0.0
2024-06-02 06:00:00+00:00,0.0,0.0,0.0,0.0
2024-06-02 07:00:00+00:00,0.0,0.0,0.0,0.0
2024-06-02 08:00:00+00:00,0.0,0.0,0.0,0.0
2024-06-02 09:00:00+00:00,0.0,0.0,0.0,0.0
2024-06-02 10:00:00+00:00,0.0,0.0,0.0,0.0
2024-06-02 11:00:00+00:00,0.013452,0.0,0.0,0.0
2024-06-02 12:00:00+00:00,0.0,0.0,0.0,0.0
2024-06-02 13:00:00+00:00,0.0,0.0,0.0,0.0
2024-06-02 14:00:00+00:00,0.0,0.0,0.0,0.0
2024-06-02 15:00:00+00:00,0.0,0.0,0.0,0.0
2024-06-02 16:00:00+00:00,-0.012581,0.0,0.0,0.0
2024-06-02 17:00:00+00:00,0.0,0.0,0.0,0.0
2024-06-02 18:00:00+00:00,0.0,0.0,0.0,0.0
2024-06-02 19:00:00+00:00,0.0,0.0,0.0,0.0
2024-06-02 20:00:00+00:00,0.0,0.0,0.0,0.0
2024-06-02 21:00:00+00:00,0.0,0.0,0.0,0.0
2024-06-02 22:00:00+00:00,0.0,0.0,0.0,0.0
2024-06-02 23:00:00+00:00,0.0,0.0,0.0,0.0
2024-06-03 00:00:00+00:00,0.0,0.0,0.0,0.0
2024-06-03 01:00:00+00:00,0.0,0.0,0.0,0.0
2024-06-03 02:00:00+00:00,0.0,0.0,0.0,0.0
2024-06-03 03:00:00+00:00,0.0,0.0,0.0,0.0
2024-06-03 04:00:00+00:00,0.0,0.0,0.0,0.0
2024-06-03 05:00:00+00:00,0.0,0.0,0.0,0.0
2024-06-03 06:00:00+00:00,0.012782,0.0,0.0,0.0
2024-06-03 07:00:00+00:00,0.0,0.0,0.0,0.0
2024-06-03 08:00:00+00:00,0.0,0.0,0.0,0.0
2024-06-03 09:00:00+00:00,0.0,0.0,0.0,0.0
2024-06-03 10:00:00+00:00,0.0,0.0,0.0,0.0
2024-06-03 11:00:00+00:00,0.0,0.0,0.0,0.0
2024-06-03 12:00:00+00:00,0.012948,0.0,0.0,0.0
2024-06-03 13:00:00+00:00,0.0,0.0,0.0,0.0
2024-06-03 14:00:00+00:00,0.0,0.0,0.0,0.0
2024-06-03 15:00:00+00:00,0.0,0.0,0.0,0.0
2024-06-03 16:00:00+00:00,-0.011372,0.0,0.0,0.0
2024-06-03 17:00:00+00:00,0.0,0.0,0.0,0.0
2024-06-03 18:00:00+00:00,0.0,0.0,0.0,0.0
2024-06-03 19:00:00+00:00,0.0,0.0,0.0,0.0
2024-06-03 20:00:00+00:00,0.0,0.0,0.0,0.0
2024-06-03 21:00:00+00:00,0.0,0.0,0.0,0.0
2024-06-03 22:00:00+00:00,0.0,0.0,0.0,0.0
2024-06-03 23:00:00+00:00,0.0,0.0,0.0,0.0
2024-06-04 00:00:00+00:00,0.0,0.0,0.0,0.0
2024-06-04 01:00:00+00:00,0.0,0.0,0.0,0.0
2024-06-04 02:00:00+00:00,0.0,0.0,0.0,0.0
2024-06-04 03:00:00+00:00,0.0,0.0,0.0,0.0
2024-06-04 04:00:00+00:00,0.0,0.0,0.0,0.0
2024-06-04 05:00:00+00:00,0.0,0.0,0.0,0.0
2024-06-04 06:00:00+00:00,0.0,0.0,0.0,0.0
2024-06-04 07:00:00+00:00,0.0,0.0,0.0,0.0
2024-06-04 08:00:00+00:00,0.0,0.0,0.0,0.0
2024-06-04 09:00:00+00:00,0.0,0.0,0.0,0.0
2024-06-04 10:00:00+00:00,0.0,0.0,0.0,0.0
2024-06-04 11:00:00+00:00,0.0,0.0,0.0,0.0
2024-06-04 12:00:00+00:00,0.0,0.0,0.0,0.0
2024-06-04 13:00:00+00:00,0.0,0.0,0.0,0.0
2024-06-04 14:00:00+00:00,0.0,0.0,0.0,0.0
2024-06-04 15:00:00+00:00,0.013304,0.0,0.0,0.0
2024-06-04 16:00:00+00:00,0.0,0.0,0.0,0.0
2024-06-04 17:00:00+00:00,0.0,0.0,0.0,0.0
2024-06-04 18:00:00+00:00,0.0,0.0,0.0,0.0
2024-06-04 19:00:00+00:00,-0.01151,0.0,0.0,0.0
2024-06-04 20:00:00+00:00,0.0,0.0,0.0,0.0
2024-06-04 21:00:00+00:00,0.0,0.0,0.0,0.0
2024-06-04 22:00:00+00:00,0.0,0.0,0.0,0.0
2024-06-04 23:00:00+00:00,0.0,0.0,0.0,0.0
2024-06-05 00:00:00+00:00,0.0,0.0,0.0,0.0
2024-06-05 01:00:00+00:00,0.0,0.0,0.0,0.0
2024-06-05 02:00:00+00:00,0.0,0.0,0.0,0.0
2024-06-05 03:00:00+00:00,0.0,0.0,0.0,0.0
2024-06-05 04:00:00+00:00,0.0,0.0,0.0,0.0
2024-06-05 05:00:00+00:00,0.0,0.0,0.0,0.0
2024-06-05 06:00:00+00:00,0.0,0.0,0.0,0.0
2024-06-05 07:00:00+00:00,0.0,0.0,0.0,0.0
2024-06-05 08:00:00+00:00,0.0,0.0,0.0,0.0
2024-06-05 09:00:00+00:00,0.0,0.0,0.0,0.0
2024-06-05 10:00:00+00:00,0.0,0.0,0.0,0.0
2024-06-05 11:00:00+00:00,0.0,0.0,0.0,0.0
2024-06-05 12:00:00+00:00,0.0,0.0,0.0,0.0
2024-06-05 13:00:00+00:00,0.0,0.0,0.0,0.0
2024-06-05 14:00:00+00:00,0.0,0.0,0.0,0.0
2024-06-05 15:00:00+00:00,0.0,0.0,0.0,0.0
2024-06-05 16:00:00+00:00,0.0,0.0,0.0,0.0
2024-06-05 17:00:00+00:00,0.0,0.0,0.0,0.0
2024-06-05 18:00:00+00:00,0.0,0.0,0.0,0.0
2024-06-05 19:00:00+00:00,0.0,0.0,0.0,0.0
2024-06-05 20:00:00+00:00,0.0,0.0,0.0,0.0
2024-06-05 21:00:00+00:00,0.0,0.0,0.0,0.0
2024-06-05 22:00:00+00:00,0.0,0.0,0.0,0.0
2024-06-05 23:00:00+00:00,-0.01155,0.0,0.0,0.0
2024-06-06 00:00:00+00:00,0.0,0.0,0.0,0.0
2024-06-06 01:00:00+00:00,0.0,0.0,0.0,0.0
2024-06-06 02:00:00+00:00,0.0,0.0,0.0,0.0
2024-06-06 03:00:00+00:00,0.0,0.0,0.0,0.0
2024-06-06 04:00:00+00:00,0.0,0.0,0.0,0.0
2024-06-06 05:00:00+00:00,0.0,0.0,0.0,0.0
2024-06-06 06:00:00+00:00,0.0,0.0,0.0,0.0
2024-06-06 07:00:00+00:00,0.0,0.0,0.0,0.0
2024-06-06 08:00:00+00:00,0.0,0.0,0.0,0.0
2024-06-06 09:00:00+00:00,0.0,0.0,0.0,0.0
2024-06-06 10:00:00+00:00,0.0,0.0,0.0,0.0
2024-06-06 11:00:00+00:00,0.0,0.0,0.0,0.0
2024-06-06 12:00:00+00:00,0.0,0.0,0.0,0.0
2024-06-06 13:00:00+00:00,0.0,0.0,0.0,0.0
2024-06-06 14:00:00+00:00,0.0,0.0,0.0,0.0
2024-06-06 15:00:00+00:00,0.0,0.0,0.0,0.0
2024-06-06 16:00:00+00:00,-0.012046,0.0,0.0,0.0
2024-06-06 17:00:00+00:00,0.0,0.0,0.0,0.0
2024-06-06 18:00:00+00:00,0.0,0.0,0.0,0.0
2024-06-06 19:00:00+00:00,0.0,0.0,0.0,0.0
2024-06-06 20:00:00+00:00,0.0,0.0,0.0,0.0
2024-06-06 21:00:00+00:00,0.0,0.0,0.0,0.0
2024-06-06 22:00:00+00:00,0.0,0.0,0.0,0.0
2024-06-06 23:00:00+00:00,0.0,0.0,0.0,0.0
2024-06-07 00:00:00+00:00,0.0,0.0,0.0,0.0
2024-06-07 01:00:00+00:00,0.0,0.0,0.0,0.0
2024-06-07 02:00:00+00:00,0.0,0.0,0.0,0.0
2024-06-07 03:00:00+00:00,0.0,0.0,0.0,0.0
2024-06-07 04:00:00+00:00,0.0,0.0,0.0,0.0
2024-06-07 05:00:00+00:00,0.0,0.0,0.0,0.0
2024-06-07 06:00:00+00:00,0.0,0.0,0.0,0.0
2024-06-07 07:00:00+00:00,0.0,0.0,0.0,0.0
2024-06-07 08:00:00+00:00,0.0,0.0,0.0,0.0
2024-06-07 09:00:00+00:00,0.0,0.0,0.0,0.0
2024-06-07 10:00:00+00:00,0.0,0.0,0.0,0.0
2024-06-07 11:00:00+00:00,0.0,0.0,0.0,0.0
2024-06-07 12:00:00+00:00,0.0,0.0,0.0,0.0
2024-06-07 13:00:00+00:00,0.0,0.0,0.0,0.0
2024-06-07 14:00:00+00:00,0.003079,0.0,0.0,0.0
2024-06-07 15:00:00+00:00,0.0,0.0,0.0,0.0
2024-06-07 16:00:00+00:00,0.0,0.0,0.0,0.0
2024-06-07 17:00:00+00:00,0.0,0.0,0.0,0.0
2024-06-07 18:00:00+00:00,0.0,0.0,0.0,0.0
2024-06-07 19:00:00+00:00,0.0,0.0,0.0,0.0
2024-06-07 20:00:00+00:00,0.0,0.0,0.0,0.0
2024-06-07 21:00:00+00:00,0.0,0.0,0.0,0.0
2024-06-07 22:00:00+00:00,0.0,0.0,0.0,0.0
2024-06-07 23:00:00+00:00,0.0,0.0,0.0,0.0
2024-06-08 00:00:00+00:00,0.0,0.0,0.0,0.0
2024-06-08 01:00:00+00:00,0.0,0.0,0.0,0.0
2024-06-08 02:00:00+00:00,0.0,0.0,0.0,0.0
2024-06-08 03:00:00+00:00,0.0,0.0,0.0,0.0
2024-06-08 04:00:00+00:00,0.0,0.0,0.0,0.0
2024-06-08 05:00:00+00:00,0.0,0.0,0.0,0.0
2024-06-08 06:00:00+00:00,0.0,0.0,0.0,0.0
2024-06-08 07:00:00+00:00,0.0,0.0,0.0,0.0
2024-06-08 08:00:00+00:00,0.0,0.0,0.0,0.0
2024-06-08 09:00:00+00:00,0.0,0.0,0.0,0.0
2024-06-08 10:00:00+00:00,0.0,0.0,0.0,0.0
2024-06-08 11:00:00+00:00,0.0,0.0,0.0,0.0
2024-06-08 12:00:00+00:00,0.0,0.0,0.0,0.0
2024-06-08 13:00:00+00:00,0.0,0.0,0.0,0.0
2024-06-08 14:00:00+00:00,0.0,0.0,0.0,0.0
2024-06-08 15:00:00+00:00,0.0,0.0,0.0,0.0
2024-06-08 16:00:00+00:00,0.0,0.0,0.0,0.0
2024-06-08 17:00:00+00:00,0.0,0.0,0.0,0.0
2024-06-08 18:00:00+00:00,0.0,0.0,0.0,0.0
2024-06-08 19:00:00+00:00,0.0,0.0,0.0,0.0
2024-06-08 20:00:00+00:00,0.0,0.0,0.0,0.0
2024-06-08 21:00:00+00:00,0.0,0.0,0.0,0.0
2024-06-08 22:00:00+00:00,0.0,0.0,0.0,0.0
2024-06-08 23:00:00+00:00,0.0,0.0,0.0,0.0
2024-06-09 00:00:00+00:00,0.0,0.0,0.0,0.0
2024-06-09 01:00:00+00:00,0.0,0.0,0.0,0.0
2024-06-09 02:00:00+00:00,-0.012755,0.0,0.0,0.0
2024-06-09 03:00:00+00:00,0.0,0.0,0.0,0.0
2024-06-09 04:00:00+00:00,0.0,0.0,0.0,0.0
2024-06-09 05:00:00+00:00,0.0,0.0,0.0,0.0
2024-06-09 06:00:00+00:00,0.0,0.0,0.0,0.0
2024-06-09 07:00:00+00:00,0.0,0.0,0.0,0.0
2024-06-09 08:00:00+00:00,0.0,0.0,0.0,0.0
2024-06-09 09:00:00+00:00,0.0,0.0,0.0,0.0
2024-06-09 10:00:00+00:00,0.0,0.0,0.0,0.0
2024-06-09 11:00:00+00:00,0.0,0.0,0.0,0.0
2024-06-09 12:00:00+00:00,0.009986,0.0,0.0,0.0
2024-06-09 13:00:00+00:00,0.0,0.0,0.0,0.0
2024-06-09 14:00:00+00:00,0.0,0.0,0.0,0.0
2024-06-09 15:00:00+00:00,0.0,0.0,0.0,0.0
2024-06-09 16:00:00+00:00,0.0,0.0,0.0,0.0
2024-06-09 17:00:00+00:00,0.0,0.0,0.0,0.0
2024-06-09 18:00:00+00:00,0.0,0.0,0.0,0.0
2024-06-09 19:00:00+00:00,0.0,0.0,0.0,0.0
2024-06-09 20:00:00+00:00,0.0,0.0,0.0,0.0
2024-06-09 21:00:00+00:00,0.0,0.0,0.0,0.0
2024-06-09 22:00:00+00:00,0.0,0.0,0.0,0.0
2024-06-09 23:00:00+00:00,0.0,0.0,0.0,0.0
2024-06-10 00:00:00+00:00,0.001263,0.0,0.0,0.0
2024-06-10 01:00:00+00:00,0.0,0.0,0.0,0.0
2024-06-10 02:00:00+00:00,0.0,0.0,0.0,0.0
2024-06-10 03:00:00+00:00,0.0,0.0,0.0,0.0
2024-06-10 04:00:00+00:00,0.0,0.0,0.0,0.0
2024-06-10 05:00:00+00:00,0.0,0.0,0.0,0.0
2024-06-10 06:00:00+00:00,0.0,0.0,0.0,0.0
2024-06-10 07:00:00+00:00,0.0,0.0,0.0,0.0
2024-06-10 08:00:00+00:00,0.0,0.0,0.0,0.0
2024-06-10 09:00:00+00:00,0.0,0.0,0.0,0.0
2024-06-10 10:00:00+00:00,0.0,0.0,0.0,0.0
2024-06-10 11:00:00+00:00,0.0,0.0,0.0,0.0
2024-06-10 12:00:00+00:00,0.0,0.0,0.0,0.0
2024-06-10 13:00:00+00:00,0.0,0.0,0.0,0.0
2024-06-10 14:00:00+00:00,0.0,0.0,0.0,0.0
2024-06-10 15:00:00+00:00,0.0,0.0,0.0,0.0
2024-06-10 16:00:00+00:00,0.0,0.0,0.0,0.0
2024-06-10 17:00:00+00:00,0.0,0.0,0.0,0.0
2024-06-10 18:00:00+00:00,0.0,0.0,0.0,0.0
2024-06-10 19:00:00+00:00,-0.0127879999999999,0.0,0.0,0.0
2024-06-10 20:00:00+00:00,0.0,0.0,0.0,0.0
2024-06-10 21:00:00+00:00,0.0,0.0,0.0,0.0
2024-06-10 22:00:00+00:00,0.0,0.0,0.0,0.0
2024-06-10 23:00:00+00:00,0.0,0.0,0.0,0.0
2024-06-11 00:00:00+00:00,0.0,0.0,0.0,0.0
2024-06-11 01:00:00+00:00,0.0,0.0,0.0,0.0
2024-06-11 02:00:00+00:00,0.0,0.0,0.0,0.0
2024-06-11 03:00:00+00:00,0.0,0.0,0.0,0.0
2024-06-11 04:00:00+00:00,-0.011906,0.0,0.0,0.0
2024-06-11 05:00:00+00:00,0.0,0.0,0.0,0.0
2024-06-11 06:00:00+00:00,0.0,0.0,0.0,0.0
2024-06-11 07:00:00+00:00,0.0,0.0,0.0,0.0
2024-06-11 08:00:00+00:00,0.0,0.0,0.0,0.0
2024-06-11 09:00:00+00:00,0.0,0.0,0.0,0.0
2024-06-11 10:00:00+00:00,0.0,0.0,0.0,0.0
2024-06-11 11:00:00+00:00,0.0,0.0,0.0,0.0
2024-06-11 12:00:00+00:00,0.0,0.0,0.0,0.0
2024-06-11 13:00:00+00:00,0.0,0.0,0.0,0.0
2024-06-11 14:00:00+00:00,0.0,0.0,0.0,0.0
2024-06-11 15:00:00+00:00,0.0,0.0,0.0,0.0
2024-06-11 16:00:00+00:00,0.0,0.0,0.0,0.0
2024-06-11 17:00:00+00:00,0.0,0.0,0.0,0.0
2024-06-11 18:00:00+00:00,0.0,0.0,0.0,0.0
2024-06-11 19:00:00+00:00,0.0,0.0,0.0,0.0
2024-06-11 20:00:00+00:00,0.0,0.0,0.0,0.0
2024-06-11 21:00:00+00:00,0.0,0.0,0.0,0.0
2024-06-11 22:00:00+00:00,0.0,0.0,0.0,0.0
2024-06-11 23:00:00+00:00,0.0,0.0,0.0,0.0
2024-06-12 00:00:00+00:00,0.0,0.0,0.0,0.0
2024-06-12 01:00:00+00:00,0.0,0.0,0.0,0.0
2024-06-12 02:00:00+00:00,0.0,0.0,0.0,0.0
2024-06-12 03:00:00+00:00,0.0,0.0,0.0,0.0
2024-06-12 04:00:00+00:00,0.0,0.0,0.0,0.0
2024-06-12 05:00:00+00:00,0.0,0.0,0.0,0.0
2024-06-12 06:00:00+00:00,0.0,0.0,0.0,0.0
2024-06-12 07:00:00+00:00,0.0,0.0,0.0,0.0
2024-06-12 08:00:00+00:00,0.0,0.0,0.0,0.0
2024-06-12 09:00:00+00:00,0.0,0.0,0.0,0.0
2024-06-12 10:00:00+00:00,0.013206,0.0,0.0,0.0
2024-06-12 11:00:00+00:00,0.0,0.0,0.0,0.0
2024-06-12 12:00:00+00:00,0.0,0.0,0.0,0.0
2024-06-12 13:00:00+00:00,0.0,0.0,0.0,0.0
2024-06-12 14:00:00+00:00,0.0,0.0,0.0,0.0
2024-06-12 15:00:00+00:00,0.0,0.0,0.0,0.0
2024-06-12 16:00:00+00:00,0.003493,0.0,0.0,0.0
2024-06-12 17:00:00+00:00,0.0,0.0,0.0,0.0
2024-06-12 18:00:00+00:00,0.0,0.0,0.0,0.0
2024-06-12 19:00:00+00:00,0.0,0.0,0.0,0.0
2024-06-12 20:00:00+00:00,0.0,0.0,0.0,0.0
2024-06-12 21:00:00+00:00,0.0,0.0,0.0,0.0
2024-06-12 22:00:00+00:00,0.0,0.0,0.0,0.0
2024-06-12 23:00:00+00:00,0.0,0.0,0.0,0.0
2024-06-13 00:00:00+00:00,0.0,0.0,0.0,0.0
2024-06-13 01:00:00+00:00,0.0,0.0,0.0,0.0
2024-06-13 02:00:00+00:00,0.0,0.0,0.0,0.0
2024-06-13 03:00:00+00:00,0.0,0.0,0.0,0.0
2024-06-13 04:00:00+00:00,0.0,0.0,0.0,0.0
2024-06-13 05:00:00+00:00,0.0,0.0,0.0,0.0
2024-06-13 06:00:00+00:00,0.0,0.0,0.0,0.0
2024-06-13 07:00:00+00:00,0.0,0.0,0.0,0.0
2024-06-13 08:00:00+00:00,0.0,0.0,0.0,0.0
2024-06-13 09:00:00+00:00,0.0,0.0,0.0,0.0
2024-06-13 10:00:00+00:00,0.0,0.0,0.0,0.0
2024-06-13 11:00:00+00:00,0.0,0.0,0.0,0.0
2024-06-13 12:00:00+00:00,0.0,0.0,0.0,0.0
2024-06-13 13:00:00+00:00,0.0,0.0,0.0,0.0
2024-06-13 14:00:00+00:00,0.0,0.0,0.0,0.0
2024-06-13 15:00:00+00:00,0.0,0.0,0.0,0.0
2024-06-13 16:00:00+00:00,0.0,0.0,0.0,0.0
2024-06-13 17:00:00+00:00,0.0,0.0,0.0,0.0
2024-06-13 18:00:00+00:00,0.0,0.0,0.0,0.0
2024-06-13 19:00:00+00:00,0.0,0.0,0.0,0.0
2024-06-13 20:00:00+00:00,0.0,0.0,0.0,0.0
2024-06-13 21:00:00+00:00,0.0,0.0,0.0,0.0
2024-06-13 22:00:00+00:00,0.0,0.0,0.0,0.0
2024-06-13 23:00:00+00:00,0.0,0.0,0.0,0.0
2024-06-14 00:00:00+00:00,0.0,0.0,0.0,0.0
2024-06-14 01:00:00+00:00,0.0,0.0,0.0,0.0
2024-06-14 02:00:00+00:00,0.0,0.0,0.0,0.0
2024-06-14 03:00:00+00:00,0.0,0.0,0.0,0.0
2024-06-14 04:00:00+00:00,0.0,0.0,0.0,0.0
2024-06-14 05:00:00+00:00,0.0,0.0,0.0,0.0
2024-06-14 06:00:00+00:00,0.0,0.0,0.0,0.0
2024-06-14 07:00:00+00:00,0.0,0.0,0.0,0.0
2024-06-14 08:00:00+00:00,0.0,0.0,0.0,0.0
2024-06-14 09:00:00+00:00,0.0,0.0,0.0,0.0
2024-06-14 10:00:00+00:00,0.0,0.0,0.0,0.0
2024-06-14 11:00:00+00:00,0.0,0.0,0.0,0.0
2024-06-14 12:00:00+00:00,0.0,0.0,0.0,0.0
2024-06-14 13:00:00+00:00,0.0,0.0,0.0,0.0
2024-06-14 14:00:00+00:00,0.0,0.0,0.0,0.0
2024-06-14 15:00:00+00:00,0.0,0.0,0.0,0.0
2024-06-14 16:00:00+00:00,0.0,0.0,0.0,0.0
2024-06-14 17:00:00+00:00,0.0,0.0,0.0,0.0
2024-06-14 18:00:00+00:00,0.0,0.0,0.0,0.0
2024-06-14 19:00:00+00:00,0.0,0.0,0.0,0.0
2024-06-14 20:00:00+00:00,0.0,0.0,0.0,0.0
2024-06-14 21:00:00+00:00,0.0,0.0,0.0,0.0
2024-06-14 22:00:00+00:00,0.0,0.0,0.0,0.0
2024-06-14 23:00:00+00:00,0.0,0.0,0.0,0.0
2024-06-15 00:00:00+00:00,0.0,0.0,0.0,0.0
2024-06-15 01:00:00+00:00,0.0,0.0,0.0,0.0
2024-06-15 02:00:00+00:00,0.0,0.0,0.0,0.0
2024-06-15 03:00:00+00:00,0.0,0.0,0.0,0.0
2024-06-15 04:00:00+00:00,0.0,0.0,0.0,0.0
2024-06-15 05:00:00+00:00,0.0,0.0,0.0,0.0
2024-06-15 06:00:00+00:00,0.0,0.0,0.0,0.0
2024-06-15 07:00:00+00:00,0.0,0.0,0.0,0.0
2024-06-15 08:00:00+00:00,0.0,0.0,0.0,0.0
2024-06-15 09:00:00+00:00,0.0,0.0,0.0,0.0
2024-06-15 10:00:00+00:00,0.0,0.0,0.0,0.0
2024-06-15 11:00:00+00:00,0.0,0.0,0.0,0.0
2024-06-15 12:00:00+00:00,0.0,0.0,0.0,0.0
2024-06-15 13:00:00+00:00,0.0,0.0,0.0,0.0
2024-06-15 14:00:00+00:00,0.0,0.0,0.0,0.0
2024-06-15 15:00:00+00:00,0.0,0.0,0.0,0.0
2024-06-15 16:00:00+00:00,0.0,0.0,0.0,0.0
2024-06-15 17:00:00+00:00,0.0,0.0,0.0,0.0
2024-06-15 18:00:00+00:00,0.0,0.0,0.0,0.0
2024-06-15 19:00:00+00:00,0.0,0.0,0.0,0.0
2024-06-15 20:00:00+00:00,0.0,0.0,0.0,0.0
2024-06-15 21:00:00+00:00,0.0,0.0,0.0,0.0
2024-06-15 22:00:00+00:00,0.0,0.0,0.0,0.0
2024-06-15 23:00:00+00:00,0.0,0.0,0.0,0.0
2024-06-16 00:00:00+00:00,0.0,0.0,0.0,0.0
2024-06-16 01:00:00+00:00,0.0,0.0,0.0,0.0
2024-06-16 02:00:00+00:00,0.0,0.0,0.0,0.0
2024-06-16 03:00:00+00:00,0.0,0.0,0.0,0.0
2024-06-16 04:00:00+00:00,0.0,0.0,0.0,0.0
2024-06-16 05:00:00+00:00,0.0,0.0,0.0,0.0
2024-06-16 06:00:00+00:00,0.0,0.0,0.0,0.0
2024-06-16 07:00:00+00:00,0.0,0.0,0.0,0.0
2024-06-16 08:00:00+00:00,0.0,0.0,0.0,0.0
2024-06-16 09:00:00+00:00,0.0,0.0,0.0,0.0
2024-06-16 10:00:00+00:00,0.0,0.0,0.0,0.0
2024-06-16 11:00:00+00:00,0.0,0.0,0.0,0.0
2024-06-16 12:00:00+00:00,0.0,0.0,0.0,0.0
2024-06-16 13:00:00+00:00,0.0,0.0,0.0,0.0
2024-06-16 14:00:00+00:00,0.0,0.0,0.0,0.0
2024-06-16 15:00:00+00:00,0.0,0.0,0.0,0.0
2024-06-16 16:00:00+00:00,0.0,0.0,0.0,0.0
2024-06-16 17:00:00+00:00,0.0,0.0,0.0,0.0
2024-06-16 18:00:00+00:00,0.0,0.0,0.0,0.0
2024-06-16 19:00:00+00:00,0.0,0.0,0.0,0.0
2024-06-16 20:00:00+00:00,0.0,0.0,0.0,0.0
2024-06-16 21:00:00+00:00,0.0,0.0,0.0,0.0
2024-06-16 22:00:00+00:00,0.0,0.0,0.0,0.0
2024-06-16 23:00:00+00:00,0.0,0.0,0.0,0.0
2024-06-17 00:00:00+00:00,0.0,0.0,0.0,0.0
2024-06-17 01:00:00+00:00,0.0,0.0,0.0,0.0
2024-06-17 02:00:00+00:00,0.0,0.0,0.0,0.0
2024-06-17 03:00:00+00:00,0.0,0.0,0.0,0.0
2024-06-17 04:00:00+00:00,0.0,0.0,0.0,0.0
2024-06-17 05:00:00+00:00,0.0,0.0,0.0,0.0
2024-06-17 06:00:00+00:00,0.0,0.0,0.0,0.0
2024-06-17 07:00:00+00:00,0.0,0.0,0.0,0.0
2024-06-17 08:00:00+00:00,0.0,0.0,0.0,0.0
2024-06-17 09:00:00+00:00,0.0,0.0,0.0,0.0
2024-06-17 10:00:00+00:00,0.0,0.0,0.0,0.0
2024-06-17 11:00:00+00:00,0.0,0.0,0.0,0.0
2024-06-17 12:00:00+00:00,0.0,0.0,0.0,0.0
2024-06-17 13:00:00+00:00,0.0,0.0,0.0,0.0
2024-06-17 14:00:00+00:00,0.0,0.0,0.0,0.0
2024-06-17 15:00:00+00:00,0.0,0.0,0.0,0.0
2024-06-17 16:00:00+00:00,0.0,0.0,0.0,0.0
2024-06-17 17:00:00+00:00,0.0,0.0,0.0,0.0
2024-06-17 18:00:00+00:00,0.0,0.0,0.0,0.0
2024-06-17 19:00:00+00:00,0.0,0.0,0.0,0.0
2024-06-17 20:00:00+00:00,0.0,0.0,0.0,0.0
2024-06-17 21:00:00+00:00,0.0,0.0,0.0,0.0
2024-06-17 22:00:00+00:00,0.0,0.0,0.0,0.0
2024-06-17 23:00:00+00:00,0.0,0.0,0.0,0.0
2024-06-18 00:00:00+00:00,0.0,0.0,0.0,0.0
2024-06-18 01:00:00+00:00,0.0,0.0,0.0,0.0
2024-06-18 02:00:00+00:00,0.0,0.0,0.0,0.0
2024-06-18 03:00:00+00:00,0.0,0.0,0.0,0.0
2024-06-18 04:00:00+00:00,0.0,0.0,0.0,0.0
2024-06-18 05:00:00+00:00,0.0,0.0,0.0,0.0
2024-06-18 06:00:00+00:00,0.0,0.0,0.0,0.0
2024-06-18 07:00:00+00:00,0.0,0.0,0.0,0.0
2024-06-18 08:00:00+00:00,0.0,0.0,0.0,0.0
2024-06-18 09:00:00+00:00,0.0,0.0,0.0,0.0
2024-06-18 10:00:00+00:00,0.0,0.0,0.0,0.0
2024-06-18 11:00:00+00:00,0.0,0.0,0.0,0.0
2024-06-18 12:00:00+00:00,0.0,0.0,0.0,0.0
2024-06-18 13:00:00+00:00,0.0,0.0,0.0,0.0
2024-06-18 14:00:00+00:00,0.0,0.0,0.0,0.0
2024-06-18 15:00:00+00:00,0.0,0.0,0.0,0.0
2024-06-18 16:00:00+00:00,0.0,0.0,0.0,0.0
2024-06-18 17:00:00+00:00,0.0,0.0,0.0,0.0
2024-06-18 18:00:00+00:00,0.0,0.0,0.0,0.0
2024-06-18 19:00:00+00:00,0.0,0.0,0.0,0.0
2024-06-18 20:00:00+00:00,0.0,0.0,0.0,0.0
2024-06-18 21:00:00+00:00,0.0,0.0,0.0,0.0
2024-06-18 22:00:00+00:00,0.0,0.0,0.0,0.0
2024-06-18 23:00:00+00:00,0.0,0.0,0.0,0.0
2024-06-19 00:00:00+00:00,0.0,0.0,0.0,0.0
2024-06-19 01:00:00+00:00,0.0,0.0,0.0,0.0
2024-06-19 02:00:00+00:00,0.0,0.0,0.0,0.0
2024-06-19 03:00:00+00:00,0.0,0.0,0.0,0.0
2024-06-19 04:00:00+00:00,0.0,0.0,0.0,0.0
2024-06-19 05:00:00+00:00,0.0,0.0,0.0,0.0
2024-06-19 06:00:00+00:00,0.0,0.0,0.0,0.0
2024-06-19 07:00:00+00:00,0.0,0.0,0.0,0.0
2024-06-19 08:00:00+00:00,0.0,0.0,0.0,0.0
2024-06-19 09:00:00+00:00,0.0,0.0,0.0,0.0
2024-06-19 10:00:00+00:00,0.0,0.0,0.0,0.0
2024-06-19 11:00:00+00:00,0.0,0.0,0.0,0.0
2024-06-19 12:00:00+00:00,0.0,0.0,0.0,0.0
2024-06-19 13:00:00+00:00,0.0,0.0,0.0,0.0
2024-06-19 14:00:00+00:00,0.0,0.0,0.0,0.0
2024-06-19 15:00:00+00:00,0.0,0.0,0.0,0.0
2024-06-19 16:00:00+00:00,0.0,0.0,0.0,0.0
2024-06-19 17:00:00+00:00,0.0,0.0,0.0,0.0
2024-06-19 18:00:00+00:00,0.0,0.0,0.0,0.0
2024-06-19 19:00:00+00:00,0.0,0.0,0.0,0.0
2024-06-19 20:00:00+00:00,0.0,0.0,0.0,0.0
2024-06-19 21:00:00+00:00,0.0,0.0,0.0,0.0
2024-06-19 22:00:00+00:00,0.0,0.0,0.0,0.0
2024-06-19 23:00:00+00:00,0.0,0.0,0.0,0.0
2024-06-20 00:00:00+00:00,0.0,0.0,0.0,0.0
2024-06-20 01:00:00+00:00,0.0,0.0,0.0,0.0
2024-06-20 02:00:00+00:00,0.0,0.0,0.0,0.0
2024-06-20 03:00:00+00:00,0.0,0.0,0.0,0.0
2024-06-20 04:00:00+00:00,0.0,0.0,0.0,0.0
2024-06-20 05:00:00+00:00,0.0,0.0,0.0,0.0
2024-06-20 06:00:00+00:00,0.0,0.0,0.0,0.0
2024-06-20 07:00:00+00:00,0.0,0.0,0.0,0.0
2024-06-20 08:00:00+00:00,0.0,0.0,0.0,0.0
2024-06-20 09:00:00+00:00,0.0,0.0,0.0,0.0
2024-06-20 10:00:00+00:00,0.0,0.0,0.0,0.0
2024-06-20 11:00:00+00:00,0.0,0.0,0.0,0.0
2024-06-20 12:00:00+00:00,0.0,0.0,0.0,0.0
2024-06-20 13:00:00+00:00,0.0,0.0,0.0,0.0
2024-06-20 14:00:00+00:00,0.0,0.0,0.0,0.0
2024-06-20 15:00:00+00:00,0.0,0.0,0.0,0.0
2024-06-20 16:00:00+00:00,0.0,0.0,0.0,0.0
2024-06-20 17:00:00+00:00,0.0,0.0,0.0,0.0
2024-06-20 18:00:00+00:00,0.0,0.0,0.0,0.0
2024-06-20 19:00:00+00:00,0.0,0.0,0.0,0.0
2024-06-20 20:00:00+00:00,0.0,0.0,0.0,0.0
2024-06-20 21:00:00+00:00,0.0,0.0,0.0,0.0
2024-06-20 22:00:00+00:00,0.0,0.0,0.0,0.0
2024-06-20 23:00:00+00:00,0.0,0.0,0.0,0.0
2024-06-21 00:00:00+00:00,0.0,0.0,0.0,0.0
2024-06-21 01:00:00+00:00,0.0,0.0,0.0,0.0
2024-06-21 02:00:00+00:00,0.0,0.0,0.0,0.0
2024-06-21 03:00:00+00:00,0.0,0.0,0.0,0.0
2024-06-21 04:00:00+00:00,0.0,0.0,0.0,0.0
2024-06-21 05:00:00+00:00,0.0,0.0,0.0,0.0
2024-06-21 06:00:00+00:00,0.0,0.0,0.0,0.0
2024-06-21 07:00:00+00:00,0.0,0.0,0.0,0.0
2024-06-21 08:00:00+00:00,0.0,0.0,0.0,0.0
2024-06-21 09:00:00+00:00,0.0,0.0,0.0,0.0
2024-06-21 10:00:00+00:00,0.0,0.0,0.0,0.0
2024-06-21 11:00:00+00:00,0.0,0.0,0.0,0.0
2024-06-21 12:00:00+00:00,0.0,0.0,0.0,0.0
2024-06-21 13:00:00+00:00,0.0,0.0,0.0,0.0
2024-06-21 14:00:00+00:00,0.0,0.0,0.0,0.0
2024-06-21 15:00:00+00:00,0.0,0.0,0.0,0.0
2024-06-21 16:00:00+00:00,0.0,0.0,0.0,0.0
2024-06-21 17:00:00+00:00,0.0,0.0,0.0,0.0
2024-06-21 18:00:00+00:00,0.0,0.0,0.0,0.0
2024-06-21 19:00:00+00:00,0.0,0.0,0.0,0.0
2024-06-21 20:00:00+00:00,0.0,0.0,0.0,0.0
2024-06-21 21:00:00+00:00,0.0,0.0,0.0,0.0
2024-06-21 22:00:00+00:00,0.0,0.0,0.0,0.0
2024-06-21 23:00:00+00:00,0.0,0.0,0.0,0.0
2024-06-22 00:00:00+00:00,0.0,0.0,0.0,0.0
2024-06-22 01:00:00+00:00,0.0,0.0,0.0,0.0
2024-06-22 02:00:00+00:00,0.0,0.0,0.0,0.0
2024-06-22 03:00:00+00:00,0.0,0.0,0.0,0.0
2024-06-22 04:00:00+00:00,0.0,0.0,0.0,0.0
2024-06-22 05:00:00+00:00,0.0,0.0,0.0,0.0
2024-06-22 06:00:00+00:00,0.0,0.0,0.0,0.0
2024-06-22 07:00:00+00:00,0.0,0.0,0.0,0.0
2024-06-22 08:00:00+00:00,0.0,0.0,0.0,0.0
2024-06-22 09:00:00+00:00,0.0,0.0,0.0,0.0
2024-06-22 10:00:00+00:00,0.0,0.0,0.0,0.0
2024-06-22 11:00:00+00:00,0.0,0.0,0.0,0.0
2024-06-22 12:00:00+00:00,0.0,0.0,0.0,0.0
2024-06-22 13:00:00+00:00,0.0,0.0,0.0,0.0
2024-06-22 14:00:00+00:00,0.0,0.0,0.0,0.0
2024-06-22 15:00:00+00:00,0.0,0.0,0.0,0.0
2024-06-22 16:00:00+00:00,0.0,0.0,0.0,0.0
2024-06-22 17:00:00+00:00,0.0,0.0,0.0,0.0
2024-06-22 18:00:00+00:00,0.0,0.0,0.0,0.0
2024-06-22 19:00:00+00:00,0.0,0.0,0.0,0.0
2024-06-22 20:00:00+00:00,0.0,0.0,0.0,0.0
2024-06-22 21:00:00+00:00,0.0,0.0,0.0,0.0
2024-06-22 22:00:00+00:00,0.0,0.0,0.0,0.0
2024-06-22 23:00:00+00:00,0.0,0.0,0.0,0.0
2024-06-23 00:00:00+00:00,0.0,0.0,0.0,0.0
2024-06-23 01:00:00+00:00,0.0,0.0,0.0,0.0
2024-06-23 02:00:00+00:00,0.0,0.0,0.0,0.0
2024-06-23 03:00:00+00:00,0.0,0.0,0.0,0.0
2024-06-23 04:00:00+00:00,0.0,0.0,0.0,0.0
2024-06-23 05:00:00+00:00,0.0,0.0,0.0,0.0
2024-06-23 06:00:00+00:00,0.0,0.0,0.0,0.0
2024-06-23 07:00:00+00:00,0.0,0.0,0.0,0.0
2024-06-23 08:00:00+00:00,0.0,0.0,0.0,0.0
2024-06-23 09:00:00+00:00,0.0,0.0,0.0,0.0
2024-06-23 10:00:00+00:00,0.0,0.0,0.0,0.0
2024-06-23 11:00:00+00:00,0.0,0.0,0.0,0.0
2024-06-23 12:00:00+00:00,0.0,0.0,0.0,0.0
2024-06-23 13:00:00+00:00,0.0,0.0,0.0,0.0
2024-06-23 14:00:00+00:00,0.0,0.0,0.0,0.0
2024-06-23 15:00:00+00:00,0.0,0.0,0.0,0.0
2024-06-23 16:00:00+00:00,0.0,0.0,0.0,0.0
2024-06-23 17:00:00+00:00,0.0,0.0,0.0,0.0
2024-06-23 18:00:00+00:00,0.0,0.0,0.0,0.0
2024-06-23 19:00:00+00:00,0.0,0.0,0.0,0.0
2024-06-23 20:00:00+00:00,0.0,0.0,0.0,0.0
2024-06-23 21:00:00+00:00,0.0,0.0,0.0,0.0
2024-06-23 22:00:00+00:00,0.0,0.0,0.0,0.0
2024-06-23 23:00:00+00:00,0.0,0.0,0.0,0.0
2024-06-24 00:00:00+00:00,0.0,0.0,0.0,0.0
2024-06-24 01:00:00+00:00,0.0,0.0,0.0,0.0
2024-06-24 02:00:00+00:00,0.0,0.0,0.0,0.0
2024-06-24 03:00:00+00:00,0.0,0.0,0.0,0.0
2024-06-24 04:00:00+00:00,0.0,0.0,0.0,0.0
2024-06-24 05:00:00+00:00,0.0,0.0,0.0,0.0
2024-06-24 06:00:00+00:00,0.0,0.0,0.0,0.0
2024-06-24 07:00:00+00:00,0.0,0.0,0.0,0.0
2024-06-24 08:00:00+00:00,0.0,0.0,0.0,0.0
2024-06-24 09:00:00+00:00,0.0,0.0,0.0,0.0
2024-06-24 10:00:00+00:00,0.0,0.0,0.0,0.0
2024-06-24 11:00:00+00:00,0.0,0.0,0.0,0.0
2024-06-24 12:00:00+00:00,0.0,0.0,0.0,0.0
2024-06-24 13:00:00+00:00,0.0,0.0,0.0,0.0
2024-06-24 14:00:00+00:00,0.0,0.0,0.0,0.0
2024-06-24 15:00:00+00:00,0.0,0.0,0.0,0.0
2024-06-24 16:00:00+00:00,0.0,0.0,0.0,0.0
2024-06-24 17:00:00+00:00,0.0,0.0,0.0,0.0
2024-06-24 18:00:00+00:00,0.0,0.0,0.0,0.0
2024-06-24 19:00:00+00:00,0.0,0.0,0.0,0.0
2024-06-24 20:00:00+00:00,0.0,0.0,0.0,0.0
2024-06-24 21:00:00+00:00,0.0,0.0,0.0,0.0
2024-06-24 22:00:00+00:00,0.0,0.0,0.0,0.0
2024-06-24 23:00:00+00:00,0.0,0.0,0.0,0.0
2024-06-25 00:00:00+00:00,0.0,0.0,0.0,0.0
2024-06-25 01:00:00+00:00,0.0,0.0,0.0,0.0
2024-06-25 02:00:00+00:00,0.0,0.0,0.0,0.0
2024-06-25 03:00:00+00:00,0.0,0.0,0.0,0.0
2024-06-25 04:00:00+00:00,0.0,0.0,0.0,0.0
2024-06-25 05:00:00+00:00,0.0,0.0,0.0,0.0
2024-06-25 06:00:00+00:00,0.0,0.0,0.0,0.0
2024-06-25 07:00:00+00:00,0.0,0.0,0.0,0.0
2024-06-25 08:00:00+00:00,0.0,0.0,0.0,0.0
2024-06-25 09:00:00+00:00,0.0,0.0,0.0,0.0
2024-06-25 10:00:00+00:00,0.0,0.0,0.0,0.0
2024-06-25 11:00:00+00:00,0.0,0.0,0.0,0.0
2024-06-25 12:00:00+00:00,0.0,0.0,0.0,0.0
2024-06-25 13:00:00+00:00,0.0,0.0,0.0,0.0
2024-06-25 14:00:00+00:00,0.0,0.0,0.0,0.0
2024-06-25 15:00:00+00:00,0.0,0.0,0.0,0.0
2024-06-25 16:00:00+00:00,0.0,0.0,0.0,0.0
2024-06-25 17:00:00+00:00,0.0,0.0,0.0,0.0
2024-06-25 18:00:00+00:00,0.0,0.0,0.0,0.0
2024-06-25 19:00:00+00:00,0.0,0.0,0.0,0.0
2024-06-25 20:00:00+00:00,0.0,0.0,0.0,0.0
2024-06-25 21:00:00+00:00,0.0,0.0,0.0,0.0
2024-06-25 22:00:00+00:00,0.0,0.0,0.0,0.0
2024-06-25 23:00:00+00:00,0.0,0.0,0.0,0.0
2024-06-26 00:00:00+00:00,0.0,0.0,0.0,0.0
2024-06-26 01:00:00+00:00,0.0,0.0,0.0,0.0
2024-06-26 02:00:00+00:00,0.0,0.0,0.0,0.0
2024-06-26 03:00:00+00:00,0.0,0.0,0.0,0.0
2024-06-26 04:00:00+00:00,0.0,0.0,0.0,0.0
2024-06-26 05:00:00+00:00,0.0,0.0,0.0,0.0
2024-06-26 06:00:00+00:00,0.0,0.0,0.0,0.0
2024-06-26 07:00:00+00:00,0.0,0.0,0.0,0.0
2024-06-26 08:00:00+00:00,0.0,0.0,0.0,0.0
2024-06-26 09:00:00+00:00,0.0,0.0,0.0,0.0
2024-06-26 10:00:00+00:00,0.0,0.0,0.0,0.0
2024-06-26 11:00:00+00:00,0.0,0.0,0.0,0.0
2024-06-26 12:00:00+00:00,0.0,0.0,0.0,0.0
2024-06-26 13:00:00+00:00,0.0,0.0,0.0,0.0
2024-06-26 14:00:00+00:00,0.0,0.0,0.0,0.0
2024-06-26 15:00:00+00:00,0.0,0.0,0.0,0.0
2024-06-26 16:00:00+00:00,0.0,0.0,0.0,0.0
2024-06-26 17:00:00+00:00,0.0,0.0,0.0,0.0
2024-06-26 18:00:00+00:00,0.0,0.0,0.0,0.0
2024-06-26 19:00:00+00:00,0.0,0.0,0.0,0.0
2024-06-26 20:00:00+00:00,0.0,0.0,0.0,0.0
2024-06-26 21:00:00+00:00,0.0,0.0,0.0,0.0
2024-06-26 22:00:00+00:00,0.0,0.0,0.0,0.0
2024-06-26 23:00:00+00:00,0.0,0.0,0.0,0.0
2024-06-27 00:00:00+00:00,0.0,0.0,0.0,0.0
2024-06-27 01:00:00+00:00,0.0,0.0,0.0,0.0
2024-06-27 02:00:00+00:00,0.0,0.0,0.0,0.0
2024-06-27 03:00:00+00:00,0.0,0.0,0.0,0.0
2024-06-27 04:00:00+00:00,0.0,0.0,0.0,0.0
2024-06-27 05:00:00+00:00,0.0,0.0,0.0,0.0
2024-06-27 06:00:00+00:00,0.0,0.0,0.0,0.0
2024-06-27 07:00:00+00:00,0.0,0.0,0.0,0.0
2024-06-27 08:00:00+00:00,0.0,0.0,0.0,0.0
2024-06-27 09:00:00+00:00,0.0,0.0,0.0,0.0
2024-06-27 10:00:00+00:00,0.0,0.0,0.0,0.0
2024-06-27 11:00:00+00:00,0.0,0.0,0.0,0.0
2024-06-27 12:00:00+00:00,0.0,0.0,0.0,0.0
2024-06-27 13:00:00+00:00,0.0,0.0,0.0,0.0
2024-06-27 14:00:00+00:00,0.0,0.0,0.0,0.0
2024-06-27 15:00:00+00:00,0.0,0.0,0.0,0.0
2024-06-27 16:00:00+00:00,0.0,0.0,0.0,0.0
2024-06-27 17:00:00+00:00,0.0,0.0,0.0,0.0
2024-06-27 18:00:00+00:00,0.0,0.0,0.0,0.0
2024-06-27 19:00:00+00:00,0.0,0.0,0.0,0.0
2024-06-27 20:00:00+00:00,0.0,0.0,0.0,0.0
2024-06-27 21:00:00+00:00,0.0,0.0,0.0,0.0
2024-06-27 22:00:00+00:00,0.0,0.0,0.0,0.0
2024-06-27 23:00:00+00:00,0.0,0.0,0.0,0.0
2024-06-28 00:00:00+00:00,0.0,0.0,0.0,0.0
2024-06-28 01:00:00+00:00,0.0,0.0,0.0,0.0
2024-06-28 02:00:00+00:00,0.0,0.0,0.0,0.0
2024-06-28 03:00:00+00:00,0.0,0.0,0.0,0.0
2024-06-28 04:00:00+00:00,0.0,0.0,0.0,0.0
2024-06-28 05:00:00+00:00,0.0,0.0,0.0,0.0
2024-06-28 06:00:00+00:00,0.0,0.0,0.0,0.0
2024-06-28 07:00:00+00:00,0.0,0.0,0.0,0.0
2024-06-28 08:00:00+00:00,0.0,0.0,0.0,0.0
2024-06-28 09:00:00+00:00,0.0,0.0,0.0,0.0
2024-06-28 10:00:00+00:00,0.0,0.0,0.0,0.0
2024-06-28 11:00:00+00:00,0.0,0.0,0.0,0.0
2024-06-28 12:00:00+00:00,0.0,0.0,0.0,0.0
2024-06-28 13:00:00+00:00,0.0,0.0,0.0,0.0
2024-06-28 14:00:00+00:00,0.0,0.0,0.0,0.0
2024-06-28 15:00:00+00:00,0.0,0.0,0.0,0.0
2024-06-28 16:00:00+00:00,0.0,0.0,0.0,0.0
2024-06-28 17:00:00+00:00,0.0,0.0,0.0,0.0
2024-06-28 18:00:00+00:00,0.0,0.0,0.0,0.0
2024-06-28 19:00:00+00:00,0.0,0.0,0.0,0.0
2024-06-28 20:00:00+00:00,0.0,0.0,0.0,0.0
2024-06-28 21:00:00+00:00,0.0,0.0,0.0,0.0
2024-06-28 22:00:00+00:00,0.0,0.0,0.0,0.0
2024-06-28 23:00:00+00:00,0.0,0.0,0.0,0.0
2024-06-29 00:00:00+00:00,0.0,0.0,0.0,0.0
2024-06-29 01:00:00+00:00,0.0,0.0,0.0,0.0
2024-06-29 02:00:00+00:00,0.0,0.0,0.0,0.0
2024-06-29 03:00:00+00:00,0.0,0.0,0.0,0.0
2024-06-29 04:00:00+00:00,0.0,0.0,0.0,0.0
2024-06-29 05:00:00+00:00,0.0,0.0,0.0,0.0
2024-06-29 06:00:00+00:00,0.0,0.0,0.0,0.0
2024-06-29 07:00:00+00:00,0.0,0.0,0.0,0.0
2024-06-29 08:00:00+00:00,0.0,0.0,0.0,0.0
2024-06-29 09:00:00+00:00,0.0,0.0,0.0,0.0
2024-06-29 10:00:00+00:00,0.0,0.0,0.0,0.0
2024-06-29 11:00:00+00:00,0.0,0.0,0.0,0.0
2024-06-29 12:00:00+00:00,0.0,0.0,0.0,0.0
2024-06-29 13:00:00+00:00,0.0,0.0,0.0,0.0
2024-06-29 14:00:00+00:00,0.0,0.0,0.0,0.0
2024-06-29 15:00:00+00:00,0.0,0.0,0.0,0.0
2024-06-29 16:00:00+00:00,0.0,0.0,0.0,0.0
2024-06-29 17:00:00+00:00,0.0,0.0,0.0,0.0
2024-06-29 18:00:00+00:00,0.0,0.0,0.0,0.0
2024-06-29 19:00:00+00:00,0.0,0.0,0.0,0.0
2024-06-29 20:00:00+00:00,0.0,0.0,0.0,0.0
2024-06-29 21:00:00+00:00,0.0,0.0,0.0,0.0
2024-06-29 22:00:00+00:00,0.0,0.0,0.0,0.0
2024-06-29 23:00:00+00:00,0.0,0.0,0.0,0.0
2024-06-30 00:00:00+00:00,0.0,0.0,0.0,0.0
2024-06-30 01:00:00+00:00,0.0,0.0,0.0,0.0
2024-06-30 02:00:00+00:00,0.0,0.0,0.0,0.0
2024-06-30 03:00:00+00:00,0.0,0.0,0.0,0.0
2024-06-30 04:00:00+00:00,0.0,0.0,0.0,0.0
2024-06-30 05:00:00+00:00,0.0,0.0,0.0,0.0
2024-06-30 06:00:00+00:00,0.0,0.0,0.0,0.0
2024-06-30 07:00:00+00:00,0.0,0.0,0.0,0.0
2024-06-30 08:00:00+00:00,0.0,0.0,0.0,0.0
2024-06-30 09:00:00+00:00,0.0,0.0,0.0,0.0
2024-06-30 10:00:00+00:00,0.0,0.0,0.0,0.0
2024-06-30 11:00:00+00:00,0.0,0.0,0.0,0.0
2024-06-30 12:00:00+00:00,0.0,0.0,0.0,0.0
2024-06-30 13:00:00+00:00,0.0,0.0,0.0,0.0
2024-06-30 14:00:00+00:00,0.0,0.0,0.0,0.0
2024-06-30 15:00:00+00:00,0.0,0.0,0.0,0.0
2024-06-30 16:00:00+00:00,0.0,0.0,0.0,0.0
2024-06-30 17:00:00+00:00,0.0,0.0,0.0,0.0
2024-06-30 18:00:00+00:00,0.0,0.0,0.0,0.0
2024-06-30 19:00:00+00:00,0.0,0.0,0.0,0.0
2024-06-30 20:00:00+00:00,0.0,0.0,0.0,0.0
2024-06-30 21:00:00+00:00,0.0,0.0,0.0,0.0
2024-06-30 22:00:00+00:00,0.0,0.0,0.0,0.0
2024-06-30 23:00:00+00:00,0.0,0.0,0.0,0.0
2024-07-01 00:00:00+00:00,0.0,0.0,0.0,0.0
2024-07-01 01:00:00+00:00,0.0,0.0,0.0,0.0
2024-07-01 02:00:00+00:00,0.0,0.0,0.0,0.0
2024-07-01 03:00:00+00:00,0.0,0.0,0.0,0.0
2024-07-01 04:00:00+00:00,0.0,0.0,0.0,0.0
2024-07-01 05:00:00+00:00,0.0,0.0,0.0,0.0
2024-07-01 06:00:00+00:00,0.0,0.0,0.0,0.0
2024-07-01 07:00:00+00:00,0.0,0.0,0.0,0.0
2024-07-01 08:00:00+00:00,0.0,0.0,0.0,0.0
2024-07-01 09:00:00+00:00,0.0,0.0,0.0,0.0
2024-07-01 10:00:00+00:00,0.0,0.0,0.0,0.0
2024-07-01 11:00:00+00:00,0.0,0.0,0.0,0.0
2024-07-01 12:00:00+00:00,0.0,0.0,0.0,0.0
2024-07-01 13:00:00+00:00,0.0,0.0,0.0,0.0
2024-07-01 14:00:00+00:00,0.0,0.0,0.0,0.0
2024-07-01 15:00:00+00:00,0.0,0.0,0.0,0.0
2024-07-01 16:00:00+00:00,0.0,0.0,0.0,0.0
2024-07-01 17:00:00+00:00,0.0,0.0,0.0,0.0
2024-07-01 18:00:00+00:00,0.0,0.0,0.0,0.0
2024-07-01 19:00:00+00:00,0.0,0.0,0.0,0.0
2024-07-01 20:00:00+00:00,0.0,0.0,0.0,0.0
2024-07-01 21:00:00+00:00,0.0,0.0,0.0,0.0
2024-07-01 22:00:00+00:00,0.0,0.0,0.0,0.0
2024-07-01 23:00:00+00:00,0.0,0.0,0.0,0.0
2024-07-02 00:00:00+00:00,0.0,0.0,0.0,0.0
2024-07-02 01:00:00+00:00,0.0,0.0,0.0,0.0
2024-07-02 02:00:00+00:00,0.0,0.0,0.0,0.0
2024-07-02 03:00:00+00:00,0.0,0.0,0.0,0.0
2024-07-02 04:00:00+00:00,0.0,0.0,0.0,0.0
2024-07-02 05:00:00+00:00,0.0,0.0,0.0,0.0
2024-07-02 06:00:00+00:00,0.0,0.0,0.0,0.0
2024-07-02 07:00:00+00:00,0.0,0.0,0.0,0.0
2024-07-02 08:00:00+00:00,0.0,0.0,0.0,0.0
2024-07-02 09:00:00+00:00,0.0,0.0,0.0,0.0
2024-07-02 10:00:00+00:00,0.0,0.0,0.0,0.0
2024-07-02 11:00:00+00:00,0.0,0.0,0.0,0.0
2024-07-02 12:00:00+00:00,0.0,0.0,0.0,0.0
2024-07-02 13:00:00+00:00,0.0,0.0,0.0,0.0
2024-07-02 14:00:00+00:00,0.0,0.0,0.0,0.0
2024-07-02 15:00:00+00:00,0.0,0.0,0.0,0.0
2024-07-02 16:00:00+00:00,0.0,0.0,0.0,0.0
2024-07-02 17:00:00+00:00,0.0,0.0,0.0,0.0
2024-07-02 18:00:00+00:00,0.0,0.0,0.0,0.0
2024-07-02 19:00:00+00:00,0.0,0.0,0.0,0.0
2024-07-02 20:00:00+00:00,0.0,0.0,0.0,0.0
2024-07-02 21:00:00+00:00,0.0,0.0,0.0,0.0
2024-07-02 22:00:00+00:00,0.0,0.0,0.0,0.0
2024-07-02 23:00:00+00:00,0.0,0.0,0.0,0.0
2024-07-03 00:00:00+00:00,0.0,0.0,0.0,0.0
2024-07-03 01:00:00+00:00,0.0,0.0,0.0,0.0
2024-07-03 02:00:00+00:00,0.0,0.0,0.0,0.0
2024-07-03 03:00:00+00:00,0.0,0.0,0.0,0.0
2024-07-03 04:00:00+00:00,0.0,0.0,0.0,0.0
2024-07-03 05:00:00+00:00,0.0,0.0,0.0,0.0
2024-07-03 06:00:00+00:00,0.0,0.0,0.0,0.0
2024-07-03 07:00:00+00:00,0.0,0.0,0.0,0.0
2024-07-03 08:00:00+00:00,0.0,0.0,0.0,0.0
2024-07-03 09:00:00+00:00,0.0,0.0,0.0,0.0
2024-07-03 10:00:00+00:00,0.0,0.0,0.0,0.0
2024-07-03 11:00:00+00:00,0.0,0.0,0.0,0.0
2024-07-03 12:00:00+00:00,0.0,0.0,0.0,0.0
2024-07-03 13:00:00+00:00,0.0,0.0,0.0,0.0
2024-07-03 14:00:00+00:00,0.0,0.0,0.0,0.0
2024-07-03 15:00:00+00:00,0.0,0.0,0.0,0.0
2024-07-03 16:00:00+00:00,0.0,0.0,0.0,0.0
2024-07-03 17:00:00+00:00,0.0,0.0,0.0,0.0
2024-07-03 18:00:00+00:00,0.0,0.0,0.0,0.0
2024-07-03 19:00:00+00:00,0.0,0.0,0.0,0.0
2024-07-03 20:00:00+00:00,0.0,0.0,0.0,0.0
2024-07-03 21:00:00+00:00,0.0,0.0,0.0,0.0
2024-07-03 22:00:00+00:00,0.0,0.0,0.0,0.0
2024-07-03 23:00:00+00:00,0.0,0.0,0.0,0.0
2024-07-04 00:00:00+00:00,0.0,0.0,0.0,0.0
2024-07-04 01:00:00+00:00,0.0,0.0,0.0,0.0
2024-07-04 02:00:00+00:00,0.0,0.0,0.0,0.0
2024-07-04 03:00:00+00:00,0.0,0.0,0.0,0.0
2024-07-04 04:00:00+00:00,0.0,0.0,0.0,0.0
2024-07-04 05:00:00+00:00,0.0,0.0,0.0,0.0
2024-07-04 06:00:00+00:00,0.0,0.0,0.0,0.0
2024-07-04 07:00:00+00:00,0.0,0.0,0.0,0.0
2024-07-04 08:00:00+00:00,0.0,0.0,0.0,0.0
2024-07-04 09:00:00+00:00,0.0,0.0,0.0,0.0
2024-07-04 10:00:00+00:00,0.0,0.0,0.0,0.0
2024-07-04 11:00:00+00:00,0.0,0.0,0.0,0.0
2024-07-04 12:00:00+00:00,0.0,0.0,0.0,0.0
2024-07-04 13:00:00+00:00,0.0,0.0,0.0,0.0
2024-07-04 14:00:00+00:00,0.0,0.0,0.0,0.0
2024-07-04 15:00:00+00:00,0.0,0.0,0.0,0.0
2024-07-04 16:00:00+00:00,0.0,0.0,0.0,0.0
2024-07-04 17:00:00+00:00,0.0,0.0,0.0,0.0
2024-07-04 18:00:00+00:00,0.0,0.0,0.0,0.0
2024-07-04 19:00:00+00:00,0.0,0.0,0.0,0.0
2024-07-04 20:00:00+00:00,0.0,0.0,0.0,0.0
2024-07-04 21:00:00+00:00,0.0,0.0,0.0,0.0
2024-07-04 22:00:00+00:00,0.0,0.0,0.0,0.0
2024-07-04 23:00:00+00:00,0.0,0.0,0.0,0.0
2024-07-05 00:00:00+00:00,0.0,0.0,0.0,0.0
2024-07-05 01:00:00+00:00,0.0,0.0,0.0,0.0
2024-07-05 02:00:00+00:00,0.0,0.0,0.0,0.0
2024-07-05 03:00:00+00:00,0.0,0.0,0.0,0.0
2024-07-05 04:00:00+00:00,0.0,0.0,0.0,0.0
2024-07-05 05:00:00+00:00,0.0,0.0,0.0,0.0
2024-07-05 06:00:00+00:00,0.0,0.0,0.0,0.0
2024-07-05 07:00:00+00:00,0.0,0.0,0.0,0.0
2024-07-05 08:00:00+00:00,0.0,0.0,0.0,0.0
2024-07-05 09:00:00+00:00,0.0,0.0,0.0,0.0
2024-07-05 10:00:00+00:00,0.0,0.0,0.0,0.0
2024-07-05 11:00:00+00:00,0.0,0.0,0.0,0.0
2024-07-05 12:00:00+00:00,0.0,0.0,0.0,0.0
2024-07-05 13:00:00+00:00,0.0,0.0,0.0,0.0
2024-07-05 14:00:00+00:00,0.0,0.0,0.0,0.0
2024-07-05 15:00:00+00:00,0.0,0.0,0.0,0.0
2024-07-05 16:00:00+00:00,0.0,0.0,0.0,0.0
2024-07-05 17:00:00+00:00,0.0,0.0,0.0,0.0
2024-07-05 18:00:00+00:00,0.0,0.0,0.0,0.0
2024-07-05 19:00:00+00:00,0.0,0.0,0.0,0.0
2024-07-05 20:00:00+00:00,0.0,0.0,0.0,0.0
2024-07-05 21:00:00+00:00,0.0,0.0,0.0,0.0
2024-07-05 22:00:00+00:00,0.0,0.0,0.0,0.0
2024-07-05 23:00:00+00:00,0.0,0.0,0.0,0.0
2024-07-06 00:00:00+00:00,0.0,0.0,0.0,0.0
2024-07-06 01:00:00+00:00,0.0,0.0,0.0,0.0
2024-07-06 02:00:00+00:00,0.0,0.0,0.0,0.0
2024-07-06 03:00:00+00:00,0.0,0.0,0.0,0.0
2024-07-06 04:00:00+00:00,0.0,0.0,0.0,0.0
2024-07-06 05:00:00+00:00,0.0,0.0,0.0,0.0
2024-07-06 06:00:00+00:00,0.0,0.0,0.0,0.0
2024-07-06 07:00:00+00:00,0.0,0.0,0.0,0.0
2024-07-06 08:00:00+00:00,0.0,0.0,0.0,0.0
2024-07-06 09:00:00+00:00,0.0,0.0,0.0,0.0
2024-07-06 10:00:00+00:00,0.0,0.0,0.0,0.0
2024-07-06 11:00:00+00:00,0.0,0.0,0.0,0.0
2024-07-06 12:00:00+00:00,0.0,0.0,0.0,0.0
2024-07-06 13:00:00+00:00,0.0,0.0,0.0,0.0
2024-07-06 14:00:00+00:00,0.0,0.0,0.0,0.0
2024-07-06 15:00:00+00:00,0.0,0.0,0.0,0.0
2024-07-06 16:00:00+00:00,0.0,0.0,0.0,0.0
2024-07-06 17:00:00+00:00,0.0,0.0,0.0,0.0
2024-07-06 18:00:00+00:00,0.0,0.0,0.0,0.0
2024-07-06 19:00:00+00:00,0.0,0.0,0.0,0.0
2024-07-06 20:00:00+00:00,0.0,0.0,0.0,0.0
2024-07-06 21:00:00+00:00,0.0,0.0,0.0,0.0
2024-07-06 22:00:00+00:00,0.0,0.0,0.0,0.0
2024-07-06 23:00:00+00:00,0.0,0.0,0.0,0.0
2024-07-07 00:00:00+00:00,0.0,0.0,0.0,0.0
2024-07-07 01:00:00+00:00,0.0,0.0,0.0,0.0
2024-07-07 02:00:00+00:00,0.0,0.0,0.0,0.0
2024-07-07 03:00:00+00:00,0.0,0.0,0.0,0.0
2024-07-07 04:00:00+00:00,0.0,0.0,0.0,0.0
2024-07-07 05:00:00+00:00,0.0,0.0,0.0,0.0
2024-07-07 06:00:00+00:00,0.0,0.0,0.0,0.0
2024-07-07 07:00:00+00:00,0.0,0.0,0.0,0.0
2024-07-07 08:00:00+00:00,0.0,0.0,0.0,0.0
2024-07-07 09:00:00+00:00,0.0,0.0,0.0,0.0
2024-07-07 10:00:00+00:00,0.0,0.0,0.0,0.0
2024-07-07 11:00:00+00:00,0.0,0.0,0.0,0.0
2024-07-07 12:00:00+00:00,0.0,0.0,0.0,0.0
2024-07-07 13:00:00+00:00,0.0,0.0,0.0,0.0
2024-07-07 14:00:00+00:00,0.0,0.0,0.0,0.0
2024-07-07 15:00:00+00:00,0.0,0.0,0.0,0.0
2024-07-07 16:00:00+00:00,0.0,0.0,0.0,0.0
2024-07-07 17:00:00+00:00,0.0,0.0,0.0,0.0
2024-07-07 18:00:00+00:00,0.0,0.0,0.0,0.0
2024-07-07 19:00:00+00:00,0.0,0.0,0.0,0.0
2024-07-07 20:00:00+00:00,0.0,0.0,0.0,0.0
2024-07-07 21:00:00+00:00,0.0,0.0,0.0,0.0
2024-07-07 22:00:00+00:00,0.0,0.0,0.0,0.0
2024-07-07 23:00:00+00:00,0.0,0.0,0.0,0.0
2024-07-08 00:00:00+00:00,0.0,0.0,0.0,0.0
2024-07-08 01:00:00+00:00,0.0,0.0,0.0,0.0
2024-07-08 02:00:00+00:00,0.0,0.0,0.0,0.0
2024-07-08 03:00:00+00:00,0.0,0.0,0.0,0.0
2024-07-08 04:00:00+00:00,0.0,0.0,0.0,0.0
2024-07-08 05:00:00+00:00,0.0,0.0,0.0,0.0
2024-07-08 06:00:00+00:00,0.0,0.0,0.0,0.0
2024-07-08 07:00:00+00:00,0.0,0.0,0.0,0.0
2024-07-08 08:00:00+00:00,0.0,0.0,0.0,0.0
2024-07-08 09:00:00+00:00,0.0,0.0,0.0,0.0
2024-07-08 10:00:00+00:00,0.0,0.0,0.0,0.0
2024-07-08 11:00:00+00:00,0.0,0.0,0.0,0.0
2024-07-08 12:00:00+00:00,0.0,0.0,0.0,0.0
2024-07-08 13:00:00+00:00,0.0,0.0,0.0,0.0
2024-07-08 14:00:00+00:00,0.0,0.0,0.0,0.0
2024-07-08 15:00:00+00:00,0.0,0.0,0.0,0.0
2024-07-08 16:00:00+00:00,0.0,0.0,0.0,0.0
2024-07-08 17:00:00+00:00,0.0,0.0,0.0,0.0
2024-07-08 18:00:00+00:00,0.0,0.0,0.0,0.0
2024-07-08 19:00:00+00:00,0.0,0.0,0.0,0.0
2024-07-08 20:00:00+00:00,0.0,0.0,0.0,0.0
2024-07-08 21:00:00+00:00,0.0,0.0,0.0,0.0
2024-07-08 22:00:00+00:00,0.0,0.0,0.0,0.0
2024-07-08 23:00:00+00:00,0.0,0.0,0.0,0.0
2024-07-09 00:00:00+00:00,0.0,0.0,0.0,0.0
2024-07-09 01:00:00+00:00,0.0,0.0,0.0,0.0
2024-07-09 02:00:00+00:00,0.0,0.0,0.0,0.0
2024-07-09 03:00:00+00:00,0.0,0.0,0.0,0.0
2024-07-09 04:00:00+00:00,0.0,0.0,0.0,0.0
2024-07-09 05:00:00+00:00,0.0,0.0,0.0,0.0
2024-07-09 06:00:00+00:00,0.0,0.0,0.0,0.0
2024-07-09 07:00:00+00:00,0.0,0.0,0.0,0.0
2024-07-09 08:00:00+00:00,0.0,0.0,0.0,0.0
2024-07-09 09:00:00+00:00,0.0,0.0,0.0,0.0
2024-07-09 10:00:00+00:00,0.0,0.0,0.0,0.0
2024-07-09 11:00:00+00:00,0.0,0.0,0.0,0.0
2024-07-09 12:00:00+00:00,0.0,0.0,0.0,0.0
2024-07-09 13:00:00+00:00,0.0,0.0,0.0,0.0
2024-07-09 14:00:00+00:00,0.0,0.0,0.0,0.0
2024-07-09 15:00:00+00:00,0.0,0.0,0.0,0.0
2024-07-09 16:00:00+00:00,0.0,0.0,0.0,0.0
2024-07-09 17:00:00+00:00,0.0,0.0,0.0,0.0
2024-07-09 18:00:00+00:00,0.0,0.0,0.0,0.0
2024-07-09 19:00:00+00:00,0.0,0.0,0.0,0.0
2024-07-09 20:00:00+00:00,0.0,0.0,0.0,0.0
2024-07-09 21:00:00+00:00,0.0,0.0,0.0,0.0
2024-07-09 22:00:00+00:00,0.0,0.0,0.0,0.0
2024-07-09 23:00:00+00:00,0.0,0.0,0.0,0.0
2024-07-10 00:00:00+00:00,0.0,0.0,0.0,0.0
2024-07-10 01:00:00+00:00,0.0,0.0,0.0,0.0
2024-07-10 02:00:00+00:00,0.0,0.0,0.0,0.0
2024-07-10 03:00:00+00:00,0.0,0.0,0.0,0.0
2024-07-10 04:00:00+00:00,0.0,0.0,0.0,0.0
2024-07-10 05:00:00+00:00,0.0,0.0,0.0,0.0
2024-07-10 06:00:00+00:00,0.0,0.0,0.0,0.0
2024-07-10 07:00:00+00:00,0.0,0.0,0.0,0.0
2024-07-10 08:00:00+00:00,0.0,0.0,0.0,0.0
2024-07-10 09:00:00+00:00,0.0,0.0,0.0,0.0
2024-07-10 10:00:00+00:00,0.0,0.0,0.0,0.0
2024-07-10 11:00:00+00:00,0.0,0.0,0.0,0.0
2024-07-10 12:00:00+00:00,0.0,0.0,0.0,0.0
2024-07-10 13:00:00+00:00,0.0,0.0,0.0,0.0
2024-07-10 14:00:00+00:00,0.0,0.0,0.0,0.0
2024-07-10 15:00:00+00:00,0.0,0.0,0.0,0.0
2024-07-10 16:00:00+00:00,0.0,0.0,0.0,0.0
2024-07-10 17:00:00+00:00,0.0,0.0,0.0,0.0
2024-07-10 18:00:00+00:00,0.0,0.0,0.0,0.0
2024-07-10 19:00:00+00:00,0.0,0.0,0.0,0.0
2024-07-10 20:00:00+00:00,0.0,0.0,0.0,0.0
2024-07-10 21:00:00+00:00,0.0,0.0,0.0,0.0
2024-07-10 22:00:00+00:00,0.0,0.0,0.0,0.0
2024-07-10 23:00:00+00:00,0.0,0.0,0.0,0.0
2024-07-11 00:00:00+00:00,0.0,0.0,0.0,0.0
2024-07-11 01:00:00+00:00,0.0,0.0,0.0,0.0
2024-07-11 02:00:00+00:00,0.0,0.0,0.0,0.0
2024-07-11 03:00:00+00:00,0.0,0.0,0.0,0.0
2024-07-11 04:00:00+00:00,0.0,0.0,0.0,0.0
2024-07-11 05:00:00+00:00,0.0,0.0,0.0,0.0
2024-07-11 06:00:00+00:00,0.0,0.0,0.0,0.0
2024-07-11 07:00:00+00:00,0.0,0.0,0.0,0.0
2024-07-11 08:00:00+00:00,0.0,0.0,0.0,0.0
2024-07-11 09:00:00+00:00,0.0,0.0,0.0,0.0
2024-07-11 10:00:00+00:00,0.0,0.0,0.0,0.0
2024-07-11 11:00:00+00:00,0.0,0.0,0.0,0.0
2024-07-11 12:00:00+00:00,0.0,0.0,0.0,0.0
2024-07-11 13:00:00+00:00,0.0,0.0,0.0,0.0
2024-07-11 14:00:00+00:00,0.0,0.0,0.0,0.0
2024-07-11 15:00:00+00:00,0.0,0.0,0.0,0.0
2024-07-11 16:00:00+00:00,0.0,0.0,0.0,0.0
2024-07-11 17:00:00+00:00,0.0,0.0,0.0,0.0
2024-07-11 18:00:00+00:00,0.0,0.0,0.0,0.0
2024-07-11 19:00:00+00:00,0.0,0.0,0.0,0.0
2024-07-11 20:00:00+00:00,0.0,0.0,0.0,0.0
2024-07-11 21:00:00+00:00,0.0,0.0,0.0,0.0
2024-07-11 22:00:00+00:00,0.0,0.0,0.0,0.0
2024-07-11 23:00:00+00:00,0.0,0.0,0.0,0.0
2024-07-12 00:00:00+00:00,0.0,0.0,0.0,0.0
2024-07-12 01:00:00+00:00,0.0,0.0,0.0,0.0
2024-07-12 02:00:00+00:00,0.0,0.0,0.0,0.0
2024-07-12 03:00:00+00:00,0.0,0.0,0.0,0.0
2024-07-12 04:00:00+00:00,0.0,0.0,0.0,0.0
2024-07-12 05:00:00+00:00,0.0,0.0,0.0,0.0
2024-07-12 06:00:00+00:00,0.0,0.0,0.0,0.0
2024-07-12 07:00:00+00:00,0.0,0.0,0.0,0.0
2024-07-12 08:00:00+00:00,0.0,0.0,0.0,0.0
2024-07-12 09:00:00+00:00,0.0,0.0,0.0,0.0
2024-07-12 10:00:00+00:00,0.0,0.0,0.0,0.0
2024-07-12 11:00:00+00:00,0.0,0.0,0.0,0.0
2024-07-12 12:00:00+00:00,0.0,0.0,0.0,0.0
2024-07-12 13:00:00+00:00,0.0,0.0,0.0,0.0
2024-07-12 14:00:00+00:00,0.0,0.0,0.0,0.0
2024-07-12 15:00:00+00:00,0.0,0.0,0.0,0.0
2024-07-12 16:00:00+00:00,0.0,0.0,0.0,0.0
2024-07-12 17:00:00+00:00,0.0,0.0,0.0,0.0
2024-07-12 18:00:00+00:00,0.0,0.0,0.0,0.0
2024-07-12 19:00:00+00:00,0.0,0.0,0.0,0.0
2024-07-12 20:00:00+00:00,0.0,0.0,0.0,0.0
2024-07-12 21:00:00+00:00,0.0,0.0,0.0,0.0
2024-07-12 22:00:00+00:00,0.0,0.0,0.0,0.0
2024-07-12 23:00:00+00:00,0.0,0.0,0.0,0.0
2024-07-13 00:00:00+00:00,0.0,0.0,0.0,0.0
2024-07-13 01:00:00+00:00,0.0,0.0,0.0,0.0
2024-07-13 02:00:00+00:00,0.0,0.0,0.0,0.0
2024-07-13 03:00:00+00:00,0.0,0.0,0.0,0.0
2024-07-13 04:00:00+00:00,0.0,0.0,0.0,0.0
2024-07-13 05:00:00+00:00,0.0,0.0,0.0,0.0
2024-07-13 06:00:00+00:00,0.0,0.0,0.0,0.0
2024-07-13 07:00:00+00:00,0.0,0.0,0.0,0.0
2024-07-13 08:00:00+00:00,0.0,0.0,0.0,0.0
2024-07-13 09:00:00+00:00,0.0,0.0,0.0,0.0
2024-07-13 10:00:00+00:00,0.0,0.0,0.0,0.0
2024-07-13 11:00:00+00:00,0.0,0.0,0.0,0.0
2024-07-13 12:00:00+00:00,0.0,0.0,0.0,0.0
2024-07-13 13:00:00+00:00,0.0,0.0,0.0,0.0
2024-07-13 14:00:00+00:00,0.0,0.0,0.0,0.0
2024-07-13 15:00:00+00:00,0.0,0.0,0.0,0.0
2024-07-13 16:00:00+00:00,0.0,0.0,0.0,0.0
2024-07-13 17:00:00+00:00,0.0,0.0,0.0,0.0
2024-07-13 18:00:00+00:00,0.0,0.0,0.0,0.0
2024-07-13 19:00:00+00:00,0.0,0.0,0.0,0.0
2024-07-13 20:00:00+00:00,0.0,0.0,0.0,0.0
2024-07-13 21:00:00+00:00,0.0,0.0,0.0,0.0
2024-07-13 22:00:00+00:00,0.0,0.0,0.0,0.0
2024-07-13 23:00:00+00:00,0.0,0.0,0.0,0.0
2024-07-14 00:00:00+00:00,0.0,0.0,0.0,0.0
2024-07-14 01:00:00+00:00,0.0,0.0,0.0,0.0
2024-07-14 02:00:00+00:00,0.0,0.0,0.0,0.0
2024-07-14 03:00:00+00:00,0.0,0.0,0.0,0.0
2024-07-14 04:00:00+00:00,0.0,0.0,0.0,0.0
2024-07-14 05:00:00+00:00,0.0,0.0,0.0,0.0
2024-07-14 06:00:00+00:00,0.0,0.0,0.0,0.0
2024-07-14 07:00:00+00:00,0.0,0.0,0.0,0.0
2024-07-14 08:00:00+00:00,0.0,0.0,0.0,0.0
2024-07-14 09:00:00+00:00,0.0,0.0,0.0,0.0
2024-07-14 10:00:00+00:00,0.0,0.0,0.0,0.0
2024-07-14 11:00:00+00:00,0.0,0.0,0.0,0.0
2024-07-14 12:00:00+00:00,0.0,0.0,0.0,0.0
2024-07-14 13:00:00+00:00,0.0,0.0,0.0,0.0
2024-07-14 14:00:00+00:00,0.0,0.0,0.0,0.0
2024-07-14 15:00:00+00:00,0.0,0.0,0.0,0.0
2024-07-14 16:00:00+00:00,0.0,0.0,0.0,0.0
2024-07-14 17:00:00+00:00,0.0,0.0,0.0,0.0
2024-07-14 18:00:00+00:00,0.0,0.0,0.0,0.0
2024-07-14 19:00:00+00:00,0.0,0.0,0.0,0.0
2024-07-14 20:00:00+00:00,0.0,0.0,0.0,0.0
2024-07-14 21:00:00+00:00,0.0,0.0,0.0,0.0
2024-07-14 22:00:00+00:00,0.0,0.0,0.0,0.0
2024-07-14 23:00:00+00:00,0.0,0.0,0.0,0.0
2024-07-15 00:00:00+00:00,0.0,0.0,0.0,0.0
2024-07-15 01:00:00+00:00,0.0,0.0,0.0,0.0
2024-07-15 02:00:00+00:00,0.0,0.0,0.0,0.0
2024-07-15 03:00:00+00:00,0.0,0.0,0.0,0.0
2024-07-15 04:00:00+00:00,0.0,0.0,0.0,0.0
2024-07-15 05:00:00+00:00,0.0,0.0,0.0,0.0
2024-07-15 06:00:00+00:00,0.0,0.0,0.0,0.0
2024-07-15 07:00:00+00:00,0.0,0.0,0.0,0.0
2024-07-15 08:00:00+00:00,0.0,0.0,0.0,0.0
2024-07-15 09:00:00+00:00,0.0,0.0,0.0,0.0
2024-07-15 10:00:00+00:00,0.0,0.0,0.0,0.0
2024-07-15 11:00:00+00:00,0.0,0.0,0.0,0.0
2024-07-15 12:00:00+00:00,0.0,0.0,0.0,0.0
2024-07-15 13:00:00+00:00,0.0,0.0,0.0,0.0
2024-07-15 14:00:00+00:00,0.0,0.0,0.0,0.0
2024-07-15 15:00:00+00:00,0.0,0.0,0.0,0.0
2024-07-15 16:00:00+00:00,0.0,0.0,0.0,0.0
2024-07-15 17:00:00+00:00,0.0,0.0,0.0,0.0
2024-07-15 18:00:00+00:00,0.0,0.0,0.0,0.0
2024-07-15 19:00:00+00:00,0.0,0.0,0.0,0.0
2024-07-15 20:00:00+00:00,0.0,0.0,0.0,0.0
2024-07-15 21:00:00+00:00,0.0,0.0,0.0,0.0
2024-07-15 22:00:00+00:00,0.0,0.0,0.0,0.0
2024-07-15 23:00:00+00:00,0.0,0.0,0.0,0.0
2024-07-16 00:00:00+00:00,0.0,0.0,0.0,0.0
2024-07-16 01:00:00+00:00,0.0,0.0,0.0,0.0
2024-07-16 02:00:00+00:00,0.0,0.0,0.0,0.0
2024-07-16 03:00:00+00:00,0.0,0.0,0.0,0.0
2024-07-16 04:00:00+00:00,0.0,0.0,0.0,0.0
2024-07-16 05:00:00+00:00,0.0,0.0,0.0,0.0
2024-07-16 06:00:00+00:00,0.0,0.0,0.0,0.0
2024-07-16 07:00:00+00:00,0.0,0.0,0.0,0.0
2024-07-16 08:00:00+00:00,0.0,0.0,0.0,0.0
2024-07-16 09:00:00+00:00,0.0,0.0,0.0,0.0
2024-07-16 10:00:00+00:00,0.0,0.0,0.0,0.0
2024-07-16 11:00:00+00:00,0.0,0.0,0.0,0.0
2024-07-16 12:00:00+00:00,0.0,0.0,0.0,0.0
2024-07-16 13:00:00+00:00,0.0,0.0,0.0,0.0
2024-07-16 14:00:00+00:00,0.0,0.0,0.0,0.0
2024-07-16 15:00:00+00:00,0.0,0.0,0.0,0.0
2024-07-16 16:00:00+00:00,0.0,0.0,0.0,0.0
2024-07-16 17:00:00+00:00,0.0,0.0,0.0,0.0
2024-07-16 18:00:00+00:00,0.0,0.0,0.0,0.0
2024-07-16 19:00:00+00:00,0.0,0.0,0.0,0.0
2024-07-16 20:00:00+00:00,0.0,0.0,0.0,0.0
2024-07-16 21:00:00+00:00,0.0,0.0,0.0,0.0
2024-07-16 22:00:00+00:00,0.0,0.0,0.0,0.0
2024-07-16 23:00:00+00:00,0.0,0.0,0.0,0.0
2024-07-17 00:00:00+00:00,0.0,0.0,0.0,0.0
2024-07-17 01:00:00+00:00,0.0,0.0,0.0,0.0
2024-07-17 02:00:00+00:00,0.0,0.0,0.0,0.0
2024-07-17 03:00:00+00:00,0.0,0.0,0.0,0.0
2024-07-17 04:00:00+00:00,0.0,0.0,0.0,0.0
2024-07-17 05:00:00+00:00,0.0,0.0,0.0,0.0
2024-07-17 06:00:00+00:00,0.0,0.0,0.0,0.0
2024-07-17 07:00:00+00:00,0.0,0.0,0.0,0.0
2024-07-17 08:00:00+00:00,0.0,0.0,0.0,0.0
2024-07-17 09:00:00+00:00,0.0,0.0,0.0,0.0
2024-07-17 10:00:00+00:00,0.0,0.0,0.0,0.0
2024-07-17 11:00:00+00:00,0.0,0.0,0.0,0.0
2024-07-17 12:00:00+00:00,0.0,0.0,0.0,0.0
2024-07-17 13:00:00+00:00,0.0,0.0,0.0,0.0
2024-07-17 14:00:00+00:00,0.0,0.0,0.0,0.0
2024-07-17 15:00:00+00:00,0.0,0.0,0.0,0.0
2024-07-17 16:00:00+00:00,0.0,0.0,0.0,0.0
2024-07-17 17:00:00+00:00,0.0,0.0,0.0,0.0
2024-07-17 18:00:00+00:00,0.0,0.0,0.0,0.0
2024-07-17 19:00:00+00:00,0.0,0.0,0.0,0.0
2024-07-17 20:00:00+00:00,0.0,0.0,0.0,0.0
2024-07-17 21:00:00+00:00,0.0,0.0,0.0,0.0
2024-07-17 22:00:00+00:00,0.0,0.0,0.0,0.0
2024-07-17 23:00:00+00:00,0.0,0.0,0.0,0.0
2024-07-18 00:00:00+00:00,0.0,0.0,0.0,0.0
2024-07-18 01:00:00+00:00,0.0,0.0,0.0,0.0
2024-07-18 02:00:00+00:00,0.0,0.0,0.0,0.0
2024-07-18 03:00:00+00:00,0.0,0.0,0.0,0.0
2024-07-18 04:00:00+00:00,0.0,0.0,0.0,0.0
2024-07-18 05:00:00+00:00,0.0,0.0,0.0,0.0
2024-07-18 06:00:00+00:00,0.0,0.0,0.0,0.0
2024-07-18 07:00:00+00:00,0.0,0.0,0.0,0.0
2024-07-18 08:00:00+00:00,0.0,0.0,0.0,0.0
2024-07-18 09:00:00+00:00,0.0,0.0,0.0,0.0
2024-07-18 10:00:00+00:00,0.0,0.0,0.0,0.0
2024-07-18 11:00:00+00:00,0.0,0.0,0.0,0.0
2024-07-18 12:00:00+00:00,0.0,0.0,0.0,0.0
2024-07-18 13:00:00+00:00,0.0,0.0,0.0,0.0
2024-07-18 14:00:00+00:00,0.0,0.0,0.0,0.0
2024-07-18 15:00:00+00:00,0.0,0.0,0.0,0.0
2024-07-18 16:00:00+00:00,0.0,0.0,0.0,0.0
2024-07-18 17:00:00+00:00,0.0,0.0,0.0,0.0
2024-07-18 18:00:00+00:00,0.0,0.0,0.0,0.0
2024-07-18 19:00:00+00:00,0.0,0.0,0.0,0.0
2024-07-18 20:00:00+00:00,0.0,0.0,0.0,0.0
2024-07-18 21:00:00+00:00,0.0,0.0,0.0,0.0
2024-07-18 22:00:00+00:00,0.0,0.0,0.0,0.0
2024-07-18 23:00:00+00:00,0.0,0.0,0.0,0.0
2024-07-19 00:00:00+00:00,0.0,0.0,0.0,0.0
2024-07-19 01:00:00+00:00,0.0,0.0,0.0,0.0
2024-07-19 02:00:00+00:00,0.0,0.0,0.0,0.0
2024-07-19 03:00:00+00:00,0.0,0.0,0.0,0.0
2024-07-19 04:00:00+00:00,0.0,0.0,0.0,0.0
2024-07-19 05:00:00+00:00,0.0,0.0,0.0,0.0
2024-07-19 06:00:00+00:00,0.0,0.0,0.0,0.0
2024-07-19 07:00:00+00:00,0.0,0.0,0.0,0.0
2024-07-19 08:00:00+00:00,0.0,0.0,0.0,0.0
2024-07-19 09:00:00+00:00,0.0,0.0,0.0,0.0
2024-07-19 10:00:00+00:00,0.0,0.0,0.0,0.0
2024-07-19 11:00:00+00:00,0.0,0.0,0.0,0.0
2024-07-19 12:00:00+00:00,0.0,0.0,0.0,0.0
2024-07-19 13:00:00+00:00,0.0,0.0,0.0,0.0
2024-07-19 14:00:00+00:00,0.0,0.0,0.0,0.0
2024-07-19 15:00:00+00:00,0.0,0.0,0.0,0.0
2024-07-19 16:00:00+00:00,0.0,0.0,0.0,0.0
2024-07-19 17:00:00+00:00,0.0,0.0,0.0,0.0
2024-07-19 18:00:00+00:00,0.0,0.0,0.0,0.0
2024-07-19 19:00:00+00:00,0.013726,0.0,0.0,0.0
2024-07-19 20:00:00+00:00,0.0,0.0,0.0,0.0
2024-07-19 21:00:00+00:00,0.0,0.0,0.0,0.0
2024-07-19 22:00:00+00:00,0.0,0.0,0.0,0.0
2024-07-19 23:00:00+00:00,0.0,0.0,0.0,0.0
2024-07-20 00:00:00+00:00,0.0,0.0,0.0,0.0
2024-07-20 01:00:00+00:00,0.0,0.0,0.0,0.0
2024-07-20 02:00:00+00:00,0.0,0.0,0.0,0.0
2024-07-20 03:00:00+00:00,0.0,0.0,0.0,0.0
2024-07-20 04:00:00+00:00,0.0,0.0,0.0,0.0
2024-07-20 05:00:00+00:00,0.0,0.0,0.0,0.0
2024-07-20 06:00:00+00:00,0.0,0.0,0.0,0.0
2024-07-20 07:00:00+00:00,0.0,0.0,0.0,0.0
2024-07-20 08:00:00+00:00,0.0,0.0,0.0,0.0
2024-07-20 09:00:00+00:00,0.0,0.0,0.0,0.0
2024-07-20 10:00:00+00:00,0.0,0.0,0.0,0.0
2024-07-20 11:00:00+00:00,0.0,0.0,0.0,0.0
2024-07-20 12:00:00+00:00,0.0,0.0,0.0,0.0
2024-07-20 13:00:00+00:00,0.0,0.0,0.0,0.0
2024-07-20 14:00:00+00:00,0.0,0.0,0.0,0.0
2024-07-20 15:00:00+00:00,0.0,0.0,0.0,0.0
2024-07-20 16:00:00+00:00,0.0,0.0,0.0,0.0
2024-07-20 17:00:00+00:00,0.0,0.0,0.0,0.0
2024-07-20 18:00:00+00:00,0.0,0.0,0.0,0.0
2024-07-20 19:00:00+00:00,0.0,0.0,0.0,0.0
2024-07-20 20:00:00+00:00,0.0,0.0,0.0,0.0
2024-07-20 21:00:00+00:00,-0.011922,0.0,0.0,0.0
2024-07-20 22:00:00+00:00,0.0,0.0,0.0,0.0
2024-07-20 23:00:00+00:00,0.0,0.0,0.0,0.0
2024-07-21 00:00:00+00:00,0.0,0.0,0.0,0.0
2024-07-21 01:00:00+00:00,0.0,0.0,0.0,0.0
2024-07-21 02:00:00+00:00,0.0,0.0,0.0,0.0
2024-07-21 03:00:00+00:00,0.0,0.0,0.0,0.0
2024-07-21 04:00:00+00:00,0.0,0.0,0.0,0.0
2024-07-21 05:00:00+00:00,0.0,0.0,0.0,0.0
2024-07-21 06:00:00+00:00,-0.012107,0.0,0.0,0.0
2024-07-21 07:00:00+00:00,0.0,0.0,0.0,0.0
2024-07-21 08:00:00+00:00,0.0,0.0,0.0,0.0
2024-07-21 09:00:00+00:00,0.0,0.0,0.0,0.0
2024-07-21 10:00:00+00:00,0.0,0.0,0.0,0.0
2024-07-21 11:00:00+00:00,0.0,0.0,0.0,0.0
2024-07-21 12:00:00+00:00,0.0,0.0,0.0,0.0
2024-07-21 13:00:00+00:00,-0.012196,0.0,0.0,0.0
2024-07-21 14:00:00+00:00,0.0,0.0,0.0,0.0
2024-07-21 15:00:00+00:00,0.0,0.0,0.0,0.0
2024-07-21 16:00:00+00:00,0.0,0.0,0.0,0.0
2024-07-21 17:00:00+00:00,-0.01192,0.0,0.0,0.0
2024-07-21 18:00:00+00:00,0.0,0.0,0.0,0.0
2024-07-21 19:00:00+00:00,0.0,0.0,0.0,0.0
2024-07-21 20:00:00+00:00,0.0,0.0,0.0,0.0
2024-07-21 21:00:00+00:00,0.0,0.0,0.0,0.0
2024-07-21 22:00:00+00:00,0.0,0.0,0.0,0.0
2024-07-21 23:00:00+00:00,0.0,0.0,0.0,0.0
2024-07-22 00:00:00+00:00,0.0,0.0,0.0,0.0
2024-07-22 01:00:00+00:00,0.0,0.0,0.0,0.0
2024-07-22 02:00:00+00:00,0.0,0.0,0.0,0.0
2024-07-22 03:00:00+00:00,0.0,0.0,0.0,0.0
2024-07-22 04:00:00+00:00,0.0,0.0,0.0,0.0
2024-07-22 05:00:00+00:00,0.0,0.0,0.0,0.0
2024-07-22 06:00:00+00:00,0.0,0.0,0.0,0.0
2024-07-22 07:00:00+00:00,0.0,0.0,0.0,0.0
2024-07-22 08:00:00+00:00,0.0,0.0,0.0,0.0
2024-07-22 09:00:00+00:00,0.0,0.0,0.0,0.0
2024-07-22 10:00:00+00:00,0.0,0.0,0.0,0.0
2024-07-22 11:00:00+00:00,0.0,0.0,0.0,0.0
2024-07-22 12:00:00+00:00,0.0,0.0,0.0,0.0
2024-07-22 13:00:00+00:00,0.0,0.0,0.0,0.0
2024-07-22 14:00:00+00:00,0.0,0.0,0.0,0.0
2024-07-22 15:00:00+00:00,0.0,0.0,0.0,0.0
2024-07-22 16:00:00+00:00,0.0,0.0,0.0,0.0
2024-07-22 17:00:00+00:00,0.0,0.0,0.0,0.0
2024-07-22 18:00:00+00:00,0.0,0.0,0.0,0.0
2024-07-22 19:00:00+00:00,0.0,0.0,0.0,0.0
2024-07-22 20:00:00+00:00,0.0,0.0,0.0,0.0
2024-07-22 21:00:00+00:00,0.0,0.0,0.0,0.0
2024-07-22 22:00:00+00:00,0.0,0.0,0.0,0.0
2024-07-22 23:00:00+00:00,0.0,0.0,0.0,0.0
2024-07-23 00:00:00+00:00,0.0,0.0,0.0,0.0
2024-07-23 01:00:00+00:00,0.0,0.0,0.0,0.0
2024-07-23 02:00:00+00:00,0.0,0.0,0.0,0.0
2024-07-23 03:00:00+00:00,0.0,0.0,0.0,0.0
2024-07-23 04:00:00+00:00,0.0,0.0,0.0,0.0
2024-07-23 05:00:00+00:00,0.0,0.0,0.0,0.0
2024-07-23 06:00:00+00:00,0.0,0.0,0.0,0.0
2024-07-23 07:00:00+00:00,0.0,0.0,0.0,0.0
2024-07-23 08:00:00+00:00,0.0,0.0,0.0,0.0
2024-07-23 09:00:00+00:00,0.0,0.0,0.0,0.0
2024-07-23 10:00:00+00:00,0.0,0.0,0.0,0.0
2024-07-23 11:00:00+00:00,0.0,0.0,0.0,0.0
2024-07-23 12:00:00+00:00,0.0,0.0,0.0,0.0
2024-07-23 13:00:00+00:00,-0.011529,0.0,0.0,0.0
2024-07-23 14:00:00+00:00,0.0,0.0,0.0,0.0
2024-07-23 15:00:00+00:00,0.0,0.0,0.0,0.0
2024-07-23 16:00:00+00:00,0.0,0.0,0.0,0.0
2024-07-23 17:00:00+00:00,0.0,0.0,0.0,0.0
2024-07-23 18:00:00+00:00,0.0,0.0,0.0,0.0
2024-07-23 19:00:00+00:00,0.0,0.0,0.0,0.0
2024-07-23 20:00:00+00:00,0.0,0.0,0.0,0.0
2024-07-23 21:00:00+00:00,0.0,0.0,0.0,0.0
2024-07-23 22:00:00+00:00,0.0,0.0,0.0,0.0
2024-07-23 23:00:00+00:00,0.0,0.0,0.0,0.0
2024-07-24 00:00:00+00:00,0.0,0.0,0.0,0.0
2024-07-24 01:00:00+00:00,0.0,0.0,0.0,0.0
2024-07-24 02:00:00+00:00,0.0,0.0,0.0,0.0
2024-07-24 03:00:00+00:00,0.0,0.0,0.0,0.0
2024-07-24 04:00:00+00:00,0.0,0.0,0.0,0.0
2024-07-24 05:00:00+00:00,0.0,0.0,0.0,0.0
2024-07-24 06:00:00+00:00,0.0,0.0,0.0,0.0
2024-07-24 07:00:00+00:00,0.0,0.0,0.0,0.0
2024-07-24 08:00:00+00:00,0.0,0.0,0.0,0.0
2024-07-24 09:00:00+00:00,0.0,0.0,0.0,0.0
2024-07-24 10:00:00+00:00,0.0,0.0,0.0,0.0
2024-07-24 11:00:00+00:00,0.0,0.0,0.0,0.0
2024-07-24 12:00:00+00:00,0.0,0.0,0.0,0.0
2024-07-24 13:00:00+00:00,0.0,0.0,0.0,0.0
2024-07-24 14:00:00+00:00,0.0,0.0,0.0,0.0
2024-07-24 15:00:00+00:00,0.0,0.0,0.0,0.0
2024-07-24 16:00:00+00:00,0.0,0.0,0.0,0.0
2024-07-24 17:00:00+00:00,0.0,0.0,0.0,0.0
2024-07-24 18:00:00+00:00,0.003546,0.0,0.0,0.0
2024-07-24 19:00:00+00:00,0.0,0.0,0.0,0.0
2024-07-24 20:00:00+00:00,0.0,0.0,0.0,0.0
2024-07-24 21:00:00+00:00,0.0,0.0,0.0,0.0
2024-07-24 22:00:00+00:00,0.0,0.0,0.0,0.0
2024-07-24 23:00:00+00:00,0.0,0.0,0.0,0.0
2024-07-25 00:00:00+00:00,0.0,0.0,0.0,0.0
2024-07-25 01:00:00+00:00,0.0,0.0,0.0,0.0
2024-07-25 02:00:00+00:00,0.0,0.0,0.0,0.0
2024-07-25 03:00:00+00:00,0.0,0.0,0.0,0.0
2024-07-25 04:00:00+00:00,0.0,0.0,0.0,0.0
2024-07-25 05:00:00+00:00,0.0,0.0,0.0,0.0
2024-07-25 06:00:00+00:00,0.0,0.0,0.0,0.0
2024-07-25 07:00:00+00:00,0.0,0.0,0.0,0.0
2024-07-25 08:00:00+00:00,0.0,0.0,0.0,0.0
2024-07-25 09:00:00+00:00,0.0,0.0,0.0,0.0
2024-07-25 10:00:00+00:00,0.0,0.0,0.0,0.0
2024-07-25 11:00:00+00:00,0.0,0.0,0.0,0.0
2024-07-25 12:00:00+00:00,0.0,0.0,0.0,0.0
2024-07-25 13:00:00+00:00,0.0,0.0,0.0,0.0
2024-07-25 14:00:00+00:00,0.0,0.0,0.0,0.0
2024-07-25 15:00:00+00:00,0.0,0.0,0.0,0.0
2024-07-25 16:00:00+00:00,0.0,0.0,0.0,0.0
2024-07-25 17:00:00+00:00,0.0,0.0,0.0,0.0
2024-07-25 18:00:00+00:00,0.0,0.0,0.0,0.0
2024-07-25 19:00:00+00:00,0.0,0.0,0.0,0.0
2024-07-25 20:00:00+00:00,0.0,0.0,0.0,0.0
2024-07-25 21:00:00+00:00,0.0,0.0,0.0,0.0
2024-07-25 22:00:00+00:00,0.0,0.0,0.0,0.0
2024-07-25 23:00:00+00:00,0.0,0.0,0.0,0.0
2024-07-26 00:00:00+00:00,0.0,0.0,0.0,0.0
2024-07-26 01:00:00+00:00,0.0,0.0,0.0,0.0
2024-07-26 02:00:00+00:00,0.0,0.0,0.0,0.0
2024-07-26 03:00:00+00:00,0.0,0.0,0.0,0.0
2024-07-26 04:00:00+00:00,0.0,0.0,0.0,0.0
2024-07-26 05:00:00+00:00,0.0,0.0,0.0,0.0
2024-07-26 06:00:00+00:00,0.0,0.0,0.0,0.0
2024-07-26 07:00:00+00:00,0.0,0.0,0.0,0.0
2024-07-26 08:00:00+00:00,0.0,0.0,0.0,0.0
2024-07-26 09:00:00+00:00,0.0,0.0,0.0,0.0
2024-07-26 10:00:00+00:00,0.0,0.0,0.0,0.0
2024-07-26 11:00:00+00:00,0.0,0.0,0.0,0.0
2024-07-26 12:00:00+00:00,0.0,0.0,0.0,0.0
2024-07-26 13:00:00+00:00,0.0,0.0,0.0,0.0
2024-07-26 14:00:00+00:00,0.0,0.0,0.0,0.0
2024-07-26 15:00:00+00:00,0.0,0.0,0.0,0.0
2024-07-26 16:00:00+00:00,0.0,0.0,0.0,0.0
2024-07-26 17:00:00+00:00,0.0,0.0,0.0,0.0
2024-07-26 18:00:00+00:00,0.0,0.0,0.0,0.0
2024-07-26 19:00:00+00:00,0.0,0.0,0.0,0.0
2024-07-26 20:00:00+00:00,0.0,0.0,0.0,0.0
2024-07-26 21:00:00+00:00,0.0,0.0,0.0,0.0
2024-07-26 22:00:00+00:00,0.0,0.0,0.0,0.0
2024-07-26 23:00:00+00:00,0.0,0.0,0.0,0.0
2024-07-27 00:00:00+00:00,0.0,0.0,0.0,0.0
2024-07-27 01:00:00+00:00,0.0,0.0,0.0,0.0
2024-07-27 02:00:00+00:00,0.0,0.0,0.0,0.0
2024-07-27 03:00:00+00:00,0.0,0.0,0.0,0.0
2024-07-27 04:00:00+00:00,0.0,0.0,0.0,0.0
2024-07-27 05:00:00+00:00,0.0,0.0,0.0,0.0
2024-07-27 06:00:00+00:00,0.0,0.0,0.0,0.0
2024-07-27 07:00:00+00:00,0.0,0.0,0.0,0.0
2024-07-27 08:00:00+00:00,0.0,0.0,0.0,0.0
2024-07-27 09:00:00+00:00,0.0,0.0,0.0,0.0
2024-07-27 10:00:00+00:00,0.0,0.0,0.0,0.0
2024-07-27 11:00:00+00:00,0.0,0.0,-2.4133140714728265e-05,0.0
2024-07-27 12:00:00+00:00,0.0,0.0,0.0,0.0
2024-07-27 13:00:00+00:00,0.0,0.0,0.0,0.0
2024-07-27 14:00:00+00:00,0.0,0.0,0.0,0.0
2024-07-27 15:00:00+00:00,-0.011803,0.0,-8.114883553161478e-05,0.0
2024-07-27 16:00:00+00:00,0.0,0.0,0.0,0.0
2024-07-27 17:00:00+00:00,0.0,0.0,0.0,0.0
2024-07-27 18:00:00+00:00,0.0,0.0,0.0,0.0
2024-07-27 19:00:00+00:00,0.0,0.0,0.0,-0.0001153375178253
2024-07-27 20:00:00+00:00,0.0,0.0,0.0,0.0
2024-07-27 21:00:00+00:00,0.0,0.0,0.0,0.0
2024-07-27 22:00:00+00:00,0.0,0.0,0.0,0.0
2024-07-27 23:00:00+00:00,0.0,0.0,0.0,0.0
2024-07-28 00:00:00+00:00,0.0,0.0,0.0,0.0
2024-07-28 01:00:00+00:00,0.0,0.0,0.0,0.0
2024-07-28 02:00:00+00:00,0.0,0.0,0.0,0.0
2024-07-28 03:00:00+00:00,0.0,0.0,0.0,0.0
2024-07-28 04:00:00+00:00,0.0,0.0,0.0,0.0
2024-07-28 05:00:00+00:00,0.0,0.0,0.0,0.0
2024-07-28 06:00:00+00:00,0.0,0.0,0.0,0.0
2024-07-28 07:00:00+00:00,0.0,0.0,0.0,0.0
2024-07-28 08:00:00+00:00,0.0,0.0,0.0,-4.641999282518183e-05
2024-07-28 09:00:00+00:00,0.0,0.0,0.0,0.0
2024-07-28 10:00:00+00:00,0.0,0.0,0.0,0.0
2024-07-28 11:00:00+00:00,0.0,0.0,0.0,0.0
2024-07-28 12:00:00+00:00,0.0,0.0,0.0,0.0
2024-07-28 13:00:00+00:00,0.0,0.0,0.0,0.0
2024-07-28 14:00:00+00:00,0.0,0.0,0.0,0.0
2024-07-28 15:00:00+00:00,0.0,0.0,0.0,0.0
2024-07-28 16:00:00+00:00,0.0,0.0,0.0,0.0
2024-07-28 17:00:00+00:00,0.0,0.0,0.0,0.0
2024-07-28 18:00:00+00:00,0.0,0.0,0.0,0.0
2024-07-28 19:00:00+00:00,0.0,0.0,0.0,3.068636122412927e-05
2024-07-28 20:00:00+00:00,0.0,0.0,0.0,0.0
2024-07-28 21:00:00+00:00,0.0,0.0,-2.545994816197327e-05,0.0
2024-07-28 22:00:00+00:00,0.0,0.0,0.0,0.0
2024-07-28 23:00:00+00:00,0.0,0.0,0.0,0.0
2024-07-29 00:00:00+00:00,0.013669,0.0,0.0,0.0
2024-07-29 01:00:00+00:00,0.0,0.0,0.0,0.0
2024-07-29 02:00:00+00:00,0.0,0.0,0.0,0.0
2024-07-29 03:00:00+00:00,0.0,0.0,0.0,0.0
2024-07-29 04:00:00+00:00,0.0,0.0,0.0,0.0
2024-07-29 05:00:00+00:00,0.0,0.0,0.0,0.0
2024-07-29 06:00:00+00:00,0.0,0.0,0.0,0.0
2024-07-29 07:00:00+00:00,0.0,0.0,0.0,0.0
2024-07-29 08:00:00+00:00,0.0,0.0,0.0,0.0
2024-07-29 09:00:00+00:00,0.0,0.0,0.0,0.0
2024-07-29 10:00:00+00:00,0.0,0.0,0.0,1.852950918629693e-05
2024-07-29 11:00:00+00:00,0.0,0.0,2.3503649077177845e-05,0.0
2024-07-29 12:00:00+00:00,0.0,0.0,0.0,0.0
2024-07-29 13:00:00+00:00,0.003391,0.0,0.0,-0.0001051171772585
2024-07-29 14:00:00+00:00,0.0,0.0,-8.159942604397563e-05,0.0
2024-07-29 15:00:00+00:00,0.0,0.0,0.0,0.0
2024-07-29 16:00:00+00:00,0.0,0.0,0.0,0.0
2024-07-29 17:00:00+00:00,0.0,0.0,0.0,0.0
2024-07-29 18:00:00+00:00,0.0,0.0,0.0,0.0
2024-07-29 19:00:00+00:00,0.0,0.0,0.0,0.0
2024-07-29 20:00:00+00:00,0.0,0.0,0.0,0.0
2024-07-29 21:00:00+00:00,0.0,0.0,0.0,0.0
2024-07-29 22:00:00+00:00,0.0,0.0,0.0,0.0
2024-07-29 23:00:00+00:00,0.0,0.0,0.0,0.0
2024-07-30 00:00:00+00:00,0.0,0.0,0.0,0.0
2024-07-30 01:00:00+00:00,0.0,0.0,0.0,0.0
2024-07-30 02:00:00+00:00,0.0,0.0,0.0,0.0
2024-07-30 03:00:00+00:00,0.0,0.0,0.0,0.0
2024-07-30 04:00:00+00:00,0.0,0.0,0.0,0.0
2024-07-30 05:00:00+00:00,0.0,0.0,0.0,0.0
2024-07-30 06:00:00+00:00,0.0,0.0,0.0,0.0
2024-07-30 07:00:00+00:00,0.0,0.0,0.0,0.0
2024-07-30 08:00:00+00:00,0.0,0.0,0.0,0.0
2024-07-30 09:00:00+00:00,0.0,0.0,0.0,0.0
2024-07-30 10:00:00+00:00,0.0,0.0,0.0,0.0
2024-07-30 11:00:00+00:00,0.0,0.0,0.0,0.0
2024-07-30 12:00:00+00:00,0.0,0.0,0.0,0.0
2024-07-30 13:00:00+00:00,0.0,0.0,0.0,0.0
2024-07-30 14:00:00+00:00,0.0,0.0,0.0,0.0
2024-07-30 15:00:00+00:00,0.0,0.0,0.0,-0.0001212452338352
2024-07-30 16:00:00+00:00,0.0,0.0,0.0,0.0
2024-07-30 17:00:00+00:00,0.0,0.0,0.0,0.0
2024-07-30 18:00:00+00:00,0.0,0.0,0.0,0.0
2024-07-30 19:00:00+00:00,0.0,0.0,0.0,0.0
2024-07-30 20:00:00+00:00,0.0,0.0,0.0,0.0
2024-07-30 21:00:00+00:00,0.0,0.0,0.0,0.0
2024-07-30 22:00:00+00:00,0.0,0.0,0.0,0.0
2024-07-30 23:00:00+00:00,0.0,0.0,0.0,0.0
2024-07-31 00:00:00+00:00,0.0,0.0,0.0,0.0
2024-07-31 01:00:00+00:00,0.0,0.0,0.0,0.0
2024-07-31 02:00:00+00:00,0.0,0.0,0.0,0.0
2024-07-31 03:00:00+00:00,0.0,0.0,0.0,0.0
2024-07-31 04:00:00+00:00,0.0,0.0,0.0,0.0
2024-07-31 05:00:00+00:00,0.0,0.0,0.0,0.0
2024-07-31 06:00:00+00:00,0.0,0.0,0.0,0.0
2024-07-31 07:00:00+00:00,0.0,0.0,0.0,0.0
2024-07-31 08:00:00+00:00,0.0,0.0,0.0,0.0
2024-07-31 09:00:00+00:00,0.0,0.0,0.0,0.0
2024-07-31 10:00:00+00:00,0.0,0.0,0.0,0.0
2024-07-31 11:00:00+00:00,0.0,0.0,0.0,0.0
2024-07-31 12:00:00+00:00,0.0,0.0,0.0,0.0
2024-07-31 13:00:00+00:00,0.0,0.0,0.0,0.0
2024-07-31 14:00:00+00:00,0.003327,0.0,0.0,0.0
2024-07-31 15:00:00+00:00,0.0,0.0,0.0,0.0
2024-07-31 16:00:00+00:00,0.0,0.0,0.0,0.0
2024-07-31 17:00:00+00:00,0.0,0.0,0.0,0.0
2024-07-31 18:00:00+00:00,0.0,0.0,0.0,0.0
2024-07-31 19:00:00+00:00,0.0,0.0,0.0,0.0
2024-07-31 20:00:00+00:00,0.0,0.0,0.0,0.0
2024-07-31 21:00:00+00:00,0.0,0.0,0.0,0.0
2024-07-31 22:00:00+00:00,0.0,0.0,0.0,0.0
2024-07-31 23:00:00+00:00,0.0,0.0,0.0,0.0
2024-08-01 00:00:00+00:00,0.0,0.0,0.0,0.0
2024-08-01 01:00:00+00:00,0.0,0.0,0.0,0.0
2024-08-01 02:00:00+00:00,0.0,0.0,0.0,0.0
2024-08-01 03:00:00+00:00,0.0,0.0,0.0,0.0
2024-08-01 04:00:00+00:00,0.0,0.0,0.0,0.0
2024-08-01 05:00:00+00:00,0.0,0.0,0.0,0.0
2024-08-01 06:00:00+00:00,0.0,0.0,0.0,0.0
2024-08-01 07:00:00+00:00,0.0,0.0,0.0,0.0
2024-08-01 08:00:00+00:00,0.0,0.0,0.0,0.0
2024-08-01 09:00:00+00:00,0.0,0.0,0.0,0.0
2024-08-01 10:00:00+00:00,0.0,0.0,0.0,0.0
2024-08-01 11:00:00+00:00,0.0,0.0,0.0,0.0
2024-08-01 12:00:00+00:00,0.0,0.0,0.0,0.0
2024-08-01 13:00:00+00:00,0.0,0.0,0.0,0.0
2024-08-01 14:00:00+00:00,0.0,0.0,0.0,0.0
2024-08-01 15:00:00+00:00,0.0,0.0,0.0,0.0
2024-08-01 16:00:00+00:00,0.0,0.0,0.0,0.0
2024-08-01 17:00:00+00:00,0.0,0.0,0.0,0.0
2024-08-01 18:00:00+00:00,0.0,0.0,0.0,0.0
2024-08-01 19:00:00+00:00,0.0,0.0,0.0,0.0
2024-08-01 20:00:00+00:00,0.0,0.0,0.0,0.0
2024-08-01 21:00:00+00:00,0.0,0.0,0.0,0.0
2024-08-01 22:00:00+00:00,0.0,0.0,0.0,0.0
2024-08-01 23:00:00+00:00,0.0,0.0,0.0,0.0
2024-08-02 00:00:00+00:00,0.0,0.0,0.0,0.0
2024-08-02 01:00:00+00:00,0.0,0.0,0.0,0.0
2024-08-02 02:00:00+00:00,0.0,0.0,0.0,0.0
2024-08-02 03:00:00+00:00,0.0,0.0,0.0,0.0
2024-08-02 04:00:00+00:00,0.0,0.0,0.0,0.0
2024-08-02 05:00:00+00:00,0.0,0.0,0.0,0.0
2024-08-02 06:00:00+00:00,0.0,0.0,0.0,0.0
2024-08-02 07:00:00+00:00,0.0,0.0,0.0,0.0
2024-08-02 08:00:00+00:00,0.0,0.0,0.0,0.0
2024-08-02 09:00:00+00:00,0.0,0.0,0.0,0.0
2024-08-02 10:00:00+00:00,0.0,0.0,0.0,0.0
2024-08-02 11:00:00+00:00,0.0,0.0,0.0,0.0
2024-08-02 12:00:00+00:00,0.0,0.0,0.0,0.0
2024-08-02 13:00:00+00:00,0.0,0.0,0.0,0.0
2024-08-02 14:00:00+00:00,0.0,0.0,0.0,0.0
2024-08-02 15:00:00+00:00,0.0,0.0,0.0,0.0
2024-08-02 16:00:00+00:00,0.0,0.0,0.0,0.0
2024-08-02 17:00:00+00:00,0.0,0.0,0.0,0.0
2024-08-02 18:00:00+00:00,0.0,0.0,0.0,0.0
2024-08-02 19:00:00+00:00,0.0,0.0,0.0,0.0
2024-08-02 20:00:00+00:00,0.0,0.0,0.0,0.0
2024-08-02 21:00:00+00:00,0.0,0.0,0.0,0.0
2024-08-02 22:00:00+00:00,0.0,0.0,0.0,0.0
2024-08-02 23:00:00+00:00,0.0,0.0,0.0,0.0
2024-08-03 00:00:00+00:00,0.0,0.0,0.0,0.0
2024-08-03 01:00:00+00:00,0.0,0.0,0.0,0.0
2024-08-03 02:00:00+00:00,0.0,0.0,0.0,0.0
2024-08-03 03:00:00+00:00,0.0,0.0,0.0,0.0
2024-08-03 04:00:00+00:00,0.0,0.0,0.0,0.0
2024-08-03 05:00:00+00:00,0.0,0.0,0.0,0.0
2024-08-03 06:00:00+00:00,0.0,0.0,0.0,0.0
2024-08-03 07:00:00+00:00,0.0,0.0,0.0,0.0
2024-08-03 08:00:00+00:00,0.0,0.0,0.0,0.0
2024-08-03 09:00:00+00:00,0.0,0.0,0.0,0.0
2024-08-03 10:00:00+00:00,0.0,0.0,0.0,0.0
2024-08-03 11:00:00+00:00,0.0,0.0,0.0,0.0
2024-08-03 12:00:00+00:00,0.0,0.0,0.0,0.0
2024-08-03 13:00:00+00:00,0.0,0.0,0.0,0.0
2024-08-03 14:00:00+00:00,0.0,0.0,0.0,0.0
2024-08-03 15:00:00+00:00,0.0,0.0,0.0,0.0
2024-08-03 16:00:00+00:00,0.0,0.0,0.0,0.0
2024-08-03 17:00:00+00:00,0.0,0.0,0.0,0.0
2024-08-03 18:00:00+00:00,0.0,0.0,0.0,0.0
2024-08-03 19:00:00+00:00,0.0,0.0,0.0,0.0
2024-08-03 20:00:00+00:00,0.0,0.0,0.0,0.0
2024-08-03 21:00:00+00:00,0.0,0.0,0.0,0.0
2024-08-03 22:00:00+00:00,0.0,0.0,0.0,0.0
2024-08-03 23:00:00+00:00,0.0,0.0,0.0,0.0
2024-08-04 00:00:00+00:00,0.0,0.0,0.0,0.0
2024-08-04 01:00:00+00:00,0.0,0.0,0.0,0.0
2024-08-04 02:00:00+00:00,0.0,0.0,0.0,0.0
2024-08-04 03:00:00+00:00,0.0,0.0,0.0,0.0
2024-08-04 04:00:00+00:00,0.0,0.0,0.0,0.0
2024-08-04 05:00:00+00:00,0.0,0.0,0.0,0.0
2024-08-04 06:00:00+00:00,0.0,0.0,0.0,0.0
2024-08-04 07:00:00+00:00,0.0,0.0,0.0,0.0
2024-08-04 08:00:00+00:00,0.0,0.0,0.0,0.0
2024-08-04 09:00:00+00:00,0.0,0.0,0.0,0.0
2024-08-04 10:00:00+00:00,0.0,0.0,0.0,0.0
2024-08-04 11:00:00+00:00,0.0,0.0,0.0,0.0
2024-08-04 12:00:00+00:00,0.0,0.0,0.0,0.000103293820733
2024-08-04 13:00:00+00:00,0.0,0.0,-3.436458026268462e-05,0.0
2024-08-04 14:00:00+00:00,-0.011348,0.0,0.0,0.0
2024-08-04 15:00:00+00:00,0.0,0.0,0.0,0.0
2024-08-04 16:00:00+00:00,0.0,0.0,0.0,0.0
2024-08-04 17:00:00+00:00,0.0,0.0,0.0,-0.0001399800071116
2024-08-04 18:00:00+00:00,0.0,0.0,0.0,0.0
2024-08-04 19:00:00+00:00,0.0,0.0,0.0,0.0
2024-08-04 20:00:00+00:00,0.0,0.0,0.0,0.0
2024-08-04 21:00:00+00:00,0.0,0.0,0.0,0.0
2024-08-04 22:00:00+00:00,0.0,0.0,0.0,0.0
2024-08-04 23:00:00+00:00,0.0,0.0,0.0,0.0
2024-08-05 00:00:00+00:00,0.0,0.0,0.0,0.0
2024-08-05 01:00:00+00:00,0.0,0.0,0.0,0.0
2024-08-05 02:00:00+00:00,0.0,0.0,0.0,0.0
2024-08-05 03:00:00+00:00,0.0,0.0,-0.0001123803804089,0.0
2024-08-05 04:00:00+00:00,0.0,0.0,0.0,0.0
2024-08-05 05:00:00+00:00,0.0,0.0,0.0,-0.0002557129129814
2024-08-05 06:00:00+00:00,0.0,0.0,-0.0001575824196669,0.0
2024-08-05 07:00:00+00:00,0.0,0.0,0.0,0.0
2024-08-05 08:00:00+00:00,0.0,0.0,0.0,0.0
2024-08-05 09:00:00+00:00,0.0,0.0,0.0,0.0
2024-08-05 10:00:00+00:00,0.004603,0.0,0.0,0.0
2024-08-05 11:00:00+00:00,0.0,0.0,0.0,0.0
2024-08-05 12:00:00+00:00,0.0,0.0,0.0,-0.0004046221099935
2024-08-05 13:00:00+00:00,0.0,0.0,0.0,0.0
2024-08-05 14:00:00+00:00,0.0,0.0,0.0,0.0
2024-08-05 15:00:00+00:00,0.0,0.0,0.0,0.0
2024-08-05 16:00:00+00:00,0.0,0.0,0.0,0.0
2024-08-05 17:00:00+00:00,0.0,0.0,0.0,0.0
2024-08-05 18:00:00+00:00,0.0,0.0,0.0,0.0
2024-08-05 19:00:00+00:00,0.0,0.0,0.0,0.0
2024-08-05 20:00:00+00:00,0.0,0.0,0.0,0.0
2024-08-05 21:00:00+00:00,0.0,0.0,0.0,0.0
2024-08-05 22:00:00+00:00,0.0,0.0,0.0,0.0
2024-08-05 23:00:00+00:00,0.0,0.0,0.0,0.0
2024-08-06 00:00:00+00:00,0.0,0.0,0.0,0.0
2024-08-06 01:00:00+00:00,0.0,0.0,0.0,0.0
2024-08-06 02:00:00+00:00,0.0,0.0,0.0,0.0
2024-08-06 03:00:00+00:00,0.0,0.0,0.0,0.0
2024-08-06 04:00:00+00:00,0.0,0.0,0.0,0.0
2024-08-06 05:00:00+00:00,0.0,0.0,0.0,0.0
2024-08-06 06:00:00+00:00,0.0,0.0,0.0,0.0
2024-08-06 07:00:00+00:00,0.0,0.0,0.0,0.0
2024-08-06 08:00:00+00:00,0.0,0.0,0.0,0.0
2024-08-06 09:00:00+00:00,0.0,0.0,0.0,0.0
2024-08-06 10:00:00+00:00,0.0,0.0,0.0,0.0
2024-08-06 11:00:00+00:00,0.0,0.0,0.0,0.0
2024-08-06 12:00:00+00:00,0.0,0.0,0.0,0.0
2024-08-06 13:00:00+00:00,0.0,0.0,0.0,0.0
2024-08-06 14:00:00+00:00,0.0,0.0,0.0,0.0
2024-08-06 15:00:00+00:00,0.0,0.0,0.0,0.0
2024-08-06 16:00:00+00:00,0.0,0.0,0.0,0.0
2024-08-06 17:00:00+00:00,0.0,0.0,0.0,0.0
2024-08-06 18:00:00+00:00,0.0,0.0,0.0,0.0
2024-08-06 19:00:00+00:00,0.0,0.0,0.0,0.0
2024-08-06 20:00:00+00:00,0.0,0.0,0.0,0.0
2024-08-06 21:00:00+00:00,0.0,0.0,0.0,0.0
2024-08-06 22:00:00+00:00,0.0,0.0,0.0,0.0
2024-08-06 23:00:00+00:00,0.0,0.0,0.0,0.0
2024-08-07 00:00:00+00:00,0.0,0.0,0.0,0.0
2024-08-07 01:00:00+00:00,0.0,0.0,0.0,0.0
2024-08-07 02:00:00+00:00,0.0,0.0,0.0,0.0
2024-08-07 03:00:00+00:00,0.0,0.0,0.0,0.0
2024-08-07 04:00:00+00:00,0.0,0.0,0.0,0.0
2024-08-07 05:00:00+00:00,0.0,0.0,0.0,0.0
2024-08-07 06:00:00+00:00,0.0,0.0,0.0,0.0
2024-08-07 07:00:00+00:00,0.0,0.0,0.0,0.0
2024-08-07 08:00:00+00:00,0.0,0.0,0.0,0.0
2024-08-07 09:00:00+00:00,0.0,0.0,0.0,0.0
2024-08-07 10:00:00+00:00,0.0,0.0,0.0,0.0
2024-08-07 11:00:00+00:00,0.0,0.0,0.0,0.0
2024-08-07 12:00:00+00:00,0.0,0.0,0.0,0.0
2024-08-07 13:00:00+00:00,0.0,0.0,0.0,0.0
2024-08-07 14:00:00+00:00,0.0,0.0,0.0,0.0
2024-08-07 15:00:00+00:00,0.0,0.0,0.0,0.0
2024-08-07 16:00:00+00:00,0.0,0.0,0.0,0.0
2024-08-07 17:00:00+00:00,0.0,0.0,0.0,0.0
2024-08-07 18:00:00+00:00,0.0,0.0,0.0,0.0
2024-08-07 19:00:00+00:00,0.0,0.0,0.0,0.0
2024-08-07 20:00:00+00:00,0.0,0.0,0.0,0.0
2024-08-07 21:00:00+00:00,0.0,0.0,0.0,0.0
2024-08-07 22:00:00+00:00,0.0,0.0,0.0,0.0
2024-08-07 23:00:00+00:00,0.0,0.0,0.0,0.0
2024-08-08 00:00:00+00:00,0.0,0.0,0.0,0.0
2024-08-08 01:00:00+00:00,0.0,0.0,0.0,0.0
2024-08-08 02:00:00+00:00,0.0,0.0,0.0,0.0
2024-08-08 03:00:00+00:00,0.0,0.0,0.0,0.0
2024-08-08 04:00:00+00:00,0.0,0.0,0.0,0.0
2024-08-08 05:00:00+00:00,0.0,0.0,0.0,0.0
2024-08-08 06:00:00+00:00,0.0,0.0,-3.6784011832371446e-05,0.0
2024-08-08 07:00:00+00:00,0.0,0.0,0.0,0.0
2024-08-08 08:00:00+00:00,0.0,0.0,0.0,0.0
2024-08-08 09:00:00+00:00,0.0,0.0,-3.4621701904595785e-05,0.0
2024-08-08 10:00:00+00:00,0.0,0.0,0.0,0.0
2024-08-08 11:00:00+00:00,0.0,0.0,0.0,0.0
2024-08-08 12:00:00+00:00,0.0,0.0,0.0,0.0
2024-08-08 13:00:00+00:00,0.0,0.0,0.0,0.0
2024-08-08 14:00:00+00:00,0.0,0.0,0.0,0.0
2024-08-08 15:00:00+00:00,0.0,0.0,0.0,0.0
2024-08-08 16:00:00+00:00,0.0,0.0,0.0,0.0
2024-08-08 17:00:00+00:00,0.0,0.0,0.0,0.0
2024-08-08 18:00:00+00:00,0.0,0.0,0.0,0.0
2024-08-08 19:00:00+00:00,0.0,0.0,0.0,0.0
2024-08-08 20:00:00+00:00,0.0,0.0,0.0,0.0
2024-08-08 21:00:00+00:00,0.0,0.0,0.0,0.0
2024-08-08 22:00:00+00:00,0.0,0.0,0.0,0.0
2024-08-08 23:00:00+00:00,0.0,0.0,0.0,0.0
2024-08-09 00:00:00+00:00,0.0,0.0,0.0,0.0
2024-08-09 01:00:00+00:00,0.0,0.0,0.0,0.0
2024-08-09 02:00:00+00:00,0.0,0.0,0.0,0.0
2024-08-09 03:00:00+00:00,0.0,0.0,0.0,0.0
2024-08-09 04:00:00+00:00,0.0,0.0,0.0,0.0
2024-08-09 05:00:00+00:00,0.0,0.0,0.0,0.0
2024-08-09 06:00:00+00:00,0.0,0.0,0.0,0.0
2024-08-09 07:00:00+00:00,0.0,0.0,0.0,0.0
2024-08-09 08:00:00+00:00,0.0,0.0,0.0,0.0
2024-08-09 09:00:00+00:00,0.0,0.0,0.0,0.0
2024-08-09 10:00:00+00:00,0.0,0.0,0.0,0.0
2024-08-09 11:00:00+00:00,0.0,0.0,0.0,0.0
2024-08-09 12:00:00+00:00,0.0,0.0,-6.592655842796113e-05,0.0
2024-08-09 13:00:00+00:00,0.0,0.0,0.0,-0.0001217717188155
2024-08-09 14:00:00+00:00,0.0,0.0,0.0,0.0
2024-08-09 15:00:00+00:00,0.0,0.0,0.0,0.0
2024-08-09 16:00:00+00:00,0.0,0.0,0.0,0.0
2024-08-09 17:00:00+00:00,0.0,0.0,0.0,0.0
2024-08-09 18:00:00+00:00,0.0,0.0,0.0,0.0
2024-08-09 19:00:00+00:00,0.0,0.0,0.0,0.0
2024-08-09 20:00:00+00:00,0.0,0.0,0.0,9.605258493725288e-05
2024-08-09 21:00:00+00:00,0.0,0.0,-4.78107449450138e-05,0.0
2024-08-09 22:00:00+00:00,0.0,0.0,0.0,0.0
2024-08-09 23:00:00+00:00,0.0,0.0,0.0,0.0
2024-08-10 00:00:00+00:00,0.0,0.0,0.0,0.0
2024-08-10 01:00:00+00:00,0.0,0.0,0.0,0.0
2024-08-10 02:00:00+00:00,0.0,0.0,0.0,0.0
2024-08-10 03:00:00+00:00,0.0,0.0,0.0,0.0
2024-08-10 04:00:00+00:00,0.0,0.0,0.0,0.0
2024-08-10 05:00:00+00:00,0.0,0.0,0.0,0.0
2024-08-10 06:00:00+00:00,0.0,0.0,0.0,0.0
2024-08-10 07:00:00+00:00,0.0,0.0,0.0,0.0
2024-08-10 08:00:00+00:00,0.0,0.0,0.0,0.0
2024-08-10 09:00:00+00:00,0.0,0.0,0.0,0.0
2024-08-10 10:00:00+00:00,0.0,0.0,0.0,0.0
2024-08-10 11:00:00+00:00,0.0,0.0,0.0,0.0
2024-08-10 12:00:00+00:00,0.0,0.0,0.0,0.0
2024-08-10 13:00:00+00:00,0.0,0.0,-3.457207363702252e-05,0.0
2024-08-10 14:00:00+00:00,0.0,0.0,0.0,0.0
2024-08-10 15:00:00+00:00,0.0,0.0,0.0,0.0
2024-08-10 16:00:00+00:00,0.0,0.0,0.0,0.0
2024-08-10 17:00:00+00:00,0.0,0.0,0.0,0.0
2024-08-10 18:00:00+00:00,0.0,0.0,0.0,0.0
2024-08-10 19:00:00+00:00,0.0,0.0,0.0,0.0
2024-08-10 20:00:00+00:00,0.0,0.0,0.0,0.0
2024-08-10 21:00:00+00:00,0.0,0.0,0.0,0.0
2024-08-10 22:00:00+00:00,0.0,0.0,0.0,0.0
2024-08-10 23:00:00+00:00,0.0,0.0,0.0,0.0
2024-08-11 00:00:00+00:00,0.0,0.0,0.0,0.0
2024-08-11 01:00:00+00:00,0.0,0.0,0.0,0.0
2024-08-11 02:00:00+00:00,0.0,0.0,0.0,0.0
2024-08-11 03:00:00+00:00,0.0,0.0,0.0,0.0
2024-08-11 04:00:00+00:00,0.0,0.0,-3.936399617516683e-05,0.0
2024-08-11 05:00:00+00:00,0.0,0.0,0.0,0.0
2024-08-11 06:00:00+00:00,0.0,0.0,0.0,0.0
2024-08-11 07:00:00+00:00,0.0,0.0,0.0,0.0
2024-08-11 08:00:00+00:00,0.0,0.0,2.6913442913377725e-05,1.953075433070218e-05
2024-08-11 09:00:00+00:00,0.0,0.0,0.0,0.0
2024-08-11 10:00:00+00:00,0.0,0.0,0.0,0.0
2024-08-11 11:00:00+00:00,0.0,0.0,0.0,-7.232810808676548e-05
2024-08-11 12:00:00+00:00,0.0,0.0,0.0,0.0
2024-08-11 13:00:00+00:00,0.0,0.0,-4.899600757719002e-05,0.0
2024-08-11 14:00:00+00:00,0.0,0.0,0.0,0.0
2024-08-11 15:00:00+00:00,0.0,0.0,0.0,0.0
2024-08-11 16:00:00+00:00,0.0,0.0,0.0,0.0
2024-08-11 17:00:00+00:00,0.0,0.0,0.0,0.0
2024-08-11 18:00:00+00:00,0.0,0.0,0.0,0.0
2024-08-11 19:00:00+00:00,0.0,0.0,-3.776235056227483e-05,-0.0001040269815807
2024-08-11 20:00:00+00:00,0.0,0.0,0.0,0.0
2024-08-11 21:00:00+00:00,0.0,0.0,0.0,0.0
2024-08-11 22:00:00+00:00,0.0,0.0,0.0,0.0
2024-08-11 23:00:00+00:00,0.0,0.0,0.0,0.0
2024-08-12 00:00:00+00:00,0.0,0.0,0.0,0.0
2024-08-12 01:00:00+00:00,0.0,0.0,0.0,0.0
2024-08-12 02:00:00+00:00,0.0,0.0,0.0,0.0
2024-08-12 03:00:00+00:00,0.0,0.0,0.0,0.0
2024-08-12 04:00:00+00:00,0.0,0.0,0.0,0.0
2024-08-12 05:00:00+00:00,0.0,0.0,0.0,0.0
2024-08-12 06:00:00+00:00,0.0,0.0,0.0,0.0
2024-08-12 07:00:00+00:00,0.0,0.0,0.0,0.0
2024-08-12 08:00:00+00:00,0.0,0.0,0.0,0.0
2024-08-12 09:00:00+00:00,0.0,0.0,0.0,0.0
2024-08-12 10:00:00+00:00,0.0,0.0,0.0,0.0
2024-08-12 11:00:00+00:00,0.0,0.0,0.0,0.0
2024-08-12 12:00:00+00:00,0.0,0.0,0.0,0.0
2024-08-12 13:00:00+00:00,0.0,0.0,-4.553010025577619e-05,-9.527224061386064e-05
2024-08-12 14:00:00+00:00,0.0,0.0,0.0,0.0
2024-08-12 15:00:00+00:00,0.0,0.0,0.0,0.0
2024-08-12 16:00:00+00:00,0.0,0.0,0.0,0.0
2024-08-12 17:00:00+00:00,0.0,0.0,0.0,0.0
2024-08-12 18:00:00+00:00,0.0,0.0,0.0,0.0
2024-08-12 19:00:00+00:00,0.0,0.0,0.0,0.0
2024-08-12 20:00:00+00:00,0.0,0.0,0.0,0.0
2024-08-12 21:00:00+00:00,0.0,0.0,0.0,0.0
2024-08-12 22:00:00+00:00,0.0,0.0,0.0,0.0
2024-08-12 23:00:00+00:00,0.0,0.0,0.0,0.0
2024-08-13 00:00:00+00:00,0.0,0.0,0.0,0.0
2024-08-13 01:00:00+00:00,0.0,0.0,0.0,0.0
2024-08-13 02:00:00+00:00,0.0,0.0,0.0,0.0
2024-08-13 03:00:00+00:00,0.0,0.0,0.0,0.0
2024-08-13 04:00:00+00:00,0.0,0.0,0.0,0.0
2024-08-13 05:00:00+00:00,0.0,0.0,0.0,0.0
2024-08-13 06:00:00+00:00,0.0,0.0,0.0,0.0
2024-08-13 07:00:00+00:00,0.0,0.0,0.0,0.0
2024-08-13 08:00:00+00:00,0.0,0.0,0.0,0.0
2024-08-13 09:00:00+00:00,0.0,0.0,0.0,-9.052662098093966e-05
2024-08-13 10:00:00+00:00,0.0,0.0,0.0,0.0
2024-08-13 11:00:00+00:00,0.0,0.0,0.0,0.0
2024-08-13 12:00:00+00:00,0.0,0.0,0.0,0.0
2024-08-13 13:00:00+00:00,0.0,0.0,-5.062901698125954e-05,5.935441101478812e-05
2024-08-13 14:00:00+00:00,0.0,0.0,0.0,0.0
2024-08-13 15:00:00+00:00,0.0,0.0,0.0,0.0
2024-08-13 16:00:00+00:00,0.0,0.0,0.0,6.616593013280326e-05
2024-08-13 17:00:00+00:00,0.0,0.0,0.0,0.0
2024-08-13 18:00:00+00:00,0.0,0.0,0.0,0.0
2024-08-13 19:00:00+00:00,0.0,0.0,0.0,0.0
2024-08-13 20:00:00+00:00,0.0,0.0,0.0,0.0
2024-08-13 21:00:00+00:00,0.0,0.0,0.0,0.0
2024-08-13 22:00:00+00:00,0.0,0.0,0.0,0.0
2024-08-13 23:00:00+00:00,0.0,0.0,0.0,0.0
2024-08-14 00:00:00+00:00,0.0,0.0,0.0,0.0
2024-08-14 01:00:00+00:00,0.0,0.0,0.0,0.0
2024-08-14 02:00:00+00:00,0.0,0.0,0.0,0.0
2024-08-14 03:00:00+00:00,0.0,0.0,0.0,0.0
2024-08-14 04:00:00+00:00,0.0,0.0,0.0,0.0
2024-08-14 05:00:00+00:00,0.0,0.0,0.0,0.0
2024-08-14 06:00:00+00:00,0.0,0.0,0.0,0.0
2024-08-14 07:00:00+00:00,0.0,0.0,0.0,0.0
2024-08-14 08:00:00+00:00,0.0,0.0,0.0,0.0
2024-08-14 09:00:00+00:00,0.0,0.0,0.0,0.0
2024-08-14 10:00:00+00:00,0.0,0.0,0.0,4.449356325427424e-05
2024-08-14 11:00:00+00:00,0.0,0.0,0.0,0.0
2024-08-14 12:00:00+00:00,0.0,0.0,0.0,0.0
2024-08-14 13:00:00+00:00,0.0,0.0,0.0,-0.0001973696563291
2024-08-14 14:00:00+00:00,0.0,0.0,0.0,0.0
2024-08-14 15:00:00+00:00,0.0,0.0,0.0,0.0
2024-08-14 16:00:00+00:00,0.0,0.0,0.0,0.0
2024-08-14 17:00:00+00:00,0.0,0.0,0.0,0.0
2024-08-14 18:00:00+00:00,0.0,0.0,0.0,0.0
2024-08-14 19:00:00+00:00,0.0,0.0,0.0,0.0
2024-08-14 20:00:00+00:00,0.0,0.0,0.0,0.0
2024-08-14 21:00:00+00:00,0.0,0.0,0.0,0.0
2024-08-14 22:00:00+00:00,0.0,0.0,0.0,0.0
2024-08-14 23:00:00+00:00,0.0,0.0,0.0,-0.0001365737808377
2024-08-15 00:00:00+00:00,0.0,0.0,0.0,0.0
2024-08-15 01:00:00+00:00,0.0,0.0,0.0,0.0
2024-08-15 02:00:00+00:00,0.0,0.0,0.0,0.0
2024-08-15 03:00:00+00:00,0.0,0.0,0.0,0.0
2024-08-15 04:00:00+00:00,0.0,0.0,0.0,0.0
2024-08-15 05:00:00+00:00,0.0,0.0,0.0,0.0
2024-08-15 06:00:00+00:00,0.0,0.0,0.0,0.0
2024-08-15 07:00:00+00:00,0.0,0.0,0.0,0.0
2024-08-15 08:00:00+00:00,0.0,0.0,0.0,0.0
2024-08-15 09:00:00+00:00,0.0,0.0,0.0,0.0
2024-08-15 10:00:00+00:00,0.0,0.0,0.0,0.0
2024-08-15 11:00:00+00:00,0.0,0.0,0.0,0.0
2024-08-15 12:00:00+00:00,0.0,0.0,0.0,0.0
2024-08-15 13:00:00+00:00,0.0,0.0,0.0,0.0
2024-08-15 14:00:00+00:00,0.0,0.0,0.0,0.0
2024-08-15 15:00:00+00:00,0.0,0.0,0.0,0.0
2024-08-15 16:00:00+00:00,0.0,0.0,0.0,0.0
2024-08-15 17:00:00+00:00,0.0,0.0,0.0,0.0
2024-08-15 18:00:00+00:00,0.0,0.0,0.0,0.0
2024-08-15 19:00:00+00:00,0.0,0.0,0.0,0.0
2024-08-15 20:00:00+00:00,0.0,0.0,0.0,0.0
2024-08-15 21:00:00+00:00,0.0,0.0,0.0,0.0
2024-08-15 22:00:00+00:00,0.0,0.0,0.0,0.0
2024-08-15 23:00:00+00:00,0.0,0.0,0.0,0.0
2024-08-16 00:00:00+00:00,0.0,0.0,0.0,0.0
2024-08-16 01:00:00+00:00,0.0,0.0,0.0,0.0
2024-08-16 02:00:00+00:00,0.0,0.0,0.0,0.0
2024-08-16 03:00:00+00:00,0.0,0.0,0.0,0.0
2024-08-16 04:00:00+00:00,0.0,0.0,0.0,0.0
2024-08-16 05:00:00+00:00,0.0,0.0,0.0,0.0
2024-08-16 06:00:00+00:00,0.0,0.0,0.0,0.0
2024-08-16 07:00:00+00:00,0.0,0.0,0.0,0.0
2024-08-16 08:00:00+00:00,0.0,0.0,0.0,0.0
2024-08-16 09:00:00+00:00,0.0,0.0,0.0,0.0
2024-08-16 10:00:00+00:00,0.0,0.0,0.0,0.0
2024-08-16 11:00:00+00:00,0.0,0.0,0.0,0.0
2024-08-16 12:00:00+00:00,0.0,0.0,0.0,0.0
2024-08-16 13:00:00+00:00,0.0,0.0,0.0,0.0
2024-08-16 14:00:00+00:00,0.0,0.0,0.0,0.0
2024-08-16 15:00:00+00:00,0.0,0.0,0.0,0.0
2024-08-16 16:00:00+00:00,0.0,0.0,0.0,0.0
2024-08-16 17:00:00+00:00,0.0,0.0,0.0,0.0
2024-08-16 18:00:00+00:00,0.0,0.0,0.0,0.0
2024-08-16 19:00:00+00:00,0.0,0.0,0.0,0.0
2024-08-16 20:00:00+00:00,0.0,0.0,0.0,0.0
2024-08-16 21:00:00+00:00,0.0,0.0,0.0,0.0
2024-08-16 22:00:00+00:00,0.0,0.0,0.0,0.0
2024-08-16 23:00:00+00:00,0.0,0.0,0.0,0.0
2024-08-17 00:00:00+00:00,0.0,0.0,0.0,0.0
2024-08-17 01:00:00+00:00,0.0,0.0,0.0,0.0
2024-08-17 02:00:00+00:00,0.0,0.0,0.0,0.0
2024-08-17 03:00:00+00:00,0.0,0.0,0.0,0.0
2024-08-17 04:00:00+00:00,0.0,0.0,0.0,0.0
2024-08-17 05:00:00+00:00,0.0,0.0,0.0,0.0
2024-08-17 06:00:00+00:00,0.0,0.0,0.0,0.0
2024-08-17 07:00:00+00:00,0.0,0.0,0.0,0.0
2024-08-17 08:00:00+00:00,0.0,0.0,0.0,0.0
2024-08-17 09:00:00+00:00,0.0,0.0,0.0,0.0
2024-08-17 10:00:00+00:00,0.0,0.0,0.0,0.0
2024-08-17 11:00:00+00:00,0.0,0.0,0.0,0.0
2024-08-17 12:00:00+00:00,0.0,0.0,0.0,0.0
2024-08-17 13:00:00+00:00,0.0,0.0,0.0,0.0
2024-08-17 14:00:00+00:00,0.0,0.0,0.0,0.0
2024-08-17 15:00:00+00:00,0.0,0.0,-3.669673506690118e-05,0.0
2024-08-17 16:00:00+00:00,0.0,0.0,0.0,0.0
2024-08-17 17:00:00+00:00,0.0,0.0,0.0,0.0
2024-08-17 18:00:00+00:00,0.0,0.0,0.0,0.0
2024-08-17 19:00:00+00:00,0.0,0.0,0.0,0.0
2024-08-17 20:00:00+00:00,0.0,0.0,-2.313364896014524e-05,0.0
2024-08-17 21:00:00+00:00,0.0,0.0,0.0,0.0
2024-08-17 22:00:00+00:00,0.0,0.0,0.0,0.0
2024-08-17 23:00:00+00:00,0.0,0.0,0.0,0.0
2024-08-18 00:00:00+00:00,0.0,0.0,0.0,0.0
2024-08-18 01:00:00+00:00,0.0,0.0,0.0,0.0
2024-08-18 02:00:00+00:00,0.0,0.0,0.0,0.0
2024-08-18 03:00:00+00:00,0.0,0.0,-8.200794997172634e-05,0.0
2024-08-18 04:00:00+00:00,0.0,0.0,0.0,0.0
2024-08-18 05:00:00+00:00,0.0,0.0,0.0,0.0
2024-08-18 06:00:00+00:00,0.0,0.0,0.0,0.0
2024-08-18 07:00:00+00:00,0.0,0.0,0.0,0.0
2024-08-18 08:00:00+00:00,0.0,0.0,-2.363024665878454e-05,0.0
2024-08-18 09:00:00+00:00,0.0,0.0,0.0,0.0
2024-08-18 10:00:00+00:00,0.0,0.0,0.0,0.0
2024-08-18 11:00:00+00:00,0.0,0.0,0.0,0.0
2024-08-18 12:00:00+00:00,0.0,0.0,0.0,0.0
2024-08-18 13:00:00+00:00,0.0,0.0,0.0,0.0
2024-08-18 14:00:00+00:00,0.0,0.0,-4.1208071122567074e-05,-6.483805563806787e-05
2024-08-18 15:00:00+00:00,0.0,0.0,0.0,0.0
2024-08-18 16:00:00+00:00,0.0,0.0,0.0,0.0
2024-08-18 17:00:00+00:00,0.0,0.0,0.0,0.0
2024-08-18 18:00:00+00:00,0.0,0.0,0.0,0.0
2024-08-18 19:00:00+00:00,0.0,0.0,0.0,0.0
2024-08-18 20:00:00+00:00,0.0,0.0,0.0,0.0
2024-08-18 21:00:00+00:00,0.0,0.0,0.0,0.0
2024-08-18 22:00:00+00:00,0.0,0.0,0.0,0.0
2024-08-18 23:00:00+00:00,0.0,0.0,0.0,0.0
2024-08-19 00:00:00+00:00,0.0,0.0,0.0,0.0
2024-08-19 01:00:00+00:00,0.0,0.0,0.0,0.0
2024-08-19 02:00:00+00:00,0.0,0.0,0.0,0.0
2024-08-19 03:00:00+00:00,0.0,0.0,0.0,0.0
2024-08-19 04:00:00+00:00,0.0,0.0,0.0,0.0
2024-08-19 05:00:00+00:00,0.0,0.0,0.0,0.0
2024-08-19 06:00:00+00:00,0.0,0.0,0.0,0.0
2024-08-19 07:00:00+00:00,0.0,0.0,2.8090697250526902e-06,0.0
2024-08-19 08:00:00+00:00,0.0,0.0,0.0,0.0
2024-08-19 09:00:00+00:00,0.0,0.0,0.0,0.0
2024-08-19 10:00:00+00:00,0.0,0.0,0.0,0.0
2024-08-19 11:00:00+00:00,0.0,0.0,0.0,0.0
2024-08-19 12:00:00+00:00,0.0,0.0,0.0,0.0
2024-08-19 13:00:00+00:00,0.0,0.0,0.0,0.0
2024-08-19 14:00:00+00:00,0.0,0.0,0.0,0.0
2024-08-19 15:00:00+00:00,0.0,0.0,0.0,0.0
2024-08-19 16:00:00+00:00,0.0,0.0,0.0,0.0
2024-08-19 17:00:00+00:00,0.0,0.0,0.0,0.0
2024-08-19 18:00:00+00:00,0.0,0.0,0.0,0.0
2024-08-19 19:00:00+00:00,0.0,0.0,0.0,0.0
2024-08-19 20:00:00+00:00,0.0,0.0,0.0,0.0
2024-08-19 21:00:00+00:00,0.0,0.0,0.0,0.0
2024-08-19 22:00:00+00:00,0.0,0.0,0.0,0.0
2024-08-19 23:00:00+00:00,0.0,0.0,0.0,0.0
2024-08-20 00:00:00+00:00,0.0,0.0,0.0001180917657581,0.0
2024-08-20 01:00:00+00:00,0.0,0.0,0.0,0.0
2024-08-20 02:00:00+00:00,0.0,0.0,0.0,0.0
2024-08-20 03:00:00+00:00,0.0,0.0,0.0,0.0
2024-08-20 04:00:00+00:00,0.0,0.0,0.0,0.0
2024-08-20 05:00:00+00:00,0.0,0.0,0.0,0.0
2024-08-20 06:00:00+00:00,0.0,0.0,0.0,0.0
2024-08-20 07:00:00+00:00,0.0,0.0,0.0,0.0
2024-08-20 08:00:00+00:00,0.0,0.0,0.0,0.0
2024-08-20 09:00:00+00:00,0.0,0.0,0.0,0.0
2024-08-20 10:00:00+00:00,0.0,0.0,0.0,0.0
2024-08-20 11:00:00+00:00,0.0,0.0,0.0,0.0
2024-08-20 12:00:00+00:00,0.0,0.0,0.0,0.0
2024-08-20 13:00:00+00:00,0.0,0.0,0.0,0.0
2024-08-20 14:00:00+00:00,0.0,0.0,0.0,0.0
2024-08-20 15:00:00+00:00,0.0,0.0,0.0,0.0
2024-08-20 16:00:00+00:00,0.0,0.0,0.0,0.0
2024-08-20 17:00:00+00:00,0.0,0.0,0.0,0.0
2024-08-20 18:00:00+00:00,0.0,0.0,0.0,0.0
2024-08-20 19:00:00+00:00,0.0,0.0,0.0,0.0
2024-08-20 20:00:00+00:00,0.0,0.0,0.0,0.0
2024-08-20 21:00:00+00:00,0.0,0.0,0.0,0.0
2024-08-20 22:00:00+00:00,0.0,0.0,0.0,-2.577483359064158e-05
2024-08-20 23:00:00+00:00,0.0,0.0,0.0,0.0
2024-08-21 00:00:00+00:00,0.0,0.0,0.0,0.0
2024-08-21 01:00:00+00:00,0.0,0.0,0.0,0.0
2024-08-21 02:00:00+00:00,0.0,0.0,0.0,0.0
2024-08-21 03:00:00+00:00,0.0,0.0,0.0,0.0
2024-08-21 04:00:00+00:00,0.0,0.0,0.0,0.0
2024-08-21 05:00:00+00:00,0.0,0.0,0.0,0.0
2024-08-21 06:00:00+00:00,0.0,0.0,0.0,0.0
2024-08-21 07:00:00+00:00,0.0,0.0,0.0,0.0
2024-08-21 08:00:00+00:00,0.0,0.0,0.0,0.0
2024-08-21 09:00:00+00:00,0.0,0.0,0.0,0.0
2024-08-21 10:00:00+00:00,0.0,0.0,0.0,0.0
2024-08-21 11:00:00+00:00,0.0,0.0,0.0,0.0
2024-08-21 12:00:00+00:00,0.0,0.0,0.0,0.0
2024-08-21 13:00:00+00:00,0.0,0.0,0.0,0.0
2024-08-21 14:00:00+00:00,0.0,0.0,0.0,0.0
2024-08-21 15:00:00+00:00,0.0,0.0,0.0,0.0
2024-08-21 16:00:00+00:00,0.0,0.0,0.0,0.0
2024-08-21 17:00:00+00:00,0.0,0.0,0.0,0.0
2024-08-21 18:00:00+00:00,0.0,0.0,0.0,0.0001936653172398
2024-08-21 19:00:00+00:00,0.0,0.0,0.0,0.0
2024-08-21 20:00:00+00:00,0.0,0.0,0.0,0.0
2024-08-21 21:00:00+00:00,0.0,0.0,0.0,0.0
2024-08-21 22:00:00+00:00,0.0,0.0,0.0,0.0
2024-08-21 23:00:00+00:00,0.0,0.0,0.0,0.0
2024-08-22 00:00:00+00:00,0.0,0.0,0.0,0.0
2024-08-22 01:00:00+00:00,0.0,0.0,0.0,0.0
2024-08-22 02:00:00+00:00,0.0,0.0,0.0,-0.0001900509504213
2024-08-22 03:00:00+00:00,0.0,0.0,0.0,0.0
2024-08-22 04:00:00+00:00,0.0,0.0,0.0,0.0
2024-08-22 05:00:00+00:00,0.0,0.0,0.0,0.0
2024-08-22 06:00:00+00:00,0.0,0.0,0.0,0.0
2024-08-22 07:00:00+00:00,0.0,0.0,0.0,0.0
2024-08-22 08:00:00+00:00,0.0,0.0,0.0,0.0
2024-08-22 09:00:00+00:00,0.0,0.0,0.0,0.0
2024-08-22 10:00:00+00:00,0.0,0.0,0.0,0.0
2024-08-22 11:00:00+00:00,0.0,0.0,0.0,0.0
2024-08-22 12:00:00+00:00,0.0,0.0,0.0,0.0
2024-08-22 13:00:00+00:00,0.0,0.0,0.0,0.0
2024-08-22 14:00:00+00:00,0.0,0.0,0.0,0.0
2024-08-22 15:00:00+00:00,0.0,0.0,0.0,0.0
2024-08-22 16:00:00+00:00,0.0,0.0,0.0,0.0
2024-08-22 17:00:00+00:00,0.0,0.0,0.0,0.0
2024-08-22 18:00:00+00:00,0.0,0.0,0.0,0.0
2024-08-22 19:00:00+00:00,0.0,0.0,0.0,0.0
2024-08-22 20:00:00+00:00,0.0,0.0,0.0,0.0
2024-08-22 21:00:00+00:00,0.0,0.0,0.0,0.0
2024-08-22 22:00:00+00:00,0.0,0.0,0.0,0.0
2024-08-22 23:00:00+00:00,0.0,0.0,0.0,0.0
2024-08-23 00:00:00+00:00,0.0,0.0,0.0,0.0
2024-08-23 01:00:00+00:00,0.0,0.0,0.0,0.0
2024-08-23 02:00:00+00:00,0.0,0.0,0.0,0.0
2024-08-23 03:00:00+00:00,0.0,0.0,0.0,0.0
2024-08-23 04:00:00+00:00,0.0,0.0,0.0,0.0
2024-08-23 05:00:00+00:00,0.0,0.0,0.0,0.0
2024-08-23 06:00:00+00:00,0.0,0.0,0.0,0.0
2024-08-23 07:00:00+00:00,0.0,0.0,0.0,0.0
2024-08-23 08:00:00+00:00,0.0,0.0,0.0,0.0
2024-08-23 09:00:00+00:00,0.0,0.0,0.0,0.0
2024-08-23 10:00:00+00:00,0.0,0.0,0.0,0.0
2024-08-23 11:00:00+00:00,0.0,0.0,-2.300671871865333e-05,0.0
2024-08-23 12:00:00+00:00,0.0,0.0,0.0,0.0
2024-08-23 13:00:00+00:00,0.0,0.0,0.0,0.0
2024-08-23 14:00:00+00:00,0.0,0.0,0.0,0.0
2024-08-23 15:00:00+00:00,0.0,0.0,0.0,0.0
2024-08-23 16:00:00+00:00,0.0,0.0,0.0,0.0
2024-08-23 17:00:00+00:00,0.0,0.0,0.0,0.0
2024-08-23 18:00:00+00:00,0.0,0.0,0.0,0.0
2024-08-23 19:00:00+00:00,0.0,0.0,0.0,0.0
2024-08-23 20:00:00+00:00,0.0,0.0,0.0,0.0
2024-08-23 21:00:00+00:00,0.0,0.0,0.0,0.0
2024-08-23 22:00:00+00:00,0.0,0.0,0.0,0.0
2024-08-23 23:00:00+00:00,0.0,0.0,0.0,0.0
2024-08-24 00:00:00+00:00,0.0,0.0,0.0,0.0
2024-08-24 01:00:00+00:00,0.0,0.0,0.0,0.0
2024-08-24 02:00:00+00:00,0.0,0.0,0.0,0.0
2024-08-24 03:00:00+00:00,0.0,0.0,0.0,0.0
2024-08-24 04:00:00+00:00,0.0,0.0,0.0,0.0
2024-08-24 05:00:00+00:00,0.0,0.0,0.0,0.0
2024-08-24 06:00:00+00:00,0.0,0.0,0.0,0.0
2024-08-24 07:00:00+00:00,0.0,0.0,0.0,0.0
2024-08-24 08:00:00+00:00,0.0,0.0,0.0,0.0
2024-08-24 09:00:00+00:00,0.0,0.0,0.0,0.0
2024-08-24 10:00:00+00:00,0.0,0.0,0.0,0.0
2024-08-24 11:00:00+00:00,0.0,0.0,0.0,0.0
2024-08-24 12:00:00+00:00,0.0,0.0,0.0,0.0
2024-08-24 13:00:00+00:00,0.0,0.0,0.0,0.0
2024-08-24 14:00:00+00:00,0.0,0.0,0.0,0.0
2024-08-24 15:00:00+00:00,0.0,0.0,0.0,0.0
2024-08-24 16:00:00+00:00,0.0,0.0,0.0,0.0
2024-08-24 17:00:00+00:00,0.0,0.0,0.0,0.0
2024-08-24 18:00:00+00:00,0.0,0.0,0.0,0.0
2024-08-24 19:00:00+00:00,0.0,0.0,0.0,0.0
2024-08-24 20:00:00+00:00,0.0,0.0,-2.256801836456933e-05,0.0
2024-08-24 21:00:00+00:00,0.0,0.0,0.0,0.0
2024-08-24 22:00:00+00:00,0.0,0.0,0.0,0.0
2024-08-24 23:00:00+00:00,0.0,0.0,0.0,0.0
2024-08-25 00:00:00+00:00,0.0,0.0,0.0,7.083469023864698e-05
2024-08-25 01:00:00+00:00,0.0,0.0,0.0,0.0
2024-08-25 02:00:00+00:00,0.0,0.0,0.0,0.0
2024-08-25 03:00:00+00:00,0.0,0.0,0.0,0.0
2024-08-25 04:00:00+00:00,0.0,0.0,0.0,0.0
2024-08-25 05:00:00+00:00,0.0,0.0,0.0,0.0
2024-08-25 06:00:00+00:00,0.0,0.0,0.0,0.0
2024-08-25 07:00:00+00:00,0.0,0.0,-2.45966809388387e-05,0.0
2024-08-25 08:00:00+00:00,0.0,0.0,0.0,0.0
2024-08-25 09:00:00+00:00,0.0,0.0,0.0,0.0
2024-08-25 10:00:00+00:00,0.0,0.0,0.0,0.0
2024-08-25 11:00:00+00:00,0.0,0.0,0.0,0.0
2024-08-25 12:00:00+00:00,0.0,0.0,0.0,0.0
2024-08-25 13:00:00+00:00,0.0,0.0,0.0,0.0
2024-08-25 14:00:00+00:00,0.0,0.0,3.808780151863479e-05,1.406631871737952e-05
2024-08-25 15:00:00+00:00,0.0,0.0,0.0,0.0
2024-08-25 16:00:00+00:00,0.0,0.0,0.0,0.0
2024-08-25 17:00:00+00:00,0.0,0.0,0.0,0.0
2024-08-25 18:00:00+00:00,0.0,0.0,0.0,0.0
2024-08-25 19:00:00+00:00,0.0,0.0,0.0,0.0
2024-08-25 20:00:00+00:00,0.0,0.0,0.0,0.0
2024-08-25 21:00:00+00:00,0.0,0.013042,3.708436878601452e-05,0.0
2024-08-25 22:00:00+00:00,0.0,0.0,0.0,0.0
2024-08-25 23:00:00+00:00,0.0,0.0,0.0,0.0
2024-08-26 00:00:00+00:00,0.0,0.0,0.0,0.0
2024-08-26 01:00:00+00:00,0.0,0.0,0.0,0.0
2024-08-26 02:00:00+00:00,0.0,0.0,0.0,0.0
2024-08-26 03:00:00+00:00,0.0,0.0,0.0,0.0
2024-08-26 04:00:00+00:00,0.0,0.0,0.0,0.0
2024-08-26 05:00:00+00:00,0.0,0.0,0.0,0.0
2024-08-26 06:00:00+00:00,0.0,0.0,-2.2900701657435625e-05,-4.096168397784482e-05
2024-08-26 07:00:00+00:00,0.0,0.0,0.0,0.0
2024-08-26 08:00:00+00:00,0.0,0.0,0.0,0.0
2024-08-26 09:00:00+00:00,0.0,0.0,-3.1385201920361974e-05,-6.132448460886675e-05
2024-08-26 10:00:00+00:00,0.0,0.0,0.0,0.0
2024-08-26 11:00:00+00:00,0.0,0.0,0.0,0.0
2024-08-26 12:00:00+00:00,0.0,-0.011873,-3.01522103384022e-05,-5.836530481216461e-05
2024-08-26 13:00:00+00:00,0.0,0.0,0.0,0.0
2024-08-26 14:00:00+00:00,0.0,0.0,0.0,0.0
2024-08-26 15:00:00+00:00,0.0,0.0,-6.896086021234481e-05,0.0
2024-08-26 16:00:00+00:00,0.0,0.0,0.0,0.0
2024-08-26 17:00:00+00:00,0.0,0.0,0.0,0.0
2024-08-26 18:00:00+00:00,0.0,0.0,0.0,0.0
2024-08-26 19:00:00+00:00,0.0,0.0,0.0,0.0
2024-08-26 20:00:00+00:00,0.0,0.0,0.0,0.0
2024-08-26 21:00:00+00:00,0.0,0.0,0.0,0.0
2024-08-26 22:00:00+00:00,0.0,0.0,0.0,-9.308425432200564e-05
2024-08-26 23:00:00+00:00,0.0,0.0,0.0,0.0
2024-08-27 00:00:00+00:00,0.0,0.0,0.0,0.0
2024-08-27 01:00:00+00:00,0.0,0.0,0.0,0.0
2024-08-27 02:00:00+00:00,0.0,0.0,0.0,0.0
2024-08-27 03:00:00+00:00,0.0,0.0,0.0,0.0
2024-08-27 04:00:00+00:00,0.0,0.0,0.0,0.0
2024-08-27 05:00:00+00:00,0.0,0.0,0.0,0.0
2024-08-27 06:00:00+00:00,0.0,0.0,0.0,0.0
2024-08-27 07:00:00+00:00,0.0,0.0,0.0,0.0
2024-08-27 08:00:00+00:00,0.0,0.0,0.0,0.0
2024-08-27 09:00:00+00:00,0.0,0.0,0.0,0.0
2024-08-27 10:00:00+00:00,0.0,0.0,0.0,0.0
2024-08-27 11:00:00+00:00,0.0,0.0,0.0,0.0
2024-08-27 12:00:00+00:00,0.0,0.0,0.0,0.0
2024-08-27 13:00:00+00:00,0.0,0.0,0.0,0.0
2024-08-27 14:00:00+00:00,0.0,0.0,0.0,-7.056042424339547e-05
2024-08-27 15:00:00+00:00,0.0,0.0,0.0,0.0
2024-08-27 16:00:00+00:00,0.0,0.0,0.0,0.0
2024-08-27 17:00:00+00:00,0.0,0.0,0.0,0.0
2024-08-27 18:00:00+00:00,0.0,0.0,0.0,0.0
2024-08-27 19:00:00+00:00,0.0,0.0,0.0,0.0
2024-08-27 20:00:00+00:00,0.0,0.0,0.0,0.0
2024-08-27 21:00:00+00:00,0.0,0.0,0.0,-5.959924990704634e-05
2024-08-27 22:00:00+00:00,0.0,0.0,0.0,0.0
2024-08-27 23:00:00+00:00,0.0,0.0,0.0,0.0
2024-08-28 00:00:00+00:00,0.0,0.0,0.0,0.0
2024-08-28 01:00:00+00:00,0.0,0.0,0.0,0.0
2024-08-28 02:00:00+00:00,0.0,0.0,0.0,0.0
2024-08-28 03:00:00+00:00,0.0,0.0,0.0,0.0
2024-08-28 04:00:00+00:00,0.0,0.0,0.0,0.0
2024-08-28 05:00:00+00:00,0.0,0.0,0.0,0.0
2024-08-28 06:00:00+00:00,0.0,0.0,0.0,0.0
2024-08-28 07:00:00+00:00,0.0,0.0,0.0,0.0
2024-08-28 08:00:00+00:00,0.0,0.0,0.0,0.0
2024-08-28 09:00:00+00:00,0.0,0.0,0.0,0.0
2024-08-28 10:00:00+00:00,0.0,0.0,0.0,0.0
2024-08-28 11:00:00+00:00,0.0,0.0,0.0,0.0
2024-08-28 12:00:00+00:00,0.0,0.0,0.0,0.0
2024-08-28 13:00:00+00:00,0.0,0.0,0.0,0.0
2024-08-28 14:00:00+00:00,0.0,0.0,0.0,0.0
2024-08-28 15:00:00+00:00,0.0,0.0,0.0,0.0
2024-08-28 16:00:00+00:00,0.0,0.0,0.0,0.0
2024-08-28 17:00:00+00:00,0.0,0.0,0.0,0.0
2024-08-28 18:00:00+00:00,0.0,0.0,0.0,0.0
2024-08-28 19:00:00+00:00,0.0,0.0,0.0,0.0
2024-08-28 20:00:00+00:00,0.0,0.0,0.0,0.0
2024-08-28 21:00:00+00:00,0.0,0.0,0.0,0.0
2024-08-28 22:00:00+00:00,0.0,0.0,0.0,0.0
2024-08-28 23:00:00+00:00,0.0,0.0,0.0,0.0
2024-08-29 00:00:00+00:00,0.0,0.0,0.0,0.0
2024-08-29 01:00:00+00:00,0.0,0.0,0.0,0.0
2024-08-29 02:00:00+00:00,0.0,0.0,0.0,0.0
2024-08-29 03:00:00+00:00,0.0,0.0,0.0,0.0
2024-08-29 04:00:00+00:00,0.0,0.0,0.0,0.0
2024-08-29 05:00:00+00:00,0.0,0.0,0.0,0.0
2024-08-29 06:00:00+00:00,0.0,0.0,0.0,0.0
2024-08-29 07:00:00+00:00,0.0,0.0,0.0,0.0
2024-08-29 08:00:00+00:00,0.0,0.0,0.0,0.0
2024-08-29 09:00:00+00:00,0.0,0.0,0.0,0.0
2024-08-29 10:00:00+00:00,0.0,0.0,0.0,0.0
2024-08-29 11:00:00+00:00,0.0,0.0,0.0,0.0
2024-08-29 12:00:00+00:00,0.0,0.0,0.0,0.0
2024-08-29 13:00:00+00:00,0.0,0.0,0.0,0.0
2024-08-29 14:00:00+00:00,0.0,0.0,0.0,0.0
2024-08-29 15:00:00+00:00,0.0,0.0,0.0,0.0
2024-08-29 16:00:00+00:00,0.0,0.0,0.0,0.0
2024-08-29 17:00:00+00:00,0.0,0.0,0.0,0.0
2024-08-29 18:00:00+00:00,0.0,0.0,0.0,0.0
2024-08-29 19:00:00+00:00,0.0,0.0,0.0,0.0
2024-08-29 20:00:00+00:00,0.0,0.0,0.0,0.0
2024-08-29 21:00:00+00:00,0.0,0.0,0.0,0.0
2024-08-29 22:00:00+00:00,0.0,0.0,0.0,0.0
2024-08-29 23:00:00+00:00,0.0,0.0,0.0,0.0
2024-08-30 00:00:00+00:00,0.0,0.0,0.0,0.0
2024-08-30 01:00:00+00:00,0.0,0.0,0.0,0.0
2024-08-30 02:00:00+00:00,0.0,0.0,0.0,0.0
2024-08-30 03:00:00+00:00,0.0,0.0,0.0,0.0
2024-08-30 04:00:00+00:00,0.0,0.0,0.0,0.0
2024-08-30 05:00:00+00:00,0.0,0.0,0.0,0.0
2024-08-30 06:00:00+00:00,0.0,0.0,0.0,0.0
2024-08-30 07:00:00+00:00,0.0,0.0,0.0,0.0
2024-08-30 08:00:00+00:00,0.0,0.0,0.0,0.0
2024-08-30 09:00:00+00:00,0.0,0.0,0.0,0.0
2024-08-30 10:00:00+00:00,0.0,0.0,0.0,0.0
2024-08-30 11:00:00+00:00,0.0,0.0,0.0,0.0
2024-08-30 12:00:00+00:00,0.0,0.0,0.0,0.0
2024-08-30 13:00:00+00:00,0.0,0.0,0.0,0.0
2024-08-30 14:00:00+00:00,0.0,0.0,0.0,0.0
2024-08-30 15:00:00+00:00,0.0,0.0,0.0,0.0
2024-08-30 16:00:00+00:00,0.0,0.0,0.0,0.0
2024-08-30 17:00:00+00:00,0.0,0.0,0.0,0.0
2024-08-30 18:00:00+00:00,0.0,0.0,0.0,0.0
2024-08-30 19:00:00+00:00,0.0,0.0,0.0,0.0
2024-08-30 20:00:00+00:00,0.0,0.0,0.0,0.0
2024-08-30 21:00:00+00:00,0.0,0.0,0.0,0.0
2024-08-30 22:00:00+00:00,0.0,0.0,0.0,0.0
2024-08-30 23:00:00+00:00,0.0,0.0,0.0,0.0
2024-08-31 00:00:00+00:00,0.0,0.0,0.0,0.0
2024-08-31 01:00:00+00:00,0.0,0.0,0.0,0.0
2024-08-31 02:00:00+00:00,0.0,0.0,0.0,0.0
2024-08-31 03:00:00+00:00,0.0,0.0,0.0,0.0
2024-08-31 04:00:00+00:00,0.0,0.0,0.0,0.0
2024-08-31 05:00:00+00:00,0.0,0.0,0.0,0.0
2024-08-31 06:00:00+00:00,0.0,0.0,0.0,0.0
2024-08-31 07:00:00+00:00,0.0,0.0,0.0,0.0
2024-08-31 08:00:00+00:00,0.0,0.0,0.0,0.0
2024-08-31 09:00:00+00:00,0.0,0.0,0.0,0.0
2024-08-31 10:00:00+00:00,0.0,0.0,0.0,0.0
2024-08-31 11:00:00+00:00,0.0,0.0,0.0,0.0
2024-08-31 12:00:00+00:00,0.0,0.0,0.0,0.0
2024-08-31 13:00:00+00:00,0.0,0.0,0.0,0.0
2024-08-31 14:00:00+00:00,0.0,0.0,0.0,0.0
2024-08-31 15:00:00+00:00,0.0,0.0,0.0,0.0
2024-08-31 16:00:00+00:00,0.0,0.0,0.0,0.0
2024-08-31 17:00:00+00:00,0.0,0.0,0.0,0.0
2024-08-31 18:00:00+00:00,0.0,0.0,0.0,0.0
2024-08-31 19:00:00+00:00,0.0,0.0,0.0,0.0
2024-08-31 20:00:00+00:00,0.0,0.0,0.0,0.0
2024-08-31 21:00:00+00:00,0.0,0.0,0.0,0.0
2024-08-31 22:00:00+00:00,0.0,0.0,0.0,0.0
2024-08-31 23:00:00+00:00,0.0,0.0,-2.9471390685665835e-05,0.0
2024-09-01 00:00:00+00:00,0.0,0.0,0.0,0.0
2024-09-01 01:00:00+00:00,0.0,0.0,0.0,0.0
2024-09-01 02:00:00+00:00,0.0,0.0,-2.1662811643636805e-05,-3.799074794472945e-05
2024-09-01 03:00:00+00:00,0.0,0.0,0.0,0.0
2024-09-01 04:00:00+00:00,0.0,0.0,0.0,0.0
2024-09-01 05:00:00+00:00,0.0,0.0,0.0,-6.03021799390857e-05
2024-09-01 06:00:00+00:00,0.0,0.0,0.0,0.0
2024-09-01 07:00:00+00:00,0.0,0.0,0.0,0.0
2024-09-01 08:00:00+00:00,0.0,0.0,0.0,0.0
2024-09-01 09:00:00+00:00,0.0,0.0,0.0,0.0
2024-09-01 10:00:00+00:00,0.0,0.0,0.0,-8.569533080796555e-05
2024-09-01 11:00:00+00:00,0.0,0.0,0.0,0.0
2024-09-01 12:00:00+00:00,0.0,0.0,0.0,0.0
2024-09-01 13:00:00+00:00,0.0,0.0,2.2595798985961546e-05,0.0
2024-09-01 14:00:00+00:00,0.0,0.0,0.0,-9.435367114787983e-05
2024-09-01 15:00:00+00:00,0.0,0.0,0.0,0.0
2024-09-01 16:00:00+00:00,0.0,0.0,0.0,0.0
2024-09-01 17:00:00+00:00,0.0,0.0,0.0,0.0
2024-09-01 18:00:00+00:00,0.0,0.0,0.0,0.0
2024-09-01 19:00:00+00:00,0.0,0.0,0.0,0.0
2024-09-01 20:00:00+00:00,0.0,0.0,0.0,0.0
2024-09-01 21:00:00+00:00,0.0,0.0,0.0,0.0
2024-09-01 22:00:00+00:00,0.0,0.0,0.0,0.0
2024-09-01 23:00:00+00:00,0.0,0.0,0.0,0.0
2024-09-02 00:00:00+00:00,0.0,0.0,0.0,0.0
2024-09-02 01:00:00+00:00,0.0,0.0,0.0,0.0
2024-09-02 02:00:00+00:00,0.0,0.0,0.0,0.0
2024-09-02 03:00:00+00:00,0.0,0.0,0.0,0.0
2024-09-02 04:00:00+00:00,0.0,0.0,0.0,0.0
2024-09-02 05:00:00+00:00,0.0,0.0,0.0,0.0
2024-09-02 06:00:00+00:00,0.0,0.0,0.0,0.0
2024-09-02 07:00:00+00:00,0.0,0.0,0.0,0.0
2024-09-02 08:00:00+00:00,0.0,0.0,0.0,0.0
2024-09-02 09:00:00+00:00,0.0,0.0,0.0,0.0
2024-09-02 10:00:00+00:00,0.0,0.0,0.0,0.0
2024-09-02 11:00:00+00:00,0.0,0.0,0.0,0.0
2024-09-02 12:00:00+00:00,0.0,0.0,0.0,0.0
2024-09-02 13:00:00+00:00,0.0,0.0,0.0,0.0
2024-09-02 14:00:00+00:00,0.0,0.0,0.0,-7.030922838889397e-05
2024-09-02 15:00:00+00:00,0.0,0.0,0.0,0.0
2024-09-02 16:00:00+00:00,0.0,0.0,-3.222488336206974e-05,0.0
2024-09-02 17:00:00+00:00,0.0,0.0,0.0,0.0
2024-09-02 18:00:00+00:00,0.0,0.0,0.0,0.0
2024-09-02 19:00:00+00:00,0.0,0.0,0.0,0.0
2024-09-02 20:00:00+00:00,0.0,0.0,0.0,0.0
2024-09-02 21:00:00+00:00,0.0,0.0,0.0,0.0
2024-09-02 22:00:00+00:00,0.0,0.0,0.0,0.0
2024-09-02 23:00:00+00:00,0.0,0.0,0.0,0.0
2024-09-03 00:00:00+00:00,0.0,0.0,0.0,0.0
2024-09-03 01:00:00+00:00,0.0,0.0,0.0,0.0
2024-09-03 02:00:00+00:00,0.0,0.0,0.0,0.0
2024-09-03 03:00:00+00:00,0.0,0.0,0.0,0.0
2024-09-03 04:00:00+00:00,0.0,0.0,0.0,0.0
2024-09-03 05:00:00+00:00,0.0,0.0,0.0,0.0
2024-09-03 06:00:00+00:00,0.0,0.0,0.0,0.0
2024-09-03 07:00:00+00:00,0.0,0.0,0.0,0.0
2024-09-03 08:00:00+00:00,0.0,0.0,0.0,-6.273650020300447e-05
2024-09-03 09:00:00+00:00,0.0,0.0,0.0,0.0
2024-09-03 10:00:00+00:00,0.0,0.0,0.0,0.0
2024-09-03 11:00:00+00:00,0.0,0.0,0.0,0.0
2024-09-03 12:00:00+00:00,0.0,0.0,0.0,2.148903033586281e-05
2024-09-03 13:00:00+00:00,0.0,0.0,0.0,0.0
2024-09-03 14:00:00+00:00,0.0,0.0,0.0,0.0
2024-09-03 15:00:00+00:00,0.0,0.0,0.0,0.0
2024-09-03 16:00:00+00:00,0.0,0.0,0.0,0.0
2024-09-03 17:00:00+00:00,0.0,0.0,0.0,0.0
2024-09-03 18:00:00+00:00,0.0,0.0,0.0,0.0
2024-09-03 19:00:00+00:00,0.0,0.0,0.0,0.0
2024-09-03 20:00:00+00:00,0.0,0.0,0.0,0.0
2024-09-03 21:00:00+00:00,0.0,0.0,0.0,0.0
2024-09-03 22:00:00+00:00,0.0,0.0,0.0,0.0
2024-09-03 23:00:00+00:00,0.0,0.0,0.0,0.0
2024-09-04 00:00:00+00:00,0.0,0.0,0.0,0.0
2024-09-04 01:00:00+00:00,0.0,0.0,0.0,0.0
2024-09-04 02:00:00+00:00,0.0,0.0,0.0,0.0
2024-09-04 03:00:00+00:00,0.0,0.0,0.0,0.0
2024-09-04 04:00:00+00:00,0.0,0.0,0.0,0.0
2024-09-04 05:00:00+00:00,0.0,0.0,0.0,0.0
2024-09-04 06:00:00+00:00,0.0,0.0,0.0,0.0
2024-09-04 07:00:00+00:00,0.0,0.0,0.0,0.0
2024-09-04 08:00:00+00:00,0.0,0.0,0.0,0.0
2024-09-04 09:00:00+00:00,0.0,0.0,0.0,0.0
2024-09-04 10:00:00+00:00,0.0,0.0,0.0,0.0
2024-09-04 11:00:00+00:00,0.0,0.0,0.0,0.0
2024-09-04 12:00:00+00:00,0.0,0.0,0.0,0.0
2024-09-04 13:00:00+00:00,0.0,0.0,0.0,0.0
2024-09-04 14:00:00+00:00,0.0,0.0,0.0,0.0
2024-09-04 15:00:00+00:00,0.0,0.0,0.0,0.0
2024-09-04 16:00:00+00:00,0.0,0.0,0.0,0.0
2024-09-04 17:00:00+00:00,0.0,0.0,0.0,0.0
2024-09-04 18:00:00+00:00,0.0,0.0,0.0,0.0
2024-09-04 19:00:00+00:00,0.0,0.0,0.0,0.0
2024-09-04 20:00:00+00:00,0.0,0.0,0.0,0.0
2024-09-04 21:00:00+00:00,0.0,0.0,0.0,0.0
2024-09-04 22:00:00+00:00,0.0,0.0,0.0,0.0
2024-09-04 23:00:00+00:00,0.0,0.0,0.0,0.0
2024-09-05 00:00:00+00:00,0.0,0.0,0.0,0.0
2024-09-05 01:00:00+00:00,0.0,0.0,0.0,0.0
2024-09-05 02:00:00+00:00,0.0,0.0,0.0,0.0
2024-09-05 03:00:00+00:00,0.0,0.0,0.0,0.0
2024-09-05 04:00:00+00:00,0.0,0.0,0.0,0.0
2024-09-05 05:00:00+00:00,0.0,0.0,0.0,0.0
2024-09-05 06:00:00+00:00,0.0,0.0,0.0,0.0
2024-09-05 07:00:00+00:00,0.0,0.0,0.0,0.0
2024-09-05 08:00:00+00:00,0.0,0.0,0.0,0.0
2024-09-05 09:00:00+00:00,0.0,0.0,0.0,0.0
2024-09-05 10:00:00+00:00,0.0,0.0,0.0,0.0
2024-09-05 11:00:00+00:00,0.0,0.0,0.0,0.0
2024-09-05 12:00:00+00:00,0.0,0.0,0.0,-5.1146359937292985e-05
2024-09-05 13:00:00+00:00,0.0,0.0,0.0,0.0
2024-09-05 14:00:00+00:00,0.0,0.0,0.0,0.0
2024-09-05 15:00:00+00:00,0.0,0.0,0.0,0.0
2024-09-05 16:00:00+00:00,0.0,0.0,0.0,0.0
2024-09-05 17:00:00+00:00,0.0,0.0,0.0,0.0
2024-09-05 18:00:00+00:00,0.0,0.0,0.0,0.0
2024-09-05 19:00:00+00:00,0.0,0.0,0.0,0.0
2024-09-05 20:00:00+00:00,0.0,0.0,0.0,0.0
2024-09-05 21:00:00+00:00,0.0,0.0,0.0,0.0
2024-09-05 22:00:00+00:00,0.0,0.0,0.0,0.0
2024-09-05 23:00:00+00:00,0.0,0.0,0.0,0.0
2024-09-06 00:00:00+00:00,0.0,0.0,0.0,0.0
2024-09-06 01:00:00+00:00,0.0,0.0,0.0,0.0
2024-09-06 02:00:00+00:00,0.0,0.0,0.0,0.0
2024-09-06 03:00:00+00:00,0.0,0.0,0.0,0.0
2024-09-06 04:00:00+00:00,0.0,0.0,0.0,0.0
2024-09-06 05:00:00+00:00,0.0,0.0,0.0,0.0
2024-09-06 06:00:00+00:00,0.0,0.0,0.0,0.0
2024-09-06 07:00:00+00:00,0.0,0.0,0.0,0.0
2024-09-06 08:00:00+00:00,0.0,0.0,0.0,0.0
2024-09-06 09:00:00+00:00,0.0,0.0,0.0,0.0
2024-09-06 10:00:00+00:00,0.0,0.0,0.0,0.0
2024-09-06 11:00:00+00:00,0.0,0.0,0.0,0.0
2024-09-06 12:00:00+00:00,0.0,0.0,0.0,0.0
2024-09-06 13:00:00+00:00,0.0,0.0,0.0,0.0
2024-09-06 14:00:00+00:00,0.0,0.0,0.0,0.0
2024-09-06 15:00:00+00:00,0.0,0.0,0.0,-0.0003252589164739
2024-09-06 16:00:00+00:00,0.0,0.0,0.0,0.0
2024-09-06 17:00:00+00:00,0.0,0.0,0.0,0.0
2024-09-06 18:00:00+00:00,0.0,0.0,0.0,0.0
2024-09-06 19:00:00+00:00,0.0,0.0,0.0,0.0
2024-09-06 20:00:00+00:00,0.0,0.0,0.0,0.0
2024-09-06 21:00:00+00:00,0.0,0.0,0.0,0.0
2024-09-06 22:00:00+00:00,0.0,0.0,0.0,0.0
2024-09-06 23:00:00+00:00,0.0,0.0,0.0,0.0
2024-09-07 00:00:00+00:00,0.0,0.0,0.0,0.0
2024-09-07 01:00:00+00:00,0.0,0.0,0.0,0.0
2024-09-07 02:00:00+00:00,0.0,0.0,0.0,0.0
2024-09-07 03:00:00+00:00,0.0,0.0,0.0,0.0
2024-09-07 04:00:00+00:00,0.0,0.0,0.0,0.0
2024-09-07 05:00:00+00:00,0.0,0.0,0.0,0.0
2024-09-07 06:00:00+00:00,0.0,0.0,0.0,0.0
2024-09-07 07:00:00+00:00,0.0,0.0,0.0,0.0
2024-09-07 08:00:00+00:00,0.0,0.0,0.0,0.0
2024-09-07 09:00:00+00:00,0.0,0.0,0.0,0.0
2024-09-07 10:00:00+00:00,0.0,0.0,0.0,0.0
2024-09-07 11:00:00+00:00,0.0,0.0,0.0,0.0
2024-09-07 12:00:00+00:00,0.0,0.0,0.0,0.0
2024-09-07 13:00:00+00:00,0.0,0.0,0.0,0.0
2024-09-07 14:00:00+00:00,0.0,0.0,0.0,0.0
2024-09-07 15:00:00+00:00,0.0,0.0,0.0,0.0
2024-09-07 16:00:00+00:00,0.0,0.0,0.0,0.0
2024-09-07 17:00:00+00:00,0.0,0.0,0.0,0.0
2024-09-07 18:00:00+00:00,0.0,0.0,0.0,0.0
2024-09-07 19:00:00+00:00,0.0,0.0,0.0,0.0
2024-09-07 20:00:00+00:00,0.0,0.0,0.0,0.0
2024-09-07 21:00:00+00:00,0.0,0.0,0.0,0.0
2024-09-07 22:00:00+00:00,0.0,0.0,0.0,0.0
2024-09-07 23:00:00+00:00,0.0,0.0,0.0,0.0
2024-09-08 00:00:00+00:00,0.0,0.0,0.0,0.0
2024-09-08 01:00:00+00:00,0.0,0.0,0.0,0.0
2024-09-08 02:00:00+00:00,0.0,0.0,0.0,0.0
2024-09-08 03:00:00+00:00,0.0,0.0,0.0,0.0
2024-09-08 04:00:00+00:00,0.0,0.0,0.0,2.04681783115246e-05
2024-09-08 05:00:00+00:00,0.0,0.0,0.0,0.0
2024-09-08 06:00:00+00:00,0.0,0.0,0.0,0.0
2024-09-08 07:00:00+00:00,0.0,0.0,0.0,2.5118979754111824e-05
2024-09-08 08:00:00+00:00,0.0,0.0,0.0,0.0
2024-09-08 09:00:00+00:00,0.0,0.0,4.278318622420564e-05,0.0
2024-09-08 10:00:00+00:00,0.0,0.0,0.0,0.0
2024-09-08 11:00:00+00:00,0.0,0.0,0.0,0.0
2024-09-08 12:00:00+00:00,0.0,0.0,-2.394986589945524e-05,-6.88012124279369e-05
2024-09-08 13:00:00+00:00,0.0,0.0,0.0,0.0
2024-09-08 14:00:00+00:00,0.0,0.0,0.0,0.0
2024-09-08 15:00:00+00:00,0.0,0.0,0.0,-9.917312255884214e-05
2024-09-08 16:00:00+00:00,0.0,0.0,0.0,0.0
2024-09-08 17:00:00+00:00,0.0,0.0,0.0,0.0
2024-09-08 18:00:00+00:00,0.0,0.0,0.0,0.0
2024-09-08 19:00:00+00:00,0.0,0.0,0.0,0.0
2024-09-08 20:00:00+00:00,0.0,0.0,0.0,0.0
2024-09-08 21:00:00+00:00,0.0,0.0,0.0,0.0
2024-09-08 22:00:00+00:00,0.0,0.0,0.0,0.0001247561668031
2024-09-08 23:00:00+00:00,0.0,0.0,0.0,0.0
2024-09-09 00:00:00+00:00,0.0,0.0,0.0,0.0
2024-09-09 01:00:00+00:00,0.0,0.0,0.0,0.0
2024-09-09 02:00:00+00:00,0.0,0.0,0.0,0.0
2024-09-09 03:00:00+00:00,0.0,0.0,0.0,0.0
2024-09-09 04:00:00+00:00,0.0,0.0,0.0,0.0
2024-09-09 05:00:00+00:00,0.0,0.0,0.0,0.0
2024-09-09 06:00:00+00:00,0.0,0.0,0.0,0.0
2024-09-09 07:00:00+00:00,0.0,0.0,0.0,0.0
2024-09-09 08:00:00+00:00,0.0,0.0,0.0,0.0
2024-09-09 09:00:00+00:00,0.0,0.0,0.0,0.0
2024-09-09 10:00:00+00:00,0.0,0.0,0.0,0.0
2024-09-09 11:00:00+00:00,0.0,0.0,0.0,0.0
2024-09-09 12:00:00+00:00,0.0,0.0,0.0,0.0
2024-09-09 13:00:00+00:00,0.0,0.0,0.0,0.0
2024-09-09 14:00:00+00:00,0.0,0.0,0.0,0.0
2024-09-09 15:00:00+00:00,0.0,0.0,0.0,0.0
2024-09-09 16:00:00+00:00,0.0,0.0,0.0002487526880465,0.0001970021504372
2024-09-09 17:00:00+00:00,0.0,0.0,0.0,0.0
2024-09-09 18:00:00+00:00,0.0,0.0,0.0,0.0
2024-09-09 19:00:00+00:00,0.0,0.0,0.0,0.0
2024-09-09 20:00:00+00:00,0.0,0.0,0.0,0.0
2024-09-09 21:00:00+00:00,0.0,0.0,0.0,5.69379971014572e-05
2024-09-09 22:00:00+00:00,0.0,0.0,0.0,0.0
2024-09-09 23:00:00+00:00,0.0,0.0,0.0,0.0
2024-09-10 00:00:00+00:00,0.0,0.0,0.0,0.0
2024-09-10 01:00:00+00:00,0.0,0.0,0.0,0.0
2024-09-10 02:00:00+00:00,0.0,0.0,0.0,0.0
2024-09-10 03:00:00+00:00,0.0,0.0,0.0,0.0
2024-09-10 04:00:00+00:00,0.0,0.0,0.0,0.0
2024-09-10 05:00:00+00:00,0.0,0.0,0.0,0.0
2024-09-10 06:00:00+00:00,0.0,0.0,0.0,0.0
2024-09-10 07:00:00+00:00,0.0,0.0,0.0,0.0
2024-09-10 08:00:00+00:00,0.0,0.0,0.0,0.0
2024-09-10 09:00:00+00:00,0.0,0.0,0.0,0.0
2024-09-10 10:00:00+00:00,0.0,0.0,0.0,0.0
2024-09-10 11:00:00+00:00,0.0,0.0,0.0,0.0
2024-09-10 12:00:00+00:00,0.0,0.0,0.0,0.0
2024-09-10 13:00:00+00:00,0.0,0.0,0.0,0.0
2024-09-10 14:00:00+00:00,0.0,0.0,0.0,0.0
2024-09-10 15:00:00+00:00,0.0,0.0,0.0,0.0
2024-09-10 16:00:00+00:00,0.0,0.0,0.0,0.0
2024-09-10 17:00:00+00:00,0.0,0.0,0.0,0.0
2024-09-10 18:00:00+00:00,0.0,0.0,0.0,0.0
2024-09-10 19:00:00+00:00,0.0,0.0,0.0,0.0
2024-09-10 20:00:00+00:00,0.0,0.0,0.0,0.0
2024-09-10 21:00:00+00:00,0.0,0.0,0.0,0.0
2024-09-10 22:00:00+00:00,0.0,0.0,0.0,0.0
2024-09-10 23:00:00+00:00,0.0,0.0,0.0,0.0
2024-09-11 00:00:00+00:00,0.0,0.0,0.0,0.0
2024-09-11 01:00:00+00:00,0.0,0.0,0.0,0.0
2024-09-11 02:00:00+00:00,0.0,0.0,0.0,0.0
2024-09-11 03:00:00+00:00,0.0,0.0,0.0,0.0
2024-09-11 04:00:00+00:00,0.0,0.0,0.0,0.0
2024-09-11 05:00:00+00:00,0.0,0.0,0.0,0.0
2024-09-11 06:00:00+00:00,0.0,0.0,0.0,0.0
2024-09-11 07:00:00+00:00,0.0,0.0,0.0,0.0
2024-09-11 08:00:00+00:00,0.0,0.0,0.0,0.0
2024-09-11 09:00:00+00:00,0.0,0.0,0.0,0.0
2024-09-11 10:00:00+00:00,0.0,0.0,0.0,0.0
2024-09-11 11:00:00+00:00,0.0,0.0,0.0,0.0
2024-09-11 12:00:00+00:00,0.0,0.0,0.0,0.0
2024-09-11 13:00:00+00:00,0.0,0.0,0.0,0.0
2024-09-11 14:00:00+00:00,0.0,0.0,0.0,0.0
2024-09-11 15:00:00+00:00,0.0,0.0,0.0,0.0
2024-09-11 16:00:00+00:00,0.0,0.0,0.0,0.0
2024-09-11 17:00:00+00:00,0.0,0.0,0.0,0.0
2024-09-11 18:00:00+00:00,0.0,0.0,0.0,0.0
2024-09-11 19:00:00+00:00,0.0,0.0,0.0,0.0
2024-09-11 20:00:00+00:00,0.0,0.0,0.0,0.0
2024-09-11 21:00:00+00:00,0.0,0.0,0.0,0.0
2024-09-11 22:00:00+00:00,0.0,0.0,0.0,0.0
2024-09-11 23:00:00+00:00,0.0,0.0,0.0,0.0
2024-09-12 00:00:00+00:00,0.0,0.0,0.0,0.0
2024-09-12 01:00:00+00:00,0.0,0.0,0.0,0.0
2024-09-12 02:00:00+00:00,0.0,0.0,0.0,0.0
2024-09-12 03:00:00+00:00,0.0,0.0,0.0,0.0
2024-09-12 04:00:00+00:00,0.0,0.0,0.0,0.0
2024-09-12 05:00:00+00:00,0.0,0.0,0.0,0.0
2024-09-12 06:00:00+00:00,0.0,0.0,0.0,0.0
2024-09-12 07:00:00+00:00,0.0,0.0,0.0,0.0
2024-09-12 08:00:00+00:00,0.0,0.0,0.0,0.0
2024-09-12 09:00:00+00:00,0.0,0.0,0.0,0.0
2024-09-12 10:00:00+00:00,0.0,0.0,0.0,0.0
2024-09-12 11:00:00+00:00,0.0,0.0,0.0,0.0
2024-09-12 12:00:00+00:00,0.0,0.0,-2.458042503065249e-05,0.0
2024-09-12 13:00:00+00:00,0.0,0.0,0.0,0.0
2024-09-12 14:00:00+00:00,0.0,0.0,0.0,0.0
2024-09-12 15:00:00+00:00,0.0,0.0,0.0,0.0
2024-09-12 16:00:00+00:00,0.0,0.0,0.0,0.0
2024-09-12 17:00:00+00:00,0.0,0.0,0.0,0.0
2024-09-12 18:00:00+00:00,0.0,0.0,0.0,0.0
2024-09-12 19:00:00+00:00,0.0,0.0,0.0,0.0
2024-09-12 20:00:00+00:00,0.0,0.0,0.0,0.0
2024-09-12 21:00:00+00:00,0.0,0.0,0.0,0.0
2024-09-12 22:00:00+00:00,0.0,0.0,0.0,0.0
2024-09-12 23:00:00+00:00,0.0,0.0,0.0,0.0
2024-09-13 00:00:00+00:00,0.0,0.0,0.0,0.0
2024-09-13 01:00:00+00:00,0.0,0.0,0.0,0.0
2024-09-13 02:00:00+00:00,0.0,0.0,0.0,0.0
2024-09-13 03:00:00+00:00,0.0,0.0,0.0,0.0
2024-09-13 04:00:00+00:00,0.0,0.0,0.0,0.0
2024-09-13 05:00:00+00:00,0.0,0.0,0.0,0.0
2024-09-13 06:00:00+00:00,0.0,0.0,0.0,0.0
2024-09-13 07:00:00+00:00,0.0,0.0,4.45293931605606e-05,2.775257589378356e-05
2024-09-13 08:00:00+00:00,0.0,0.0,0.0,0.0
2024-09-13 09:00:00+00:00,0.0,0.0,0.0,0.0
2024-09-13 10:00:00+00:00,0.0,0.0,0.0,3.605829282827934e-05
2024-09-13 11:00:00+00:00,0.0,0.0,-2.919095534511639e-05,0.0
2024-09-13 12:00:00+00:00,0.0,0.0,0.0,0.0
2024-09-13 13:00:00+00:00,0.0,0.0,0.0,0.0
2024-09-13 14:00:00+00:00,0.0,0.0,0.0,5.599481954757236e-05
2024-09-13 15:00:00+00:00,0.0,0.0,0.0001115507231723,0.0
2024-09-13 16:00:00+00:00,0.0,0.0,0.0,0.0
2024-09-13 17:00:00+00:00,0.0,0.0,0.0,0.0
2024-09-13 18:00:00+00:00,0.0,0.0,0.0,0.0
2024-09-13 19:00:00+00:00,0.0,0.0,0.0,0.0
2024-09-13 20:00:00+00:00,0.0,0.0,0.0,0.0
2024-09-13 21:00:00+00:00,0.0,0.0,0.0,8.783101783597646e-05
2024-09-13 22:00:00+00:00,0.0,0.0,0.0,0.0
2024-09-13 23:00:00+00:00,0.0,0.0,0.0,0.0
2024-09-14 00:00:00+00:00,0.0,0.0,0.0,0.0
2024-09-14 01:00:00+00:00,0.0,0.0,0.0,0.0
2024-09-14 02:00:00+00:00,0.0,0.0,0.0,0.0
2024-09-14 03:00:00+00:00,0.0,0.0,0.0,0.0
2024-09-14 04:00:00+00:00,0.0,0.0,0.0,0.0
2024-09-14 05:00:00+00:00,0.0,0.0,0.0,0.0
2024-09-14 06:00:00+00:00,0.0,0.0,0.0,0.0
2024-09-14 07:00:00+00:00,0.0,0.0,0.0,0.0
2024-09-14 08:00:00+00:00,0.0,0.0,0.0,0.0
2024-09-14 09:00:00+00:00,0.0,0.0,0.0,0.0
2024-09-14 10:00:00+00:00,0.0,0.0,0.0,0.0
2024-09-14 11:00:00+00:00,0.0,0.0,0.0,0.0
2024-09-14 12:00:00+00:00,0.0,0.0,0.0,0.0
2024-09-14 13:00:00+00:00,0.0,0.0,0.0,0.0
2024-09-14 14:00:00+00:00,0.0,0.0,0.0,0.0
2024-09-14 15:00:00+00:00,0.0,0.0,0.0,0.0
2024-09-14 16:00:00+00:00,0.0,0.0,0.0,0.0
2024-09-14 17:00:00+00:00,0.0,0.0,0.0,0.0
2024-09-14 18:00:00+00:00,0.0,0.0,-3.536969656507626e-05,-5.520718874442609e-05
2024-09-14 19:00:00+00:00,0.0,0.0,0.0,0.0
2024-09-14 20:00:00+00:00,0.0,0.0,0.0,0.0
2024-09-14 21:00:00+00:00,0.0,0.0,0.0,0.0
2024-09-14 22:00:00+00:00,0.0,0.0,0.0,0.0
2024-09-14 23:00:00+00:00,0.0,0.0,0.0,0.0
2024-09-15 00:00:00+00:00,0.0,0.0,0.0,0.0
2024-09-15 01:00:00+00:00,0.0,0.0,0.0,0.0
2024-09-15 02:00:00+00:00,0.0,0.0,0.0,0.0
2024-09-15 03:00:00+00:00,0.0,0.0,0.0,0.0
2024-09-15 04:00:00+00:00,0.0,0.0,5.657067896661658e-06,0.0
2024-09-15 05:00:00+00:00,0.0,0.0,0.0,0.0
2024-09-15 06:00:00+00:00,0.0,0.0,0.0,0.0
2024-09-15 07:00:00+00:00,0.0,0.0,-1.3228674418476184e-05,0.0
2024-09-15 08:00:00+00:00,0.0,0.0,0.0,0.0
2024-09-15 09:00:00+00:00,0.0,0.0,0.0,-4.639399009416788e-05
2024-09-15 10:00:00+00:00,-0.0124879999999999,0.0,0.0,0.0
2024-09-15 11:00:00+00:00,0.0,0.0,0.0,0.0
2024-09-15 12:00:00+00:00,0.0,0.0,0.0,0.0
2024-09-15 13:00:00+00:00,0.0,0.0,0.0,1.7999762002022257e-05
2024-09-15 14:00:00+00:00,-0.0132559999999999,0.0,0.0,0.0
2024-09-15 15:00:00+00:00,0.0,0.0,0.0,0.0
2024-09-15 16:00:00+00:00,0.0,0.0,0.0,0.0
2024-09-15 17:00:00+00:00,0.0,0.0,0.0,0.0
2024-09-15 18:00:00+00:00,0.0,0.0,0.0,0.0
2024-09-15 19:00:00+00:00,0.0,0.0,0.0,0.0
2024-09-15 20:00:00+00:00,0.0,0.0,0.0,0.0
2024-09-15 21:00:00+00:00,0.0,0.0,0.0,0.0
2024-09-15 22:00:00+00:00,0.0,0.0,0.0,0.0
2024-09-15 23:00:00+00:00,0.0,0.0,0.0,0.0
2024-09-16 00:00:00+00:00,0.0,0.0,0.0,0.0
2024-09-16 01:00:00+00:00,0.0,0.0,0.0,0.0
2024-09-16 02:00:00+00:00,0.0,0.0,0.0,0.0
2024-09-16 03:00:00+00:00,0.0,0.0,0.0,0.0
2024-09-16 04:00:00+00:00,0.0,0.0,0.0,0.0
2024-09-16 05:00:00+00:00,0.0,0.0,0.0,0.0
2024-09-16 06:00:00+00:00,0.0,0.0,0.0,0.0
2024-09-16 07:00:00+00:00,0.0,0.0,0.0,0.0
2024-09-16 08:00:00+00:00,0.0,0.0,0.0,0.0
2024-09-16 09:00:00+00:00,0.0,0.0,0.0,0.0
2024-09-16 10:00:00+00:00,0.0,0.0,0.0,0.0
2024-09-16 11:00:00+00:00,0.0,0.0,0.0,0.0
2024-09-16 12:00:00+00:00,0.0,0.0,0.0,0.0
2024-09-16 13:00:00+00:00,0.0,0.0,0.0,0.0
2024-09-16 14:00:00+00:00,0.0,0.0,0.0,0.0
2024-09-16 15:00:00+00:00,0.0,0.0,0.0,0.0
2024-09-16 16:00:00+00:00,0.0,0.0,0.0,0.0
2024-09-16 17:00:00+00:00,0.0,0.0,0.0,0.0
2024-09-16 18:00:00+00:00,0.0,0.0,0.0,0.0
2024-09-16 19:00:00+00:00,0.0,0.0,0.0,0.0
2024-09-16 20:00:00+00:00,0.0,0.0,0.0,0.0
2024-09-16 21:00:00+00:00,0.0,0.0,0.0,0.0
2024-09-16 22:00:00+00:00,0.0,0.0,0.0,0.0
2024-09-16 23:00:00+00:00,0.0,0.0,0.0,0.0
2024-09-17 00:00:00+00:00,0.003524,0.0,0.0,0.0
2024-09-17 01:00:00+00:00,0.0,0.0,0.0,0.0
2024-09-17 02:00:00+00:00,0.0,0.0,0.0,0.0
2024-09-17 03:00:00+00:00,0.0,0.0,0.0,0.0
2024-09-17 04:00:00+00:00,0.0,0.0,0.0,0.0
2024-09-17 05:00:00+00:00,0.0,0.0,0.0,0.0
2024-09-17 06:00:00+00:00,0.0,0.0,0.0,0.0
2024-09-17 07:00:00+00:00,0.0,0.0,0.0,0.0
2024-09-17 08:00:00+00:00,0.0,0.0,0.0,0.0
2024-09-17 09:00:00+00:00,0.0,0.0,0.0,0.0
2024-09-17 10:00:00+00:00,0.0,0.0,5.60154059799245e-05,0.0
2024-09-17 11:00:00+00:00,0.0,0.0,0.0,0.0
2024-09-17 12:00:00+00:00,0.0,0.0,0.0,0.0
2024-09-17 13:00:00+00:00,0.0,0.0,0.0,0.0
2024-09-17 14:00:00+00:00,0.013393,0.0,0.0,0.0
2024-09-17 15:00:00+00:00,0.0,0.0,0.0,0.0
2024-09-17 16:00:00+00:00,0.0,0.0,0.0,0.0
2024-09-17 17:00:00+00:00,0.0,0.0,0.0,0.0
2024-09-17 18:00:00+00:00,0.0,0.0,0.0,0.0
2024-09-17 19:00:00+00:00,0.0,0.0,0.0,-0.0002257371739823
2024-09-17 20:00:00+00:00,0.0,0.0,0.0,0.0
2024-09-17 21:00:00+00:00,0.0,0.0,0.0,0.0
2024-09-17 22:00:00+00:00,0.0,0.0,0.0,0.0
2024-09-17 23:00:00+00:00,0.0,0.0,0.0,0.0
2024-09-18 00:00:00+00:00,0.0,0.0,0.0,0.0
2024-09-18 01:00:00+00:00,0.0,0.0,0.0,0.0
2024-09-18 02:00:00+00:00,0.0,0.0,0.0,0.0
2024-09-18 03:00:00+00:00,0.0,0.0,0.0,0.0
2024-09-18 04:00:00+00:00,0.0,0.0,0.0,0.0
2024-09-18 05:00:00+00:00,0.0,0.0,0.0,0.0
2024-09-18 06:00:00+00:00,0.0,0.0,0.0,0.0
2024-09-18 07:00:00+00:00,0.0,0.0,0.0,0.0
2024-09-18 08:00:00+00:00,0.0,0.0,0.0,0.0
2024-09-18 09:00:00+00:00,0.0,0.0,0.0,0.0
2024-09-18 10:00:00+00:00,0.0,0.0,0.0,0.0
2024-09-18 11:00:00+00:00,0.0,0.0,0.0,0.0
2024-09-18 12:00:00+00:00,0.0,0.0,0.0,0.0
2024-09-18 13:00:00+00:00,-0.011474,0.0,0.0,0.0
2024-09-18 14:00:00+00:00,0.0,0.0,0.0,0.0
2024-09-18 15:00:00+00:00,0.0,0.0,0.0,0.0
2024-09-18 16:00:00+00:00,0.0,0.0,0.0,0.0
2024-09-18 17:00:00+00:00,0.0,0.0,0.0,0.0
2024-09-18 18:00:00+00:00,0.0,0.0,0.0,0.0
2024-09-18 19:00:00+00:00,0.0,0.0,0.0,0.0
2024-09-18 20:00:00+00:00,0.0,0.0,0.0,0.0
2024-09-18 21:00:00+00:00,0.0,0.0,0.0,0.0
2024-09-18 22:00:00+00:00,0.0,0.0,0.0,0.0
2024-09-18 23:00:00+00:00,0.0,0.0,0.0,0.0
2024-09-19 00:00:00+00:00,0.0,0.0,0.0,0.0
2024-09-19 01:00:00+00:00,0.0,0.0,0.0,0.0
2024-09-19 02:00:00+00:00,0.0,0.0,0.0,0.0
2024-09-19 03:00:00+00:00,0.0,0.0,0.0,0.0
2024-09-19 04:00:00+00:00,0.0,0.0,0.0,0.0
2024-09-19 05:00:00+00:00,0.0,0.0,0.0,0.0
2024-09-19 06:00:00+00:00,0.0,0.0,0.0,0.0
2024-09-19 07:00:00+00:00,0.0,0.0,0.0,0.0
2024-09-19 08:00:00+00:00,0.0,0.0,0.0,0.0
2024-09-19 09:00:00+00:00,0.0,0.0,0.0,0.0
2024-09-19 10:00:00+00:00,0.0,0.0,0.0,0.0
2024-09-19 11:00:00+00:00,0.0,0.0,0.0,0.0
2024-09-19 12:00:00+00:00,0.0,0.0,0.0,0.0
2024-09-19 13:00:00+00:00,0.0,0.0,0.0,0.0
2024-09-19 14:00:00+00:00,0.0,0.0,0.0,0.0
2024-09-19 15:00:00+00:00,0.0,0.0,0.0,0.0
2024-09-19 16:00:00+00:00,0.0,0.0,0.0,0.0
2024-09-19 17:00:00+00:00,0.0,0.0,0.0,0.0
2024-09-19 18:00:00+00:00,0.0,0.0,0.0,0.0
2024-09-19 19:00:00+00:00,0.0,0.0,0.0,0.0
2024-09-19 20:00:00+00:00,0.0,0.0,0.0,0.0
2024-09-19 21:00:00+00:00,0.0,0.0,0.0,0.0
2024-09-19 22:00:00+00:00,0.0,0.0,0.0,0.0
2024-09-19 23:00:00+00:00,0.0,0.0,0.0,0.0
2024-09-20 00:00:00+00:00,0.0,0.0,0.0,0.0
2024-09-20 01:00:00+00:00,0.0,0.0,0.0,0.0
2024-09-20 02:00:00+00:00,0.0,0.0,0.0,0.0
2024-09-20 03:00:00+00:00,0.0,0.0,0.0,0.0
2024-09-20 04:00:00+00:00,0.0,0.0,0.0,0.0
2024-09-20 05:00:00+00:00,0.0,0.0,0.0,0.0
2024-09-20 06:00:00+00:00,0.0,0.0,0.0,0.0
2024-09-20 07:00:00+00:00,0.0,0.0,0.0,0.0
2024-09-20 08:00:00+00:00,0.0,0.0,0.0,0.0
2024-09-20 09:00:00+00:00,0.0,0.0,0.0,0.0
2024-09-20 10:00:00+00:00,0.0,0.0,0.0,0.0
2024-09-20 11:00:00+00:00,0.0,0.0,0.0,0.0
2024-09-20 12:00:00+00:00,0.0,0.0,0.0,0.0
2024-09-20 13:00:00+00:00,0.0,0.0,0.0,-7.164739884392922e-05
2024-09-20 14:00:00+00:00,0.0,0.0,0.0,0.0
2024-09-20 15:00:00+00:00,0.0,0.0,0.0,0.0
2024-09-20 16:00:00+00:00,0.0,0.0,0.0,0.0
2024-09-20 17:00:00+00:00,0.0,0.0,0.0,0.0
2024-09-20 18:00:00+00:00,0.0,0.0,-7.151683274328246e-05,0.0
2024-09-20 19:00:00+00:00,0.0,0.0,0.0,0.0
2024-09-20 20:00:00+00:00,0.0,0.0,0.0,0.0
2024-09-20 21:00:00+00:00,0.0,0.0,0.0,0.0
2024-09-20 22:00:00+00:00,0.0,0.0,0.0,0.0
2024-09-20 23:00:00+00:00,0.0,0.0,0.0,0.0
2024-09-21 00:00:00+00:00,0.0,0.0,0.0,0.0
2024-09-21 01:00:00+00:00,0.0,0.0,0.0,0.0
2024-09-21 02:00:00+00:00,0.0,0.0,0.0,0.0
2024-09-21 03:00:00+00:00,0.0,0.0,0.0,0.0
2024-09-21 04:00:00+00:00,0.0,0.0,0.0,0.0
2024-09-21 05:00:00+00:00,0.0,0.0,0.0,0.0
2024-09-21 06:00:00+00:00,0.0,0.0,0.0,0.0
2024-09-21 07:00:00+00:00,0.0,0.0,0.0,0.0
2024-09-21 08:00:00+00:00,0.0,0.0,0.0,0.0
2024-09-21 09:00:00+00:00,0.0,0.0,0.0,0.0
2024-09-21 10:00:00+00:00,0.0,0.0,0.0,0.0
2024-09-21 11:00:00+00:00,0.0,0.0,0.0,0.0
2024-09-21 12:00:00+00:00,0.0,0.0,0.0,0.0
2024-09-21 13:00:00+00:00,0.0,0.0,-1.950088975832597e-05,0.0
2024-09-21 14:00:00+00:00,0.0,0.0,0.0,0.0
2024-09-21 15:00:00+00:00,0.0,0.0,0.0,0.0
2024-09-21 16:00:00+00:00,0.0,0.0,0.0,0.0
2024-09-21 17:00:00+00:00,0.0,0.0,0.0,0.0
2024-09-21 18:00:00+00:00,0.0,0.0,0.0,0.0
2024-09-21 19:00:00+00:00,0.0,0.0,0.0,0.0
2024-09-21 20:00:00+00:00,0.0,0.0,0.0,0.0
2024-09-21 21:00:00+00:00,0.0,0.0,0.0,0.0
2024-09-21 22:00:00+00:00,0.0,0.0,0.0,0.0
2024-09-21 23:00:00+00:00,0.0,0.0,0.0,0.0
2024-09-22 00:00:00+00:00,0.0,0.0,0.0,0.0
2024-09-22 01:00:00+00:00,0.0,0.0,0.0,0.0
2024-09-22 02:00:00+00:00,0.0,0.0,0.0,0.0
2024-09-22 03:00:00+00:00,0.0,0.0,0.0,0.0
2024-09-22 04:00:00+00:00,0.0,0.0,0.0,0.0
2024-09-22 05:00:00+00:00,0.0,0.0,0.0,0.0
2024-09-22 06:00:00+00:00,0.0,0.0,0.0,0.0
2024-09-22 07:00:00+00:00,0.0,0.0,0.0,0.0
2024-09-22 08:00:00+00:00,0.0,0.0,0.0,0.0
2024-09-22 09:00:00+00:00,-0.012759,0.0,0.0,0.0
2024-09-22 10:00:00+00:00,0.0,0.0,0.0,-5.7861002955812414e-05
2024-09-22 11:00:00+00:00,0.0,0.0,0.0,0.0
2024-09-22 12:00:00+00:00,0.0,0.0,0.0,0.0
2024-09-22 13:00:00+00:00,0.0,0.0,0.0,0.0
2024-09-22 14:00:00+00:00,0.0,0.0,0.0,0.0
2024-09-22 15:00:00+00:00,0.0,0.0,0.0,0.0
2024-09-22 16:00:00+00:00,0.0,0.0,0.0,0.0
2024-09-22 17:00:00+00:00,0.0,0.0,0.0,0.0
2024-09-22 18:00:00+00:00,0.0,0.0,0.0,0.0
2024-09-22 19:00:00+00:00,0.0,0.0,0.0,0.0
2024-09-22 20:00:00+00:00,0.0,0.0,0.0,0.0
2024-09-22 21:00:00+00:00,0.0,0.0,0.0,0.0
2024-09-22 22:00:00+00:00,0.0,0.0,0.0,0.0
2024-09-22 23:00:00+00:00,0.0,0.0,0.0,0.0
2024-09-23 00:00:00+00:00,0.0,0.0,0.0,0.0
2024-09-23 01:00:00+00:00,0.0,0.0,0.0,0.0
2024-09-23 02:00:00+00:00,0.0,0.0,0.0,0.0
2024-09-23 03:00:00+00:00,0.0,0.0,0.0,0.0
2024-09-23 04:00:00+00:00,0.0,0.0,0.0,0.0
2024-09-23 05:00:00+00:00,0.0,0.0,0.0,0.0
2024-09-23 06:00:00+00:00,0.0,0.0,0.0,0.0
2024-09-23 07:00:00+00:00,0.0,0.0,0.0,0.0
2024-09-23 08:00:00+00:00,0.0,0.0,0.0,0.0
2024-09-23 09:00:00+00:00,0.0,0.0,0.0,0.0
2024-09-23 10:00:00+00:00,0.0,0.0,0.0,0.0
2024-09-23 11:00:00+00:00,0.0,0.0,0.0,0.0
2024-09-23 12:00:00+00:00,0.0,0.0,0.0,0.0
2024-09-23 13:00:00+00:00,-0.011576,0.0,0.0,0.0
2024-09-23 14:00:00+00:00,0.0,0.0,0.0,0.0
2024-09-23 15:00:00+00:00,0.0,0.0,0.0,0.0
2024-09-23 16:00:00+00:00,0.0,0.0,0.0,0.0
2024-09-23 17:00:00+00:00,0.0,0.0,0.0,0.0
2024-09-23 18:00:00+00:00,0.0,0.0,0.0,0.0
2024-09-23 19:00:00+00:00,0.0,0.0,0.0,0.0
2024-09-23 20:00:00+00:00,0.0,0.0,0.0,0.0
2024-09-23 21:00:00+00:00,0.0,0.0,0.0,0.0
2024-09-23 22:00:00+00:00,0.0,0.0,0.0,0.0
2024-09-23 23:00:00+00:00,0.0,0.0,0.0,0.0
2024-09-24 00:00:00+00:00,0.0,0.0,0.0,0.0
2024-09-24 01:00:00+00:00,0.0,0.0,0.0,0.0
2024-09-24 02:00:00+00:00,0.0,0.0,0.0,0.0
2024-09-24 03:00:00+00:00,0.0,0.0,0.0,0.0
2024-09-24 04:00:00+00:00,0.0,0.0,0.0,0.0
2024-09-24 05:00:00+00:00,0.0,0.0,0.0,0.0
2024-09-24 06:00:00+00:00,0.0,0.0,0.0,0.0
2024-09-24 07:00:00+00:00,0.0,0.0,0.0,0.0
2024-09-24 08:00:00+00:00,0.0,0.0,0.0,0.0
2024-09-24 09:00:00+00:00,0.0,0.0,0.0,0.0
2024-09-24 10:00:00+00:00,0.0,0.0,0.0,0.0
2024-09-24 11:00:00+00:00,0.0,0.0,0.0,0.0
2024-09-24 12:00:00+00:00,0.0,0.0,0.0,0.0
2024-09-24 13:00:00+00:00,0.0,0.0,0.0,0.0
2024-09-24 14:00:00+00:00,0.0,0.0,0.0,0.0
2024-09-24 15:00:00+00:00,0.0,0.0,0.0,0.0
2024-09-24 16:00:00+00:00,0.0,0.0,0.0,0.0
2024-09-24 17:00:00+00:00,0.0,0.0,0.0,0.0
2024-09-24 18:00:00+00:00,0.0,0.0,0.0,0.0
2024-09-24 19:00:00+00:00,0.0,0.0,0.0,0.0
2024-09-24 20:00:00+00:00,0.0,0.0,0.0,0.0
2024-09-24 21:00:00+00:00,0.0,0.0,0.0,0.0
2024-09-24 22:00:00+00:00,0.0,0.0,0.0,0.0
2024-09-24 23:00:00+00:00,0.0,0.0,0.0,0.0
2024-09-25 00:00:00+00:00,0.0,0.0,0.0,0.0
2024-09-25 01:00:00+00:00,0.0,0.0,0.0,0.0
2024-09-25 02:00:00+00:00,0.0,0.0,0.0,0.0
2024-09-25 03:00:00+00:00,0.0,0.0,0.0,0.0
2024-09-25 04:00:00+00:00,0.0,0.0,0.0,0.0
2024-09-25 05:00:00+00:00,0.0,0.0,0.0,0.0
2024-09-25 06:00:00+00:00,0.0,0.0,0.0,0.0
2024-09-25 07:00:00+00:00,0.0,0.0,0.0,0.0
2024-09-25 08:00:00+00:00,0.0,0.0,0.0,0.0
2024-09-25 09:00:00+00:00,0.0,0.0,0.0,0.0
2024-09-25 10:00:00+00:00,0.0,0.0,0.0,0.0
2024-09-25 11:00:00+00:00,0.0,0.0,0.0,0.0
2024-09-25 12:00:00+00:00,0.0,0.0,0.0,0.0
2024-09-25 13:00:00+00:00,0.0,0.0,0.0,0.0
2024-09-25 14:00:00+00:00,0.0,0.0,0.0,0.0
2024-09-25 15:00:00+00:00,0.0,0.0,0.0,0.0
2024-09-25 16:00:00+00:00,0.0,0.0,0.0,0.0
2024-09-25 17:00:00+00:00,0.0,0.0,0.0,0.0
2024-09-25 18:00:00+00:00,0.0,0.0,0.0,0.0
2024-09-25 19:00:00+00:00,0.0,0.0,0.0,0.0
2024-09-25 20:00:00+00:00,0.0,0.0,0.0,0.0
2024-09-25 21:00:00+00:00,0.0,0.0,0.0,0.0
2024-09-25 22:00:00+00:00,0.0,0.0,0.0,0.0
2024-09-25 23:00:00+00:00,0.0,0.0,0.0,0.0
2024-09-26 00:00:00+00:00,0.0,0.0,0.0,0.0
2024-09-26 01:00:00+00:00,0.0,0.0,0.0,0.0
2024-09-26 02:00:00+00:00,0.0,0.0,0.0,0.0
2024-09-26 03:00:00+00:00,0.0,0.0,0.0,0.0
2024-09-26 04:00:00+00:00,0.0,0.0,0.0,0.0
2024-09-26 05:00:00+00:00,0.0,0.0,0.0,0.0
2024-09-26 06:00:00+00:00,0.0,0.0,0.0,0.0
2024-09-26 07:00:00+00:00,0.0,0.0,0.0,0.0
2024-09-26 08:00:00+00:00,0.0,0.0,0.0,0.0
2024-09-26 09:00:00+00:00,0.0,0.0,-2.48905832067936e-05,0.0
2024-09-26 10:00:00+00:00,0.01316,0.0,0.0,0.0
2024-09-26 11:00:00+00:00,0.0,0.0,0.0,0.0
2024-09-26 12:00:00+00:00,0.0,0.0,0.0,2.8058831266707396e-05
2024-09-26 13:00:00+00:00,0.0,0.0,0.0,0.0
2024-09-26 14:00:00+00:00,0.0,0.0,8.330850569959858e-05,0.0
2024-09-26 15:00:00+00:00,0.0,0.0,0.0,0.0
2024-09-26 16:00:00+00:00,0.0,0.0,0.0,0.0
2024-09-26 17:00:00+00:00,0.0,0.0,0.0,0.0
2024-09-26 18:00:00+00:00,0.003522,0.0,0.0,0.0
2024-09-26 19:00:00+00:00,0.0,0.0,0.0,0.0
2024-09-26 20:00:00+00:00,0.0,0.0,0.0,0.0
2024-09-26 21:00:00+00:00,0.0,0.0,0.0,0.0
2024-09-26 22:00:00+00:00,0.0,0.0,0.0,0.0
2024-09-26 23:00:00+00:00,0.0,0.0,0.0,-1.843796082817705e-05
2024-09-27 00:00:00+00:00,0.0,0.0,0.0,0.0
2024-09-27 01:00:00+00:00,0.0,0.0,0.0,0.0
2024-09-27 02:00:00+00:00,0.0,0.0,0.0,0.0
2024-09-27 03:00:00+00:00,0.0,0.0,0.0,0.0
2024-09-27 04:00:00+00:00,0.0,0.0,0.0,0.0
2024-09-27 05:00:00+00:00,0.0,0.0,0.0,0.0
2024-09-27 06:00:00+00:00,0.0,0.0,0.0,0.0
2024-09-27 07:00:00+00:00,0.0,0.0,0.0,0.0
2024-09-27 08:00:00+00:00,0.0,0.0,0.0,0.0
2024-09-27 09:00:00+00:00,0.0,0.0,0.0,0.0
2024-09-27 10:00:00+00:00,0.0,0.0,0.0,0.0
2024-09-27 11:00:00+00:00,0.0,0.0,0.0,0.0
2024-09-27 12:00:00+00:00,0.0,0.0,0.0,0.0
2024-09-27 13:00:00+00:00,0.0,0.0,0.0,0.0
2024-09-27 14:00:00+00:00,0.0,0.0,0.0,0.0
2024-09-27 15:00:00+00:00,0.0,0.0,0.0,0.0
2024-09-27 16:00:00+00:00,0.0,0.0,0.0,0.0
2024-09-27 17:00:00+00:00,0.0,0.0,0.0,0.0
2024-09-27 18:00:00+00:00,0.0,0.0,0.0,0.0
2024-09-27 19:00:00+00:00,0.0,0.0,0.0,0.0
2024-09-27 20:00:00+00:00,0.0,0.0,0.0,0.0
2024-09-27 21:00:00+00:00,0.0,0.0,0.0,0.0
2024-09-27 22:00:00+00:00,0.0,0.0,0.0,0.0
2024-09-27 23:00:00+00:00,0.0,0.0,0.0,0.0
2024-09-28 00:00:00+00:00,0.0,0.0,0.0,0.0
2024-09-28 01:00:00+00:00,0.0,0.0,0.0,0.0
2024-09-28 02:00:00+00:00,0.0,0.0,0.0,0.0
2024-09-28 03:00:00+00:00,0.0,0.0,0.0,0.0
2024-09-28 04:00:00+00:00,0.0,0.0,0.0,0.0
2024-09-28 05:00:00+00:00,0.0,0.0,0.0,0.0
2024-09-28 06:00:00+00:00,0.0,0.0,-1.858555534328565e-05,0.0
2024-09-28 07:00:00+00:00,0.0,0.0,0.0,0.0
2024-09-28 08:00:00+00:00,0.0,0.0,0.0,0.0
2024-09-28 09:00:00+00:00,0.0,0.0,0.0,0.0
2024-09-28 10:00:00+00:00,0.0,0.0,0.0,0.0
2024-09-28 11:00:00+00:00,0.0,0.0,0.0,0.0
2024-09-28 12:00:00+00:00,0.0,0.0,0.0,0.0
2024-09-28 13:00:00+00:00,0.0,0.0,0.0,0.0
2024-09-28 14:00:00+00:00,0.0,0.0,0.0,0.0
2024-09-28 15:00:00+00:00,0.0,0.0,0.0,0.0
2024-09-28 16:00:00+00:00,0.0,0.0,0.0,0.0
2024-09-28 17:00:00+00:00,0.0,0.0,0.0,0.0
2024-09-28 18:00:00+00:00,0.0,0.0,0.0,0.0
2024-09-28 19:00:00+00:00,0.0,0.0,0.0,0.0
2024-09-28 20:00:00+00:00,0.0,0.0,0.0,0.0
2024-09-28 21:00:00+00:00,0.0,0.0,0.0,0.0
2024-09-28 22:00:00+00:00,0.0,0.0,0.0,0.0
2024-09-28 23:00:00+00:00,0.0,0.0,0.0,0.0
2024-09-29 00:00:00+00:00,0.0,0.0,0.0,0.0
2024-09-29 01:00:00+00:00,0.0,0.0,0.0,0.0
2024-09-29 02:00:00+00:00,0.0,0.0,0.0,0.0
2024-09-29 03:00:00+00:00,0.0,0.0,0.0,0.0
2024-09-29 04:00:00+00:00,0.0,0.0,-1.759618645458593e-05,0.0
2024-09-29 05:00:00+00:00,-0.012869,0.0,0.0,-4.769987354435567e-05
2024-09-29 06:00:00+00:00,0.0,0.0,0.0,0.0
2024-09-29 07:00:00+00:00,0.0,0.0,0.0,0.0
2024-09-29 08:00:00+00:00,0.0,0.0,0.0,0.0
2024-09-29 09:00:00+00:00,0.0,0.0,0.0,0.0
2024-09-29 10:00:00+00:00,0.0,0.0,0.0,0.0
2024-09-29 11:00:00+00:00,0.0,0.0,0.0,0.0
2024-09-29 12:00:00+00:00,0.0,0.0,0.0,0.0
2024-09-29 13:00:00+00:00,0.0,0.0,0.0,0.0
2024-09-29 14:00:00+00:00,0.0,0.0,0.0,0.0
2024-09-29 15:00:00+00:00,0.0,0.0,0.0,0.0
2024-09-29 16:00:00+00:00,0.0,0.0,0.0,0.0
2024-09-29 17:00:00+00:00,0.0,0.0,0.0,0.0
2024-09-29 18:00:00+00:00,0.0,0.0,0.0,0.0
2024-09-29 19:00:00+00:00,0.0,0.0,0.0,0.0
2024-09-29 20:00:00+00:00,0.0,0.0,0.0,0.0
2024-09-29 21:00:00+00:00,0.0,0.0,0.0,0.0
2024-09-29 22:00:00+00:00,0.0,0.0,0.0,0.0
2024-09-29 23:00:00+00:00,0.0,0.0,0.0,0.0
2024-09-30 00:00:00+00:00,0.0,0.0,0.0,0.0
2024-09-30 01:00:00+00:00,0.0,0.0,0.0,0.0
2024-09-30 02:00:00+00:00,0.0,0.0,0.0,0.0
2024-09-30 03:00:00+00:00,0.0,0.0,0.0,0.0
2024-09-30 04:00:00+00:00,0.0,0.0,0.0,0.0
2024-09-30 05:00:00+00:00,0.0,0.0,0.0,0.0
2024-09-30 06:00:00+00:00,0.0,0.0,0.0,0.0
2024-09-30 07:00:00+00:00,0.0,0.0,0.0,0.0
2024-09-30 08:00:00+00:00,0.0,0.0,0.0,0.0
2024-09-30 09:00:00+00:00,0.0,0.0,0.0,0.0
2024-09-30 10:00:00+00:00,0.0,0.0,0.0,0.0
2024-09-30 11:00:00+00:00,0.0,0.0,0.0,0.0
2024-09-30 12:00:00+00:00,0.0,0.0,0.0,0.0
2024-09-30 13:00:00+00:00,0.0,0.0,0.0,0.0
2024-09-30 14:00:00+00:00,0.0,0.0,0.0,0.0
2024-09-30 15:00:00+00:00,0.0,0.0,0.0,0.0
2024-09-30 16:00:00+00:00,-0.011836,0.0,0.0,0.0
2024-09-30 17:00:00+00:00,0.0,0.0,0.0,0.0
2024-09-30 18:00:00+00:00,0.0,0.0,0.0,0.0
2024-09-30 19:00:00+00:00,0.0,0.0,0.0,0.0
2024-09-30 20:00:00+00:00,0.0,0.0,0.0,0.0
2024-09-30 21:00:00+00:00,0.0,0.0,0.0,0.0
2024-09-30 22:00:00+00:00,0.0,0.0,0.0,0.0
2024-09-30 23:00:00+00:00,0.0,0.0,0.0,0.0
2024-10-01 00:00:00+00:00,0.0,0.0,0.0,0.0
2024-10-01 01:00:00+00:00,0.0,0.0,0.0,0.0
2024-10-01 02:00:00+00:00,0.0,0.0,0.0,0.0
2024-10-01 03:00:00+00:00,0.0,0.0,0.0,0.0
2024-10-01 04:00:00+00:00,0.0,0.0,0.0,0.0
2024-10-01 05:00:00+00:00,0.0,0.0,0.0,0.0
2024-10-01 06:00:00+00:00,0.0,0.0,0.0,0.0
2024-10-01 07:00:00+00:00,0.0,0.0,0.0,0.0
2024-10-01 08:00:00+00:00,0.0,0.0,0.0,0.0
2024-10-01 09:00:00+00:00,0.0,0.0,0.0,0.0
2024-10-01 10:00:00+00:00,0.0,0.0,0.0,0.0
2024-10-01 11:00:00+00:00,0.0,0.0,0.0,0.0
2024-10-01 12:00:00+00:00,-0.011944,0.0,0.0,0.0
2024-10-01 13:00:00+00:00,0.0,0.0,0.0,0.0
2024-10-01 14:00:00+00:00,0.0,0.0,0.0,0.0
2024-10-01 15:00:00+00:00,0.0,0.0,0.0,0.0
2024-10-01 16:00:00+00:00,0.0,0.0,0.0,0.0
2024-10-01 17:00:00+00:00,0.0,0.0,0.0,0.0
2024-10-01 18:00:00+00:00,0.0,0.0,0.0,0.0
2024-10-01 19:00:00+00:00,0.0,0.0,0.0,0.0
2024-10-01 20:00:00+00:00,0.0,0.0,0.0,0.0
2024-10-01 21:00:00+00:00,0.0,0.0,0.0,0.0
2024-10-01 22:00:00+00:00,0.0,0.0,0.0,0.0
2024-10-01 23:00:00+00:00,0.0,0.0,0.0,0.0
2024-10-02 00:00:00+00:00,0.0,0.0,0.0,0.0
2024-10-02 01:00:00+00:00,0.0,0.0,0.0,0.0
2024-10-02 02:00:00+00:00,0.0,0.0,0.0,0.0
2024-10-02 03:00:00+00:00,0.0,0.0,0.0,0.0
2024-10-02 04:00:00+00:00,0.0,0.0,0.0,0.0
2024-10-02 05:00:00+00:00,0.0,0.0,0.0,0.0
2024-10-02 06:00:00+00:00,0.0,0.0,0.0,0.0
2024-10-02 07:00:00+00:00,0.0,0.0,0.0,0.0
2024-10-02 08:00:00+00:00,0.0,0.0,0.0,0.0
2024-10-02 09:00:00+00:00,0.0,0.0,0.0,0.0
2024-10-02 10:00:00+00:00,0.0,0.0,0.0,0.0
2024-10-02 11:00:00+00:00,0.0,0.0,0.0,0.0
2024-10-02 12:00:00+00:00,0.0,0.0,0.0,0.0
2024-10-02 13:00:00+00:00,0.0,0.0,0.0,0.0
2024-10-02 14:00:00+00:00,0.0,0.0,0.0,0.0
2024-10-02 15:00:00+00:00,0.0,0.0,0.0,0.0
2024-10-02 16:00:00+00:00,0.0,0.0,0.0,0.0
2024-10-02 17:00:00+00:00,0.0,0.0,0.0,0.0
2024-10-02 18:00:00+00:00,0.0,0.0,0.0,0.0
2024-10-02 19:00:00+00:00,0.0,0.0,0.0,0.0
2024-10-02 20:00:00+00:00,0.0,0.0,0.0,0.0
2024-10-02 21:00:00+00:00,0.0,0.0,0.0,0.0
2024-10-02 22:00:00+00:00,0.0,0.0,0.0,0.0
2024-10-02 23:00:00+00:00,0.0,0.0,0.0,0.0
2024-10-03 00:00:00+00:00,0.0,0.0,0.0,0.0
2024-10-03 01:00:00+00:00,0.0,0.0,0.0,0.0
2024-10-03 02:00:00+00:00,0.0,0.0,0.0,0.0
2024-10-03 03:00:00+00:00,0.0,0.0,0.0,0.0
2024-10-03 04:00:00+00:00,0.0,0.0,0.0,0.0
2024-10-03 05:00:00+00:00,0.0,0.0,0.0,0.0
2024-10-03 06:00:00+00:00,0.0,0.0,0.0,0.0
2024-10-03 07:00:00+00:00,0.0,0.0,0.0,0.0
2024-10-03 08:00:00+00:00,0.0,0.0,0.0,0.0
2024-10-03 09:00:00+00:00,0.0,0.0,0.0,0.0
2024-10-03 10:00:00+00:00,0.0,0.0,0.0,0.0
2024-10-03 11:00:00+00:00,0.0,0.0,0.0,0.0
2024-10-03 12:00:00+00:00,0.0,0.0,0.0,-8.629537452737313e-05
2024-10-03 13:00:00+00:00,0.0,0.0,0.0,0.0
2024-10-03 14:00:00+00:00,0.0,0.0,0.0,0.0
2024-10-03 15:00:00+00:00,0.0,0.0,0.0,0.0
2024-10-03 16:00:00+00:00,0.0,0.0,0.0,0.0
2024-10-03 17:00:00+00:00,0.0,0.0,0.0,0.0
2024-10-03 18:00:00+00:00,0.0,0.0,0.0,0.0
2024-10-03 19:00:00+00:00,0.0,0.0,0.0,0.0
2024-10-03 20:00:00+00:00,0.0,0.0,0.0,0.0
2024-10-03 21:00:00+00:00,0.0,0.0,0.0,0.0
2024-10-03 22:00:00+00:00,0.0,0.0,0.0,0.0
2024-10-03 23:00:00+00:00,0.0,0.0,0.0,0.0
2024-10-04 00:00:00+00:00,0.0,0.0,0.0,0.0
2024-10-04 01:00:00+00:00,0.0,0.0,0.0,0.0
2024-10-04 02:00:00+00:00,0.0,0.0,0.0,0.0
2024-10-04 03:00:00+00:00,0.0,0.0,0.0,0.0
2024-10-04 04:00:00+00:00,0.0,0.0,0.0,0.0
2024-10-04 05:00:00+00:00,0.0,0.0,0.0,0.0
2024-10-04 06:00:00+00:00,0.0,0.0,0.0,0.0
2024-10-04 07:00:00+00:00,0.0,0.0,0.0,0.0
2024-10-04 08:00:00+00:00,0.0,0.0,0.0,0.0
2024-10-04 09:00:00+00:00,0.0,0.0,0.0,0.0
2024-10-04 10:00:00+00:00,0.0,0.0,0.0,0.0
2024-10-04 11:00:00+00:00,0.0,0.0,0.0,0.0
2024-10-04 12:00:00+00:00,0.0,0.0,0.0,0.0
2024-10-04 13:00:00+00:00,0.0,0.0,0.0,0.0
2024-10-04 14:00:00+00:00,0.003569,0.0,0.0,0.0
2024-10-04 15:00:00+00:00,0.0,0.0,0.0,0.0
2024-10-04 16:00:00+00:00,0.0,0.0,0.0,0.0
2024-10-04 17:00:00+00:00,0.0,0.0,0.0,0.0
2024-10-04 18:00:00+00:00,0.0,0.0,0.0,0.0
2024-10-04 19:00:00+00:00,0.0,0.0,0.0,0.0
2024-10-04 20:00:00+00:00,0.0,0.0,0.0,0.0
2024-10-04 21:00:00+00:00,0.0,0.0,0.0,0.0
2024-10-04 22:00:00+00:00,0.0,0.0,0.0,0.0
2024-10-04 23:00:00+00:00,0.0,0.0,0.0,0.0
2024-10-05 00:00:00+00:00,0.0,0.0,0.0,0.0
2024-10-05 01:00:00+00:00,0.0,0.0,0.0,0.0
2024-10-05 02:00:00+00:00,0.0,0.0,0.0,0.0
2024-10-05 03:00:00+00:00,0.0,0.0,0.0,0.0
2024-10-05 04:00:00+00:00,0.0,0.0,0.0,0.0
2024-10-05 05:00:00+00:00,0.0,0.0,0.0,0.0
2024-10-05 06:00:00+00:00,0.0,0.0,0.0,0.0
2024-10-05 07:00:00+00:00,0.0,0.0,0.0,0.0
2024-10-05 08:00:00+00:00,0.0,0.0,0.0,0.0
2024-10-05 09:00:00+00:00,0.0,0.0,0.0,0.0
2024-10-05 10:00:00+00:00,0.0,0.0,0.0,0.0
2024-10-05 11:00:00+00:00,0.0,0.0,0.0,0.0
2024-10-05 12:00:00+00:00,0.0,0.0,0.0,0.0
2024-10-05 13:00:00+00:00,0.0,0.0,0.0,0.0
2024-10-05 14:00:00+00:00,0.0,0.0,0.0,0.0
2024-10-05 15:00:00+00:00,0.0,0.0,0.0,0.0
2024-10-05 16:00:00+00:00,0.0,0.0,0.0,0.0
2024-10-05 17:00:00+00:00,0.0,0.0,0.0,0.0
2024-10-05 18:00:00+00:00,0.003254,0.0,0.0,0.0
2024-10-05 19:00:00+00:00,0.0,0.0,0.0,0.0
2024-10-05 20:00:00+00:00,0.0,0.0,0.0,0.0
2024-10-05 21:00:00+00:00,0.0,0.0,0.0,0.0
2024-10-05 22:00:00+00:00,0.0,0.0,0.0,0.0
2024-10-05 23:00:00+00:00,0.0,0.0,0.0,0.0
2024-10-06 00:00:00+00:00,0.0,0.0,0.0,0.0
2024-10-06 01:00:00+00:00,0.0,0.0,0.0,0.0
2024-10-06 02:00:00+00:00,0.0,0.0,0.0,0.0
2024-10-06 03:00:00+00:00,0.0,0.0,0.0,0.0
2024-10-06 04:00:00+00:00,-0.012978,0.0,0.0,-5.445997254232892e-05
2024-10-06 05:00:00+00:00,0.0,0.0,0.0,0.0
2024-10-06 06:00:00+00:00,0.0,0.0,0.0,0.0
2024-10-06 07:00:00+00:00,0.0,0.0,0.0,0.0
2024-10-06 08:00:00+00:00,0.0,0.0,0.0,0.0
2024-10-06 09:00:00+00:00,0.0,0.0,3.055074151520399e-05,1.519221864888621e-05
2024-10-06 10:00:00+00:00,0.0,0.0,0.0,0.0
2024-10-06 11:00:00+00:00,0.0,0.0,0.0,0.0
2024-10-06 12:00:00+00:00,0.0,0.0,0.0,0.0
2024-10-06 13:00:00+00:00,0.011559,0.0,2.212461064005856e-05,1.5699688512046404e-05
2024-10-06 14:00:00+00:00,0.0,0.0,0.0,0.0
2024-10-06 15:00:00+00:00,0.0,0.0,0.0,0.0
2024-10-06 16:00:00+00:00,0.0,0.0,0.0,0.0
2024-10-06 17:00:00+00:00,0.0,0.0,0.0,0.0
2024-10-06 18:00:00+00:00,0.0,0.0,0.0,0.0
2024-10-06 19:00:00+00:00,0.0,0.0,0.0,0.0
2024-10-06 20:00:00+00:00,0.002083,0.0,0.0,0.0
2024-10-06 21:00:00+00:00,0.0,0.0,0.0,-7.164922486460168e-05
2024-10-06 22:00:00+00:00,0.0,0.0,0.0,0.0
2024-10-06 23:00:00+00:00,0.0,0.0,0.0,0.0
2024-10-07 00:00:00+00:00,0.0,0.0,0.0,0.0
2024-10-07 01:00:00+00:00,0.0,0.0,0.0,0.0
2024-10-07 02:00:00+00:00,0.0,0.0,0.0,0.0
2024-10-07 03:00:00+00:00,-0.012129,0.0,0.0,0.0
2024-10-07 04:00:00+00:00,0.0,0.0,0.0,0.0
2024-10-07 05:00:00+00:00,0.0,0.0,0.0,0.0
2024-10-07 06:00:00+00:00,0.0,0.0,0.0,0.0
2024-10-07 07:00:00+00:00,0.0,0.0,-4.468354629077353e-05,0.0
2024-10-07 08:00:00+00:00,0.0,0.0,0.0,0.0
2024-10-07 09:00:00+00:00,0.0,0.0,0.0,0.0
2024-10-07 10:00:00+00:00,0.0,0.0,0.0,0.0
2024-10-07 11:00:00+00:00,0.0,0.0,-3.837506765622333e-05,0.0
2024-10-07 12:00:00+00:00,0.0,0.0,0.0,0.0
2024-10-07 13:00:00+00:00,0.013019,0.0,0.0,5.810016237493555e-05
2024-10-07 14:00:00+00:00,0.0,0.0,0.0,0.0
2024-10-07 15:00:00+00:00,0.0,0.0,0.0,0.0
2024-10-07 16:00:00+00:00,0.0,0.0,0.0,0.0
2024-10-07 17:00:00+00:00,0.0,0.0,0.0,0.0
2024-10-07 18:00:00+00:00,0.0,0.0,0.0,0.0
2024-10-07 19:00:00+00:00,0.0,0.0,0.0,0.0
2024-10-07 20:00:00+00:00,0.0,0.0,0.0,0.0
2024-10-07 21:00:00+00:00,0.0,0.0,0.0,0.0
2024-10-07 22:00:00+00:00,0.0,0.0,0.0,0.0
2024-10-07 23:00:00+00:00,0.0,0.0,0.0,0.0
2024-10-08 00:00:00+00:00,0.0,0.0,0.0,0.0
2024-10-08 01:00:00+00:00,0.0,0.0,0.0,0.0
2024-10-08 02:00:00+00:00,0.0,0.0,0.0,0.0
2024-10-08 03:00:00+00:00,0.0,0.0,0.0,0.0
2024-10-08 04:00:00+00:00,0.0,0.0,0.0,0.0
2024-10-08 05:00:00+00:00,0.0,0.0,0.0,0.0
2024-10-08 06:00:00+00:00,0.0,0.0,0.0,0.0
2024-10-08 07:00:00+00:00,0.0,0.0,0.0,0.0
2024-10-08 08:00:00+00:00,0.0,0.0,0.0,0.0
2024-10-08 09:00:00+00:00,0.0,0.0,0.0,0.0
2024-10-08 10:00:00+00:00,0.0,0.0,0.0,0.0
2024-10-08 11:00:00+00:00,0.0,0.0,0.0,0.0
2024-10-08 12:00:00+00:00,0.0,0.0,0.0,0.0
2024-10-08 13:00:00+00:00,0.0,0.0,0.0,0.0
2024-10-08 14:00:00+00:00,0.0,0.0,0.0,0.0
2024-10-08 15:00:00+00:00,0.0,0.0,-9.303386536684944e-05,0.0
2024-10-08 16:00:00+00:00,0.0,0.0,0.0,0.0
2024-10-08 17:00:00+00:00,0.0,0.0,0.0,0.0
2024-10-08 18:00:00+00:00,0.0,0.0,0.0,0.0
2024-10-08 19:00:00+00:00,0.0,0.0,0.0,0.0
2024-10-08 20:00:00+00:00,0.0,0.0,0.0,0.0
2024-10-08 21:00:00+00:00,0.0,0.0,0.0,0.0
2024-10-08 22:00:00+00:00,0.0,0.0,0.0,-0.0001060511644206
2024-10-08 23:00:00+00:00,0.0,0.0,0.0,0.0
2024-10-09 00:00:00+00:00,0.0,0.0,0.0,0.0
2024-10-09 01:00:00+00:00,0.0,0.0,0.0,0.0
2024-10-09 02:00:00+00:00,0.0,0.0,0.0,0.0
2024-10-09 03:00:00+00:00,0.0,0.0,0.0,0.0
2024-10-09 04:00:00+00:00,0.0,0.0,0.0,0.0
2024-10-09 05:00:00+00:00,0.0,0.0,0.0,0.0
2024-10-09 06:00:00+00:00,0.0,0.0,0.0,0.0
2024-10-09 07:00:00+00:00,0.0,0.0,0.0,0.0
2024-10-09 08:00:00+00:00,0.0,0.0,0.0,0.0
2024-10-09 09:00:00+00:00,0.0,0.0,0.0,0.0
2024-10-09 10:00:00+00:00,0.0,0.0,0.0,0.0
2024-10-09 11:00:00+00:00,0.0,0.0,0.0,0.0
2024-10-09 12:00:00+00:00,0.0,0.0,-2.9338699813145068e-05,-5.4318283636373134e-05
2024-10-09 13:00:00+00:00,0.0,0.0,0.0,0.0
2024-10-09 14:00:00+00:00,0.0,0.0,0.0,0.0
2024-10-09 15:00:00+00:00,0.0,0.0,0.0,6.62962966554559e-05
2024-10-09 16:00:00+00:00,0.0,0.0,0.0,0.0
2024-10-09 17:00:00+00:00,0.0,0.0,0.0,0.0
2024-10-09 18:00:00+00:00,0.0,0.0,0.0,0.0
2024-10-09 19:00:00+00:00,0.0,0.0,0.0,0.0
2024-10-09 20:00:00+00:00,0.0,0.0,0.0,0.0
2024-10-09 21:00:00+00:00,0.0,0.0,0.0,0.0
2024-10-09 22:00:00+00:00,0.0,0.0,0.0,0.0
2024-10-09 23:00:00+00:00,0.0,0.0,0.0,0.0
2024-10-10 00:00:00+00:00,0.0,0.0,0.0,0.0
2024-10-10 01:00:00+00:00,0.0,0.0,0.0,0.0
2024-10-10 02:00:00+00:00,0.0,0.0,0.0,0.0
2024-10-10 03:00:00+00:00,0.0,0.0,0.0,0.0
2024-10-10 04:00:00+00:00,0.0,0.0,0.0,0.0
2024-10-10 05:00:00+00:00,0.0,0.0,0.0,0.0
2024-10-10 06:00:00+00:00,0.0,0.0,0.0,0.0
2024-10-10 07:00:00+00:00,0.0,0.0,0.0,0.0
2024-10-10 08:00:00+00:00,0.0,0.0,-2.7222259781023432e-05,0.0
2024-10-10 09:00:00+00:00,0.0,0.0,0.0,-5.1333423474455566e-05
2024-10-10 10:00:00+00:00,0.0,0.0,0.0,0.0
2024-10-10 11:00:00+00:00,0.0,0.0,0.0,0.0
2024-10-10 12:00:00+00:00,0.0,0.0,-3.286511986136386e-05,-6.282491593483707e-05
2024-10-10 13:00:00+00:00,0.0,0.0,0.0,0.0
2024-10-10 14:00:00+00:00,0.0,0.0,0.0,0.0
2024-10-10 15:00:00+00:00,0.0,0.0,0.0,0.0
2024-10-10 16:00:00+00:00,0.0,0.0,-5.4769321029574096e-05,0.0
2024-10-10 17:00:00+00:00,0.0,0.0,0.0,0.0
2024-10-10 18:00:00+00:00,0.0,0.0,0.0,-0.0001642237137741
2024-10-10 19:00:00+00:00,0.0,0.0,0.0,0.0
2024-10-10 20:00:00+00:00,0.0,0.0,0.0,0.0
2024-10-10 21:00:00+00:00,0.0,0.0,0.0,0.0
2024-10-10 22:00:00+00:00,0.0,0.0,0.0,0.0
2024-10-10 23:00:00+00:00,0.0,0.0,0.0,0.0
2024-10-11 00:00:00+00:00,0.0,0.0,0.0,0.0
2024-10-11 01:00:00+00:00,0.0,0.0,0.0,0.0
2024-10-11 02:00:00+00:00,0.0,0.0,0.0,0.0
2024-10-11 03:00:00+00:00,0.0,0.0,0.0,0.0
2024-10-11 04:00:00+00:00,0.0,0.0,0.0,0.0
2024-10-11 05:00:00+00:00,0.0,0.0,0.0,0.0
2024-10-11 06:00:00+00:00,0.0,0.0,3.499257425742531e-05,0.0
2024-10-11 07:00:00+00:00,0.0,0.0,0.0,0.0
2024-10-11 08:00:00+00:00,0.0,0.0,0.0,0.0
2024-10-11 09:00:00+00:00,0.0,0.0,2.966992250952206e-05,0.0
2024-10-11 10:00:00+00:00,0.0,0.0,0.0,0.0
2024-10-11 11:00:00+00:00,0.0,0.0,0.0,0.0
2024-10-11 12:00:00+00:00,0.0,0.0,0.0,0.0
2024-10-11 13:00:00+00:00,0.0,0.0,0.0,8.117768392102875e-05
2024-10-11 14:00:00+00:00,0.0,0.0,7.500871633620566e-05,0.0
2024-10-11 15:00:00+00:00,0.0,0.0,0.0,0.0
2024-10-11 16:00:00+00:00,0.0,0.0,0.0,0.0
2024-10-11 17:00:00+00:00,0.0,0.0,6.603096094553007e-05,0.0
2024-10-11 18:00:00+00:00,0.0,0.0,0.0,0.0
2024-10-11 19:00:00+00:00,0.0,0.0,0.0,0.0
2024-10-11 20:00:00+00:00,0.0,0.0,0.0,0.0
2024-10-11 21:00:00+00:00,0.0,0.0,-2.297749234526413e-05,0.0
2024-10-11 22:00:00+00:00,0.0,0.0,0.0,0.0
2024-10-11 23:00:00+00:00,0.0,0.0,0.0,0.0
2024-10-12 00:00:00+00:00,0.0,0.0,0.0,0.0
2024-10-12 01:00:00+00:00,0.0,0.0,0.0,0.0
2024-10-12 02:00:00+00:00,0.0,0.0,0.0,0.0
2024-10-12 03:00:00+00:00,0.0,0.0,0.0,0.0
2024-10-12 04:00:00+00:00,0.0,0.0,0.0,0.0
2024-10-12 05:00:00+00:00,0.0,0.0,0.0,0.0
2024-10-12 06:00:00+00:00,0.0,0.0,0.0,0.0
2024-10-12 07:00:00+00:00,0.0,0.0,0.0,0.0
2024-10-12 08:00:00+00:00,0.0,0.0,0.0,0.0
2024-10-12 09:00:00+00:00,0.0,0.0,0.0,0.0
2024-10-12 10:00:00+00:00,0.0,0.0,0.0,0.0
2024-10-12 11:00:00+00:00,0.0,0.0,0.0,0.0
2024-10-12 12:00:00+00:00,0.0,0.0,0.0,0.0
2024-10-12 13:00:00+00:00,0.0,0.0,0.0,0.0
2024-10-12 14:00:00+00:00,0.0,0.0,0.0,0.0
2024-10-12 15:00:00+00:00,0.0,0.0,0.0,0.0
2024-10-12 16:00:00+00:00,0.0,0.0,0.0,0.0
2024-10-12 17:00:00+00:00,0.0,0.0,0.0,0.0
2024-10-12 18:00:00+00:00,0.0,0.0,0.0,0.0
2024-10-12 19:00:00+00:00,0.0,0.0,0.0,0.0
2024-10-12 20:00:00+00:00,0.0,0.0,0.0,0.0
2024-10-12 21:00:00+00:00,0.0,0.0,0.0,0.0
2024-10-12 22:00:00+00:00,0.0,0.0,0.0,0.0
2024-10-12 23:00:00+00:00,0.0,0.0,0.0,0.0
2024-10-13 00:00:00+00:00,0.0,0.0,0.0,0.0
2024-10-13 01:00:00+00:00,0.0,0.0,0.0,0.0
2024-10-13 02:00:00+00:00,0.0,0.0,0.0,0.0
2024-10-13 03:00:00+00:00,0.0,0.0,0.0,0.0
2024-10-13 04:00:00+00:00,0.0,0.0,0.0,0.0
2024-10-13 05:00:00+00:00,0.0,0.0,0.0,0.0
2024-10-13 06:00:00+00:00,0.0,0.0,0.0,0.0
2024-10-13 07:00:00+00:00,0.0,0.0,0.0,0.0
2024-10-13 08:00:00+00:00,0.0,0.0,0.0,0.0
2024-10-13 09:00:00+00:00,0.0,0.0,0.0,0.0
2024-10-13 10:00:00+00:00,0.0,0.0,0.0,0.0
2024-10-13 11:00:00+00:00,0.0,0.0,0.0,-3.863974116491086e-05
2024-10-13 12:00:00+00:00,0.0,0.0,0.0,0.0
2024-10-13 13:00:00+00:00,0.0,0.0,0.0,0.0
2024-10-13 14:00:00+00:00,0.0,0.0,0.0,0.0
2024-10-13 15:00:00+00:00,0.0,0.0,0.0,0.0
2024-10-13 16:00:00+00:00,0.0,0.0,0.0,4.736653676539305e-05
2024-10-13 17:00:00+00:00,0.0,0.0,0.0,0.0
2024-10-13 18:00:00+00:00,0.0,0.0,0.0,0.0
2024-10-13 19:00:00+00:00,0.0,0.0,0.0,0.0
2024-10-13 20:00:00+00:00,0.0,0.0,0.0,0.0
2024-10-13 21:00:00+00:00,0.0,0.0,0.0,0.0
2024-10-13 22:00:00+00:00,0.0,0.0,0.0,0.0
2024-10-13 23:00:00+00:00,0.0,0.0,-4.164725669933088e-05,0.0
2024-10-14 00:00:00+00:00,0.0,0.0,0.0,0.0
2024-10-14 01:00:00+00:00,0.0,0.0,0.0,0.0
2024-10-14 02:00:00+00:00,0.0,0.0,0.0,0.0
2024-10-14 03:00:00+00:00,0.0,0.0,0.0,6.59534160783959e-05
2024-10-14 04:00:00+00:00,0.0,0.0,0.0,0.0
2024-10-14 05:00:00+00:00,0.0,0.0,0.0,0.0
2024-10-14 06:00:00+00:00,0.0,0.0,0.0,0.0
2024-10-14 07:00:00+00:00,0.0,0.0,0.0,0.0
2024-10-14 08:00:00+00:00,0.0,0.0,0.0,0.0
2024-10-14 09:00:00+00:00,0.0,0.0,0.0,0.0
2024-10-14 10:00:00+00:00,0.0,0.0,0.0,0.0
2024-10-14 11:00:00+00:00,0.0,0.0,0.0,0.0
2024-10-14 12:00:00+00:00,0.0,0.0,0.0,0.0
2024-10-14 13:00:00+00:00,0.0,0.0,0.0,0.0
2024-10-14 14:00:00+00:00,0.0,0.0,0.0,0.0
2024-10-14 15:00:00+00:00,0.0,0.0,0.0,0.0
2024-10-14 16:00:00+00:00,0.0,0.0,0.0,0.0
2024-10-14 17:00:00+00:00,0.0,0.0,0.0,0.0
2024-10-14 18:00:00+00:00,0.0,0.0,0.0,0.0
2024-10-14 19:00:00+00:00,0.0,0.0,0.0,0.0
2024-10-14 20:00:00+00:00,0.0,0.0,0.0,0.0
2024-10-14 21:00:00+00:00,0.0,0.0,0.0,0.0
2024-10-14 22:00:00+00:00,0.0,0.0,0.0,0.0
2024-10-14 23:00:00+00:00,0.0,0.0,0.0,0.0
2024-10-15 00:00:00+00:00,0.0,0.0,0.0,0.0
2024-10-15 01:00:00+00:00,0.0,0.0,0.0,0.0
2024-10-15 02:00:00+00:00,0.0,0.0,0.0,0.0
2024-10-15 03:00:00+00:00,0.0,0.0,0.0,0.0
2024-10-15 04:00:00+00:00,0.0,0.0,0.0,0.0
2024-10-15 05:00:00+00:00,0.0,0.0,0.0,0.0
2024-10-15 06:00:00+00:00,0.0,0.0,0.0,0.0
2024-10-15 07:00:00+00:00,0.0,0.0,0.0,0.0
2024-10-15 08:00:00+00:00,0.0,0.0,0.0,0.0
2024-10-15 09:00:00+00:00,0.0,0.0,0.0,0.0
2024-10-15 10:00:00+00:00,0.0,0.0,0.0,0.0
2024-10-15 11:00:00+00:00,0.0,0.0,0.0,0.0
2024-10-15 12:00:00+00:00,0.0,0.0,0.0,0.0
2024-10-15 13:00:00+00:00,0.0,0.0,0.0,0.0
2024-10-15 14:00:00+00:00,0.0,0.0,0.0,0.0
2024-10-15 15:00:00+00:00,0.0,0.0,0.0,0.0
2024-10-15 16:00:00+00:00,0.0,0.0,0.0,0.0
2024-10-15 17:00:00+00:00,0.0,0.0,0.0,0.0
2024-10-15 18:00:00+00:00,0.0,0.0,0.0,0.0
2024-10-15 19:00:00+00:00,0.0,0.0,0.0,0.0
2024-10-15 20:00:00+00:00,0.0,0.0,0.0,0.0
2024-10-15 21:00:00+00:00,0.0,0.0,0.0,0.0
2024-10-15 22:00:00+00:00,0.0,0.0,0.0,0.0
2024-10-15 23:00:00+00:00,0.0,0.0,0.0,0.0
2024-10-16 00:00:00+00:00,0.0,0.0,0.0,0.0
2024-10-16 01:00:00+00:00,0.0,0.0,0.0,0.0
2024-10-16 02:00:00+00:00,0.0,0.0,0.0,0.0
2024-10-16 03:00:00+00:00,0.0,0.0,0.0,0.0
2024-10-16 04:00:00+00:00,0.0,0.0,0.0,0.0
2024-10-16 05:00:00+00:00,0.0,0.0,0.0,0.0
2024-10-16 06:00:00+00:00,0.0,0.0,0.0,0.0
2024-10-16 07:00:00+00:00,0.0,0.0,0.0,0.0
2024-10-16 08:00:00+00:00,0.0,0.0,0.0,0.0
2024-10-16 09:00:00+00:00,0.0,0.0,0.0,0.0
2024-10-16 10:00:00+00:00,0.0,0.0,0.0,0.0
2024-10-16 11:00:00+00:00,0.0,0.0,0.0,0.0
2024-10-16 12:00:00+00:00,0.0,0.0,0.0,0.0
2024-10-16 13:00:00+00:00,0.0,0.0,0.0,0.0
2024-10-16 14:00:00+00:00,0.0,0.0,0.0,0.0
2024-10-16 15:00:00+00:00,0.0,0.0,0.0,0.0
2024-10-16 16:00:00+00:00,0.0,0.0,0.0,0.0
2024-10-16 17:00:00+00:00,0.0,0.0,0.0,0.0
2024-10-16 18:00:00+00:00,0.0,0.0,0.0,0.0
2024-10-16 19:00:00+00:00,0.0,0.0,0.0,0.0
2024-10-16 20:00:00+00:00,0.0,0.0,0.0,0.0
2024-10-16 21:00:00+00:00,0.0,0.0,0.0,0.0
2024-10-16 22:00:00+00:00,0.0,0.0,0.0,0.0
2024-10-16 23:00:00+00:00,0.0,0.0,0.0,0.0
2024-10-17 00:00:00+00:00,0.0,0.0,0.0,0.0
2024-10-17 01:00:00+00:00,0.0,0.0,0.0,0.0
2024-10-17 02:00:00+00:00,0.0,0.0,0.0,0.0
2024-10-17 03:00:00+00:00,0.0,0.0,0.0,0.0
2024-10-17 04:00:00+00:00,0.0,0.0,0.0,0.0
2024-10-17 05:00:00+00:00,0.0,0.0,0.0,0.0
2024-10-17 06:00:00+00:00,0.0,0.0,0.0,0.0
2024-10-17 07:00:00+00:00,0.0,0.0,0.0,0.0
2024-10-17 08:00:00+00:00,0.0,0.0,0.0,0.0
2024-10-17 09:00:00+00:00,0.0,0.0,0.0,0.0
2024-10-17 10:00:00+00:00,0.0,0.0,-3.980143641866384e-05,0.0
2024-10-17 11:00:00+00:00,0.0,0.0,0.0,0.0
2024-10-17 12:00:00+00:00,0.0,0.0,0.0,0.0
2024-10-17 13:00:00+00:00,0.0,0.0,0.0,-8.152344740479656e-05
2024-10-17 14:00:00+00:00,0.0,0.0,0.0,0.0
2024-10-17 15:00:00+00:00,0.0,0.0,0.0,0.0
2024-10-17 16:00:00+00:00,0.0,0.0,0.0,0.0
2024-10-17 17:00:00+00:00,0.0,0.0,0.0,0.0
2024-10-17 18:00:00+00:00,0.0,0.0,0.0,0.0
2024-10-17 19:00:00+00:00,0.0,0.0,0.0,0.0
2024-10-17 20:00:00+00:00,0.0,0.0,0.0,0.0
2024-10-17 21:00:00+00:00,0.0,0.0,0.0,0.0
2024-10-17 22:00:00+00:00,0.0,0.0,0.0,0.0
2024-10-17 23:00:00+00:00,0.0,0.0,0.0,0.0
2024-10-18 00:00:00+00:00,0.0,0.0,0.0,0.0
2024-10-18 01:00:00+00:00,0.0,0.0,4.9074377194658914e-05,0.0
2024-10-18 02:00:00+00:00,0.0,0.0,0.0,0.0
2024-10-18 03:00:00+00:00,0.0,0.0,0.0,0.0
2024-10-18 04:00:00+00:00,0.0,0.0,0.0,0.0
2024-10-18 05:00:00+00:00,0.0,0.0,0.0,0.0
2024-10-18 06:00:00+00:00,0.0,0.0,0.0,0.0
2024-10-18 07:00:00+00:00,0.0,0.0,0.0,0.0
2024-10-18 08:00:00+00:00,0.0,0.0,0.0,0.0
2024-10-18 09:00:00+00:00,0.0,0.0,-4.0146708589708913e-05,0.0
2024-10-18 10:00:00+00:00,0.0,0.0,0.0,0.0
2024-10-18 11:00:00+00:00,0.0,0.0,0.0,0.0
2024-10-18 12:00:00+00:00,0.0,0.0,0.0,0.0
2024-10-18 13:00:00+00:00,0.0,0.0,0.0,0.0
2024-10-18 14:00:00+00:00,0.0,0.0,0.0,0.0
2024-10-18 15:00:00+00:00,0.0,0.0,0.0,0.0
2024-10-18 16:00:00+00:00,0.0,0.0,0.0,0.0
2024-10-18 17:00:00+00:00,0.0,0.0,0.0,0.0
2024-10-18 18:00:00+00:00,0.0,0.0,0.0,0.0
2024-10-18 19:00:00+00:00,0.0,0.0,0.0,0.0
2024-10-18 20:00:00+00:00,0.0,0.0,0.0,0.0
2024-10-18 21:00:00+00:00,0.0,0.0,2.1673411930317477e-05,0.0
2024-10-18 22:00:00+00:00,0.0,0.0,0.0,0.0
2024-10-18 23:00:00+00:00,0.0,0.0,0.0,-5.471498290181231e-05
2024-10-19 00:00:00+00:00,0.0,0.0,0.0,0.0
2024-10-19 01:00:00+00:00,0.0,0.0,0.0,0.0
2024-10-19 02:00:00+00:00,0.0,0.0,0.0,0.0
2024-10-19 03:00:00+00:00,0.0,0.0,0.0,0.0
2024-10-19 04:00:00+00:00,0.0,0.0,0.0,0.0
2024-10-19 05:00:00+00:00,0.0,0.0,0.0,0.0
2024-10-19 06:00:00+00:00,0.0,0.0,0.0,0.0
2024-10-19 07:00:00+00:00,0.0,0.0,0.0,0.0
2024-10-19 08:00:00+00:00,0.0,0.0,0.0,0.0
2024-10-19 09:00:00+00:00,0.0,0.0,0.0,0.0
2024-10-19 10:00:00+00:00,0.0,0.0,0.0,0.0
2024-10-19 11:00:00+00:00,0.0,0.0,0.0,0.0
2024-10-19 12:00:00+00:00,0.0,0.0,0.0,0.0
2024-10-19 13:00:00+00:00,0.0,0.0,0.0,0.0
2024-10-19 14:00:00+00:00,0.0,0.0,0.0,0.0
2024-10-19 15:00:00+00:00,0.0,0.0,0.0,0.0
2024-10-19 16:00:00+00:00,0.0,0.0,0.0,0.0
2024-10-19 17:00:00+00:00,0.0,0.0,0.0,0.0
2024-10-19 18:00:00+00:00,0.0,0.0,0.0,0.0
2024-10-19 19:00:00+00:00,0.0,0.0,0.0,0.0
2024-10-19 20:00:00+00:00,0.0,0.0,0.0,0.0
2024-10-19 21:00:00+00:00,0.0,0.0,0.0,0.0
2024-10-19 22:00:00+00:00,0.0,0.0,0.0,0.0
2024-10-19 23:00:00+00:00,0.0,0.0,0.0,0.0
2024-10-20 00:00:00+00:00,0.0,0.0,0.0,0.0
2024-10-20 01:00:00+00:00,0.0,0.0,0.0,0.0
2024-10-20 02:00:00+00:00,0.0,0.0,0.0,0.0
2024-10-20 03:00:00+00:00,0.0,0.0,0.0,0.0
2024-10-20 04:00:00+00:00,0.0,0.0,0.0,7.306845858153785e-06
2024-10-20 05:00:00+00:00,0.0,0.0,0.0,0.0
2024-10-20 06:00:00+00:00,0.0,0.0,0.0,0.0
2024-10-20 07:00:00+00:00,0.0,0.0,0.0,0.0
2024-10-20 08:00:00+00:00,0.0,0.0,0.0,0.0
2024-10-20 09:00:00+00:00,0.0,0.0,0.0,0.0
2024-10-20 10:00:00+00:00,0.0,0.0,0.0,0.0
2024-10-20 11:00:00+00:00,0.0,0.0,0.0,0.0
2024-10-20 12:00:00+00:00,0.0,0.0,0.0,0.0
2024-10-20 13:00:00+00:00,0.0,0.0,0.0,0.0
2024-10-20 14:00:00+00:00,0.0,0.0,0.0,0.0
2024-10-20 15:00:00+00:00,0.0,0.0,0.0,0.0
2024-10-20 16:00:00+00:00,0.0,0.0,0.0,0.0
2024-10-20 17:00:00+00:00,0.0,0.0,0.0,0.0
2024-10-20 18:00:00+00:00,0.0,0.0,0.0,0.0
2024-10-20 19:00:00+00:00,0.0,0.0,0.0,0.0
2024-10-20 20:00:00+00:00,0.0,0.0,0.0,0.0
2024-10-20 21:00:00+00:00,0.0,0.0,0.0,0.0
2024-10-20 22:00:00+00:00,0.0,0.0,0.0,0.0
2024-10-20 23:00:00+00:00,0.0,0.0,0.0,0.0
2024-10-21 00:00:00+00:00,0.0,0.0,0.0,0.0
2024-10-21 01:00:00+00:00,0.0,0.0,0.0,0.0
2024-10-21 02:00:00+00:00,0.0,0.0,0.0,0.0
2024-10-21 03:00:00+00:00,0.0,0.0,0.0,0.0
2024-10-21 04:00:00+00:00,0.0,0.0,0.0,0.0
2024-10-21 05:00:00+00:00,0.0,0.0,0.0,0.0
2024-10-21 06:00:00+00:00,0.0,0.0,0.0,0.0
2024-10-21 07:00:00+00:00,0.0,0.0,0.0,0.0
2024-10-21 08:00:00+00:00,0.0,0.0,0.0,0.0
2024-10-21 09:00:00+00:00,0.0,0.0,0.0,0.0
2024-10-21 10:00:00+00:00,0.0,0.0,0.0,0.0
2024-10-21 11:00:00+00:00,0.0,0.0,0.0,0.0
2024-10-21 12:00:00+00:00,0.0,0.0,0.0,0.0
2024-10-21 13:00:00+00:00,0.0,0.0,0.0,0.0
2024-10-21 14:00:00+00:00,0.0,0.0,0.0,0.0
2024-10-21 15:00:00+00:00,0.0,0.0,0.0,0.0
2024-10-21 16:00:00+00:00,0.0,0.0,0.0,0.0
2024-10-21 17:00:00+00:00,0.0,0.0,0.0,0.0
2024-10-21 18:00:00+00:00,0.0,0.0,0.0,0.0
2024-10-21 19:00:00+00:00,0.0,0.0,0.0,0.0
2024-10-21 20:00:00+00:00,0.0,0.0,0.0,0.0
2024-10-21 21:00:00+00:00,0.0,0.0,0.0,0.0
2024-10-21 22:00:00+00:00,0.0,0.0,0.0,0.0
2024-10-21 23:00:00+00:00,0.0,0.0,0.0,0.0
2024-10-22 00:00:00+00:00,0.0,0.0,0.0,0.0
2024-10-22 01:00:00+00:00,0.0,0.0,0.0,0.0
2024-10-22 02:00:00+00:00,0.0,0.0,0.0,0.0
2024-10-22 03:00:00+00:00,0.0,0.0,0.0,0.0
2024-10-22 04:00:00+00:00,0.0,0.0,0.0,0.0
2024-10-22 05:00:00+00:00,0.0,0.0,0.0,0.0
2024-10-22 06:00:00+00:00,0.0,0.0,0.0,0.0
2024-10-22 07:00:00+00:00,0.0,0.0,0.0,0.0
2024-10-22 08:00:00+00:00,0.0,0.0,0.0,0.0
2024-10-22 09:00:00+00:00,0.0,0.0,0.0,0.0
2024-10-22 10:00:00+00:00,0.0,0.0,0.0,0.0
2024-10-22 11:00:00+00:00,0.0,0.0,0.0,0.0
2024-10-22 12:00:00+00:00,0.0,0.0,0.0,0.0
2024-10-22 13:00:00+00:00,0.0,0.0,0.0,0.0
2024-10-22 14:00:00+00:00,0.0,0.0,0.0,0.0
2024-10-22 15:00:00+00:00,0.0,0.0,0.0,0.0
2024-10-22 16:00:00+00:00,0.0,0.0,0.0,0.0
2024-10-22 17:00:00+00:00,0.0,0.0,0.0,0.0
2024-10-22 18:00:00+00:00,0.0,0.0,0.0,0.0
2024-10-22 19:00:00+00:00,0.0,0.0,0.0,0.0
2024-10-22 20:00:00+00:00,0.0,0.0,0.0,0.0
2024-10-22 21:00:00+00:00,0.0,0.0,0.0,0.0
2024-10-22 22:00:00+00:00,0.0,0.0,0.0,0.0
2024-10-22 23:00:00+00:00,0.0,0.0,0.0,0.0
2024-10-23 00:00:00+00:00,0.0,0.0,0.0,0.0
2024-10-23 01:00:00+00:00,0.0,0.0,0.0,0.0
2024-10-23 02:00:00+00:00,0.0,0.0,0.0,0.0
2024-10-23 03:00:00+00:00,0.0,0.0,0.0,0.0
2024-10-23 04:00:00+00:00,0.0,0.0,0.0,0.0
2024-10-23 05:00:00+00:00,0.0,0.0,0.0,0.0
2024-10-23 06:00:00+00:00,0.0,0.0,0.0,0.0
2024-10-23 07:00:00+00:00,0.0,0.0,0.0,0.0
2024-10-23 08:00:00+00:00,0.0,0.0,0.0,0.0
2024-10-23 09:00:00+00:00,0.0,0.0,0.0,0.0
2024-10-23 10:00:00+00:00,0.0,0.0,0.0,0.0
2024-10-23 11:00:00+00:00,0.0,0.0,0.0,0.0
2024-10-23 12:00:00+00:00,0.0,0.0,0.0,0.0
2024-10-23 13:00:00+00:00,0.0,0.0,0.0,0.0
2024-10-23 14:00:00+00:00,0.0,0.0,0.0,0.0
2024-10-23 15:00:00+00:00,0.0,0.0,0.0,0.0
2024-10-23 16:00:00+00:00,0.0,0.0,0.0,0.0
2024-10-23 17:00:00+00:00,0.0,0.0,0.0,0.0
2024-10-23 18:00:00+00:00,0.0,0.0,0.0,0.0
2024-10-23 19:00:00+00:00,0.0,0.0,0.0,0.0
2024-10-23 20:00:00+00:00,0.0,0.0,0.0,0.0
2024-10-23 21:00:00+00:00,0.0,0.0,0.0,0.0
2024-10-23 22:00:00+00:00,0.0,0.0,0.0,0.0
2024-10-23 23:00:00+00:00,0.0,0.0,0.0,0.0
2024-10-24 00:00:00+00:00,0.0,0.0,0.0,0.0
2024-10-24 01:00:00+00:00,0.0,0.0,0.0,0.0
2024-10-24 02:00:00+00:00,0.0,0.0,0.0,0.0
2024-10-24 03:00:00+00:00,0.0,0.0,0.0,0.0
2024-10-24 04:00:00+00:00,0.0,0.0,0.0,0.0
2024-10-24 05:00:00+00:00,0.0,0.0,0.0,0.0
2024-10-24 06:00:00+00:00,0.0,0.0,0.0,0.0
2024-10-24 07:00:00+00:00,0.0,0.0,0.0,0.0
2024-10-24 08:00:00+00:00,0.0,0.0,-3.6610552236375766e-05,0.0
2024-10-24 09:00:00+00:00,0.0,0.0,0.0,0.0
2024-10-24 10:00:00+00:00,0.0,0.0,0.0,0.0
2024-10-24 11:00:00+00:00,0.0,0.0,0.0,0.0
2024-10-24 12:00:00+00:00,0.0,0.0,0.0,0.0
2024-10-24 13:00:00+00:00,0.0,0.0,0.0,0.0
2024-10-24 14:00:00+00:00,0.0,0.0,0.0,0.0
2024-10-24 15:00:00+00:00,0.0,0.0,0.0,0.0
2024-10-24 16:00:00+00:00,0.0,0.0,-4.325304667154638e-05,0.0
2024-10-24 17:00:00+00:00,0.0,0.0,0.0,0.0
2024-10-24 18:00:00+00:00,0.0,0.0,0.0,0.0
2024-10-24 19:00:00+00:00,0.0,0.0,0.0,0.0
2024-10-24 20:00:00+00:00,0.0,0.0,0.0,0.0
2024-10-24 21:00:00+00:00,0.0,0.0,6.997536512405646e-05,0.0
2024-10-24 22:00:00+00:00,0.0,0.0,0.0,0.0
2024-10-24 23:00:00+00:00,0.0,0.0,0.0,0.0
2024-10-25 00:00:00+00:00,0.0,0.0,0.0,0.0
2024-10-25 01:00:00+00:00,0.0,0.0,0.0,0.0
2024-10-25 02:00:00+00:00,0.0,0.0,0.0,0.0
2024-10-25 03:00:00+00:00,0.0,0.0,0.0,0.0
2024-10-25 04:00:00+00:00,0.0,0.0,-3.820739213702406e-05,0.0
2024-10-25 05:00:00+00:00,0.0,0.0,0.0,0.0
2024-10-25 06:00:00+00:00,0.0,0.0,0.0,0.0
2024-10-25 07:00:00+00:00,0.0,0.0,0.0,0.0
2024-10-25 08:00:00+00:00,0.0,0.0,0.0,0.0
2024-10-25 09:00:00+00:00,0.0,0.0,0.0,0.0
2024-10-25 10:00:00+00:00,0.0,0.0,0.0,0.0
2024-10-25 11:00:00+00:00,0.0,0.0,0.0,0.0
2024-10-25 12:00:00+00:00,0.0,0.0,0.0,0.0
2024-10-25 13:00:00+00:00,0.0,0.0,0.0,0.0
2024-10-25 14:00:00+00:00,0.0,0.0,0.0,0.0
2024-10-25 15:00:00+00:00,0.0,0.0,0.0,0.0
2024-10-25 16:00:00+00:00,0.0,0.0,0.0,0.0
2024-10-25 17:00:00+00:00,0.0,0.0,-9.224478028589612e-05,0.0
2024-10-25 18:00:00+00:00,0.0,0.0,0.0,-0.0002073874726861
2024-10-25 19:00:00+00:00,0.0,0.0,0.0,0.0
2024-10-25 20:00:00+00:00,0.0,0.0,0.0,0.0
2024-10-25 21:00:00+00:00,0.0,0.0,0.0,0.0
2024-10-25 22:00:00+00:00,0.0,0.0,0.0,0.0
2024-10-25 23:00:00+00:00,0.0,0.0,0.0,0.0
2024-10-26 00:00:00+00:00,0.0,0.0,0.0,0.0
2024-10-26 01:00:00+00:00,0.0,0.0,0.0,0.0
2024-10-26 02:00:00+00:00,0.0,0.0,0.0,0.0
2024-10-26 03:00:00+00:00,0.0,0.0,0.0,0.0
2024-10-26 04:00:00+00:00,0.0,0.0,0.0,0.0
2024-10-26 05:00:00+00:00,0.0,0.0,0.0,0.0
2024-10-26 06:00:00+00:00,0.0,0.0,0.0,0.0
2024-10-26 07:00:00+00:00,0.0,0.0,0.0,0.0
2024-10-26 08:00:00+00:00,0.0,0.0,0.0,0.0
2024-10-26 09:00:00+00:00,0.0,0.0,0.0,0.0
2024-10-26 10:00:00+00:00,0.0,0.0,0.0,0.0
2024-10-26 11:00:00+00:00,0.0,0.0,0.0,0.0
2024-10-26 12:00:00+00:00,0.0,0.0,0.0,0.0
2024-10-26 13:00:00+00:00,0.0,0.0,0.0,0.0
2024-10-26 14:00:00+00:00,0.0,0.0,0.0,0.0
2024-10-26 15:00:00+00:00,0.0,0.0,0.0,0.0
2024-10-26 16:00:00+00:00,0.0,0.0,0.0,0.0
2024-10-26 17:00:00+00:00,0.0,0.0,0.0,0.0
2024-10-26 18:00:00+00:00,0.0,0.0,0.0,0.0
2024-10-26 19:00:00+00:00,0.0,0.0,0.0,0.0
2024-10-26 20:00:00+00:00,0.0,0.0,0.0,0.0
2024-10-26 21:00:00+00:00,0.0,0.0,0.0,0.0
2024-10-26 22:00:00+00:00,0.0,0.0,0.0,0.0
2024-10-26 23:00:00+00:00,0.0,0.0,0.0,0.0
2024-10-27 00:00:00+00:00,0.0,0.0,0.0,0.0
2024-10-27 01:00:00+00:00,0.0,0.0,0.0,0.0
2024-10-27 02:00:00+00:00,0.0,0.0,0.0,0.0
2024-10-27 03:00:00+00:00,0.0,0.0,0.0,0.0
2024-10-27 04:00:00+00:00,0.0,0.0,0.0,0.0
2024-10-27 05:00:00+00:00,0.0,0.0,0.0,0.0
2024-10-27 06:00:00+00:00,0.0,0.0,-1.4778078355127669e-05,0.0
2024-10-27 07:00:00+00:00,0.0,0.0,0.0,0.0
2024-10-27 08:00:00+00:00,0.0,0.0,0.0,1.4673880523041835e-06
2024-10-27 09:00:00+00:00,0.0,0.0,0.0,0.0
2024-10-27 10:00:00+00:00,0.0,0.0,-1.930461828056561e-05,0.0
2024-10-27 11:00:00+00:00,0.0,0.0,0.0,0.0
2024-10-27 12:00:00+00:00,0.0,0.0,0.0,1.1707607917957894e-05
2024-10-27 13:00:00+00:00,0.0,0.0,0.0,0.0
2024-10-27 14:00:00+00:00,0.0,0.0,0.0,0.0
2024-10-27 15:00:00+00:00,0.0,0.0,0.0,0.0
2024-10-27 16:00:00+00:00,0.0,0.0,0.0,1.5171358008058145e-05
2024-10-27 17:00:00+00:00,0.0,0.0,0.0,0.0
2024-10-27 18:00:00+00:00,0.0,0.0,0.0,0.0
2024-10-27 19:00:00+00:00,0.0,0.0,0.0,3.096447602131459e-05
2024-10-27 20:00:00+00:00,0.0,0.0,0.0,0.0
2024-10-27 21:00:00+00:00,0.0,0.0,0.0,0.0
2024-10-27 22:00:00+00:00,0.0,0.0,0.0,0.0
2024-10-27 23:00:00+00:00,0.0,0.0,0.0,0.0
2024-10-28 00:00:00+00:00,0.0,0.0,0.0,0.0
2024-10-28 01:00:00+00:00,0.0,0.0,0.0,0.0
2024-10-28 02:00:00+00:00,0.0,0.0,0.0,0.0
2024-10-28 03:00:00+00:00,0.0,0.0,0.0,0.0
2024-10-28 04:00:00+00:00,0.0,0.0,0.0,0.0
2024-10-28 05:00:00+00:00,0.0,0.0,0.0,0.0
2024-10-28 06:00:00+00:00,0.0,0.0,0.0,0.0
2024-10-28 07:00:00+00:00,0.0,0.0,0.0,0.0
2024-10-28 08:00:00+00:00,0.0,0.0,0.0,0.0
2024-10-28 09:00:00+00:00,0.0,0.0,0.0,0.0
2024-10-28 10:00:00+00:00,0.0,0.0,0.0,3.7067088162979774e-05
2024-10-28 11:00:00+00:00,0.0,0.0,0.0,0.0
2024-10-28 12:00:00+00:00,0.0,0.0,0.0,0.0
2024-10-28 13:00:00+00:00,0.0,0.0,0.0,0.0
2024-10-28 14:00:00+00:00,0.0,0.0,0.0,0.0
2024-10-28 15:00:00+00:00,0.0,0.0,-4.654461443542756e-05,0.0
2024-10-28 16:00:00+00:00,0.0,0.0,0.0,0.0
2024-10-28 17:00:00+00:00,0.0,0.0,0.0,0.0
2024-10-28 18:00:00+00:00,0.0,0.0,0.0,0.0
2024-10-28 19:00:00+00:00,0.0,0.0,7.538966874587883e-05,7.770707464502702e-05
2024-10-28 20:00:00+00:00,0.0,0.0,0.0,0.0
2024-10-28 21:00:00+00:00,0.0,0.0,0.0,0.0
2024-10-28 22:00:00+00:00,0.0,0.0,0.0,0.0
2024-10-28 23:00:00+00:00,0.0,0.0,0.0,0.0
2024-10-29 00:00:00+00:00,0.0,0.0,0.0,0.0
2024-10-29 01:00:00+00:00,0.0,0.0,0.0,0.0
2024-10-29 02:00:00+00:00,0.0,0.0,0.0,0.0
2024-10-29 03:00:00+00:00,0.0,0.0,0.0,0.0
2024-10-29 04:00:00+00:00,0.0,0.0,0.0,0.0
2024-10-29 05:00:00+00:00,0.0,0.0,0.0,0.0
2024-10-29 06:00:00+00:00,0.0,0.0,0.0,0.0
2024-10-29 07:00:00+00:00,0.0,0.0,0.0,0.0
2024-10-29 08:00:00+00:00,0.0,0.0,0.0,0.0
2024-10-29 09:00:00+00:00,0.0,0.0,0.0,0.0
2024-10-29 10:00:00+00:00,0.0,0.0,0.0,0.0
2024-10-29 11:00:00+00:00,0.0,0.0,0.0,0.0
2024-10-29 12:00:00+00:00,0.0,0.0,0.0,0.0
2024-10-29 13:00:00+00:00,0.0,0.0,0.0,0.0
2024-10-29 14:00:00+00:00,0.0,0.0,0.0,0.0
2024-10-29 15:00:00+00:00,0.0,0.0,0.0,0.0
2024-10-29 16:00:00+00:00,0.0,0.0,0.0,0.0
2024-10-29 17:00:00+00:00,0.0,0.0,0.0,0.0
2024-10-29 18:00:00+00:00,0.0,0.0,0.0,0.0
2024-10-29 19:00:00+00:00,0.0,0.0,0.0,0.0
2024-10-29 20:00:00+00:00,0.0,0.0,0.0,0.0
2024-10-29 21:00:00+00:00,0.0,0.0,0.0,0.0
2024-10-29 22:00:00+00:00,0.0,0.0,0.0,0.0
2024-10-29 23:00:00+00:00,0.0,0.0,0.0,0.0
2024-10-30 00:00:00+00:00,0.0,0.0,0.0,0.0
2024-10-30 01:00:00+00:00,0.0,0.0,0.0,0.0
2024-10-30 02:00:00+00:00,0.0,0.0,0.0,0.0
2024-10-30 03:00:00+00:00,0.0,0.0,0.0,0.0
2024-10-30 04:00:00+00:00,0.0,0.0,0.0,0.0
2024-10-30 05:00:00+00:00,0.0,0.0,0.0,0.0
2024-10-30 06:00:00+00:00,0.0,0.0,0.0,0.0
2024-10-30 07:00:00+00:00,0.0,0.0,0.0,0.0
2024-10-30 08:00:00+00:00,0.0,0.0,0.0,0.0
2024-10-30 09:00:00+00:00,0.0,0.0,0.0,0.0
2024-10-30 10:00:00+00:00,0.0,0.0,0.0,0.0
2024-10-30 11:00:00+00:00,0.0,0.0,0.0,0.0
2024-10-30 12:00:00+00:00,0.0,0.0,0.0,0.0
2024-10-30 13:00:00+00:00,0.0,0.0,0.0,0.0
2024-10-30 14:00:00+00:00,0.0,0.0,0.0,0.0
2024-10-30 15:00:00+00:00,0.0,0.0,0.0,0.0
2024-10-30 16:00:00+00:00,0.0,0.0,0.0,0.0
2024-10-30 17:00:00+00:00,0.0,0.0,0.0,0.0
2024-10-30 18:00:00+00:00,0.0,0.0,0.0,0.0
2024-10-30 19:00:00+00:00,0.0,0.0,0.0,0.0
2024-10-30 20:00:00+00:00,0.0,0.0,0.0,0.0
2024-10-30 21:00:00+00:00,0.0,0.0,0.0,0.0
2024-10-30 22:00:00+00:00,0.0,0.0,0.0,0.0
2024-10-30 23:00:00+00:00,0.0,0.0,0.0,0.0
2024-10-31 00:00:00+00:00,0.0,0.0,0.0,0.0
2024-10-31 01:00:00+00:00,0.0,0.0,0.0,0.0
2024-10-31 02:00:00+00:00,0.0,0.0,0.0,0.0
2024-10-31 03:00:00+00:00,0.0,0.0,0.0,0.0
2024-10-31 04:00:00+00:00,0.0,0.0,0.0,0.0
2024-10-31 05:00:00+00:00,0.0,0.0,0.0,0.0
2024-10-31 06:00:00+00:00,0.0,0.0,0.0,0.0
2024-10-31 07:00:00+00:00,0.0,0.0,0.0,0.0
2024-10-31 08:00:00+00:00,0.0,0.0,0.0,0.0
2024-10-31 09:00:00+00:00,0.0,0.0,0.0,0.0
2024-10-31 10:00:00+00:00,0.0,0.0,0.0,0.0
2024-10-31 11:00:00+00:00,0.0,0.0,-4.284931139864278e-05,0.0
2024-10-31 12:00:00+00:00,0.0,0.0,0.0,-8.88383473567389e-05
2024-10-31 13:00:00+00:00,0.0,0.0,0.0,0.0
2024-10-31 14:00:00+00:00,0.0,0.0,0.0,0.0
2024-10-31 15:00:00+00:00,0.0,0.0,0.0,0.0
2024-10-31 16:00:00+00:00,0.0,0.0,0.0,0.0
2024-10-31 17:00:00+00:00,0.0,0.0,0.0,0.0
2024-10-31 18:00:00+00:00,0.0,0.0,0.0,0.0
2024-10-31 19:00:00+00:00,0.0,0.0,0.0,0.0
2024-10-31 20:00:00+00:00,0.0,0.0,0.0,-0.000116751062022
2024-10-31 21:00:00+00:00,0.0,0.0,0.0,0.0
2024-10-31 22:00:00+00:00,0.0,0.0,0.0,0.0
2024-10-31 23:00:00+00:00,0.0,0.0,0.0,0.0
2024-11-01 00:00:00+00:00,0.0,0.0,0.0,0.0
2024-11-01 01:00:00+00:00,0.0,0.0,0.0,0.0
2024-11-01 02:00:00+00:00,0.0,0.0,0.0,0.0
2024-11-01 03:00:00+00:00,0.0,0.0,0.0,0.0
2024-11-01 04:00:00+00:00,0.0,0.0,0.0,0.0
2024-11-01 05:00:00+00:00,0.0,0.0,0.0,0.0
2024-11-01 06:00:00+00:00,0.0,0.0,0.0,0.0
2024-11-01 07:00:00+00:00,0.0,0.0,0.0,0.0
2024-11-01 08:00:00+00:00,0.0,0.0,0.0,0.0
2024-11-01 09:00:00+00:00,0.0,0.0,0.0,0.0
2024-11-01 10:00:00+00:00,0.0,0.0,0.0,0.0
2024-11-01 11:00:00+00:00,0.0,0.0,0.0,0.0
2024-11-01 12:00:00+00:00,0.0,0.0,0.0,0.0
2024-11-01 13:00:00+00:00,0.0,0.0,0.0,0.0
2024-11-01 14:00:00+00:00,0.0,0.0,0.0,0.0
2024-11-01 15:00:00+00:00,0.0,0.0,-8.570177937102686e-05,-0.0001916842704904
2024-11-01 16:00:00+00:00,0.0,0.0,0.0,0.0
2024-11-01 17:00:00+00:00,0.0,0.0,0.0,0.0
2024-11-01 18:00:00+00:00,0.0,0.0,0.0,0.0
2024-11-01 19:00:00+00:00,0.0,0.0,0.0,0.0
2024-11-01 20:00:00+00:00,0.0,0.0,0.0,0.0
2024-11-01 21:00:00+00:00,0.0,0.0,0.0,0.0
2024-11-01 22:00:00+00:00,0.0,0.0,0.0,0.0
2024-11-01 23:00:00+00:00,0.0,0.0,0.0,0.0
2024-11-02 00:00:00+00:00,0.0,0.0,0.0,0.0
2024-11-02 01:00:00+00:00,0.0,0.0,0.0,0.0
2024-11-02 02:00:00+00:00,0.0,0.0,0.0,0.0
2024-11-02 03:00:00+00:00,0.0,0.0,0.0,0.0
2024-11-02 04:00:00+00:00,0.0,0.0,0.0,0.0
2024-11-02 05:00:00+00:00,0.0,0.0,0.0,0.0
2024-11-02 06:00:00+00:00,0.0,0.0,0.0,0.0
2024-11-02 07:00:00+00:00,0.0,0.0,0.0,0.0
2024-11-02 08:00:00+00:00,0.0,0.0,0.0,0.0
2024-11-02 09:00:00+00:00,0.0,0.0,0.0,0.0
2024-11-02 10:00:00+00:00,0.0,0.0,0.0,0.0
2024-11-02 11:00:00+00:00,0.0,0.0,0.0,0.0
2024-11-02 12:00:00+00:00,0.0,0.0,0.0,0.0
2024-11-02 13:00:00+00:00,0.0,0.0,0.0,0.0
2024-11-02 14:00:00+00:00,0.0,0.0,0.0,0.0
2024-11-02 15:00:00+00:00,0.0,0.0,0.0,0.0
2024-11-02 16:00:00+00:00,0.0,0.0,0.0,0.0
2024-11-02 17:00:00+00:00,0.0,0.0,0.0,0.0
2024-11-02 18:00:00+00:00,0.0,0.0,0.0,0.0
2024-11-02 19:00:00+00:00,0.0,0.0,0.0,0.0
2024-11-02 20:00:00+00:00,0.0,0.0,0.0,0.0
2024-11-02 21:00:00+00:00,0.0,0.0,0.0,0.0
2024-11-02 22:00:00+00:00,0.0,0.0,0.0,0.0
2024-11-02 23:00:00+00:00,0.0,0.0,0.0,0.0
2024-11-03 00:00:00+00:00,0.0,0.0,0.0,0.0
2024-11-03 01:00:00+00:00,0.0,0.0,0.0,0.0
2024-11-03 02:00:00+00:00,0.0,0.0,0.0,0.0
2024-11-03 03:00:00+00:00,0.0,0.0,0.0,0.0
2024-11-03 04:00:00+00:00,0.0,0.0,0.0,0.0
2024-11-03 05:00:00+00:00,0.0,0.0,0.0,0.0
2024-11-03 06:00:00+00:00,0.0,0.0,0.0,0.0
2024-11-03 07:00:00+00:00,0.0,0.0,0.0,0.0
2024-11-03 08:00:00+00:00,0.0,0.0,0.0,0.0
2024-11-03 09:00:00+00:00,0.0,0.0,0.0,0.0
2024-11-03 10:00:00+00:00,0.0,0.0,0.0,0.0
2024-11-03 11:00:00+00:00,0.0,0.0,0.0,0.0
2024-11-03 12:00:00+00:00,0.0,0.0,0.0,0.0
2024-11-03 13:00:00+00:00,0.0,0.0,0.0,-7.502786423040252e-05
2024-11-03 14:00:00+00:00,0.0,0.0,0.0,0.0
2024-11-03 15:00:00+00:00,0.0,0.0,0.0,0.0
2024-11-03 16:00:00+00:00,0.0,0.0,0.0,0.0
2024-11-03 17:00:00+00:00,0.0,0.0,0.0,0.0
2024-11-03 18:00:00+00:00,0.0,0.0,0.0,0.0
2024-11-03 19:00:00+00:00,0.0,0.0,0.0001225427504905,0.0
2024-11-03 20:00:00+00:00,0.0,0.0,0.0,0.0
2024-11-03 21:00:00+00:00,0.0,0.0,0.0,0.0001209901910534
2024-11-03 22:00:00+00:00,0.0,0.0,0.0,0.0
2024-11-03 23:00:00+00:00,0.0,0.0,0.0,0.0
2024-11-04 00:00:00+00:00,0.0,0.0,0.0,0.0
2024-11-04 01:00:00+00:00,0.0,0.0,0.0,0.0
2024-11-04 02:00:00+00:00,0.0,0.0,0.0,0.0
2024-11-04 03:00:00+00:00,0.0,0.0,0.0,0.0
2024-11-04 04:00:00+00:00,0.0,0.0,0.0,0.0
2024-11-04 05:00:00+00:00,0.0,0.0,-4.400245990974882e-05,0.0
2024-11-04 06:00:00+00:00,0.0,0.0,0.0,0.0
2024-11-04 07:00:00+00:00,0.0,0.0,0.0,0.0
2024-11-04 08:00:00+00:00,0.0,0.0,0.0,0.0
2024-11-04 09:00:00+00:00,0.0,0.0,0.0,0.0
2024-11-04 10:00:00+00:00,0.0,0.0,0.0,0.0
2024-11-04 11:00:00+00:00,0.0,0.0,0.0,0.0
2024-11-04 12:00:00+00:00,0.0,0.0,0.0,0.0
2024-11-04 13:00:00+00:00,0.0,0.0,0.0,0.0
2024-11-04 14:00:00+00:00,0.0,0.0,-5.065769914599726e-05,0.0
2024-11-04 15:00:00+00:00,0.0,0.0,0.0,0.0
2024-11-04 16:00:00+00:00,0.0,0.0,0.0,-0.0001016003712378
2024-11-04 17:00:00+00:00,0.0,0.0,0.0,0.0
2024-11-04 18:00:00+00:00,0.0,0.0,0.0,0.0
2024-11-04 19:00:00+00:00,0.0,0.0,0.0,0.0
2024-11-04 20:00:00+00:00,0.0,0.0,0.0,0.0
2024-11-04 21:00:00+00:00,0.0,0.0,0.0,0.0
2024-11-04 22:00:00+00:00,0.0,0.0,0.0,0.0
2024-11-04 23:00:00+00:00,0.0,0.0,0.0,0.0
2024-11-05 00:00:00+00:00,0.0,0.0,0.0,0.0
2024-11-05 01:00:00+00:00,0.0,0.0,0.0,0.0
2024-11-05 02:00:00+00:00,0.0,0.0,0.0,0.0
2024-11-05 03:00:00+00:00,0.0,0.0,0.0,0.0
2024-11-05 04:00:00+00:00,0.0,0.0,0.0,0.0
2024-11-05 05:00:00+00:00,0.0,0.0,0.0,0.0
2024-11-05 06:00:00+00:00,0.0,0.0,0.0,0.0
2024-11-05 07:00:00+00:00,0.0,0.0,0.0,0.0
2024-11-05 08:00:00+00:00,0.0,0.0,0.0,0.0
2024-11-05 09:00:00+00:00,0.0,0.0,0.0,0.0
2024-11-05 10:00:00+00:00,0.0,0.0,0.0,0.0
2024-11-05 11:00:00+00:00,0.0,0.0,0.0,0.0
2024-11-05 12:00:00+00:00,0.0,0.0,0.0,0.0
2024-11-05 13:00:00+00:00,0.0,0.0,0.0,0.0
2024-11-05 14:00:00+00:00,0.0,0.0,0.0,3.9139556776880425e-05
2024-11-05 15:00:00+00:00,0.0,0.0,0.0,0.0
2024-11-05 16:00:00+00:00,0.0,0.0,0.0,0.0
2024-11-05 17:00:00+00:00,0.0,0.0,0.0,0.0
2024-11-05 18:00:00+00:00,0.0,0.0,0.0,0.0
2024-11-05 19:00:00+00:00,0.0,0.0,0.0,-0.0001891503815678
2024-11-05 20:00:00+00:00,0.0,0.0,0.0,0.0
2024-11-05 21:00:00+00:00,0.0,0.0,0.0,0.0
2024-11-05 22:00:00+00:00,0.0,0.0,0.0,0.0
2024-11-05 23:00:00+00:00,0.0,0.0,0.0,0.0
2024-11-06 00:00:00+00:00,0.0,0.0,0.0,0.0
2024-11-06 01:00:00+00:00,0.0,0.0,0.0,0.0
2024-11-06 02:00:00+00:00,0.0,0.0,0.0,0.0
2024-11-06 03:00:00+00:00,0.0,0.0,0.0,0.0
2024-11-06 04:00:00+00:00,0.0,0.0,0.0,0.0
2024-11-06 05:00:00+00:00,0.0,0.0,0.0,0.0
2024-11-06 06:00:00+00:00,0.0,0.0,0.0,0.0
2024-11-06 07:00:00+00:00,0.0,0.0,0.0,0.0
2024-11-06 08:00:00+00:00,0.0,0.0,0.0,0.0
2024-11-06 09:00:00+00:00,0.0,0.0,0.0,0.0
2024-11-06 10:00:00+00:00,0.0,0.0,0.0,0.0
2024-11-06 11:00:00+00:00,0.0,0.0,0.0,0.0
2024-11-06 12:00:00+00:00,0.0,0.0,0.0,0.0
2024-11-06 13:00:00+00:00,0.0,0.0,0.0,0.0
2024-11-06 14:00:00+00:00,0.0,0.0,0.0,0.0
2024-11-06 15:00:00+00:00,0.0,0.0,0.0001163593776768,0.0
2024-11-06 16:00:00+00:00,0.0,0.0,0.0,0.0
2024-11-06 17:00:00+00:00,0.0,0.0,0.0,0.0
2024-11-06 18:00:00+00:00,0.0,0.0,0.0,0.0
2024-11-06 19:00:00+00:00,0.0,0.0,0.0,0.0
2024-11-06 20:00:00+00:00,0.0,0.0,0.0,0.0
2024-11-06 21:00:00+00:00,0.0,0.0,0.0,0.0
2024-11-06 22:00:00+00:00,0.0,0.0,0.0,0.0
2024-11-06 23:00:00+00:00,0.0,0.0,0.0,0.0
2024-11-07 00:00:00+00:00,0.0,0.0,0.0,0.0
2024-11-07 01:00:00+00:00,0.0,0.0,0.0,0.0
2024-11-07 02:00:00+00:00,0.0,0.0,0.0,0.0
2024-11-07 03:00:00+00:00,0.0,0.0,0.0,0.0
2024-11-07 04:00:00+00:00,0.0,0.0,0.0,0.0
2024-11-07 05:00:00+00:00,0.0,0.0,0.0,0.0
2024-11-07 06:00:00+00:00,0.0,0.0,0.0,0.0
2024-11-07 07:00:00+00:00,0.0,0.0,0.0,0.0
2024-11-07 08:00:00+00:00,0.0,0.0,0.0,0.0
2024-11-07 09:00:00+00:00,0.0,0.0,0.0,0.0
2024-11-07 10:00:00+00:00,0.0,0.0,0.0,0.0
2024-11-07 11:00:00+00:00,0.0,0.0,0.0,-5.382177014362055e-05
2024-11-07 12:00:00+00:00,0.0,0.0,0.0,0.0
2024-11-07 13:00:00+00:00,0.0,0.0,0.0,0.0
2024-11-07 14:00:00+00:00,0.0,0.0,0.0,0.0
2024-11-07 15:00:00+00:00,0.0,0.0,0.0,6.0125386135972966e-05
2024-11-07 16:00:00+00:00,0.0,0.0,0.0,0.0
2024-11-07 17:00:00+00:00,0.0,0.0,0.0,0.0
2024-11-07 18:00:00+00:00,0.0,0.0,0.0,0.0
2024-11-07 19:00:00+00:00,0.0,0.0,0.0,0.0
2024-11-07 20:00:00+00:00,0.0,0.0,0.0,0.0
2024-11-07 21:00:00+00:00,0.0,0.0,0.0,0.0
2024-11-07 22:00:00+00:00,0.0,0.0,0.0,0.0
2024-11-07 23:00:00+00:00,0.0,0.0,0.0,0.0
2024-11-08 00:00:00+00:00,0.0,0.0,0.0,0.0
2024-11-08 01:00:00+00:00,0.0,0.0,0.0,0.0
2024-11-08 02:00:00+00:00,0.0,0.0,0.0,0.0
2024-11-08 03:00:00+00:00,0.0,0.0,0.0,0.0
2024-11-08 04:00:00+00:00,0.0,0.0,0.0,0.0
2024-11-08 05:00:00+00:00,0.0,0.0,0.0,0.0
2024-11-08 06:00:00+00:00,0.0,0.0,0.0,0.0
2024-11-08 07:00:00+00:00,0.0,0.0,0.0,0.0
2024-11-08 08:00:00+00:00,0.0,0.0,0.0,0.0
2024-11-08 09:00:00+00:00,0.0,0.0,0.0,0.0
2024-11-08 10:00:00+00:00,0.0,0.0,0.0,0.0
2024-11-08 11:00:00+00:00,0.0,0.0,0.0,0.0
2024-11-08 12:00:00+00:00,0.0,0.0,0.0,0.0
2024-11-08 13:00:00+00:00,0.0,0.0,0.0,2.8540146984573643e-05
2024-11-08 14:00:00+00:00,0.0,0.0,-3.374416042466132e-05,0.0
2024-11-08 15:00:00+00:00,0.0,0.0,0.0,0.0
2024-11-08 16:00:00+00:00,0.0,0.0,0.0,0.0
2024-11-08 17:00:00+00:00,0.0,0.0,0.0,0.0
2024-11-08 18:00:00+00:00,0.0,0.0,0.0,0.0
2024-11-08 19:00:00+00:00,0.0,0.0,0.0,0.0
2024-11-08 20:00:00+00:00,0.0,0.0,0.0,0.0
2024-11-08 21:00:00+00:00,0.0,0.0,0.0,0.0
2024-11-08 22:00:00+00:00,0.0,0.0,0.0,0.0
2024-11-08 23:00:00+00:00,0.0,0.0,0.0,0.0
2024-11-09 00:00:00+00:00,0.0,0.0,0.0,0.0
2024-11-09 01:00:00+00:00,0.0,0.0,0.0,0.0
2024-11-09 02:00:00+00:00,0.0,0.0,0.0,0.0
2024-11-09 03:00:00+00:00,0.0,0.0,0.0,0.0
2024-11-09 04:00:00+00:00,0.0,0.0,0.0,0.0
2024-11-09 05:00:00+00:00,0.0,0.0,0.0,0.0
2024-11-09 06:00:00+00:00,0.0,0.0,0.0,0.0
2024-11-09 07:00:00+00:00,0.0,0.0,0.0,0.0
2024-11-09 08:00:00+00:00,0.0,0.0,0.0,0.0
2024-11-09 09:00:00+00:00,0.0,0.0,0.0,0.0
2024-11-09 10:00:00+00:00,0.0,0.0,0.0,0.0
2024-11-09 11:00:00+00:00,0.0,0.0,0.0,0.0
2024-11-09 12:00:00+00:00,0.0,0.0,0.0,0.0
2024-11-09 13:00:00+00:00,0.0,0.0,0.0,0.0
2024-11-09 14:00:00+00:00,0.0,0.0,0.0,0.0
2024-11-09 15:00:00+00:00,0.0,0.0,0.0,0.0
2024-11-09 16:00:00+00:00,0.0,0.0,0.0,0.0
2024-11-09 17:00:00+00:00,0.0,0.0,0.0,0.0
2024-11-09 18:00:00+00:00,0.0,0.0,0.0,0.0
2024-11-09 19:00:00+00:00,0.0,0.0,0.0,0.0
2024-11-09 20:00:00+00:00,0.0,0.0,0.0,0.0
2024-11-09 21:00:00+00:00,0.0,0.0,0.0,0.0
2024-11-09 22:00:00+00:00,0.0,0.0,0.0,0.0
2024-11-09 23:00:00+00:00,0.0,0.0,0.0,0.0
2024-11-10 00:00:00+00:00,0.0,0.0,0.0,0.0
2024-11-10 01:00:00+00:00,0.0,0.0,0.0,0.0
2024-11-10 02:00:00+00:00,0.0,0.0,0.0,0.0
2024-11-10 03:00:00+00:00,0.0,0.0,0.0,0.0
2024-11-10 04:00:00+00:00,0.0,0.0,0.0,0.0
2024-11-10 05:00:00+00:00,0.0,0.0,0.0,0.0
2024-11-10 06:00:00+00:00,0.0,0.0,0.0,0.0
2024-11-10 07:00:00+00:00,0.0,0.0,0.0,0.0
2024-11-10 08:00:00+00:00,0.0,0.0,0.0,0.0
2024-11-10 09:00:00+00:00,0.0,0.0,0.0,0.0
2024-11-10 10:00:00+00:00,0.0,0.0,0.0,0.0
2024-11-10 11:00:00+00:00,0.0,0.0,0.0,0.0
2024-11-10 12:00:00+00:00,0.0,0.0,0.0,0.0
2024-11-10 13:00:00+00:00,0.0,0.0,7.39634544906298e-05,7.39634544906298e-05
2024-11-10 14:00:00+00:00,0.0,0.0,0.0,0.0
2024-11-10 15:00:00+00:00,0.0,0.0,0.0,0.0
2024-11-10 16:00:00+00:00,0.0,0.0,-3.3777188830832466e-05,0.0
2024-11-10 17:00:00+00:00,0.0,0.0,0.0,4.7065253193999686e-05
2024-11-10 18:00:00+00:00,0.0,0.0,0.0,0.0
2024-11-10 19:00:00+00:00,0.0,0.0,-5.5753534603028e-05,0.0
2024-11-10 20:00:00+00:00,0.0,0.0,0.0,0.0
2024-11-10 21:00:00+00:00,0.0,0.0,0.0,0.0
2024-11-10 22:00:00+00:00,0.0,0.0,0.0,0.0
2024-11-10 23:00:00+00:00,0.0,0.0,0.0,0.0
2024-11-11 00:00:00+00:00,0.0,0.0,0.0,0.0
2024-11-11 01:00:00+00:00,0.0,0.0,0.0,0.0002188079134293
2024-11-11 02:00:00+00:00,0.0,0.0,0.0,0.0
2024-11-11 03:00:00+00:00,0.0,0.0,0.0,0.0
2024-11-11 04:00:00+00:00,0.0,0.0,0.0,0.0
2024-11-11 05:00:00+00:00,0.0,0.0,0.0,0.0
2024-11-11 06:00:00+00:00,0.0,0.0,0.0,0.0
2024-11-11 07:00:00+00:00,0.0,0.0,0.0,0.0
2024-11-11 08:00:00+00:00,0.0,0.0,0.0,0.0
2024-11-11 09:00:00+00:00,0.0,0.0,0.0,0.0
2024-11-11 10:00:00+00:00,0.0,0.0,0.0,0.0
2024-11-11 11:00:00+00:00,0.0,0.0,0.0,0.0
2024-11-11 12:00:00+00:00,0.0,0.0,-3.451238220468999e-05,0.0
2024-11-11 13:00:00+00:00,0.0,0.0,0.0,0.0
2024-11-11 14:00:00+00:00,0.0,0.0,0.0,0.0
2024-11-11 15:00:00+00:00,0.01388,0.0,0.0,9.424595278675008e-05
2024-11-11 16:00:00+00:00,0.0,0.0,0.0,0.0
2024-11-11 17:00:00+00:00,0.0,0.0,0.0,0.0
2024-11-11 18:00:00+00:00,0.0,0.0,0.0,8.69628028181657e-05
2024-11-11 19:00:00+00:00,0.0,0.0,0.0,0.0
2024-11-11 20:00:00+00:00,0.0,0.0,0.0003314597557873,0.0
2024-11-11 21:00:00+00:00,0.0,0.0,0.0,0.0
2024-11-11 22:00:00+00:00,0.0,0.0,0.0,0.0
2024-11-11 23:00:00+00:00,0.0,0.0,0.0,0.0
2024-11-12 00:00:00+00:00,0.0,0.0,0.0,0.0
2024-11-12 01:00:00+00:00,0.0,0.0,0.0,0.0
2024-11-12 02:00:00+00:00,0.0,0.0,0.0,0.0
2024-11-12 03:00:00+00:00,0.0,0.0,0.0,0.0
2024-11-12 04:00:00+00:00,0.0,0.0,0.0,0.0
2024-11-12 05:00:00+00:00,0.0,0.0,0.0,0.0
2024-11-12 06:00:00+00:00,0.0,0.0,0.0,0.0
2024-11-12 07:00:00+00:00,0.0,0.0,0.0,0.0
2024-11-12 08:00:00+00:00,0.0,0.0,-0.0001015730401072,0.0
2024-11-12 09:00:00+00:00,-0.010749,0.0,0.0,0.0
2024-11-12 10:00:00+00:00,0.0,0.0,0.0,-0.0002297752962573
2024-11-12 11:00:00+00:00,0.0,0.0,0.0,0.0
2024-11-12 12:00:00+00:00,0.0,0.0,0.0,0.0
2024-11-12 13:00:00+00:00,0.0,0.0,0.0,0.0
2024-11-12 14:00:00+00:00,0.0,0.0,0.0,0.0
2024-11-12 15:00:00+00:00,0.0,0.0,0.0,0.0
2024-11-12 16:00:00+00:00,0.0,0.0,0.0,0.0
2024-11-12 17:00:00+00:00,0.0,0.0,0.0,0.0
2024-11-12 18:00:00+00:00,0.0,0.0,0.0,0.0
2024-11-12 19:00:00+00:00,0.0,0.0,0.0,0.0
2024-11-12 20:00:00+00:00,0.0,0.0,0.0,0.0
2024-11-12 21:00:00+00:00,0.0,0.0,0.0,0.0
2024-11-12 22:00:00+00:00,0.0,0.0,0.0,0.0
2024-11-12 23:00:00+00:00,0.0,0.0,0.0,0.0
2024-11-13 00:00:00+00:00,0.0,0.0,0.0,0.0
2024-11-13 01:00:00+00:00,0.0,0.0,0.0,0.0
2024-11-13 02:00:00+00:00,0.0,0.0,0.0,0.0
2024-11-13 03:00:00+00:00,0.0,0.0,0.0,0.0
2024-11-13 04:00:00+00:00,0.0,0.0,0.0,0.0
2024-11-13 05:00:00+00:00,0.0,0.0,0.0,0.0
2024-11-13 06:00:00+00:00,0.0,0.0,0.0,0.0
2024-11-13 07:00:00+00:00,0.0,0.0,0.0,0.0
2024-11-13 08:00:00+00:00,0.0,0.0,0.0,0.0
2024-11-13 09:00:00+00:00,0.0,0.0,0.0,0.0
2024-11-13 10:00:00+00:00,0.0,0.0,0.0,0.0
2024-11-13 11:00:00+00:00,0.0,0.0,0.0,0.0
2024-11-13 12:00:00+00:00,0.0,0.0,0.0,0.0
2024-11-13 13:00:00+00:00,0.014258,0.0,0.0,0.0
2024-11-13 14:00:00+00:00,0.0,0.0,0.0,0.0
2024-11-13 15:00:00+00:00,0.0,0.0,0.0,0.0
2024-11-13 16:00:00+00:00,0.0,0.0,0.0,0.0
2024-11-13 17:00:00+00:00,0.0,0.0,0.0,0.0
2024-11-13 18:00:00+00:00,0.0,0.0,0.0,0.0
2024-11-13 19:00:00+00:00,-0.010686,0.0,0.0,0.0
2024-11-13 20:00:00+00:00,0.0,0.0,0.0,-0.0003027732555896
2024-11-13 21:00:00+00:00,0.0,0.0,0.0,0.0
2024-11-13 22:00:00+00:00,0.0,0.0,0.0,0.0
2024-11-13 23:00:00+00:00,0.0,0.0,0.0,0.0
2024-11-14 00:00:00+00:00,0.0,0.0,0.0,0.0
2024-11-14 01:00:00+00:00,0.0,0.0,0.0,0.0
2024-11-14 02:00:00+00:00,0.0,0.0,0.0,0.0
2024-11-14 03:00:00+00:00,0.0,0.0,0.0,0.0
2024-11-14 04:00:00+00:00,0.0,0.0,0.0,0.0
2024-11-14 05:00:00+00:00,0.0,0.0,0.0,0.0
2024-11-14 06:00:00+00:00,0.0,0.0,0.0,0.0
2024-11-14 07:00:00+00:00,0.0,0.0,0.0,0.0001277812422278
2024-11-14 08:00:00+00:00,0.0,0.0,0.0,0.0
2024-11-14 09:00:00+00:00,0.0,0.0,0.0,0.0
2024-11-14 10:00:00+00:00,0.0,0.0,0.0,0.0
2024-11-14 11:00:00+00:00,0.0,0.0,0.0,0.0
2024-11-14 12:00:00+00:00,0.0,0.0,0.0,0.0
2024-11-14 13:00:00+00:00,0.0,0.0,-4.589254954644905e-05,0.0
2024-11-14 14:00:00+00:00,0.00426,0.0,0.0,-8.692260408548536e-05
2024-11-14 15:00:00+00:00,0.0,0.0,0.0,0.0
2024-11-14 16:00:00+00:00,0.0,0.0,0.0,0.0
2024-11-14 17:00:00+00:00,0.0,0.0,0.0,0.0
2024-11-14 18:00:00+00:00,0.0,0.0,0.0,0.0
2024-11-14 19:00:00+00:00,0.0,0.0,0.0,0.0
2024-11-14 20:00:00+00:00,0.0,0.0,0.0,0.0
2024-11-14 21:00:00+00:00,0.0,0.0,0.0,0.0
2024-11-14 22:00:00+00:00,0.0,0.0,0.0,0.0
2024-11-14 23:00:00+00:00,0.0,0.0,0.0,0.0
2024-11-15 00:00:00+00:00,0.0,0.0,0.0,0.0
2024-11-15 01:00:00+00:00,0.0,0.0,0.0,0.0
2024-11-15 02:00:00+00:00,0.0,0.0,0.0,0.0
2024-11-15 03:00:00+00:00,0.0,0.0,0.0,0.0
2024-11-15 04:00:00+00:00,0.0,0.0,0.0,0.0
2024-11-15 05:00:00+00:00,0.0,0.0,0.0,0.0
2024-11-15 06:00:00+00:00,0.0,0.0,0.0,0.0
2024-11-15 07:00:00+00:00,0.0,0.0,0.0,0.0
2024-11-15 08:00:00+00:00,0.0,0.0,0.0,0.0
2024-11-15 09:00:00+00:00,0.0,0.0,0.0,0.000100120531434
2024-11-15 10:00:00+00:00,0.0,0.0,0.0,0.0
2024-11-15 11:00:00+00:00,0.014147,0.0,0.0,0.0
2024-11-15 12:00:00+00:00,0.0,0.0,9.581254439848033e-05,7.465003551878291e-05
2024-11-15 13:00:00+00:00,0.0,0.0,0.0,0.0
2024-11-15 14:00:00+00:00,0.0,0.0,0.0,0.0
2024-11-15 15:00:00+00:00,0.0,0.0,-0.0001006018742653,0.0
2024-11-15 16:00:00+00:00,0.0,0.0,0.0,0.0
2024-11-15 17:00:00+00:00,0.0,0.0,0.0,0.0
2024-11-15 18:00:00+00:00,0.0,0.0,0.0,0.0
2024-11-15 19:00:00+00:00,0.0,0.0,0.0001161436991848,0.0
2024-11-15 20:00:00+00:00,0.0,0.0,0.0,0.0
2024-11-15 21:00:00+00:00,0.0,0.0,0.0,0.0
2024-11-15 22:00:00+00:00,0.0,0.0,0.0,0.0
2024-11-15 23:00:00+00:00,0.0,0.0,0.0,0.0
2024-11-16 00:00:00+00:00,0.0,0.0,0.0,0.0
2024-11-16 01:00:00+00:00,0.0,0.0,0.0,0.0
2024-11-16 02:00:00+00:00,0.0,0.0,0.0,0.0
2024-11-16 03:00:00+00:00,0.0,0.0,0.0,0.0
2024-11-16 04:00:00+00:00,0.0,0.0,0.0,0.0
2024-11-16 05:00:00+00:00,0.0,0.0,0.0,0.0
2024-11-16 06:00:00+00:00,0.0,0.0,0.0,0.0
2024-11-16 07:00:00+00:00,0.0,0.0,0.0,0.0
2024-11-16 08:00:00+00:00,0.0,0.0,0.0,0.0
2024-11-16 09:00:00+00:00,0.0,0.0,0.0,0.0
2024-11-16 10:00:00+00:00,0.0,0.0,0.0,0.0
2024-11-16 11:00:00+00:00,0.0,0.0,0.0,0.0
2024-11-16 12:00:00+00:00,0.0,0.0,0.0,0.0
2024-11-16 13:00:00+00:00,0.0,0.0,0.0,0.0
2024-11-16 14:00:00+00:00,0.0,0.0,0.0,0.0
2024-11-16 15:00:00+00:00,0.004157,0.0,0.0,0.0
2024-11-16 16:00:00+00:00,0.0,0.0,0.0,0.0
2024-11-16 17:00:00+00:00,0.0,0.0,0.0,0.0
2024-11-16 18:00:00+00:00,0.0,0.0,0.0,0.0
2024-11-16 19:00:00+00:00,0.0,0.0,0.0,0.0
2024-11-16 20:00:00+00:00,0.0,0.0,0.0,0.0
2024-11-16 21:00:00+00:00,0.0,0.0,0.0,0.0
2024-11-16 22:00:00+00:00,0.0,0.0,0.0,0.0
2024-11-16 23:00:00+00:00,0.0,0.0,0.0,0.0
2024-11-17 00:00:00+00:00,0.0,0.0,0.0,0.0
2024-11-17 01:00:00+00:00,0.0,0.0,0.0,0.0
2024-11-17 02:00:00+00:00,0.0,0.0,0.0,0.0
2024-11-17 03:00:00+00:00,0.0,0.0,0.0,0.0
2024-11-17 04:00:00+00:00,0.0,0.0,0.0,0.0
2024-11-17 05:00:00+00:00,0.0,0.0,0.0,0.0
2024-11-17 06:00:00+00:00,0.0,0.0,0.0,0.0
2024-11-17 07:00:00+00:00,0.0,0.0,0.0,0.0
2024-11-17 08:00:00+00:00,0.0,0.0,0.0,0.0
2024-11-17 09:00:00+00:00,0.0,0.0,0.0,5.81175101660636e-05
2024-11-17 10:00:00+00:00,0.0,0.0,-3.635350977772788e-05,0.0
2024-11-17 11:00:00+00:00,0.0,0.0,0.0,0.0
2024-11-17 12:00:00+00:00,0.0,0.0,0.0,0.0
2024-11-17 13:00:00+00:00,-0.011629,0.0,-4.062559480232264e-05,0.0
2024-11-17 14:00:00+00:00,0.0,0.0,0.0,-8.51619438845963e-05
2024-11-17 15:00:00+00:00,0.0,0.0,0.0,0.0
2024-11-17 16:00:00+00:00,0.0,0.0,0.0,0.0
2024-11-17 17:00:00+00:00,0.0,0.0,0.0,0.0
2024-11-17 18:00:00+00:00,0.0,0.0,0.0,0.0
2024-11-17 19:00:00+00:00,0.0,0.0,0.0,0.0
2024-11-17 20:00:00+00:00,0.0,0.0,0.0,0.0
2024-11-17 21:00:00+00:00,0.0,0.0,0.0,0.0
2024-11-17 22:00:00+00:00,0.0,0.0,0.0,0.0
2024-11-17 23:00:00+00:00,0.0,0.0,0.0,0.0
2024-11-18 00:00:00+00:00,0.0,0.0,0.0,0.0
2024-11-18 01:00:00+00:00,0.0,0.0,0.0,0.0
2024-11-18 02:00:00+00:00,0.0,0.0,0.0,0.0
2024-11-18 03:00:00+00:00,0.0,0.0,0.0,0.0
2024-11-18 04:00:00+00:00,0.0,0.0,0.0,0.0
2024-11-18 05:00:00+00:00,0.0,0.0,0.0,0.0
2024-11-18 06:00:00+00:00,0.0,0.0,0.0,0.0
2024-11-18 07:00:00+00:00,0.0,0.0,0.0,0.0
2024-11-18 08:00:00+00:00,0.0,0.0,0.0,0.0
2024-11-18 09:00:00+00:00,0.0,0.0,0.0,0.0
2024-11-18 10:00:00+00:00,0.0,0.0,0.0,0.0
2024-11-18 11:00:00+00:00,-0.011418,0.0,-8.948950401165057e-05,-0.0002007748096279
2024-11-18 12:00:00+00:00,0.0,0.0,0.0,0.0
2024-11-18 13:00:00+00:00,0.0,0.0,0.0,0.0
2024-11-18 14:00:00+00:00,0.0,0.0,0.0,0.000153447994536
2024-11-18 15:00:00+00:00,0.0,0.0,0.0,0.0
2024-11-18 16:00:00+00:00,-0.0110179999999999,0.0,0.0,0.0
2024-11-18 17:00:00+00:00,0.0,0.0,0.0,0.0
2024-11-18 18:00:00+00:00,0.0,0.0,0.0,0.0
2024-11-18 19:00:00+00:00,0.0,0.0,0.0,0.0
2024-11-18 20:00:00+00:00,0.0,0.0,0.0,0.0
2024-11-18 21:00:00+00:00,0.0,0.0,0.0,0.0
2024-11-18 22:00:00+00:00,0.0,0.0,0.0,0.0
2024-11-18 23:00:00+00:00,0.0,0.0,0.0,0.0
2024-11-19 00:00:00+00:00,0.0,0.0,0.0,0.0
2024-11-19 01:00:00+00:00,0.0,0.0,0.0,0.0
2024-11-19 02:00:00+00:00,0.0,0.0,0.0,0.0
2024-11-19 03:00:00+00:00,0.0,0.0,0.0,0.0
2024-11-19 04:00:00+00:00,0.0,0.0,0.0,0.0
2024-11-19 05:00:00+00:00,0.0,0.0,0.0,0.0
2024-11-19 06:00:00+00:00,0.0,0.0,0.0,0.0
2024-11-19 07:00:00+00:00,0.0,0.0,0.0,0.0
2024-11-19 08:00:00+00:00,0.0,0.0,0.0,0.0
2024-11-19 09:00:00+00:00,0.0,0.0,0.0,0.0
2024-11-19 10:00:00+00:00,0.0,0.0,0.0,0.0
2024-11-19 11:00:00+00:00,0.0,0.0,0.0,0.0
2024-11-19 12:00:00+00:00,0.0,0.0,0.0,0.0
2024-11-19 13:00:00+00:00,0.0,0.0,0.0,0.0
2024-11-19 14:00:00+00:00,0.0,0.0,0.0,0.0
2024-11-19 15:00:00+00:00,0.0,0.0,0.0,0.0
2024-11-19 16:00:00+00:00,0.0,0.0,0.0,0.0
2024-11-19 17:00:00+00:00,0.0,0.0,0.0,0.0
2024-11-19 18:00:00+00:00,0.0,0.0,0.0,0.0
2024-11-19 19:00:00+00:00,0.0,0.0,0.0,0.0
2024-11-19 20:00:00+00:00,0.0,0.0,0.0,0.0
2024-11-19 21:00:00+00:00,0.0,0.0,0.0,0.0
2024-11-19 22:00:00+00:00,0.0,0.0,0.0,0.0
2024-11-19 23:00:00+00:00,0.0,0.0,0.0,0.0
2024-11-20 00:00:00+00:00,0.0,0.0,0.0,0.0
2024-11-20 01:00:00+00:00,0.0,0.0,0.0,0.0
2024-11-20 02:00:00+00:00,0.0,0.0,0.0,0.0
2024-11-20 03:00:00+00:00,0.0,0.0,0.0,0.0
2024-11-20 04:00:00+00:00,0.0,0.0,0.0,0.0
2024-11-20 05:00:00+00:00,0.0,0.0,0.0,0.0
2024-11-20 06:00:00+00:00,0.0,0.0,0.0,0.0
2024-11-20 07:00:00+00:00,0.0,0.0,0.0,0.0
2024-11-20 08:00:00+00:00,0.0,0.0,0.0,0.0
2024-11-20 09:00:00+00:00,0.0,0.0,0.0,0.0
2024-11-20 10:00:00+00:00,0.0,0.0,0.0,0.0
2024-11-20 11:00:00+00:00,0.0,0.0,0.0,0.0
2024-11-20 12:00:00+00:00,0.0,0.0,0.0,0.0
2024-11-20 13:00:00+00:00,0.0,0.0,0.0,0.0
2024-11-20 14:00:00+00:00,0.0,0.0,0.0,0.0
2024-11-20 15:00:00+00:00,0.0,0.0,0.0,0.0
2024-11-20 16:00:00+00:00,0.0,0.0,0.0,0.0
2024-11-20 17:00:00+00:00,0.0,0.0,0.0,0.0
2024-11-20 18:00:00+00:00,0.0,0.0,0.0,0.0
2024-11-20 19:00:00+00:00,0.0,0.0,0.0,0.0
2024-11-20 20:00:00+00:00,0.0,0.0,0.0,0.0
2024-11-20 21:00:00+00:00,0.0,0.0,0.0,0.0
2024-11-20 22:00:00+00:00,0.0,0.0,0.0,0.0
2024-11-20 23:00:00+00:00,0.0,0.0,0.0,0.0
2024-11-21 00:00:00+00:00,0.0,0.0,0.0,0.0
2024-11-21 01:00:00+00:00,0.0,0.0,0.0,0.0
2024-11-21 02:00:00+00:00,0.0,0.0,0.0,0.0
2024-11-21 03:00:00+00:00,0.0,0.0,0.0,0.0
2024-11-21 04:00:00+00:00,0.0,0.0,0.0,0.0
2024-11-21 05:00:00+00:00,0.0,0.0,0.0,0.0
2024-11-21 06:00:00+00:00,0.0,0.0,0.0,0.0
2024-11-21 07:00:00+00:00,0.0,0.0,0.0,0.0
2024-11-21 08:00:00+00:00,0.0,0.0,-6.959230642774927e-05,0.0
2024-11-21 09:00:00+00:00,0.0,0.0,0.0,0.0
2024-11-21 10:00:00+00:00,0.0,0.0,0.0,0.0
2024-11-21 11:00:00+00:00,0.0,0.0,0.0,0.0
2024-11-21 12:00:00+00:00,0.003891,0.0,-3.635694995703597e-05,0.0
2024-11-21 13:00:00+00:00,0.0,0.0,0.0,8.90617294098229e-06
2024-11-21 14:00:00+00:00,0.0,-0.011217,0.0,0.0
2024-11-21 15:00:00+00:00,0.0,0.0,-6.97519487780962e-05,0.0
2024-11-21 16:00:00+00:00,0.0,0.0,0.0,0.0
2024-11-21 17:00:00+00:00,0.0,0.0,0.0,0.0
2024-11-21 18:00:00+00:00,0.013867,0.0,0.0,0.0
2024-11-21 19:00:00+00:00,0.0,0.0,0.0,0.0001792117676266
2024-11-21 20:00:00+00:00,0.0,0.0,0.0,0.0
2024-11-21 21:00:00+00:00,0.0,0.0,0.0,0.0
2024-11-21 22:00:00+00:00,0.0,0.0,0.0,0.0
2024-11-21 23:00:00+00:00,0.0,0.0,0.0,0.0
2024-11-22 00:00:00+00:00,0.0,0.0,0.0,0.0
2024-11-22 01:00:00+00:00,0.0,0.0,0.0,0.0
2024-11-22 02:00:00+00:00,0.0,0.0,0.0,0.0
2024-11-22 03:00:00+00:00,0.0,0.0,0.0,0.0
2024-11-22 04:00:00+00:00,0.0,0.0,0.0,0.0
2024-11-22 05:00:00+00:00,0.0,0.0,0.0,0.0
2024-11-22 06:00:00+00:00,0.0,0.0,0.0,0.0
2024-11-22 07:00:00+00:00,0.0,0.0,0.0,0.0
2024-11-22 08:00:00+00:00,0.0,0.0,-3.0500002070706904e-05,0.0
2024-11-22 09:00:00+00:00,0.0,-0.0112959999999999,0.0,-5.9200004969696125e-05
2024-11-22 10:00:00+00:00,-0.011341,0.0,0.0,0.0
2024-11-22 11:00:00+00:00,0.0,0.0,0.0,0.0
2024-11-22 12:00:00+00:00,0.0,0.0,0.0,0.0
2024-11-22 13:00:00+00:00,0.0,-0.011422,0.0,-9.704244891139304e-05
2024-11-22 14:00:00+00:00,0.0,0.0,0.0,0.0
2024-11-22 15:00:00+00:00,0.0,0.0,0.0,0.0
2024-11-22 16:00:00+00:00,0.0,0.0,0.0,0.0
2024-11-22 17:00:00+00:00,0.013625,0.0,0.0,0.0
2024-11-22 18:00:00+00:00,0.0,0.0,0.0,0.0
2024-11-22 19:00:00+00:00,0.0,0.0,0.0,0.0
2024-11-22 20:00:00+00:00,0.0,0.0,0.0,0.0
2024-11-22 21:00:00+00:00,0.0,0.0,0.0,0.0
2024-11-22 22:00:00+00:00,0.0,0.0,0.0,0.0
2024-11-22 23:00:00+00:00,0.0,0.0,0.0,0.0
2024-11-23 00:00:00+00:00,0.0,0.0,0.0,0.0
2024-11-23 01:00:00+00:00,0.0,0.0,0.0,0.0
2024-11-23 02:00:00+00:00,0.0,0.0,0.0,0.0
2024-11-23 03:00:00+00:00,0.0,0.0,0.0,0.0
2024-11-23 04:00:00+00:00,0.0,0.0,0.0,0.0
2024-11-23 05:00:00+00:00,0.0,0.0,0.0,0.0
2024-11-23 06:00:00+00:00,0.0,0.0,0.0,0.0
2024-11-23 07:00:00+00:00,0.0,0.0,0.0,0.0
2024-11-23 08:00:00+00:00,0.0,0.0,0.0,0.0
2024-11-23 09:00:00+00:00,0.0,0.0,0.0,0.0
2024-11-23 10:00:00+00:00,0.0,0.0,0.0,0.0
2024-11-23 11:00:00+00:00,0.0,0.0,0.0,0.0
2024-11-23 12:00:00+00:00,0.0,0.0,0.0,0.0
2024-11-23 13:00:00+00:00,0.0,0.0,0.0,0.0
2024-11-23 14:00:00+00:00,0.0,0.0,0.0,0.0
2024-11-23 15:00:00+00:00,0.0,0.0,0.0,0.0
2024-11-23 16:00:00+00:00,0.0,0.0,0.0,0.0
2024-11-23 17:00:00+00:00,0.0,0.0,0.0,0.0
2024-11-23 18:00:00+00:00,0.0,0.0,0.0,0.0
2024-11-23 19:00:00+00:00,0.0,0.0,0.0,0.0
2024-11-23 20:00:00+00:00,0.0,0.0,0.0,0.0
2024-11-23 21:00:00+00:00,0.0,0.0,0.0,0.0
2024-11-23 22:00:00+00:00,0.0,0.0,0.0,0.0
2024-11-23 23:00:00+00:00,0.0,0.0,0.0,0.0
2024-11-24 00:00:00+00:00,0.0,0.0,0.0,0.0
2024-11-24 01:00:00+00:00,0.0,0.0,0.0,0.0
2024-11-24 02:00:00+00:00,0.0,0.0,0.0,0.0
2024-11-24 03:00:00+00:00,0.0,0.0,0.0,0.0
2024-11-24 04:00:00+00:00,0.0,0.0,0.0,0.0
2024-11-24 05:00:00+00:00,0.0,0.0,0.0,0.0
2024-11-24 06:00:00+00:00,0.0,0.0,-2.806299410040846e-05,0.0
2024-11-24 07:00:00+00:00,0.0,0.0,0.0,0.0
2024-11-24 08:00:00+00:00,-0.012335,0.0,0.0,-4.199478213429585e-05
2024-11-24 09:00:00+00:00,0.0,0.0,0.0,0.0
2024-11-24 10:00:00+00:00,0.0,-0.012163,-3.691914518279326e-05,0.0
2024-11-24 11:00:00+00:00,0.0,0.0,0.0,0.0
2024-11-24 12:00:00+00:00,0.0,0.0,0.0,-7.612917014995001e-05
2024-11-24 13:00:00+00:00,0.0,0.0,0.0,0.0
2024-11-24 14:00:00+00:00,0.0,0.0,0.0,0.0
2024-11-24 15:00:00+00:00,0.0,0.0,0.0,0.0
2024-11-24 16:00:00+00:00,0.0,0.0,0.0,0.0
2024-11-24 17:00:00+00:00,0.0,0.0,0.0,0.0
2024-11-24 18:00:00+00:00,0.0,0.0,0.0,0.0
2024-11-24 19:00:00+00:00,0.0,0.0,0.0,0.0
2024-11-24 20:00:00+00:00,0.0,0.0,0.0,0.0
2024-11-24 21:00:00+00:00,0.0,0.0,0.0,0.0
2024-11-24 22:00:00+00:00,0.0,0.0,0.0,0.0
2024-11-24 23:00:00+00:00,0.0,0.0,0.0,0.0
2024-11-25 00:00:00+00:00,0.0,0.0,0.0,0.0
2024-11-25 01:00:00+00:00,0.0,0.0,0.0,0.0
2024-11-25 02:00:00+00:00,0.0,0.0,0.0,0.0
2024-11-25 03:00:00+00:00,0.0,0.0,0.0,0.0
2024-11-25 04:00:00+00:00,0.0,0.0,0.0,0.0
2024-11-25 05:00:00+00:00,0.0,0.0,0.0,0.0
2024-11-25 06:00:00+00:00,0.0,0.0,0.0,0.0
2024-11-25 07:00:00+00:00,0.0,0.0,-3.3604572835429494e-05,0.0
2024-11-25 08:00:00+00:00,0.0,0.0,0.0,0.0
2024-11-25 09:00:00+00:00,0.0,0.0,0.0,3.159625851040794e-05
2024-11-25 10:00:00+00:00,0.0,0.0,0.0,0.0
2024-11-25 11:00:00+00:00,0.003359,0.003371,-3.428464226875371e-05,0.0
2024-11-25 12:00:00+00:00,0.0,0.0,0.0,0.0
2024-11-25 13:00:00+00:00,0.0,0.0,0.0,-7.389247412797228e-05
2024-11-25 14:00:00+00:00,0.0,0.0,0.0,0.0
2024-11-25 15:00:00+00:00,0.0,0.0,0.0,0.0
2024-11-25 16:00:00+00:00,0.0,0.0,0.0,0.0
2024-11-25 17:00:00+00:00,-0.0112129999999999,0.0,0.0,0.0
2024-11-25 18:00:00+00:00,0.0,0.0,0.0,0.0
2024-11-25 19:00:00+00:00,0.0,0.0,0.0,0.0
2024-11-25 20:00:00+00:00,0.0,0.0,0.0,0.0
2024-11-25 21:00:00+00:00,0.0,0.0,0.0,-0.0002554923179614
2024-11-25 22:00:00+00:00,0.0,0.0,0.0,0.0
2024-11-25 23:00:00+00:00,0.0,0.0,0.0,0.0
2024-11-26 00:00:00+00:00,0.0,0.0,0.0,0.0
2024-11-26 01:00:00+00:00,0.0,0.0,0.0,0.0
2024-11-26 02:00:00+00:00,0.0,0.0,0.0,0.0
2024-11-26 03:00:00+00:00,0.0,0.0,0.0,0.0
2024-11-26 04:00:00+00:00,0.0,0.0,0.0,0.0
2024-11-26 05:00:00+00:00,0.0,0.0,0.0,0.0
2024-11-26 06:00:00+00:00,0.0,0.0,0.0,0.0
2024-11-26 07:00:00+00:00,0.0,0.0,0.0,0.0
2024-11-26 08:00:00+00:00,0.0,0.0,0.0,0.0
2024-11-26 09:00:00+00:00,0.0,0.0,0.0,0.0
2024-11-26 10:00:00+00:00,0.0,0.0,0.0,0.0
2024-11-26 11:00:00+00:00,0.0,0.0,0.0,0.0
2024-11-26 12:00:00+00:00,0.0,0.0,0.0,0.0
2024-11-26 13:00:00+00:00,0.0,0.0,0.0,0.0
2024-11-26 14:00:00+00:00,0.0,0.0,0.0,0.0
2024-11-26 15:00:00+00:00,0.0,0.0,0.0,0.0
2024-11-26 16:00:00+00:00,0.0,0.0,0.0,0.0
2024-11-26 17:00:00+00:00,0.0,0.0,0.0,0.0
2024-11-26 18:00:00+00:00,0.0,0.0,0.0,0.0
2024-11-26 19:00:00+00:00,0.0,0.0,0.0,0.0
2024-11-26 20:00:00+00:00,0.0,0.0,0.0,0.0
2024-11-26 21:00:00+00:00,0.0,0.0,0.0,0.0
2024-11-26 22:00:00+00:00,0.0,0.0,0.0,0.0
2024-11-26 23:00:00+00:00,0.0,0.0,0.0,0.0
2024-11-27 00:00:00+00:00,0.0,0.0,0.0,0.0
2024-11-27 01:00:00+00:00,0.0,0.0,0.0,0.0
2024-11-27 02:00:00+00:00,0.0,0.0,0.0,0.0
2024-11-27 03:00:00+00:00,0.0,0.0,0.0,0.0
2024-11-27 04:00:00+00:00,0.0,0.0,0.0,0.0
2024-11-27 05:00:00+00:00,0.0,0.0,0.0,0.0
2024-11-27 06:00:00+00:00,0.0,0.0,0.0,0.0
2024-11-27 07:00:00+00:00,0.0,0.0,0.0,0.0
2024-11-27 08:00:00+00:00,0.0,0.0,0.0,0.0
2024-11-27 09:00:00+00:00,0.0,0.0,0.0,0.0
2024-11-27 10:00:00+00:00,0.0,0.0,0.0,0.0
2024-11-27 11:00:00+00:00,0.0,0.0,0.0,0.0
2024-11-27 12:00:00+00:00,-0.011201,0.0,0.0,0.0
2024-11-27 13:00:00+00:00,0.0,0.0,0.0,0.0
2024-11-27 14:00:00+00:00,0.0,0.0,0.0,0.0
2024-11-27 15:00:00+00:00,0.0,0.013785,0.0,0.0
2024-11-27 16:00:00+00:00,0.0,0.0,0.0,0.0
2024-11-27 17:00:00+00:00,0.0,0.0,0.0,0.0
2024-11-27 18:00:00+00:00,0.0,0.0,0.0,0.0
2024-11-27 19:00:00+00:00,0.0,0.0,0.0,0.0
2024-11-27 20:00:00+00:00,0.0,0.0,0.0,0.0
2024-11-27 21:00:00+00:00,0.0,0.0,0.0,0.0
2024-11-27 22:00:00+00:00,0.0,0.0,0.0,0.0
2024-11-27 23:00:00+00:00,0.0,0.0,0.0,0.0
2024-11-28 00:00:00+00:00,0.0,0.0,0.0,0.0
2024-11-28 01:00:00+00:00,0.0,0.0,0.0,0.0
2024-11-28 02:00:00+00:00,0.0,0.0,0.0,0.0
2024-11-28 03:00:00+00:00,0.0,0.0,0.0,0.0
2024-11-28 04:00:00+00:00,0.0,0.0,0.0,0.0
2024-11-28 05:00:00+00:00,0.0,0.0,0.0,0.0
2024-11-28 06:00:00+00:00,0.0,0.0,0.0,0.0
2024-11-28 07:00:00+00:00,0.0,0.0,0.0,0.0
2024-11-28 08:00:00+00:00,0.0,0.0,0.0,0.0
2024-11-28 09:00:00+00:00,0.0,0.0,0.0,0.0
2024-11-28 10:00:00+00:00,0.0,0.0,0.0,-7.60555579475819e-05
2024-11-28 11:00:00+00:00,0.0,0.0,0.0,0.0
2024-11-28 12:00:00+00:00,0.0,0.0,0.0,0.0
2024-11-28 13:00:00+00:00,0.0,0.0,0.0,0.0
2024-11-28 14:00:00+00:00,0.0,0.0,0.0,5.091239779309588e-05
2024-11-28 15:00:00+00:00,0.0036249999999999,0.0,-4.931773955517248e-05,0.0
2024-11-28 16:00:00+00:00,0.0,0.0,0.0,0.0
2024-11-28 17:00:00+00:00,0.0,0.0,0.0,0.0
2024-11-28 18:00:00+00:00,0.0,0.0,0.0,0.0
2024-11-28 19:00:00+00:00,0.0,0.0,0.0,0.0
2024-11-28 20:00:00+00:00,0.0,0.0,0.0,0.0
2024-11-28 21:00:00+00:00,0.0,0.0,0.0,0.0
2024-11-28 22:00:00+00:00,0.0,0.0,5.858204296751325e-05,0.0
2024-11-28 23:00:00+00:00,0.0,0.0,0.0,0.0
2024-11-29 00:00:00+00:00,0.0,0.0,0.0,0.0
2024-11-29 01:00:00+00:00,0.0,0.0,0.0,0.0
2024-11-29 02:00:00+00:00,0.0,0.0,0.0,0.0
2024-11-29 03:00:00+00:00,0.0,0.0,0.0,0.0
2024-11-29 04:00:00+00:00,0.0,0.0,0.0,0.0
2024-11-29 05:00:00+00:00,0.0,0.0,0.0,0.0
2024-11-29 06:00:00+00:00,0.0,0.0,0.0,0.0
2024-11-29 07:00:00+00:00,-0.0116619999999999,-0.011709,-3.0116717103193515e-05,-5.828012104766244e-05
2024-11-29 08:00:00+00:00,0.0,0.0,0.0,0.0
2024-11-29 09:00:00+00:00,0.0,0.0,0.0,0.0
2024-11-29 10:00:00+00:00,0.0,0.0,0.0,0.0
2024-11-29 11:00:00+00:00,0.0,0.0,0.0,6.620538923665877e-05
2024-11-29 12:00:00+00:00,0.0,0.0,0.0,0.0
2024-11-29 13:00:00+00:00,0.003271,0.003301,-5.16612204026201e-05,0.0
2024-11-29 14:00:00+00:00,0.0,0.0,0.0,5.063604467074546e-05
2024-11-29 15:00:00+00:00,0.0,0.0,0.0,0.0
2024-11-29 16:00:00+00:00,0.0,0.0,0.0,0.0
2024-11-29 17:00:00+00:00,-0.011516,-0.0114799999999999,-5.767063115113768e-05,0.0
2024-11-29 18:00:00+00:00,0.0,0.0,0.0,-0.0001008161271033
2024-11-29 19:00:00+00:00,0.0,0.0,0.0,0.0
2024-11-29 20:00:00+00:00,0.0,0.0,0.0,0.0
2024-11-29 21:00:00+00:00,0.0,0.0,0.0,0.0
2024-11-29 22:00:00+00:00,0.0,0.0,0.0,0.0
2024-11-29 23:00:00+00:00,0.0,0.0,0.0,0.0
2024-11-30 00:00:00+00:00,0.0,0.0,0.0,0.0
2024-11-30 01:00:00+00:00,0.0,0.0,0.0,0.0
2024-11-30 02:00:00+00:00,0.0,0.0,0.0,0.0
2024-11-30 03:00:00+00:00,0.0,0.0,0.0,0.0
2024-11-30 04:00:00+00:00,0.0,0.0,0.0,0.0
2024-11-30 05:00:00+00:00,0.0,0.0,0.0,0.0
2024-11-30 06:00:00+00:00,0.0,0.0,0.0,0.0
2024-11-30 07:00:00+00:00,0.0,0.0,0.0,0.0
2024-11-30 08:00:00+00:00,0.0,0.0,0.0,0.0
2024-11-30 09:00:00+00:00,0.0,0.0,0.0,0.0
2024-11-30 10:00:00+00:00,0.0,0.0,0.0,0.0
2024-11-30 11:00:00+00:00,0.0,0.0,0.0,0.0
2024-11-30 12:00:00+00:00,0.0,0.0,0.0,0.0
2024-11-30 13:00:00+00:00,0.0,0.0,0.0,0.0
2024-11-30 14:00:00+00:00,0.0,0.0,0.0,0.0
2024-11-30 15:00:00+00:00,0.0,0.0,0.0,0.0
2024-11-30 16:00:00+00:00,0.0,0.0,0.0,0.0
2024-11-30 17:00:00+00:00,0.0,0.0,0.0,0.0
2024-11-30 18:00:00+00:00,0.0,0.0,0.0,0.0
2024-11-30 19:00:00+00:00,0.0,0.0,0.0,0.0
2024-11-30 20:00:00+00:00,0.0,0.0,0.0,0.0
2024-11-30 21:00:00+00:00,0.0,0.0,0.0,0.0
2024-11-30 22:00:00+00:00,0.0,0.0,0.0,0.0
2024-11-30 23:00:00+00:00,0.0,0.0,0.0,0.0
2024-12-01 00:00:00+00:00,0.0,0.0,0.0,0.0
2024-12-01 01:00:00+00:00,0.0,0.0,0.0,0.0
2024-12-01 02:00:00+00:00,0.0,0.0,0.0,0.0
2024-12-01 03:00:00+00:00,0.0,0.0,0.0,0.0
2024-12-01 04:00:00+00:00,0.0,0.0,0.0,0.0
2024-12-01 05:00:00+00:00,0.0,0.0,0.0,0.0
2024-12-01 06:00:00+00:00,0.0,0.0,0.0,0.0
2024-12-01 07:00:00+00:00,0.0,0.0,0.0,0.0
2024-12-01 08:00:00+00:00,0.0,0.0,0.0,0.0
2024-12-01 09:00:00+00:00,0.0,0.0,0.0,0.0
2024-12-01 10:00:00+00:00,-0.01238,0.0,0.0,0.0
2024-12-01 11:00:00+00:00,0.0,0.0,0.0,0.0
2024-12-01 12:00:00+00:00,0.0,0.0,0.0,0.0
2024-12-01 13:00:00+00:00,0.0,-0.012384,0.0,0.0
2024-12-01 14:00:00+00:00,0.0,0.0,0.0,0.0
2024-12-01 15:00:00+00:00,0.0,0.0,0.0,0.0
2024-12-01 16:00:00+00:00,0.0,0.0,0.0,0.0
2024-12-01 17:00:00+00:00,0.0,0.0,0.0,0.0
2024-12-01 18:00:00+00:00,0.0,0.0,2.1679960302437582e-05,2.1679960302437582e-05
2024-12-01 19:00:00+00:00,0.0,0.0,0.0,0.0
2024-12-01 20:00:00+00:00,-0.0123439999999999,0.0,0.0,0.0
2024-12-01 21:00:00+00:00,0.0,0.0,0.0,3.943234288695697e-05
2024-12-01 22:00:00+00:00,0.0,0.0,0.0,0.0
2024-12-01 23:00:00+00:00,0.0,0.002688,0.0,0.0
2024-12-02 00:00:00+00:00,0.0,0.0,0.0,0.0
2024-12-02 01:00:00+00:00,0.0,0.0,0.0,0.0
2024-12-02 02:00:00+00:00,0.0,0.0,0.0,0.0
2024-12-02 03:00:00+00:00,-0.01207,0.0,0.0,0.0
2024-12-02 04:00:00+00:00,0.0,0.0,0.0,0.0
2024-12-02 05:00:00+00:00,0.0,0.0,0.0,0.0
2024-12-02 06:00:00+00:00,0.0,0.0,0.0,0.0
2024-12-02 07:00:00+00:00,0.0,0.0,0.0,0.0
2024-12-02 08:00:00+00:00,0.0,0.0,0.0,0.0
2024-12-02 09:00:00+00:00,0.0,0.0,0.0,0.0
2024-12-02 10:00:00+00:00,0.0,0.0,0.0,0.0
2024-12-02 11:00:00+00:00,0.0,0.0,0.0,0.0
2024-12-02 12:00:00+00:00,0.0,0.0,0.0,0.0
2024-12-02 13:00:00+00:00,0.0,0.0,0.0,0.0
2024-12-02 14:00:00+00:00,0.0,0.0,0.0,0.0
2024-12-02 15:00:00+00:00,0.0,0.0,0.0,0.0
2024-12-02 16:00:00+00:00,0.0,0.0,0.0,0.0
2024-12-02 17:00:00+00:00,0.0,0.0,0.0,0.0
2024-12-02 18:00:00+00:00,0.0,0.0,0.0,0.0
2024-12-02 19:00:00+00:00,0.0,0.0,0.0,0.0
2024-12-02 20:00:00+00:00,0.0,0.0,0.0,0.0
2024-12-02 21:00:00+00:00,0.0,0.0,0.0,0.0
2024-12-02 22:00:00+00:00,0.0,0.0,0.0,0.0
2024-12-02 23:00:00+00:00,0.0,0.0,0.0,0.0
2024-12-03 00:00:00+00:00,0.0,0.0,0.0,0.0
2024-12-03 01:00:00+00:00,0.0,0.0,0.0,0.0
2024-12-03 02:00:00+00:00,0.0,0.0,0.0,0.0
2024-12-03 03:00:00+00:00,0.0,0.0,0.0,0.0
2024-12-03 04:00:00+00:00,0.0,0.0,0.0,0.0
2024-12-03 05:00:00+00:00,0.0,0.0,0.0,0.0
2024-12-03 06:00:00+00:00,0.0,0.0,0.0,0.0
2024-12-03 07:00:00+00:00,0.0,0.0,0.0,0.0
2024-12-03 08:00:00+00:00,0.0,0.0,0.0,0.0
2024-12-03 09:00:00+00:00,0.0,0.0,-4.7417305590103925e-05,0.0
2024-12-03 10:00:00+00:00,0.0,-0.011468,0.0,0.0
2024-12-03 11:00:00+00:00,0.0,0.0,0.0,0.0
2024-12-03 12:00:00+00:00,0.0,0.0,0.0,0.0
2024-12-03 13:00:00+00:00,0.0,0.0,0.0,0.0
2024-12-03 14:00:00+00:00,0.0,0.0,0.0,0.0
2024-12-03 15:00:00+00:00,0.0,0.0,0.0,0.0
2024-12-03 16:00:00+00:00,-0.011255,0.0,0.0,0.0
2024-12-03 17:00:00+00:00,0.0,0.0,0.0,0.0
2024-12-03 18:00:00+00:00,0.0,0.0,0.0,0.0
2024-12-03 19:00:00+00:00,0.0,0.0,0.0,0.0
2024-12-03 20:00:00+00:00,0.0,0.0,0.0,0.0
2024-12-03 21:00:00+00:00,0.0,0.0,0.0,0.0
2024-12-03 22:00:00+00:00,0.0,0.0,0.0,0.0
2024-12-03 23:00:00+00:00,0.0,0.0,0.0,0.0
2024-12-04 00:00:00+00:00,0.0,0.0,0.0,0.0
2024-12-04 01:00:00+00:00,0.0,0.0,0.0,0.0
2024-12-04 02:00:00+00:00,0.0,0.0,0.0,0.0
2024-12-04 03:00:00+00:00,0.0,0.0,0.0,0.0
2024-12-04 04:00:00+00:00,0.0,0.0,0.0,0.0
2024-12-04 05:00:00+00:00,0.0,0.0,0.0,0.0
2024-12-04 06:00:00+00:00,0.0,0.0,0.0,0.0
2024-12-04 07:00:00+00:00,0.0,0.0,0.0,0.0
2024-12-04 08:00:00+00:00,0.0,0.0,0.0,0.0
2024-12-04 09:00:00+00:00,0.0,0.0,0.0,0.0
2024-12-04 10:00:00+00:00,0.0,0.0,0.0,-4.575491515949159e-05
2024-12-04 11:00:00+00:00,-0.011682,0.0,0.0,0.0
2024-12-04 12:00:00+00:00,0.0,-0.011535,0.0,0.0
2024-12-04 13:00:00+00:00,0.0,0.0,0.0,0.0
2024-12-04 14:00:00+00:00,0.0,0.0,0.0,0.0
2024-12-04 15:00:00+00:00,0.0,0.0,0.0,0.0
2024-12-04 16:00:00+00:00,0.0,0.0,0.0,0.0
2024-12-04 17:00:00+00:00,0.0,0.0,0.0,0.0
2024-12-04 18:00:00+00:00,0.0,0.0,0.0,0.0
2024-12-04 19:00:00+00:00,0.0,0.0,0.0,0.0
2024-12-04 20:00:00+00:00,0.0,0.0,0.0,0.0
2024-12-04 21:00:00+00:00,0.0,0.0,0.0,0.0
2024-12-04 22:00:00+00:00,0.0,0.0,0.0,0.0
2024-12-04 23:00:00+00:00,0.0,0.0,0.0,0.0
2024-12-05 00:00:00+00:00,0.0,0.0,0.0,0.0
2024-12-05 01:00:00+00:00,0.0,0.0,0.0,0.0
2024-12-05 02:00:00+00:00,0.0,0.0,0.0,0.0
2024-12-05 03:00:00+00:00,0.0,0.0,0.0,0.0
2024-12-05 04:00:00+00:00,0.0,0.0,0.0,0.0
2024-12-05 05:00:00+00:00,0.0,0.0,0.0,0.0
2024-12-05 06:00:00+00:00,0.0,0.0,0.0,0.0
2024-12-05 07:00:00+00:00,0.0,0.0,0.0,0.0
2024-12-05 08:00:00+00:00,0.0,0.0,0.0,0.0
2024-12-05 09:00:00+00:00,0.0,0.0,0.0,0.0
2024-12-05 10:00:00+00:00,0.0,0.0,0.0,0.0
2024-12-05 11:00:00+00:00,0.0,0.0,0.0,0.0
2024-12-05 12:00:00+00:00,0.0,0.0,0.0,0.0
2024-12-05 13:00:00+00:00,0.0,0.0,0.0,0.0
2024-12-05 14:00:00+00:00,0.0,0.0,0.0,0.0
2024-12-05 15:00:00+00:00,0.004148,-0.010842,-0.0001023440937203,-8.752403565451039e-05
2024-12-05 16:00:00+00:00,0.0,0.0,0.0,0.0
2024-12-05 17:00:00+00:00,0.0,0.0,0.0,0.0
2024-12-05 18:00:00+00:00,0.0,0.0,0.0,0.0
2024-12-05 19:00:00+00:00,0.0,0.0,0.0,0.0
2024-12-05 20:00:00+00:00,0.0,0.0,0.0,0.0
2024-12-05 21:00:00+00:00,0.0,0.0,0.0,0.0
2024-12-05 22:00:00+00:00,0.0,0.0,0.0,0.0
2024-12-05 23:00:00+00:00,0.0,0.0,0.0,0.0
2024-12-06 00:00:00+00:00,0.0,0.0,0.0,0.0
2024-12-06 01:00:00+00:00,0.0,0.0,0.0,0.0
2024-12-06 02:00:00+00:00,0.0,0.0,0.0,0.0
2024-12-06 03:00:00+00:00,0.0,0.0,0.0,0.0
2024-12-06 04:00:00+00:00,0.0,0.0,0.0,0.0
2024-12-06 05:00:00+00:00,0.0,0.0,0.0,0.0
2024-12-06 06:00:00+00:00,0.0,0.0,0.0,0.0
2024-12-06 07:00:00+00:00,0.0,0.0,0.0,0.0
2024-12-06 08:00:00+00:00,0.0,0.0,0.0,5.372066220255324e-05
2024-12-06 09:00:00+00:00,0.0,0.0,0.0,0.0
2024-12-06 10:00:00+00:00,0.0,0.0,0.0,0.0
2024-12-06 11:00:00+00:00,0.0,0.0,0.0,0.0
2024-12-06 12:00:00+00:00,0.0,0.0,-3.5878554439183744e-05,0.0
2024-12-06 13:00:00+00:00,0.0,0.0,0.0,5.886823083832594e-05
2024-12-06 14:00:00+00:00,0.0,0.0,0.0,0.0
2024-12-06 15:00:00+00:00,0.0,0.0,0.0,0.0
2024-12-06 16:00:00+00:00,0.0,0.0,-5.606736945598322e-05,0.0
2024-12-06 17:00:00+00:00,0.0,0.014144,0.0,0.0001005616866943
2024-12-06 18:00:00+00:00,0.0,0.0,0.0,0.0
2024-12-06 19:00:00+00:00,0.0,0.0,0.0,0.0
2024-12-06 20:00:00+00:00,0.0,0.0,0.0,0.0
2024-12-06 21:00:00+00:00,0.0,0.0,-6.811977532446223e-05,0.0
2024-12-06 22:00:00+00:00,0.0,0.0,0.0,0.0
2024-12-06 23:00:00+00:00,0.0,0.0,0.0,0.0
2024-12-07 00:00:00+00:00,0.0,0.0,0.0,0.0
2024-12-07 01:00:00+00:00,0.0,0.0,0.0,0.0
2024-12-07 02:00:00+00:00,0.0,0.0,0.0,0.0
2024-12-07 03:00:00+00:00,0.0,0.0,0.0,0.0
2024-12-07 04:00:00+00:00,0.0,0.0,0.0,0.0
2024-12-07 05:00:00+00:00,0.0,0.0,0.0,0.0
2024-12-07 06:00:00+00:00,0.0,0.0,0.0,0.0
2024-12-07 07:00:00+00:00,0.0,0.0,0.0,0.0
2024-12-07 08:00:00+00:00,0.0,0.0,0.0,0.0
2024-12-07 09:00:00+00:00,0.0,0.0,0.0,0.0
2024-12-07 10:00:00+00:00,0.0,0.0,0.0,0.0
2024-12-07 11:00:00+00:00,0.0,0.0,0.0,0.0
2024-12-07 12:00:00+00:00,0.0,0.0,0.0,0.0
2024-12-07 13:00:00+00:00,0.0,0.0,0.0,0.0
2024-12-07 14:00:00+00:00,0.0,0.0,0.0,0.0
2024-12-07 15:00:00+00:00,0.0,0.0,0.0,0.0
2024-12-07 16:00:00+00:00,0.0,0.0,0.0,0.0
2024-12-07 17:00:00+00:00,0.0,0.0,0.0,0.0
2024-12-07 18:00:00+00:00,0.0,0.0,0.0,0.0
2024-12-07 19:00:00+00:00,0.0,0.0,0.0,0.0
2024-12-07 20:00:00+00:00,0.0,0.0,0.0,0.0
2024-12-07 21:00:00+00:00,0.0,0.0,0.0,0.0
2024-12-07 22:00:00+00:00,0.0,0.0,0.0,0.0
2024-12-07 23:00:00+00:00,0.0,0.0,0.0,0.0
2024-12-08 00:00:00+00:00,0.0,0.0,0.0,0.0
2024-12-08 01:00:00+00:00,0.0,0.0,0.0,0.0
2024-12-08 02:00:00+00:00,0.0,0.0,0.0,0.0
2024-12-08 03:00:00+00:00,0.0,0.0,0.0,0.0
2024-12-08 04:00:00+00:00,0.0,0.0,0.0,0.0
2024-12-08 05:00:00+00:00,0.0,0.0,-2.680800986326503e-05,-5.178723692102593e-05
2024-12-08 06:00:00+00:00,0.0,0.0,0.0,0.0
2024-12-08 07:00:00+00:00,0.0,0.0,0.0,0.0
2024-12-08 08:00:00+00:00,0.0,-0.011772,0.0,-3.777905135996406e-05
2024-12-08 09:00:00+00:00,0.0,0.0,0.0,0.0
2024-12-08 10:00:00+00:00,0.0,0.0,0.0,0.0
2024-12-08 11:00:00+00:00,0.0,0.0,0.0,0.0
2024-12-08 12:00:00+00:00,0.0,0.0,9.969639223112004e-05,5.444624955239009e-05
2024-12-08 13:00:00+00:00,0.0,0.0,0.0,0.0
2024-12-08 14:00:00+00:00,0.0,0.0,0.0,0.0
2024-12-08 15:00:00+00:00,0.0,0.0,0.0,0.0
2024-12-08 16:00:00+00:00,0.0,0.0,0.0,0.0
2024-12-08 17:00:00+00:00,0.0,0.0,0.0,0.0
2024-12-08 18:00:00+00:00,0.0,0.0,-4.040024917925321e-05,0.0
2024-12-08 19:00:00+00:00,0.0,0.0,0.0,0.0
2024-12-08 20:00:00+00:00,0.0,0.0,0.0,0.0
2024-12-08 21:00:00+00:00,0.0,0.0,0.0,0.0
2024-12-08 22:00:00+00:00,0.0,0.0,0.0,3.946316799919082e-05
2024-12-08 23:00:00+00:00,0.0,0.0,0.0,0.0
2024-12-09 00:00:00+00:00,0.0,0.0,0.0,0.0
2024-12-09 01:00:00+00:00,0.0,0.0,0.0,0.0
2024-12-09 02:00:00+00:00,0.0,0.0,0.0,0.0
2024-12-09 03:00:00+00:00,0.0,0.0,0.0,0.0
2024-12-09 04:00:00+00:00,0.0,0.0,0.0,0.0
2024-12-09 05:00:00+00:00,0.0,0.0,0.0,0.0
2024-12-09 06:00:00+00:00,0.0,0.0,0.0,0.0
2024-12-09 07:00:00+00:00,0.0,0.0,0.0,0.0
2024-12-09 08:00:00+00:00,0.0,0.0,0.0,0.0
2024-12-09 09:00:00+00:00,0.0,0.0,0.0,0.0
2024-12-09 10:00:00+00:00,0.0,0.0,0.0,0.0
2024-12-09 11:00:00+00:00,0.0,0.0,0.0,0.0
2024-12-09 12:00:00+00:00,0.0,0.0,0.0,0.0
2024-12-09 13:00:00+00:00,0.0,0.0,0.0,0.0
2024-12-09 14:00:00+00:00,0.0,0.0,0.0,0.0
2024-12-09 15:00:00+00:00,0.0,0.0,0.0,0.0
2024-12-09 16:00:00+00:00,0.0,0.0,0.0,0.0
2024-12-09 17:00:00+00:00,0.0,0.0,0.0,0.0
2024-12-09 18:00:00+00:00,0.0,0.0,0.0,0.0
2024-12-09 19:00:00+00:00,0.0,0.0,0.0,0.0
2024-12-09 20:00:00+00:00,0.0,0.0,-0.0001589193554983,0.0
2024-12-09 21:00:00+00:00,0.0,0.0,0.0,-0.0003674064531959
2024-12-09 22:00:00+00:00,0.0,0.0,0.0,0.0
2024-12-09 23:00:00+00:00,0.0,0.0,0.0,0.0
2024-12-10 00:00:00+00:00,0.0,0.0,0.0,0.0
2024-12-10 01:00:00+00:00,0.0,0.0,0.0,0.0
2024-12-10 02:00:00+00:00,0.0,0.0,0.0,0.0
2024-12-10 03:00:00+00:00,0.0,0.0,0.0,0.0
2024-12-10 04:00:00+00:00,0.0,0.0,0.0,0.0
2024-12-10 05:00:00+00:00,0.0,0.0,0.0,0.0
2024-12-10 06:00:00+00:00,0.0,0.0,0.0,0.0
2024-12-10 07:00:00+00:00,0.0,0.0,0.0,0.0
2024-12-10 08:00:00+00:00,0.0,0.0,0.0,0.0
2024-12-10 09:00:00+00:00,0.0,0.0,0.0,0.0
2024-12-10 10:00:00+00:00,0.0,0.0,0.0,0.0
2024-12-10 11:00:00+00:00,0.0,0.0,0.0,0.0
2024-12-10 12:00:00+00:00,0.0,0.0,0.0,-7.05485818417284e-05
2024-12-10 13:00:00+00:00,0.0,0.0,0.0,0.0
2024-12-10 14:00:00+00:00,0.0,0.0,0.0,0.0
2024-12-10 15:00:00+00:00,0.0,0.0,-6.028020357857765e-05,0.0
2024-12-10 16:00:00+00:00,0.0,0.0,0.0,0.0
2024-12-10 17:00:00+00:00,0.0,0.0,0.0,0.0
2024-12-10 18:00:00+00:00,0.0,0.0,0.0,0.0
2024-12-10 19:00:00+00:00,0.0,0.0,0.0,0.0
2024-12-10 20:00:00+00:00,0.0,0.0,0.0,0.0
2024-12-10 21:00:00+00:00,0.0,0.0,0.0,0.0
2024-12-10 22:00:00+00:00,0.0,0.0,0.0,0.0
2024-12-10 23:00:00+00:00,0.0,0.0,0.0,0.0
2024-12-11 00:00:00+00:00,0.0,0.0,0.0,0.0
2024-12-11 01:00:00+00:00,0.0,0.0,0.0,0.0
2024-12-11 02:00:00+00:00,0.0,0.0,0.0,0.0
2024-12-11 03:00:00+00:00,0.0,0.0,0.0,0.0
2024-12-11 04:00:00+00:00,0.0,0.0,0.0,0.0
2024-12-11 05:00:00+00:00,0.0,0.0,0.0,0.0
2024-12-11 06:00:00+00:00,0.0,0.0,0.0,0.0
2024-12-11 07:00:00+00:00,0.0,0.0,0.0,0.0
2024-12-11 08:00:00+00:00,0.0,0.0,0.0,0.0
2024-12-11 09:00:00+00:00,0.0,0.0,0.0,0.0
2024-12-11 10:00:00+00:00,0.0,0.0,0.0,0.0
2024-12-11 11:00:00+00:00,0.0,0.0,0.0,0.0
2024-12-11 12:00:00+00:00,0.0,0.0,0.0,0.0
2024-12-11 13:00:00+00:00,0.0,0.0,0.0,0.0
2024-12-11 14:00:00+00:00,0.0,0.0,0.0,0.0001313667733837
2024-12-11 15:00:00+00:00,0.0,0.0,0.0,0.0
2024-12-11 16:00:00+00:00,0.0,0.0,0.0,0.0
2024-12-11 17:00:00+00:00,0.0,0.0,0.0,0.0
2024-12-11 18:00:00+00:00,0.0,0.0,0.0,0.0
2024-12-11 19:00:00+00:00,0.0,0.0,0.0,0.0
2024-12-11 20:00:00+00:00,0.0,0.0,0.0,0.0
2024-12-11 21:00:00+00:00,0.0,0.0,0.0,0.0
2024-12-11 22:00:00+00:00,0.0,0.0,0.0,0.0
2024-12-11 23:00:00+00:00,0.0,0.0,0.0,0.0
2024-12-12 00:00:00+00:00,0.0,0.0,0.0,0.0
2024-12-12 01:00:00+00:00,0.0,0.0,0.0,0.0
2024-12-12 02:00:00+00:00,0.0,0.0,0.0,0.0
2024-12-12 03:00:00+00:00,0.0,0.0,0.0,0.0
2024-12-12 04:00:00+00:00,0.0,0.0,0.0,0.0
2024-12-12 05:00:00+00:00,0.0,0.0,0.0,0.0
2024-12-12 06:00:00+00:00,0.0,0.0,0.0,0.0
2024-12-12 07:00:00+00:00,0.0,0.0,0.0,0.0
2024-12-12 08:00:00+00:00,0.0,0.0,0.0,0.0
2024-12-12 09:00:00+00:00,0.0,0.0,0.0,0.0
2024-12-12 10:00:00+00:00,0.0,0.0,0.0,0.0
2024-12-12 11:00:00+00:00,0.0,0.0,0.0,0.0
2024-12-12 12:00:00+00:00,0.0,0.0,0.0,0.0
2024-12-12 13:00:00+00:00,0.0,0.0,0.0,0.0
2024-12-12 14:00:00+00:00,0.0,0.0,0.0,0.0
2024-12-12 15:00:00+00:00,0.0,0.0,0.0,0.0
2024-12-12 16:00:00+00:00,0.0,0.0,0.0,0.0
2024-12-12 17:00:00+00:00,0.0,0.0,0.0,0.0
2024-12-12 18:00:00+00:00,0.0,0.0,0.0,0.0
2024-12-12 19:00:00+00:00,0.0,0.0,0.0,0.0
2024-12-12 20:00:00+00:00,0.0,0.0,0.0,0.0
2024-12-12 21:00:00+00:00,0.0,0.0,0.0,0.0
2024-12-12 22:00:00+00:00,0.0,0.0,0.0,0.0
2024-12-12 23:00:00+00:00,0.0,0.0,0.0,0.0
2024-12-13 00:00:00+00:00,0.0,0.0,0.0,0.0
2024-12-13 01:00:00+00:00,0.0,0.0,0.0,0.0
2024-12-13 02:00:00+00:00,0.0,0.0,0.0,0.0
2024-12-13 03:00:00+00:00,0.0,0.0,0.0,0.0
2024-12-13 04:00:00+00:00,0.0,0.0,0.0,0.0
2024-12-13 05:00:00+00:00,0.0,0.0,0.0,0.0
2024-12-13 06:00:00+00:00,0.0,0.0,0.0,0.0
2024-12-13 07:00:00+00:00,0.0,0.0,0.0,3.718154463390079e-05
2024-12-13 08:00:00+00:00,0.0,0.0,0.0,0.0
2024-12-13 09:00:00+00:00,0.0,0.0,0.0,0.0
2024-12-13 10:00:00+00:00,0.0,0.0,0.0,0.0
2024-12-13 11:00:00+00:00,0.0,0.0,0.0,4.221618381618498e-05
2024-12-13 12:00:00+00:00,0.0,0.0,0.0,0.0
2024-12-13 13:00:00+00:00,0.0,0.0,-4.167952814331021e-05,0.0
2024-12-13 14:00:00+00:00,0.0,0.0,0.0,0.0
2024-12-13 15:00:00+00:00,0.0,0.0,0.0,0.0
2024-12-13 16:00:00+00:00,0.0,0.0,0.0,0.0
2024-12-13 17:00:00+00:00,0.0,0.0,0.0,0.0
2024-12-13 18:00:00+00:00,0.0,0.0,0.0,0.0
2024-12-13 19:00:00+00:00,0.0,0.0,0.0,0.0
2024-12-13 20:00:00+00:00,0.0,0.0,0.0,0.0
2024-12-13 21:00:00+00:00,0.0,0.0,0.0,0.0
2024-12-13 22:00:00+00:00,0.0,0.0,0.0,0.0
2024-12-13 23:00:00+00:00,0.0,0.0,0.0001453059901178,0.0
2024-12-14 00:00:00+00:00,0.0,0.0,0.0,0.0
2024-12-14 01:00:00+00:00,0.0,0.0,0.0,0.0
2024-12-14 02:00:00+00:00,0.0,0.0,0.0,0.0
2024-12-14 03:00:00+00:00,0.0,0.0,0.0,0.0
2024-12-14 04:00:00+00:00,0.0,0.0,0.0,0.0
2024-12-14 05:00:00+00:00,0.0,0.0,0.0,0.0
2024-12-14 06:00:00+00:00,0.0,0.0,0.0,0.0
2024-12-14 07:00:00+00:00,0.0,0.0,0.0,0.0
2024-12-14 08:00:00+00:00,0.0,0.0,0.0,0.0
2024-12-14 09:00:00+00:00,0.0,0.0,0.0,0.0
2024-12-14 10:00:00+00:00,0.0,0.0,0.0,0.0
2024-12-14 11:00:00+00:00,0.0,0.0,0.0,0.0
2024-12-14 12:00:00+00:00,0.0,0.0,0.0,0.0
2024-12-14 13:00:00+00:00,0.0,0.0,0.0,0.0
2024-12-14 14:00:00+00:00,0.0,0.0,0.0,0.0
2024-12-14 15:00:00+00:00,0.0,0.0,0.0,0.0
2024-12-14 16:00:00+00:00,0.0,0.0,0.0,0.0
2024-12-14 17:00:00+00:00,0.0,0.0,0.0,0.0
2024-12-14 18:00:00+00:00,0.0,0.0,0.0,0.0
2024-12-14 19:00:00+00:00,0.0,0.0,0.0,0.0
2024-12-14 20:00:00+00:00,0.0,0.0,0.0,0.0
2024-12-14 21:00:00+00:00,0.0,0.0,0.0,0.0
2024-12-14 22:00:00+00:00,0.0,0.0,0.0,0.0
2024-12-14 23:00:00+00:00,0.0,0.0,0.0,0.0
2024-12-15 00:00:00+00:00,0.0,0.0,0.0,0.0
2024-12-15 01:00:00+00:00,0.0,0.0,0.0,0.0
2024-12-15 02:00:00+00:00,0.0,0.0,0.0,0.0
2024-12-15 03:00:00+00:00,0.0,0.0,0.0,0.0
2024-12-15 04:00:00+00:00,0.0,0.0,0.0,0.0
2024-12-15 05:00:00+00:00,0.0,0.0,0.0,0.0
2024-12-15 06:00:00+00:00,0.0,0.0,0.0,0.0
2024-12-15 07:00:00+00:00,0.0,0.0,0.0,0.0
2024-12-15 08:00:00+00:00,0.0,0.0,0.0,0.0
2024-12-15 09:00:00+00:00,0.0,0.0,0.0,0.0
2024-12-15 10:00:00+00:00,0.0,0.0,0.0,0.0
2024-12-15 11:00:00+00:00,0.0,0.0,0.0,3.122844776585755e-05
2024-12-15 12:00:00+00:00,0.0,0.0,0.0,0.0
2024-12-15 13:00:00+00:00,0.0,0.0,-5.014899383699477e-05,0.0
2024-12-15 14:00:00+00:00,0.0,0.0,0.0,0.0
2024-12-15 15:00:00+00:00,0.0,0.0,0.0,0.0
2024-12-15 16:00:00+00:00,0.0,0.0,3.9071599054408834e-05,5.005799504108956e-05
2024-12-15 17:00:00+00:00,0.0,0.0,0.0,0.0
2024-12-15 18:00:00+00:00,0.0,0.0,0.0,0.0
2024-12-15 19:00:00+00:00,0.0,0.0,0.0,0.0
2024-12-15 20:00:00+00:00,0.0,0.0,0.0,0.0
2024-12-15 21:00:00+00:00,0.0,0.0,0.0,-5.3522731677065886e-05
2024-12-15 22:00:00+00:00,0.0,0.0,0.0,0.0
2024-12-15 23:00:00+00:00,0.0,0.0,0.0,0.0
2024-12-16 00:00:00+00:00,0.0,0.0,0.0,0.0
2024-12-16 01:00:00+00:00,0.0,0.0,0.0,0.0
2024-12-16 02:00:00+00:00,0.0,0.0,0.0,0.0
2024-12-16 03:00:00+00:00,0.0,0.0,0.0,0.0
2024-12-16 04:00:00+00:00,0.0,0.0,0.0,0.0
2024-12-16 05:00:00+00:00,0.0,0.0,0.0,0.0
2024-12-16 06:00:00+00:00,0.0,0.0,0.0,0.0
2024-12-16 07:00:00+00:00,0.0,0.0,-2.986495860484161e-05,4.062031423459734e-05
2024-12-16 08:00:00+00:00,0.0,0.0,0.0,0.0
2024-12-16 09:00:00+00:00,0.0,0.0,0.0,0.0
2024-12-16 10:00:00+00:00,0.0,0.0,0.0,0.0
2024-12-16 11:00:00+00:00,0.0,0.0,0.0,0.0
2024-12-16 12:00:00+00:00,0.0,0.0,0.0,0.0
2024-12-16 13:00:00+00:00,0.0,0.0,0.0,0.0
2024-12-16 14:00:00+00:00,0.0,0.0,0.0,0.000130008109255
2024-12-16 15:00:00+00:00,0.0,0.0,0.0,0.0
2024-12-16 16:00:00+00:00,0.0,0.0,0.0,0.0
2024-12-16 17:00:00+00:00,0.0,0.0,0.0,0.0
2024-12-16 18:00:00+00:00,0.0,0.0,0.0,4.622862842277865e-05
2024-12-16 19:00:00+00:00,0.0,0.0,-5.940699714813701e-05,0.0
2024-12-16 20:00:00+00:00,0.0,0.0,0.0,0.0
2024-12-16 21:00:00+00:00,0.0,0.0,0.0,0.0
2024-12-16 22:00:00+00:00,0.0,0.0,0.0,0.0
2024-12-16 23:00:00+00:00,0.0,0.0,0.0,0.0
2024-12-17 00:00:00+00:00,0.0,0.0,0.0,0.0
2024-12-17 01:00:00+00:00,0.0,0.0,0.0,0.0
2024-12-17 02:00:00+00:00,0.0,0.0,0.0,0.0
2024-12-17 03:00:00+00:00,0.0,0.0,0.0,0.0
2024-12-17 04:00:00+00:00,0.0,0.0,0.0,0.0
2024-12-17 05:00:00+00:00,0.0,0.0,0.0,0.0
2024-12-17 06:00:00+00:00,0.0,0.0,0.0,0.0
2024-12-17 07:00:00+00:00,0.0,0.0,0.0,0.0
2024-12-17 08:00:00+00:00,0.0,0.0,0.0,0.0
2024-12-17 09:00:00+00:00,0.0,0.0,0.0,0.0
2024-12-17 10:00:00+00:00,0.0,0.0,-2.6033581710179768e-05,0.0
2024-12-17 11:00:00+00:00,0.0,0.0,0.0,0.0
2024-12-17 12:00:00+00:00,0.0,0.0,0.0,0.0
2024-12-17 13:00:00+00:00,0.0,0.0,0.0,5.972828237802986e-05
2024-12-17 14:00:00+00:00,0.0,0.0,0.0,0.0
2024-12-17 15:00:00+00:00,0.0,0.0,0.0,0.0
2024-12-17 16:00:00+00:00,0.0,0.0,0.0,0.0
2024-12-17 17:00:00+00:00,0.0,0.0,0.0,0.0
2024-12-17 18:00:00+00:00,0.0,0.0,0.0,0.0
2024-12-17 19:00:00+00:00,0.0,0.0,0.0,0.0
2024-12-17 20:00:00+00:00,0.0,0.0,0.0,0.0
2024-12-17 21:00:00+00:00,0.0,0.0,0.0,0.0
2024-12-17 22:00:00+00:00,0.0,0.0,0.0,0.0
2024-12-17 23:00:00+00:00,0.0,0.0,-4.2375559115377376e-05,-4.2375559115377376e-05
2024-12-18 00:00:00+00:00,0.0,0.0,0.0,0.0
2024-12-18 01:00:00+00:00,0.0,0.0,0.0,0.0
2024-12-18 02:00:00+00:00,0.0,0.0,0.0,0.0
2024-12-18 03:00:00+00:00,0.0,0.0,0.0,0.0
2024-12-18 04:00:00+00:00,0.0,0.0,0.0,0.0
2024-12-18 05:00:00+00:00,0.0,0.0,0.0,0.0
2024-12-18 06:00:00+00:00,0.0,0.0,0.0,0.0
2024-12-18 07:00:00+00:00,0.0,0.0,0.0,0.0
2024-12-18 08:00:00+00:00,0.0,0.0,0.0,0.0
2024-12-18 09:00:00+00:00,0.0,0.0,0.0,0.0
2024-12-18 10:00:00+00:00,0.0,0.0,0.0,0.0
2024-12-18 11:00:00+00:00,0.0,0.0,0.0,6.26979925321003e-05
2024-12-18 12:00:00+00:00,0.0,0.0,-3.5389816252433526e-05,0.0
2024-12-18 13:00:00+00:00,0.0,0.0,0.0,0.0
2024-12-18 14:00:00+00:00,0.0,0.0,0.0,0.0
2024-12-18 15:00:00+00:00,0.0,0.0,0.0,0.0
2024-12-18 16:00:00+00:00,0.0,0.0,0.0,0.0
2024-12-18 17:00:00+00:00,0.0,0.0,0.0,0.0
2024-12-18 18:00:00+00:00,0.0,0.0,0.0,0.0
2024-12-18 19:00:00+00:00,0.0,0.0,0.0,0.0
2024-12-18 20:00:00+00:00,0.0,0.0,0.0,0.0
2024-12-18 21:00:00+00:00,0.0,0.0,0.0,0.0
2024-12-18 22:00:00+00:00,0.0,0.0,0.0,0.0
2024-12-18 23:00:00+00:00,0.0,0.0,0.0,0.0
2024-12-19 00:00:00+00:00,0.0,0.0,0.0,0.0
2024-12-19 01:00:00+00:00,0.0,0.0,0.0,0.0
2024-12-19 02:00:00+00:00,0.0,0.0,0.0,0.0
2024-12-19 03:00:00+00:00,0.0,0.0,0.0,0.0
2024-12-19 04:00:00+00:00,0.0,0.0,0.0,0.0
2024-12-19 05:00:00+00:00,0.0,0.0,0.0,0.0
2024-12-19 06:00:00+00:00,0.0,0.0,0.0,0.0
2024-12-19 07:00:00+00:00,0.0,0.0,0.0,0.0
2024-12-19 08:00:00+00:00,0.0,0.0,0.0,0.0
2024-12-19 09:00:00+00:00,0.0,0.0,0.0,0.0
2024-12-19 10:00:00+00:00,0.0,0.0,3.943034979083549e-05,2.9544279832668397e-05
2024-12-19 11:00:00+00:00,0.0,0.0,0.0,0.0
2024-12-19 12:00:00+00:00,0.0,0.0,0.0,0.0
2024-12-19 13:00:00+00:00,0.0,0.0,0.0,0.0
2024-12-19 14:00:00+00:00,0.0,0.0,0.0,0.0
2024-12-19 15:00:00+00:00,0.0,0.0,0.0,0.0
2024-12-19 16:00:00+00:00,0.0,0.0,0.0,0.0
2024-12-19 17:00:00+00:00,0.0,0.0,0.0,-0.000260365332074
2024-12-19 18:00:00+00:00,0.0,0.0,0.0,0.0
2024-12-19 19:00:00+00:00,0.0,0.0,0.0,0.0
2024-12-19 20:00:00+00:00,0.0,0.0,0.0,0.0
2024-12-19 21:00:00+00:00,0.0,0.0,0.0,0.0
2024-12-19 22:00:00+00:00,0.0,0.0,0.0,0.0
2024-12-19 23:00:00+00:00,0.0,0.0,0.0,0.0
2024-12-20 00:00:00+00:00,0.0,0.0,0.0,0.0
2024-12-20 01:00:00+00:00,0.0,0.0,0.0,0.0
2024-12-20 02:00:00+00:00,0.0,0.0,0.0,0.0
2024-12-20 03:00:00+00:00,0.0,0.0,0.0,0.0
2024-12-20 04:00:00+00:00,0.0,0.0,0.0,0.0
2024-12-20 05:00:00+00:00,0.0,0.0,0.0,0.0
2024-12-20 06:00:00+00:00,0.0,0.0,0.0,0.0
2024-12-20 07:00:00+00:00,0.0,0.0,0.0,0.0
2024-12-20 08:00:00+00:00,0.0,0.0,0.0,0.0
2024-12-20 09:00:00+00:00,0.0,0.0,0.0,0.0
2024-12-20 10:00:00+00:00,0.0,0.0,0.0,0.0
2024-12-20 11:00:00+00:00,0.0,0.0,0.0,0.0
2024-12-20 12:00:00+00:00,0.0,0.0,0.0,-0.0003323810023572
2024-12-20 13:00:00+00:00,0.0,0.0,0.0,0.0
2024-12-20 14:00:00+00:00,0.0,0.0,0.0,0.0
2024-12-20 15:00:00+00:00,0.0,0.0,0.0,0.0
2024-12-20 16:00:00+00:00,0.0,0.0,0.0,0.0
2024-12-20 17:00:00+00:00,0.0,0.0,0.0,0.0
2024-12-20 18:00:00+00:00,0.0,0.0,0.0,0.0
2024-12-20 19:00:00+00:00,0.0,0.0,0.0,0.0
2024-12-20 20:00:00+00:00,0.0,0.0,0.0,0.0
2024-12-20 21:00:00+00:00,0.0,0.0,0.0,0.0
2024-12-20 22:00:00+00:00,0.0,0.0,0.0,0.0
2024-12-20 23:00:00+00:00,0.0,0.0,0.0,0.0
2024-12-21 00:00:00+00:00,0.0,0.0,0.0,0.0
2024-12-21 01:00:00+00:00,0.0,0.0,0.0,0.0
2024-12-21 02:00:00+00:00,0.0,0.0,0.0,0.0
2024-12-21 03:00:00+00:00,0.0,0.0,0.0,0.0
2024-12-21 04:00:00+00:00,0.0,0.0,0.0,0.0
2024-12-21 05:00:00+00:00,0.0,0.0,0.0,0.0
2024-12-21 06:00:00+00:00,0.0,0.0,0.0,0.0
2024-12-21 07:00:00+00:00,0.0,0.0,0.0,0.0
2024-12-21 08:00:00+00:00,0.0,0.0,0.0,0.0
2024-12-21 09:00:00+00:00,0.0,0.0,0.0,0.0
2024-12-21 10:00:00+00:00,0.0,0.0,0.0,0.0
2024-12-21 11:00:00+00:00,0.0,0.0,0.0,0.0
2024-12-21 12:00:00+00:00,0.0,0.0,0.0,0.0
2024-12-21 13:00:00+00:00,0.0,0.0,0.0,0.0
2024-12-21 14:00:00+00:00,0.0,0.0,0.0,0.0
2024-12-21 15:00:00+00:00,0.0,0.0,0.0,0.0
2024-12-21 16:00:00+00:00,0.0,0.0,0.0,0.0
2024-12-21 17:00:00+00:00,0.0,0.0,0.0,0.0
2024-12-21 18:00:00+00:00,0.0,0.0,0.0,0.0
2024-12-21 19:00:00+00:00,0.0,0.0,0.0,0.0
2024-12-21 20:00:00+00:00,0.0,0.0,0.0,0.0
2024-12-21 21:00:00+00:00,0.0,0.0,0.0,0.0
2024-12-21 22:00:00+00:00,0.0,0.0,0.0,0.0
2024-12-21 23:00:00+00:00,0.0,0.0,0.0,0.0
2024-12-22 00:00:00+00:00,0.0,0.0,0.0,0.0
2024-12-22 01:00:00+00:00,0.0,0.0,0.0,0.0
2024-12-22 02:00:00+00:00,0.0,0.0,0.0,0.0
2024-12-22 03:00:00+00:00,0.0,0.0,0.0,0.0
2024-12-22 04:00:00+00:00,0.0,0.0,0.0,0.0
2024-12-22 05:00:00+00:00,0.0,0.0,0.0,0.0
2024-12-22 06:00:00+00:00,0.0,0.0,0.0,0.0
2024-12-22 07:00:00+00:00,0.0,0.0,0.0,0.0
2024-12-22 08:00:00+00:00,0.0,0.0,0.0,0.0
2024-12-22 09:00:00+00:00,0.0,0.0,0.0,8.578897215098969e-05
2024-12-22 10:00:00+00:00,0.0,0.0,0.0,0.0
2024-12-22 11:00:00+00:00,0.0,0.0,0.0,0.0
2024-12-22 12:00:00+00:00,0.0,0.0,0.0,0.0
2024-12-22 13:00:00+00:00,0.0,0.0,0.0,0.0
2024-12-22 14:00:00+00:00,0.0,0.0,0.0,0.0
2024-12-22 15:00:00+00:00,0.0,0.0,0.0,0.0
2024-12-22 16:00:00+00:00,0.0,0.0,0.0,0.0
2024-12-22 17:00:00+00:00,0.0,0.0,0.0,0.0
2024-12-22 18:00:00+00:00,0.0,0.0,0.0,5.940866273591029e-05
2024-12-22 19:00:00+00:00,0.0,0.0,0.0,0.0
2024-12-22 20:00:00+00:00,0.0,0.0,0.0,0.0
2024-12-22 21:00:00+00:00,0.0,0.0,0.0,0.0
2024-12-22 22:00:00+00:00,0.0,0.0,0.0,0.0
2024-12-22 23:00:00+00:00,0.0,0.0,0.0,0.0
2024-12-23 00:00:00+00:00,0.0,0.0,0.0,0.0
2024-12-23 01:00:00+00:00,0.0,0.0,0.0,-0.0001606394487684
2024-12-23 02:00:00+00:00,0.0,0.0,0.0,0.0
2024-12-23 03:00:00+00:00,0.0,0.0,0.0,0.0
2024-12-23 04:00:00+00:00,0.0,0.0,0.0,0.0
2024-12-23 05:00:00+00:00,0.0,0.0,0.0,0.0
2024-12-23 06:00:00+00:00,0.0,0.0,0.0,0.0
2024-12-23 07:00:00+00:00,0.0,0.0,0.0,0.0
2024-12-23 08:00:00+00:00,0.0,0.0,0.0,0.0
2024-12-23 09:00:00+00:00,0.0,0.0,0.0,0.0
2024-12-23 10:00:00+00:00,0.0,0.0,0.0,0.0
2024-12-23 11:00:00+00:00,0.0,0.0,-3.504917659993722e-05,0.0
2024-12-23 12:00:00+00:00,0.0,0.0,0.0,0.0
2024-12-23 13:00:00+00:00,0.0,0.0,0.0,-7.01180238398491e-05
2024-12-23 14:00:00+00:00,0.0,0.0,0.0,0.0
2024-12-23 15:00:00+00:00,0.0,0.0,0.0,0.0
2024-12-23 16:00:00+00:00,0.0,0.0,0.0,0.0
2024-12-23 17:00:00+00:00,0.0,0.0,0.0,0.0
2024-12-23 18:00:00+00:00,0.0,0.0,0.0,0.0
2024-12-23 19:00:00+00:00,0.0,0.0,0.0,0.0
2024-12-23 20:00:00+00:00,0.0,0.0,0.0,0.0
2024-12-23 21:00:00+00:00,0.0,0.0,0.0,0.0
2024-12-23 22:00:00+00:00,0.0,0.0,0.0,0.0
2024-12-23 23:00:00+00:00,0.0,0.0,0.0,0.0
2024-12-24 00:00:00+00:00,0.0,0.0,0.0,0.0
2024-12-24 01:00:00+00:00,0.0,0.0,0.0,0.0
2024-12-24 02:00:00+00:00,0.0,0.0,0.0,0.0
2024-12-24 03:00:00+00:00,0.0,0.0,0.0,0.0
2024-12-24 04:00:00+00:00,0.0,0.0,0.0,0.0
2024-12-24 05:00:00+00:00,0.0,0.0,0.0,0.0
2024-12-24 06:00:00+00:00,0.0,0.0,0.0,0.0
2024-12-24 07:00:00+00:00,0.0,0.0,0.0,0.0
2024-12-24 08:00:00+00:00,0.0,0.0,0.0,0.0
2024-12-24 09:00:00+00:00,0.0,0.0,0.0,0.0
2024-12-24 10:00:00+00:00,0.0,0.0,0.0,0.0
2024-12-24 11:00:00+00:00,0.0,0.0,0.0,0.0
2024-12-24 12:00:00+00:00,0.0,0.0,0.0,0.0
2024-12-24 13:00:00+00:00,0.0,0.0,0.0001138727120042,8.90981696033999e-05
2024-12-24 14:00:00+00:00,0.0,0.0,0.0,0.0
2024-12-24 15:00:00+00:00,0.0,0.0,0.0,0.0
2024-12-24 16:00:00+00:00,0.0,0.0,0.0,0.0
2024-12-24 17:00:00+00:00,0.0,0.0,0.0,0.0
2024-12-24 18:00:00+00:00,0.0,0.0,0.0,0.0
2024-12-24 19:00:00+00:00,0.0,0.0,-4.563588169821274e-05,0.0
2024-12-24 20:00:00+00:00,0.0,0.0,0.0,0.0
2024-12-24 21:00:00+00:00,0.0,0.0,0.0,0.0
2024-12-24 22:00:00+00:00,0.0,0.0,0.0,0.0
2024-12-24 23:00:00+00:00,0.0,0.0,0.0,2.6986775178027286e-05
2024-12-25 00:00:00+00:00,0.0,0.0,0.0,0.0
2024-12-25 01:00:00+00:00,0.0,0.0,0.0,0.0
2024-12-25 02:00:00+00:00,0.0,0.0,0.0,0.0
2024-12-25 03:00:00+00:00,0.0,0.0,0.0,0.0
2024-12-25 04:00:00+00:00,0.0,0.0,0.0,0.0
2024-12-25 05:00:00+00:00,0.0,0.0,0.0,0.0
2024-12-25 06:00:00+00:00,0.0,0.0,2.0763351135660866e-05,0.0
2024-12-25 07:00:00+00:00,0.0,0.0,0.0,0.0
2024-12-25 08:00:00+00:00,0.0,0.0,0.0,0.0
2024-12-25 09:00:00+00:00,0.0,0.0,0.0,0.0
2024-12-25 10:00:00+00:00,0.0,0.0,2.931885208954045e-05,8.043976168618516e-05
2024-12-25 11:00:00+00:00,0.0,0.0,0.0,0.0
2024-12-25 12:00:00+00:00,0.0,0.0,0.0,0.0
2024-12-25 13:00:00+00:00,0.0,0.0,0.0,0.0
2024-12-25 14:00:00+00:00,0.0,0.0,0.0,0.0
2024-12-25 15:00:00+00:00,0.0,0.0,0.0,0.0
2024-12-25 16:00:00+00:00,0.0,0.0,0.0,0.0
2024-12-25 17:00:00+00:00,0.0,0.0,0.0,0.0
2024-12-25 18:00:00+00:00,0.0,0.0,0.0,0.0
2024-12-25 19:00:00+00:00,0.0,0.0,0.0,0.0
2024-12-25 20:00:00+00:00,0.0,0.0,0.0,0.0
2024-12-25 21:00:00+00:00,0.0,0.0,0.0,0.0
2024-12-25 22:00:00+00:00,0.0,0.0,0.0,0.0
2024-12-25 23:00:00+00:00,0.0,0.0,0.0,0.0
2024-12-26 00:00:00+00:00,0.0,0.0,0.0,0.0
2024-12-26 01:00:00+00:00,0.0,0.0,0.0,0.0
2024-12-26 02:00:00+00:00,0.0,0.0,0.0,0.0
2024-12-26 03:00:00+00:00,0.0,0.0,0.0,0.0
2024-12-26 04:00:00+00:00,0.0,0.0,0.0,0.0
2024-12-26 05:00:00+00:00,0.0,0.0,0.0,0.0
2024-12-26 06:00:00+00:00,0.0,0.0,0.0,0.0
2024-12-26 07:00:00+00:00,0.0,0.0,0.0,0.0
2024-12-26 08:00:00+00:00,0.0,0.0,0.0,-8.132583619789524e-05
2024-12-26 09:00:00+00:00,0.0,0.0,0.0,0.0
2024-12-26 10:00:00+00:00,0.0,0.0,0.0,0.0
2024-12-26 11:00:00+00:00,0.0,0.0,0.0,0.0
2024-12-26 12:00:00+00:00,0.0,0.0,0.0,0.0
2024-12-26 13:00:00+00:00,0.0,0.0,0.0,0.0
2024-12-26 14:00:00+00:00,0.0,0.0,0.0,6.266092719142803e-05
2024-12-26 15:00:00+00:00,0.0,0.0,0.0,0.0
2024-12-26 16:00:00+00:00,0.0,0.0,0.0,0.0
2024-12-26 17:00:00+00:00,0.0,0.0,0.0,0.0
2024-12-26 18:00:00+00:00,0.0,0.0,0.0,-0.0001100946233956
2024-12-26 19:00:00+00:00,0.0,0.0,0.0,0.0
2024-12-26 20:00:00+00:00,0.0,0.0,0.0,0.0
2024-12-26 21:00:00+00:00,0.0,0.0,0.0,0.0
2024-12-26 22:00:00+00:00,0.0,0.0,0.0,0.0
2024-12-26 23:00:00+00:00,0.0,0.0,0.0,0.0
2024-12-27 00:00:00+00:00,0.0,0.0,0.0,0.0
2024-12-27 01:00:00+00:00,0.0,0.0,0.0,0.0
2024-12-27 02:00:00+00:00,0.0,0.0,0.0,0.0
2024-12-27 03:00:00+00:00,0.0,0.0,0.0,0.0
2024-12-27 04:00:00+00:00,0.0,0.0,0.0,6.431770820256478e-05
2024-12-27 05:00:00+00:00,0.0,0.0,-2.9033748701973165e-05,0.0
2024-12-27 06:00:00+00:00,0.0,0.0,0.0,0.0
2024-12-27 07:00:00+00:00,0.0,0.0,0.0,-7.052042897831566e-05
2024-12-27 08:00:00+00:00,0.0,0.0,0.0,0.0
2024-12-27 09:00:00+00:00,0.0,0.0,0.0,0.0
2024-12-27 10:00:00+00:00,0.0,0.0,0.0,0.0
2024-12-27 11:00:00+00:00,0.0,0.0,0.0,0.0
2024-12-27 12:00:00+00:00,0.0,0.0,0.0,0.0
2024-12-27 13:00:00+00:00,0.0,0.0,0.0,0.0
2024-12-27 14:00:00+00:00,0.0,0.0,0.0,0.0
2024-12-27 15:00:00+00:00,0.0,0.0,-6.583421902331631e-05,-0.0002419520723151
2024-12-27 16:00:00+00:00,0.0,0.0,0.0,0.0
2024-12-27 17:00:00+00:00,0.0,0.0,0.0,0.0
2024-12-27 18:00:00+00:00,0.0,0.0,0.0,0.0
2024-12-27 19:00:00+00:00,0.0,0.0,0.0,0.0
2024-12-27 20:00:00+00:00,0.0,0.0,0.0,0.0
2024-12-27 21:00:00+00:00,0.0,0.0,0.0,0.0
2024-12-27 22:00:00+00:00,0.0,0.0,0.0,0.0
2024-12-27 23:00:00+00:00,0.0,0.0,0.0,0.0
2024-12-28 00:00:00+00:00,0.0,0.0,0.0,0.0
2024-12-28 01:00:00+00:00,0.0,0.0,0.0,0.0
2024-12-28 02:00:00+00:00,0.0,0.0,0.0,0.0
2024-12-28 03:00:00+00:00,0.0,0.0,0.0,0.0
2024-12-28 04:00:00+00:00,0.0,0.0,0.0,0.0
2024-12-28 05:00:00+00:00,0.0,0.0,0.0,0.0
2024-12-28 06:00:00+00:00,0.0,0.0,0.0,0.0
2024-12-28 07:00:00+00:00,0.0,0.0,0.0,0.0
2024-12-28 08:00:00+00:00,0.0,0.0,0.0,0.0
2024-12-28 09:00:00+00:00,0.0,0.0,0.0,0.0
2024-12-28 10:00:00+00:00,0.0,0.0,0.0,0.0
2024-12-28 11:00:00+00:00,0.0,0.0,0.0,0.0
2024-12-28 12:00:00+00:00,0.0,0.0,0.0,0.0
2024-12-28 13:00:00+00:00,0.0,0.0,0.0,0.0
2024-12-28 14:00:00+00:00,0.0,0.0,0.0,0.0
2024-12-28 15:00:00+00:00,0.0,0.0,0.0,0.0
2024-12-28 16:00:00+00:00,0.0,0.0,0.0,0.0
2024-12-28 17:00:00+00:00,0.0,0.0,0.0,0.0
2024-12-28 18:00:00+00:00,0.0,0.0,0.0,0.0
2024-12-28 19:00:00+00:00,0.0,0.0,0.0,0.0
2024-12-28 20:00:00+00:00,0.0,0.0,0.0,0.0
2024-12-28 21:00:00+00:00,0.0,0.0,0.0,0.0
2024-12-28 22:00:00+00:00,0.0,0.0,0.0,0.0
2024-12-28 23:00:00+00:00,0.0,0.0,0.0,0.0
2024-12-29 00:00:00+00:00,0.0,0.0,0.0,0.0
2024-12-29 01:00:00+00:00,0.0,0.0,0.0,0.0
2024-12-29 02:00:00+00:00,0.0,0.0,0.0,0.0
2024-12-29 03:00:00+00:00,0.0,0.0,0.0,0.0
2024-12-29 04:00:00+00:00,0.0,0.0,0.0,0.0
2024-12-29 05:00:00+00:00,0.0,0.0,0.0,0.0
2024-12-29 06:00:00+00:00,0.0,0.0,0.0,0.0
2024-12-29 07:00:00+00:00,0.0,0.0,0.0,0.0
2024-12-29 08:00:00+00:00,0.0,0.0,0.0,0.0
2024-12-29 09:00:00+00:00,0.0,0.0,-2.2636882930227023e-05,0.0
2024-12-29 10:00:00+00:00,0.0,0.0,0.0,0.0
2024-12-29 11:00:00+00:00,0.0,0.0,0.0,0.0
2024-12-29 12:00:00+00:00,0.0,0.0,-1.9134236820070864e-05,0.0
2024-12-29 13:00:00+00:00,0.0,0.0,0.0,-4.032851903254419e-05
2024-12-29 14:00:00+00:00,0.0,0.0,0.0,0.0
2024-12-29 15:00:00+00:00,0.0,0.0,0.0,0.0
2024-12-29 16:00:00+00:00,0.0,0.0,-7.454938811821576e-05,0.0
2024-12-29 17:00:00+00:00,0.0,0.0,0.0,0.0
2024-12-29 18:00:00+00:00,0.0,0.0,0.0,0.0
2024-12-29 19:00:00+00:00,0.0,0.0,0.0,-5.050837825234299e-05
2024-12-29 20:00:00+00:00,0.0,0.0,0.0,0.0
2024-12-29 21:00:00+00:00,0.0,0.0,0.0,0.0
2024-12-29 22:00:00+00:00,0.0,0.0,0.0,0.0
2024-12-29 23:00:00+00:00,0.0,0.0,0.0,0.0
2024-12-30 00:00:00+00:00,0.0,0.0,0.0,0.0
2024-12-30 01:00:00+00:00,0.0,0.0,0.0,0.0
2024-12-30 02:00:00+00:00,0.0,0.0,0.0,0.0
2024-12-30 03:00:00+00:00,0.0,0.0,0.0,0.0
2024-12-30 04:00:00+00:00,0.0,0.0,0.0,0.0
2024-12-30 05:00:00+00:00,0.0,0.0,0.0,0.0
2024-12-30 06:00:00+00:00,0.0,0.0,0.0,0.0
2024-12-30 07:00:00+00:00,0.0,0.0,0.0,0.0
2024-12-30 08:00:00+00:00,0.0,0.0,0.0,0.0
2024-12-30 09:00:00+00:00,0.0,0.0,0.0,0.0
2024-12-30 10:00:00+00:00,0.0,0.0,0.0,0.0
2024-12-30 11:00:00+00:00,0.0,0.0,0.0,0.0
2024-12-30 12:00:00+00:00,0.0,0.0,0.0,0.0
2024-12-30 13:00:00+00:00,0.0,0.0,0.0,0.0
2024-12-30 14:00:00+00:00,0.0,0.0,0.0,0.0
2024-12-30 15:00:00+00:00,0.0,0.0,0.0,0.0
2024-12-30 16:00:00+00:00,0.0,0.0,0.0,0.0
2024-12-30 17:00:00+00:00,0.0,0.0,0.0,0.0
2024-12-30 18:00:00+00:00,0.0,0.0,0.0,0.0
2024-12-30 19:00:00+00:00,0.0,0.0,0.0,0.0
2024-12-30 20:00:00+00:00,0.0,0.0,0.0,0.0
2024-12-30 21:00:00+00:00,0.0,0.0,0.0,0.0
2024-12-30 22:00:00+00:00,0.0,0.0,0.0,0.0
2024-12-30 23:00:00+00:00,0.0,0.0,0.0,0.0
2024-12-31 00:00:00+00:00,0.0,0.0,0.0,0.0
2024-12-31 01:00:00+00:00,0.0,0.0,0.0,0.0
2024-12-31 02:00:00+00:00,0.0,0.0,0.0,0.0
2024-12-31 03:00:00+00:00,0.0,0.0,0.0,0.0
2024-12-31 04:00:00+00:00,0.0,0.0,0.0,0.0
2024-12-31 05:00:00+00:00,0.0,0.0,0.0,0.0
2024-12-31 06:00:00+00:00,0.0,0.0,0.0,0.0
2024-12-31 07:00:00+00:00,0.0,0.0,0.0,0.0
2024-12-31 08:00:00+00:00,0.0,0.0,0.0,0.0
2024-12-31 09:00:00+00:00,0.0,0.0,0.0,0.0
2024-12-31 10:00:00+00:00,0.0,0.0,0.0,0.0
2024-12-31 11:00:00+00:00,0.0,0.0,0.0,0.0
2024-12-31 12:00:00+00:00,0.0,0.0,0.0,0.0
2024-12-31 13:00:00+00:00,0.0,0.0,0.0,8.217446399587102e-05
2024-12-31 14:00:00+00:00,0.0,0.0,0.0,0.0
2024-12-31 15:00:00+00:00,0.0,0.0,0.0,0.0
2024-12-31 16:00:00+00:00,0.0,0.0,0.0,0.0
2024-12-31 17:00:00+00:00,0.0,0.0,-6.186762886954522e-05,-0.0001450144635894
2024-12-31 18:00:00+00:00,0.0,0.0,0.0,0.0
2024-12-31 19:00:00+00:00,0.0,0.0,0.0,0.0
2024-12-31 20:00:00+00:00,0.0,0.0,0.0,0.0
2024-12-31 21:00:00+00:00,0.0,0.0,0.0,0.0
2024-12-31 22:00:00+00:00,0.0,0.0,0.0,0.0
2024-12-31 23:00:00+00:00,0.0,0.0,0.0,0.0
2025-01-01 00:00:00+00:00,0.0,0.0,0.0,0.0
2025-01-01 01:00:00+00:00,0.0,0.0,0.0,0.0
2025-01-01 02:00:00+00:00,0.0,0.0,0.0,0.0
2025-01-01 03:00:00+00:00,0.0,0.0,0.0,0.0
2025-01-01 04:00:00+00:00,0.0,0.0,0.0,0.0
2025-01-01 05:00:00+00:00,0.0,0.0,0.0,0.0
2025-01-01 06:00:00+00:00,0.0,0.0,0.0,0.0
2025-01-01 07:00:00+00:00,0.0,0.0,0.0,0.0
2025-01-01 08:00:00+00:00,0.0,0.0,0.0,-2.740999806797428e-05
2025-01-01 09:00:00+00:00,0.0,0.0,0.0,0.0
2025-01-01 10:00:00+00:00,0.0,0.0,0.0,0.0
2025-01-01 11:00:00+00:00,0.0,0.0,0.0,0.0
2025-01-01 12:00:00+00:00,0.0,0.0,0.0,0.0
2025-01-01 13:00:00+00:00,0.0,0.0,0.0,0.0
2025-01-01 14:00:00+00:00,0.0,0.0,0.0,0.0
2025-01-01 15:00:00+00:00,0.0,0.0,0.0,0.0
2025-01-01 16:00:00+00:00,0.0,0.0,0.0,0.0
2025-01-01 17:00:00+00:00,0.0,0.0,0.0,0.0
2025-01-01 18:00:00+00:00,0.0,0.0,0.0,0.0
2025-01-01 19:00:00+00:00,0.0,0.0,0.0,0.0
2025-01-01 20:00:00+00:00,0.0,0.0,0.0,0.0
2025-01-01 21:00:00+00:00,0.0,0.0,0.0,0.0
2025-01-01 22:00:00+00:00,0.0,0.0,-3.438868257314653e-05,0.0
2025-01-01 23:00:00+00:00,0.0,0.0,0.0,0.0
2025-01-02 00:00:00+00:00,0.0,0.0,0.0,0.0
2025-01-02 01:00:00+00:00,0.0,0.0,0.0,0.0
2025-01-02 02:00:00+00:00,0.0,0.0,0.0,0.0
2025-01-02 03:00:00+00:00,0.0,0.0,0.0,0.0
2025-01-02 04:00:00+00:00,0.0,0.0,0.0,9.326206121856973e-05
2025-01-02 05:00:00+00:00,0.0,0.0,0.0,0.0
2025-01-02 06:00:00+00:00,0.0,0.0,0.0,0.0
2025-01-02 07:00:00+00:00,0.0,0.0,0.0,0.0
2025-01-02 08:00:00+00:00,0.0,0.0,9.737150629479552e-05,2.9797440732141086e-05
2025-01-02 09:00:00+00:00,0.0,0.0,0.0,0.0
2025-01-02 10:00:00+00:00,0.0,0.0,0.0,0.0
2025-01-02 11:00:00+00:00,0.0,0.0,-2.3938867518714647e-05,0.0
2025-01-02 12:00:00+00:00,0.0,0.0,0.0,0.0
2025-01-02 13:00:00+00:00,0.0,0.0,0.0,0.0
2025-01-02 14:00:00+00:00,0.0,0.0,7.584809353111345e-05,2.3453282044917377e-05
2025-01-02 15:00:00+00:00,0.0,0.0,0.0,0.0
2025-01-02 16:00:00+00:00,0.0,0.0,0.0,0.0
2025-01-02 17:00:00+00:00,0.0,0.0,0.0,0.0
2025-01-02 18:00:00+00:00,0.0,0.0,0.0,0.0
2025-01-02 19:00:00+00:00,0.0,0.0,0.0,0.0
2025-01-02 20:00:00+00:00,0.0,0.0,0.0,0.0
2025-01-02 21:00:00+00:00,0.0,0.0,0.0,0.0
2025-01-02 22:00:00+00:00,0.0,0.0,0.0,0.0
2025-01-02 23:00:00+00:00,0.0,0.0,0.0,0.0
2025-01-03 00:00:00+00:00,0.0,0.0,0.0,0.0
2025-01-03 01:00:00+00:00,0.0,0.0,1.3553712644912571e-05,0.0
2025-01-03 02:00:00+00:00,0.0,0.0,0.0,0.0
2025-01-03 03:00:00+00:00,0.0,0.0,0.0,0.0
2025-01-03 04:00:00+00:00,0.0,0.0,0.0,0.0
2025-01-03 05:00:00+00:00,0.0,0.0,0.0,0.0
2025-01-03 06:00:00+00:00,0.0,0.0,0.0,0.0
2025-01-03 07:00:00+00:00,0.0,0.0,0.0,0.0
2025-01-03 08:00:00+00:00,0.0,0.0,0.0,0.0
2025-01-03 09:00:00+00:00,0.0,0.0,0.0,0.0
2025-01-03 10:00:00+00:00,0.0,0.0,0.0,0.0
2025-01-03 11:00:00+00:00,0.0,0.0,0.0,3.550340588137747e-05
2025-01-03 12:00:00+00:00,0.0,0.0,0.0,0.0
2025-01-03 13:00:00+00:00,0.0,0.0,0.0,0.0
2025-01-03 14:00:00+00:00,0.0,0.0,0.0,3.566985742366026e-05
2025-01-03 15:00:00+00:00,0.0,0.0,0.0,0.0
2025-01-03 16:00:00+00:00,0.0,0.0,0.0,0.0
2025-01-03 17:00:00+00:00,0.0,0.0,0.0,0.0
2025-01-03 18:00:00+00:00,0.0,0.0,0.0,0.0
2025-01-03 19:00:00+00:00,0.0,0.0,0.0001285665805487,0.0
2025-01-03 20:00:00+00:00,0.0,0.0,0.0,0.0
2025-01-03 21:00:00+00:00,0.0,0.0,0.0,0.0
2025-01-03 22:00:00+00:00,0.0,0.0,0.0,0.0
2025-01-03 23:00:00+00:00,0.0,0.0,-2.1304258456316107e-05,0.0
2025-01-04 00:00:00+00:00,0.0,0.0,0.0,-1.6407985433464135e-06
2025-01-04 01:00:00+00:00,0.0,0.0,0.0,0.0
2025-01-04 02:00:00+00:00,0.0,0.0,0.0,0.0
2025-01-04 03:00:00+00:00,0.0,0.0,0.0,0.0
2025-01-04 04:00:00+00:00,0.0,0.0,0.0,0.0
2025-01-04 05:00:00+00:00,0.0,0.0,0.0,0.0
2025-01-04 06:00:00+00:00,0.0,0.0,0.0,0.0
2025-01-04 07:00:00+00:00,0.0,0.0,0.0,0.0
2025-01-04 08:00:00+00:00,0.0,0.0,0.0,0.0
2025-01-04 09:00:00+00:00,0.0,0.0,0.0,0.0
2025-01-04 10:00:00+00:00,0.0,0.0,0.0,0.0
2025-01-04 11:00:00+00:00,0.0,0.0,0.0,0.0
2025-01-04 12:00:00+00:00,0.0,0.0,0.0,0.0
2025-01-04 13:00:00+00:00,0.0,0.0,0.0,0.0
2025-01-04 14:00:00+00:00,0.0,0.0,0.0,0.0
2025-01-04 15:00:00+00:00,0.0,0.0,0.0,0.0
2025-01-04 16:00:00+00:00,0.0,0.0,0.0,0.0
2025-01-04 17:00:00+00:00,0.0,0.0,0.0,0.0
2025-01-04 18:00:00+00:00,0.0,0.0,0.0,0.0
2025-01-04 19:00:00+00:00,0.0,0.0,0.0,0.0
2025-01-04 20:00:00+00:00,0.0,0.0,0.0,0.0
2025-01-04 21:00:00+00:00,0.0,0.0,0.0,0.0
2025-01-04 22:00:00+00:00,0.0,0.0,0.0,0.0
2025-01-04 23:00:00+00:00,0.0,0.0,0.0,0.0
2025-01-05 00:00:00+00:00,0.0,0.0,0.0,0.0
2025-01-05 01:00:00+00:00,0.0,0.0,0.0,0.0
2025-01-05 02:00:00+00:00,0.0,0.0,0.0,0.0
2025-01-05 03:00:00+00:00,0.0,0.0,0.0,0.0
2025-01-05 04:00:00+00:00,0.0,0.0,0.0,0.0
2025-01-05 05:00:00+00:00,0.0,0.0,0.0,0.0
2025-01-05 06:00:00+00:00,0.0,0.0,0.0,0.0
2025-01-05 07:00:00+00:00,0.0,0.0,0.0,0.0
2025-01-05 08:00:00+00:00,0.0,0.0,0.0,-3.37899952128684e-05
2025-01-05 09:00:00+00:00,0.0,0.0,0.0,0.0
2025-01-05 10:00:00+00:00,0.0,0.0,0.0,0.0
2025-01-05 11:00:00+00:00,0.0,0.0,0.0,0.0
2025-01-05 12:00:00+00:00,0.0,0.0,0.0,0.0
2025-01-05 13:00:00+00:00,0.0,0.0,0.0,0.0
2025-01-05 14:00:00+00:00,0.0,0.0,0.0,0.0
2025-01-05 15:00:00+00:00,0.0,0.0,0.0,0.0
2025-01-05 16:00:00+00:00,0.0,0.0,0.0,0.0
2025-01-05 17:00:00+00:00,0.0,0.0,0.0,0.0
2025-01-05 18:00:00+00:00,0.0,0.0,0.0,0.0
2025-01-05 19:00:00+00:00,0.0,0.0,0.0,0.0
2025-01-05 20:00:00+00:00,0.0,0.0,0.0,0.0
2025-01-05 21:00:00+00:00,0.0,0.0,0.0,0.0
2025-01-05 22:00:00+00:00,0.0,0.0,0.0,0.0
2025-01-05 23:00:00+00:00,0.0,0.0,0.0,0.0
2025-01-06 00:00:00+00:00,0.0,0.0,0.0,0.0
2025-01-06 01:00:00+00:00,0.0,0.0,0.0,0.0
2025-01-06 02:00:00+00:00,0.0,0.0,0.0,0.0
2025-01-06 03:00:00+00:00,0.0,0.0,0.0,0.0
2025-01-06 04:00:00+00:00,0.0,0.0,0.0,0.0
2025-01-06 05:00:00+00:00,0.0,0.0,0.0,0.0
2025-01-06 06:00:00+00:00,0.0,0.0,0.0,0.0
2025-01-06 07:00:00+00:00,0.0,0.0,-3.469879518072315e-05,0.0
2025-01-06 08:00:00+00:00,0.0,0.0,0.0,-6.927710843373402e-05
2025-01-06 09:00:00+00:00,0.0,0.0,0.0,0.0
2025-01-06 10:00:00+00:00,0.0,0.0,0.0,0.0
2025-01-06 11:00:00+00:00,0.0,0.0,0.0,3.2362320736399895e-05
2025-01-06 12:00:00+00:00,0.0,0.0,0.0,0.0
2025-01-06 13:00:00+00:00,0.0,0.0,0.0,0.0
2025-01-06 14:00:00+00:00,0.0,0.0,0.0,0.0
2025-01-06 15:00:00+00:00,0.0,0.0,0.0,0.0
2025-01-06 16:00:00+00:00,0.0,0.0,0.0,0.0
2025-01-06 17:00:00+00:00,0.0,0.0,0.0,0.0
2025-01-06 18:00:00+00:00,0.0,0.0,0.0,0.0
2025-01-06 19:00:00+00:00,0.0,0.0,0.0,0.0
2025-01-06 20:00:00+00:00,0.0,0.0,0.0,0.0
2025-01-06 21:00:00+00:00,0.0,0.0,0.0,0.0
2025-01-06 22:00:00+00:00,0.0,0.0,0.0,0.0001165621986274
2025-01-06 23:00:00+00:00,0.0,0.0,0.0,0.0
2025-01-07 00:00:00+00:00,0.0,0.0,0.0,0.0
2025-01-07 01:00:00+00:00,0.0,0.0,0.0,0.0
2025-01-07 02:00:00+00:00,0.0,0.0,0.0,0.0
2025-01-07 03:00:00+00:00,0.0,0.0,0.0,0.0
2025-01-07 04:00:00+00:00,0.0,0.0,0.0,0.0
2025-01-07 05:00:00+00:00,0.0,0.0,0.0,0.0
2025-01-07 06:00:00+00:00,0.0,0.0,0.0,0.0
2025-01-07 07:00:00+00:00,0.0,0.0,0.0,0.0
2025-01-07 08:00:00+00:00,0.0,0.0,0.0,0.0
2025-01-07 09:00:00+00:00,0.0,0.0,0.0,0.0
2025-01-07 10:00:00+00:00,0.0,0.0,0.0,0.0
2025-01-07 11:00:00+00:00,0.0,0.0,0.0,0.0
2025-01-07 12:00:00+00:00,0.0,0.0,0.0,0.0
2025-01-07 13:00:00+00:00,0.0,0.0,0.0,0.0
2025-01-07 14:00:00+00:00,0.0,0.0,0.0,-5.107006582085182e-05
2025-01-07 15:00:00+00:00,0.0,0.0,0.0,0.0
2025-01-07 16:00:00+00:00,0.0,0.0,0.0,0.0
2025-01-07 17:00:00+00:00,0.0,0.0,0.0,0.0
2025-01-07 18:00:00+00:00,0.0,0.0,0.0,0.0
2025-01-07 19:00:00+00:00,0.0,0.0,0.0,0.0
2025-01-07 20:00:00+00:00,0.0,0.0,0.0,0.0
2025-01-07 21:00:00+00:00,0.0,0.0,0.0,0.0
2025-01-07 22:00:00+00:00,0.0,0.0,0.0,0.0
2025-01-07 23:00:00+00:00,0.0,0.0,0.0,0.0
2025-01-08 00:00:00+00:00,0.0,0.0,0.0,0.0
2025-01-08 01:00:00+00:00,0.0,0.0,0.0,0.0
2025-01-08 02:00:00+00:00,0.0,0.0,0.0,0.0
2025-01-08 03:00:00+00:00,0.0,0.0,0.0,0.0
2025-01-08 04:00:00+00:00,0.0,0.0,0.0,0.0
2025-01-08 05:00:00+00:00,0.0,0.0,0.0,0.0
2025-01-08 06:00:00+00:00,0.0,0.0,0.0,0.0
2025-01-08 07:00:00+00:00,0.0,0.0,0.0,0.0
2025-01-08 08:00:00+00:00,0.0,0.0,0.0,0.0
2025-01-08 09:00:00+00:00,0.0,0.0,0.0,0.0
2025-01-08 10:00:00+00:00,0.0,0.0,0.0,0.0
2025-01-08 11:00:00+00:00,0.0,0.0,0.0,0.0
2025-01-08 12:00:00+00:00,0.0,0.0,0.0,0.0
2025-01-08 13:00:00+00:00,0.0,0.0,0.0,0.0
2025-01-08 14:00:00+00:00,0.0,0.0,0.0,0.0
2025-01-08 15:00:00+00:00,0.0,0.0,0.0,0.0
2025-01-08 16:00:00+00:00,0.0,0.0,0.0,0.0
2025-01-08 17:00:00+00:00,0.0,0.0,0.0,0.0
2025-01-08 18:00:00+00:00,0.0,0.0,0.0,0.0
2025-01-08 19:00:00+00:00,0.0,0.0,0.0,0.0
2025-01-08 20:00:00+00:00,0.0,0.0,0.0,0.0
2025-01-08 21:00:00+00:00,0.0,0.0,0.0,0.0
2025-01-08 22:00:00+00:00,0.0,0.0,0.0,0.0
2025-01-08 23:00:00+00:00,0.0,0.0,0.0,0.0
2025-01-09 00:00:00+00:00,0.0,0.0,0.0,0.0
2025-01-09 01:00:00+00:00,0.0,0.0,0.0,0.0
2025-01-09 02:00:00+00:00,0.0,0.0,0.0,0.0
2025-01-09 03:00:00+00:00,0.0,0.0,0.0,0.0
2025-01-09 04:00:00+00:00,0.0,0.0,0.0,0.0
2025-01-09 05:00:00+00:00,0.0,0.0,0.0,0.0
2025-01-09 06:00:00+00:00,0.0,0.0,0.0,0.0
2025-01-09 07:00:00+00:00,0.0,0.0,0.0,0.0
2025-01-09 08:00:00+00:00,0.0,0.0,0.0,0.0
2025-01-09 09:00:00+00:00,0.0,0.0,0.0,0.0
2025-01-09 10:00:00+00:00,0.0,0.0,0.0,0.0
2025-01-09 11:00:00+00:00,0.0,0.0,0.0,0.0
2025-01-09 12:00:00+00:00,0.0,0.0,0.0,0.0
2025-01-09 13:00:00+00:00,0.0,0.0,0.0,0.0
2025-01-09 14:00:00+00:00,0.0,0.0,0.0,0.0
2025-01-09 15:00:00+00:00,0.0,0.0,0.0,0.0001321436555471
2025-01-09 16:00:00+00:00,0.0,0.0,0.0,0.0
2025-01-09 17:00:00+00:00,0.0,0.0,0.0,0.0
2025-01-09 18:00:00+00:00,0.0,0.0,0.0,0.0
2025-01-09 19:00:00+00:00,0.0,0.0,0.0,0.0
2025-01-09 20:00:00+00:00,0.0,0.0,0.0,0.0
2025-01-09 21:00:00+00:00,0.0,0.0,0.0,0.0
2025-01-09 22:00:00+00:00,0.0,0.0,0.0,0.0
2025-01-09 23:00:00+00:00,0.0,0.0,0.0,0.0
2025-01-10 00:00:00+00:00,0.0,0.0,0.0,0.0
2025-01-10 01:00:00+00:00,0.0,0.0,0.0,0.0
2025-01-10 02:00:00+00:00,0.0,0.0,0.0,0.0
2025-01-10 03:00:00+00:00,0.0,0.0,0.0,0.0
2025-01-10 04:00:00+00:00,0.0,0.0,0.0,0.0
2025-01-10 05:00:00+00:00,0.0,0.0,0.0,0.0
2025-01-10 06:00:00+00:00,0.0,0.0,0.0,0.0
2025-01-10 07:00:00+00:00,0.0,0.0,0.0,0.0
2025-01-10 08:00:00+00:00,0.0,0.0,0.0,0.0
2025-01-10 09:00:00+00:00,0.0,0.0,0.0,0.0
2025-01-10 10:00:00+00:00,0.0,0.0,4.982572245186724e-05,3.786057796149379e-05
2025-01-10 11:00:00+00:00,0.0,0.0,0.0,0.0
2025-01-10 12:00:00+00:00,0.0,0.0,0.0,0.0
2025-01-10 13:00:00+00:00,-0.01126,0.0,-3.182461506339828e-05,-6.237907615215698e-05
2025-01-10 14:00:00+00:00,0.0,0.0,0.0,0.0
2025-01-10 15:00:00+00:00,0.0,0.0,0.0,0.0
2025-01-10 16:00:00+00:00,0.0,0.0,0.0,0.0
2025-01-10 17:00:00+00:00,0.0,0.0,0.0,0.0
2025-01-10 18:00:00+00:00,0.0,0.0,0.0,0.0
2025-01-10 19:00:00+00:00,0.0,0.0,0.0,0.0
2025-01-10 20:00:00+00:00,0.0,0.0,0.0,0.0
2025-01-10 21:00:00+00:00,0.0,0.0,0.0,0.0
2025-01-10 22:00:00+00:00,0.0,0.0,0.0,0.0
2025-01-10 23:00:00+00:00,0.0,0.0,0.0,9.617520877849172e-05
2025-01-11 00:00:00+00:00,0.0,0.0,0.0,0.0
2025-01-11 01:00:00+00:00,0.0,0.0,0.0,0.0
2025-01-11 02:00:00+00:00,0.0,0.0,0.0,0.0
2025-01-11 03:00:00+00:00,0.0,0.0,0.0,0.0
2025-01-11 04:00:00+00:00,0.0,0.0,0.0,0.0
2025-01-11 05:00:00+00:00,0.0,0.0,0.0,0.0
2025-01-11 06:00:00+00:00,0.0,0.0,0.0,0.0
2025-01-11 07:00:00+00:00,0.0,0.0,0.0,0.0
2025-01-11 08:00:00+00:00,0.0,0.0,0.0,0.0
2025-01-11 09:00:00+00:00,0.0,0.0,0.0,0.0
2025-01-11 10:00:00+00:00,0.0,0.0,0.0,0.0
2025-01-11 11:00:00+00:00,0.0,0.0,0.0,0.0
2025-01-11 12:00:00+00:00,0.0,0.0,0.0,0.0
2025-01-11 13:00:00+00:00,0.0,0.0,0.0,0.0
2025-01-11 14:00:00+00:00,0.0,0.0,0.0,0.0
2025-01-11 15:00:00+00:00,0.0,0.0,0.0,0.0
2025-01-11 16:00:00+00:00,0.0,0.0,0.0,0.0
2025-01-11 17:00:00+00:00,0.0,0.0,0.0,0.0
2025-01-11 18:00:00+00:00,0.0,0.0,0.0,0.0
2025-01-11 19:00:00+00:00,0.0,0.0,0.0,0.0
2025-01-11 20:00:00+00:00,0.0,0.0,0.0,0.0
2025-01-11 21:00:00+00:00,0.0,0.0,0.0,0.0
2025-01-11 22:00:00+00:00,0.0,0.0,0.0,0.0
2025-01-11 23:00:00+00:00,0.0,0.0,0.0,0.0
2025-01-12 00:00:00+00:00,0.0,0.0,0.0,0.0
2025-01-12 01:00:00+00:00,0.0,0.0,0.0,0.0
2025-01-12 02:00:00+00:00,0.0,0.0,0.0,0.0
2025-01-12 03:00:00+00:00,0.0,0.0,0.0,0.0
2025-01-12 04:00:00+00:00,0.0,0.0,0.0,0.0
2025-01-12 05:00:00+00:00,0.0,0.0,0.0,0.0
2025-01-12 06:00:00+00:00,0.0,0.0,-1.6756797481014544e-05,-2.6216313954436905e-05
2025-01-12 07:00:00+00:00,0.0,0.0,0.0,0.0
2025-01-12 08:00:00+00:00,0.0,0.0,0.0,0.0
2025-01-12 09:00:00+00:00,0.0,0.0,-2.5109375054754848e-05,-4.626250013141208e-05
2025-01-12 10:00:00+00:00,0.0,0.0,0.0,0.0
2025-01-12 11:00:00+00:00,0.0,0.0,0.0,0.0
2025-01-12 12:00:00+00:00,0.0,0.0,0.0,0.0
2025-01-12 13:00:00+00:00,0.0,0.0,0.0,3.245669465100521e-05
2025-01-12 14:00:00+00:00,0.0,0.0,4.307086831375818e-05,0.0
2025-01-12 15:00:00+00:00,0.0,0.0,0.0,0.0
2025-01-12 16:00:00+00:00,0.002239,0.0,0.0,0.0
2025-01-12 17:00:00+00:00,0.0,0.0,0.0,0.0
2025-01-12 18:00:00+00:00,0.0,0.0,0.0,0.0
2025-01-12 19:00:00+00:00,0.0,0.0,0.0,0.0
2025-01-12 20:00:00+00:00,0.0,0.0,0.0,0.0
2025-01-12 21:00:00+00:00,0.0,0.0,0.0,0.0
2025-01-12 22:00:00+00:00,0.0,0.0,0.0,-0.0001077651651013
2025-01-12 23:00:00+00:00,0.0,0.0,0.0,0.0
2025-01-13 00:00:00+00:00,0.0,0.0,0.0,0.0
2025-01-13 01:00:00+00:00,0.0,0.0,0.0,0.0
2025-01-13 02:00:00+00:00,0.0,0.0,0.0,0.0
2025-01-13 03:00:00+00:00,0.0,0.0,0.0,0.0
2025-01-13 04:00:00+00:00,0.0,0.0,0.0,0.0
2025-01-13 05:00:00+00:00,0.003239,0.0,0.0,0.0
2025-01-13 06:00:00+00:00,0.0,0.0,0.0,0.0
2025-01-13 07:00:00+00:00,0.0,0.0,0.0,0.0
2025-01-13 08:00:00+00:00,0.0,0.0,0.0,0.0
2025-01-13 09:00:00+00:00,0.0,0.0,0.0,0.0
2025-01-13 10:00:00+00:00,0.0,0.0,0.0,0.0
2025-01-13 11:00:00+00:00,0.0,0.0,0.0,0.0
2025-01-13 12:00:00+00:00,0.0,0.0,0.0,0.0
2025-01-13 13:00:00+00:00,0.0,0.0,0.0,0.0
2025-01-13 14:00:00+00:00,0.003643,0.0,0.0,0.0001145447226795
2025-01-13 15:00:00+00:00,0.0,0.0,0.0,0.0
2025-01-13 16:00:00+00:00,0.0,0.0,0.0,0.0
2025-01-13 17:00:00+00:00,0.0,0.0,0.0,0.0
2025-01-13 18:00:00+00:00,0.0,0.0,0.0,0.0
2025-01-13 19:00:00+00:00,0.0,0.0,0.0,0.0
2025-01-13 20:00:00+00:00,0.0,0.0,0.0,0.0
2025-01-13 21:00:00+00:00,0.0,0.0,0.0,0.0
2025-01-13 22:00:00+00:00,0.0,0.0,0.0,0.0
2025-01-13 23:00:00+00:00,0.0,0.0,0.0,0.0
2025-01-14 00:00:00+00:00,0.0,0.0,0.0,0.0
2025-01-14 01:00:00+00:00,0.0,0.0,0.0,0.0
2025-01-14 02:00:00+00:00,0.0,0.0,0.0,0.0
2025-01-14 03:00:00+00:00,0.0,0.0,0.0,0.0
2025-01-14 04:00:00+00:00,0.0,0.0,0.0,0.0
2025-01-14 05:00:00+00:00,0.0,0.0,0.0,0.0
2025-01-14 06:00:00+00:00,0.0,0.0,0.0,0.0
2025-01-14 07:00:00+00:00,0.0,0.0,0.0,0.0
2025-01-14 08:00:00+00:00,0.0,0.0,0.0,2.516964927791744e-05
2025-01-14 09:00:00+00:00,0.0137159999999999,0.0,8.534527763894295e-05,0.0
2025-01-14 10:00:00+00:00,0.0,0.0,0.0,0.0
2025-01-14 11:00:00+00:00,0.0,0.0,0.0,0.0
2025-01-14 12:00:00+00:00,0.0,0.0,-2.813760279338661e-05,0.0
2025-01-14 13:00:00+00:00,0.0,0.0,0.0,-8.631461053425827e-05
2025-01-14 14:00:00+00:00,0.0,0.0,0.0,0.0
2025-01-14 15:00:00+00:00,0.0,0.0,0.0,0.0
2025-01-14 16:00:00+00:00,0.003744,0.0,0.0,-0.0001083667222443
2025-01-14 17:00:00+00:00,0.0,0.0,0.0,0.0
2025-01-14 18:00:00+00:00,0.0,0.0,0.0,0.0
2025-01-14 19:00:00+00:00,0.0,0.0,0.0,0.0
2025-01-14 20:00:00+00:00,0.0,0.0,0.0,0.0
2025-01-14 21:00:00+00:00,0.0,0.0,0.0,0.0
2025-01-14 22:00:00+00:00,0.0,0.0,0.0,0.0
2025-01-14 23:00:00+00:00,0.0,0.0,0.0,0.0
2025-01-15 00:00:00+00:00,0.0,0.0,0.0,0.0
2025-01-15 01:00:00+00:00,0.0,0.0,0.0,0.0
2025-01-15 02:00:00+00:00,0.0,0.0,0.0,-5.219978135481132e-06
2025-01-15 03:00:00+00:00,0.0,0.0,0.0,0.0
2025-01-15 04:00:00+00:00,0.0,0.0,0.0,0.0
2025-01-15 05:00:00+00:00,0.0,0.0,0.0,0.0
2025-01-15 06:00:00+00:00,0.0,0.0,0.0,0.0
2025-01-15 07:00:00+00:00,0.0,0.0,0.0,0.0
2025-01-15 08:00:00+00:00,0.0,0.0,0.0,0.0
2025-01-15 09:00:00+00:00,0.0,0.0,0.0,0.0
2025-01-15 10:00:00+00:00,0.0,0.0,0.0,0.0
2025-01-15 11:00:00+00:00,-0.011469,0.0,0.0,0.0
2025-01-15 12:00:00+00:00,0.0,0.0,0.0,0.0
2025-01-15 13:00:00+00:00,0.0,0.0,0.0,0.0
2025-01-15 14:00:00+00:00,0.0,0.0,0.0,0.0
2025-01-15 15:00:00+00:00,0.0,0.0,0.0,0.0
2025-01-15 16:00:00+00:00,0.0,0.0,0.0,0.0
2025-01-15 17:00:00+00:00,-0.011348,0.0,0.0,0.0
2025-01-15 18:00:00+00:00,0.0,0.0,0.0,0.0
2025-01-15 19:00:00+00:00,0.0,0.0,0.0,0.0
2025-01-15 20:00:00+00:00,0.0,0.0,0.0001165657511958,9.680527998305544e-05
2025-01-15 21:00:00+00:00,0.0,0.0,0.0,0.0
2025-01-15 22:00:00+00:00,0.0,0.0,0.0,0.0
2025-01-15 23:00:00+00:00,0.0,0.0,0.0,0.0
2025-01-16 00:00:00+00:00,0.0,0.0,0.0,0.0
2025-01-16 01:00:00+00:00,0.0,0.0,0.0,0.0
2025-01-16 02:00:00+00:00,0.003711,0.0,0.0,0.0
2025-01-16 03:00:00+00:00,0.0,0.0,0.0,0.0
2025-01-16 04:00:00+00:00,0.0,0.0,0.0,0.0
2025-01-16 05:00:00+00:00,0.0,0.0,0.0,0.0
2025-01-16 06:00:00+00:00,0.0,0.0,0.0,0.0
2025-01-16 07:00:00+00:00,0.0,0.0,0.0,0.0
2025-01-16 08:00:00+00:00,-0.011532,0.0,0.0,-8.210372056536741e-05
2025-01-16 09:00:00+00:00,0.0,0.0,0.0,0.0
2025-01-16 10:00:00+00:00,0.0,0.0,0.0,0.0
2025-01-16 11:00:00+00:00,0.0,0.0,0.0,0.0
2025-01-16 12:00:00+00:00,0.0,0.0,0.0,0.0
2025-01-16 13:00:00+00:00,0.0,0.0,0.0,0.0
2025-01-16 14:00:00+00:00,-0.011564,0.0,-7.075692379830078e-05,0.0
2025-01-16 15:00:00+00:00,0.0,0.0,0.0,0.0
2025-01-16 16:00:00+00:00,0.0,0.0,0.0,0.0
2025-01-16 17:00:00+00:00,0.0,0.0,0.0,0.0
2025-01-16 18:00:00+00:00,0.0,0.0,0.0,0.0
2025-01-16 19:00:00+00:00,0.0,0.0,0.0,0.0
2025-01-16 20:00:00+00:00,0.0,0.0,0.0,0.0
2025-01-16 21:00:00+00:00,0.0,0.0,0.0,0.0
2025-01-16 22:00:00+00:00,0.0,0.0,0.0,0.0
2025-01-16 23:00:00+00:00,0.0,0.0,0.0,5.960288599248132e-05
2025-01-17 00:00:00+00:00,0.0,0.0,0.0,0.0
2025-01-17 01:00:00+00:00,0.0,0.0,0.0,0.0
2025-01-17 02:00:00+00:00,0.0,0.0,0.0,0.0
2025-01-17 03:00:00+00:00,0.0,0.0,0.0,0.0
2025-01-17 04:00:00+00:00,0.0,0.0,0.0,0.0
2025-01-17 05:00:00+00:00,0.0,0.0,0.0,0.0
2025-01-17 06:00:00+00:00,0.0,0.0,0.0,0.0
2025-01-17 07:00:00+00:00,0.0,0.0,0.0,0.0
2025-01-17 08:00:00+00:00,0.0,0.0,6.371168320345678e-05,4.896934656276498e-05
2025-01-17 09:00:00+00:00,0.0,0.0,0.0,0.0
2025-01-17 10:00:00+00:00,0.0,0.0,0.0,0.0
2025-01-17 11:00:00+00:00,0.0,0.0,0.0,0.0
2025-01-17 12:00:00+00:00,0.013614,0.0,0.0,0.0
2025-01-17 13:00:00+00:00,0.0,0.0,0.0,0.0
2025-01-17 14:00:00+00:00,0.0,0.0,0.0,8.233364669195109e-05
2025-01-17 15:00:00+00:00,0.0,0.0,0.0,0.0
2025-01-17 16:00:00+00:00,0.0,0.0,0.0,0.0
2025-01-17 17:00:00+00:00,0.0,0.0,-6.519619794878362e-05,0.0
2025-01-17 18:00:00+00:00,0.0,0.0,0.0,0.0
2025-01-17 19:00:00+00:00,0.0,0.0,0.0,0.0
2025-01-17 20:00:00+00:00,0.0,0.0,0.0,0.0
2025-01-17 21:00:00+00:00,0.0,0.0,0.0,0.0
2025-01-17 22:00:00+00:00,0.0,0.0,0.0,0.0
2025-01-17 23:00:00+00:00,0.0,0.0,0.0,0.0
2025-01-18 00:00:00+00:00,0.0,0.0,0.0,0.0
2025-01-18 01:00:00+00:00,0.0,0.0,0.0,0.0
2025-01-18 02:00:00+00:00,0.0,0.0,0.0,0.0
2025-01-18 03:00:00+00:00,0.0,0.0,0.0,0.0
2025-01-18 04:00:00+00:00,0.0,0.0,0.0,0.0
2025-01-18 05:00:00+00:00,0.0,0.0,0.0,0.0
2025-01-18 06:00:00+00:00,0.0,0.0,0.0,0.0
2025-01-18 07:00:00+00:00,0.0,0.0,0.0,0.0
2025-01-18 08:00:00+00:00,0.0,0.0,0.0,0.0
2025-01-18 09:00:00+00:00,0.0,0.0,0.0,0.0
2025-01-18 10:00:00+00:00,0.0,0.0,0.0,0.0
2025-01-18 11:00:00+00:00,0.0,0.0,0.0,0.0
2025-01-18 12:00:00+00:00,0.0,0.0,0.0,0.0
2025-01-18 13:00:00+00:00,0.0,0.0,0.0,0.0
2025-01-18 14:00:00+00:00,0.0,0.0,0.0,0.0
2025-01-18 15:00:00+00:00,0.0,0.0,0.0,0.0
2025-01-18 16:00:00+00:00,0.0,0.0,0.0,0.0
2025-01-18 17:00:00+00:00,0.0,0.0,0.0,0.0
2025-01-18 18:00:00+00:00,0.0,0.0,0.0,0.0
2025-01-18 19:00:00+00:00,0.0,0.0,0.0,0.0
2025-01-18 20:00:00+00:00,0.0,0.0,0.0,0.0
2025-01-18 21:00:00+00:00,0.0,0.0,0.0,0.0
2025-01-18 22:00:00+00:00,0.0,0.0,0.0,0.0
2025-01-18 23:00:00+00:00,0.0,0.0,0.0,0.0
2025-01-19 00:00:00+00:00,0.0,0.0,0.0,0.0
2025-01-19 01:00:00+00:00,0.0,0.0,0.0,0.0
2025-01-19 02:00:00+00:00,0.0,0.0,0.0,0.0
2025-01-19 03:00:00+00:00,0.0,0.0,0.0,0.0
2025-01-19 04:00:00+00:00,0.0,0.0,0.0,0.0
2025-01-19 05:00:00+00:00,0.0,0.0,0.0,0.0
2025-01-19 06:00:00+00:00,0.0,0.0,0.0,0.0
2025-01-19 07:00:00+00:00,0.0,0.0,0.0,0.0
2025-01-19 08:00:00+00:00,-0.011444,0.0,0.0,0.0
2025-01-19 09:00:00+00:00,0.0,0.0,0.0,0.0
2025-01-19 10:00:00+00:00,0.0,0.0,0.0,0.0
2025-01-19 11:00:00+00:00,0.0,0.0,0.0,0.0
2025-01-19 12:00:00+00:00,0.0,0.0,0.0,0.0
2025-01-19 13:00:00+00:00,0.0,0.0,0.0,0.0
2025-01-19 14:00:00+00:00,0.0,0.0,0.0,0.0
2025-01-19 15:00:00+00:00,0.0,0.0,0.0,0.0
2025-01-19 16:00:00+00:00,0.0,0.0,0.0,0.0
2025-01-19 17:00:00+00:00,0.0,0.0,0.0,0.0
2025-01-19 18:00:00+00:00,0.0,0.0,0.0,0.0
2025-01-19 19:00:00+00:00,0.0,0.0,0.0,0.0
2025-01-19 20:00:00+00:00,0.0,0.0,0.0,0.0
2025-01-19 21:00:00+00:00,0.0,0.0,0.0,0.0
2025-01-19 22:00:00+00:00,0.0,0.0,0.0,0.0
2025-01-19 23:00:00+00:00,0.0,0.0,0.0,0.0
2025-01-20 00:00:00+00:00,0.0,0.0,0.0,0.0
2025-01-20 01:00:00+00:00,0.0,0.0,0.0,0.0
2025-01-20 02:00:00+00:00,0.0,0.0,0.0,0.0
2025-01-20 03:00:00+00:00,0.0,0.0,0.0,0.0
2025-01-20 04:00:00+00:00,0.0,0.0,0.0,0.0
2025-01-20 05:00:00+00:00,0.0,0.0,0.0,0.0
2025-01-20 06:00:00+00:00,0.0,0.0,0.0,0.0
2025-01-20 07:00:00+00:00,0.0,0.0,0.0,0.0
2025-01-20 08:00:00+00:00,0.0,0.0,0.0,0.0
2025-01-20 09:00:00+00:00,0.0,0.0,0.0,0.0
2025-01-20 10:00:00+00:00,0.0,0.0,0.0,0.0
2025-01-20 11:00:00+00:00,0.0,0.0,0.0,0.0
2025-01-20 12:00:00+00:00,0.0,0.0,0.0,0.0
2025-01-20 13:00:00+00:00,0.0,0.0,0.0,0.0
2025-01-20 14:00:00+00:00,0.0,0.0,0.0,0.0
2025-01-20 15:00:00+00:00,0.0,0.0,0.0,0.0
2025-01-20 16:00:00+00:00,0.0,0.0,0.0,0.0
2025-01-20 17:00:00+00:00,0.0,0.0,0.0,0.0
2025-01-20 18:00:00+00:00,0.0,0.0,0.0,0.0
2025-01-20 19:00:00+00:00,0.0,0.0,0.0,0.0
2025-01-20 20:00:00+00:00,0.0,0.0,0.0,0.0
2025-01-20 21:00:00+00:00,0.0,0.0,0.0,0.0
2025-01-20 22:00:00+00:00,0.0,0.0,0.0,0.0
2025-01-20 23:00:00+00:00,0.0,0.0,0.0,0.0
2025-01-21 00:00:00+00:00,0.0,0.0,0.0,0.0
2025-01-21 01:00:00+00:00,0.0,0.0,0.0,0.0
2025-01-21 02:00:00+00:00,0.0,0.0,0.0,0.0
2025-01-21 03:00:00+00:00,0.0,0.0,0.0,0.0
2025-01-21 04:00:00+00:00,0.0,0.0,0.0,0.0
2025-01-21 05:00:00+00:00,0.0,0.0,0.0,0.0
2025-01-21 06:00:00+00:00,0.0,0.0,0.0,0.0
2025-01-21 07:00:00+00:00,0.0,0.0,0.0,0.0
2025-01-21 08:00:00+00:00,0.0,0.0,0.0,0.0
2025-01-21 09:00:00+00:00,0.0,0.0,0.0,0.0
2025-01-21 10:00:00+00:00,0.0,0.0,0.0,0.0
2025-01-21 11:00:00+00:00,0.0,0.0,0.0,0.0
2025-01-21 12:00:00+00:00,0.0,0.0,0.0,0.0
2025-01-21 13:00:00+00:00,0.0,0.0,0.0,0.0
2025-01-21 14:00:00+00:00,0.0,0.0,0.0,0.0
2025-01-21 15:00:00+00:00,0.0,0.0,0.0,0.0
2025-01-21 16:00:00+00:00,0.0,0.0,0.0,0.0
2025-01-21 17:00:00+00:00,0.0,0.0,0.0,0.0
2025-01-21 18:00:00+00:00,0.0,0.0,0.0,0.0
2025-01-21 19:00:00+00:00,0.0,0.0,0.0,0.0
2025-01-21 20:00:00+00:00,0.0,0.0,0.0,0.0
2025-01-21 21:00:00+00:00,0.0,0.0,0.0,0.0
2025-01-21 22:00:00+00:00,0.0,0.0,0.0,0.0
2025-01-21 23:00:00+00:00,0.0,0.0,0.0,0.0
2025-01-22 00:00:00+00:00,0.0,0.0,0.0,0.0
2025-01-22 01:00:00+00:00,0.0,0.0,0.0,0.0
2025-01-22 02:00:00+00:00,0.0,0.0,0.0,0.0
2025-01-22 03:00:00+00:00,0.0,0.0,0.0,0.0
2025-01-22 04:00:00+00:00,0.0,0.0,0.0,0.0
2025-01-22 05:00:00+00:00,0.0,0.0,0.0,0.0
2025-01-22 06:00:00+00:00,0.0,0.0,0.0,0.0
2025-01-22 07:00:00+00:00,0.0,0.0,0.0,0.0
2025-01-22 08:00:00+00:00,0.0,0.0,0.0,0.0
2025-01-22 09:00:00+00:00,0.0,0.0,0.0,0.0
2025-01-22 10:00:00+00:00,0.0,0.0,0.0,0.0
2025-01-22 11:00:00+00:00,0.0,0.0,0.0,0.0
2025-01-22 12:00:00+00:00,0.0,0.0,0.0,0.0
2025-01-22 13:00:00+00:00,-0.011179,0.0,0.0,-9.063262181995712e-05
2025-01-22 14:00:00+00:00,0.0,0.0,0.0,0.0
2025-01-22 15:00:00+00:00,0.0,0.0,0.0,0.0
2025-01-22 16:00:00+00:00,0.0,0.0,0.0,0.0
2025-01-22 17:00:00+00:00,0.0,0.0,0.0,0.0
2025-01-22 18:00:00+00:00,0.0,0.0,0.0,0.0
2025-01-22 19:00:00+00:00,0.0,0.0,0.0,0.0
2025-01-22 20:00:00+00:00,0.0,0.0,0.0,0.0
2025-01-22 21:00:00+00:00,0.003914,0.0,0.0,0.0
2025-01-22 22:00:00+00:00,0.0,0.0,0.0,0.0
2025-01-22 23:00:00+00:00,0.0,0.0,0.0,-5.5435779858342685e-05
2025-01-23 00:00:00+00:00,0.0,0.0,0.0,0.0
2025-01-23 01:00:00+00:00,0.0,0.0,0.0,0.0
2025-01-23 02:00:00+00:00,0.0,0.0,0.0,0.0
2025-01-23 03:00:00+00:00,0.0,0.0,0.0,0.0
2025-01-23 04:00:00+00:00,0.0,0.0,0.0,0.0
2025-01-23 05:00:00+00:00,0.0,0.0,0.0,0.0
2025-01-23 06:00:00+00:00,0.0,0.0,0.0,0.0
2025-01-23 07:00:00+00:00,0.0,0.0,0.0,0.0
2025-01-23 08:00:00+00:00,0.0,0.0,0.0,0.0
2025-01-23 09:00:00+00:00,0.0,0.0,0.0,0.0
2025-01-23 10:00:00+00:00,-0.011192,0.0,0.0,0.0
2025-01-23 11:00:00+00:00,0.0,0.0,0.0,0.0
2025-01-23 12:00:00+00:00,0.0,0.0,0.0,0.0
2025-01-23 13:00:00+00:00,0.0,0.0,0.0,0.0
2025-01-23 14:00:00+00:00,0.013791,0.0,0.0,0.0
2025-01-23 15:00:00+00:00,0.0,0.0,0.0,0.0
2025-01-23 16:00:00+00:00,0.0,0.0,0.0,0.0
2025-01-23 17:00:00+00:00,0.0,0.0,0.0,0.0
2025-01-23 18:00:00+00:00,0.0,0.0,0.0,0.0
2025-01-23 19:00:00+00:00,0.0,0.0,-0.0001053206042834,0.0
2025-01-23 20:00:00+00:00,0.0,0.0,0.0,0.0
2025-01-23 21:00:00+00:00,0.0,0.0,0.0,0.0
2025-01-23 22:00:00+00:00,0.0,0.0,0.0,0.0
2025-01-23 23:00:00+00:00,0.0,0.0,0.0,0.0
2025-01-24 00:00:00+00:00,0.0,0.0,0.0,0.0
2025-01-24 01:00:00+00:00,0.0,0.0,0.0,0.0
2025-01-24 02:00:00+00:00,0.0,0.0,0.0,0.0
2025-01-24 03:00:00+00:00,0.0,0.0,0.0,0.0
2025-01-24 04:00:00+00:00,0.0,0.0,0.0,0.0
2025-01-24 05:00:00+00:00,0.0,0.0,0.0,0.0
2025-01-24 06:00:00+00:00,0.0,0.0,0.0,0.0
2025-01-24 07:00:00+00:00,0.0,0.0,0.0,0.0
2025-01-24 08:00:00+00:00,0.0,0.0,0.0,0.0
2025-01-24 09:00:00+00:00,0.0,0.0,0.0,0.0
2025-01-24 10:00:00+00:00,0.0,0.0,0.0,0.0
2025-01-24 11:00:00+00:00,0.0,0.0,0.0,0.0
2025-01-24 12:00:00+00:00,0.0,0.0,0.0,0.0
2025-01-24 13:00:00+00:00,0.0,0.0,-2.907765797015237e-05,-4.56903474764303e-05
2025-01-24 14:00:00+00:00,0.0,0.0,0.0,0.0
2025-01-24 15:00:00+00:00,0.0,0.0,0.0,0.0
2025-01-24 16:00:00+00:00,0.0,0.0,0.0,0.0
2025-01-24 17:00:00+00:00,0.0,0.0,0.0,0.0
2025-01-24 18:00:00+00:00,0.0,0.0,9.358163679985654e-05,7.286530943988568e-05
2025-01-24 19:00:00+00:00,0.0,0.0,0.0,0.0
2025-01-24 20:00:00+00:00,0.003965,0.0,0.0,0.0
2025-01-24 21:00:00+00:00,0.0,0.0,0.0,0.0
2025-01-24 22:00:00+00:00,0.0,0.0,0.0,0.0
2025-01-24 23:00:00+00:00,0.0,0.0,0.0,0.0
2025-01-25 00:00:00+00:00,0.0,0.0,0.0,0.0
2025-01-25 01:00:00+00:00,0.0,0.0,0.0,0.0
2025-01-25 02:00:00+00:00,0.0,0.0,0.0,0.0
2025-01-25 03:00:00+00:00,0.0,0.0,0.0,0.0
2025-01-25 04:00:00+00:00,0.0,0.0,0.0,0.0
2025-01-25 05:00:00+00:00,0.0,0.0,0.0,0.0
2025-01-25 06:00:00+00:00,0.0,0.0,0.0,0.0
2025-01-25 07:00:00+00:00,0.0,0.0,0.0,0.0
2025-01-25 08:00:00+00:00,0.0,0.0,0.0,0.0
2025-01-25 09:00:00+00:00,0.0,0.0,0.0,0.0
2025-01-25 10:00:00+00:00,0.0,0.0,0.0,0.0
2025-01-25 11:00:00+00:00,0.0,0.0,0.0,0.0
2025-01-25 12:00:00+00:00,0.0,0.0,0.0,0.0
2025-01-25 13:00:00+00:00,0.0,0.0,0.0,0.0
2025-01-25 14:00:00+00:00,0.0,0.0,0.0,0.0
2025-01-25 15:00:00+00:00,0.0,0.0,0.0,0.0
2025-01-25 16:00:00+00:00,0.0,0.0,0.0,0.0
2025-01-25 17:00:00+00:00,0.0,0.0,0.0,0.0
2025-01-25 18:00:00+00:00,0.0,0.0,0.0,0.0
2025-01-25 19:00:00+00:00,0.0,0.0,0.0,0.0
2025-01-25 20:00:00+00:00,0.0,0.0,0.0,0.0
2025-01-25 21:00:00+00:00,0.0,0.0,-2.3250658035264264e-05,0.0
2025-01-25 22:00:00+00:00,0.0,0.0,0.0,1.6785890363625333e-05
2025-01-25 23:00:00+00:00,0.0,0.0,0.0,0.0
2025-01-26 00:00:00+00:00,0.0,0.0,0.0,0.0
2025-01-26 01:00:00+00:00,0.0,0.0,0.0,0.0
2025-01-26 02:00:00+00:00,0.0,0.0,0.0,0.0
2025-01-26 03:00:00+00:00,0.0,0.0,3.680690126458887e-05,0.0
2025-01-26 04:00:00+00:00,0.0,0.0,0.0,0.0
2025-01-26 05:00:00+00:00,0.0,0.0,0.0,0.0
2025-01-26 06:00:00+00:00,0.002831,0.0,-1.886824115373885e-05,0.0
2025-01-26 07:00:00+00:00,0.0,0.0,0.0,0.0
2025-01-26 08:00:00+00:00,0.0,0.0,0.0,7.143126534846509e-06
2025-01-26 09:00:00+00:00,0.0,0.0,-2.7045065047833764e-05,0.0
2025-01-26 10:00:00+00:00,0.0,0.0,0.0,0.0
2025-01-26 11:00:00+00:00,0.0,0.0,0.0,0.0
2025-01-26 12:00:00+00:00,0.0,0.0,0.0,0.0
2025-01-26 13:00:00+00:00,0.0,0.0,0.0,1.1327485937647772e-05
2025-01-26 14:00:00+00:00,0.0,0.0,0.0,0.0
2025-01-26 15:00:00+00:00,0.0,0.0,0.0,0.0
2025-01-26 16:00:00+00:00,0.0,0.0,0.0,0.0
2025-01-26 17:00:00+00:00,0.0,0.0,0.0,0.0
2025-01-26 18:00:00+00:00,0.0,0.0,1.6659357422060825e-05,1.349538202526702e-05
2025-01-26 19:00:00+00:00,0.0,0.0,0.0,0.0
2025-01-26 20:00:00+00:00,0.0,0.0,0.0,0.0
2025-01-26 21:00:00+00:00,-0.013196,0.0,-2.3410196608880653e-05,-4.218447186131179e-05
2025-01-26 22:00:00+00:00,0.0,0.0,0.0,0.0
2025-01-26 23:00:00+00:00,0.0,0.0,0.0,0.0
2025-01-27 00:00:00+00:00,0.0,0.0,0.0,0.0
2025-01-27 01:00:00+00:00,0.0,0.0,0.0,0.0
2025-01-27 02:00:00+00:00,0.0,0.0,0.0,0.0
2025-01-27 03:00:00+00:00,0.0,0.0,0.0,0.0
2025-01-27 04:00:00+00:00,0.0,0.0,0.0,0.0
2025-01-27 05:00:00+00:00,0.0,0.0,0.0,-0.0001185289269022
2025-01-27 06:00:00+00:00,0.0,0.0,0.0,0.0
2025-01-27 07:00:00+00:00,0.0,0.0,0.0,0.0
2025-01-27 08:00:00+00:00,0.0,0.0,0.0,0.0
2025-01-27 09:00:00+00:00,0.0,0.0,0.0,0.0
2025-01-27 10:00:00+00:00,0.0,0.0,0.0,0.0
2025-01-27 11:00:00+00:00,0.0,0.0,0.0,0.0
2025-01-27 12:00:00+00:00,0.013826,0.0,0.0,0.0
2025-01-27 13:00:00+00:00,0.0,0.0,0.0,0.0001884673696657
2025-01-27 14:00:00+00:00,0.0,0.0,0.0,0.0
2025-01-27 15:00:00+00:00,0.0,0.0,0.0,0.0
2025-01-27 16:00:00+00:00,0.0,0.0,0.0,0.0
2025-01-27 17:00:00+00:00,0.0,0.0,0.0,0.0
2025-01-27 18:00:00+00:00,0.0,0.0,0.0,0.0
2025-01-27 19:00:00+00:00,0.0,0.0,0.0,0.0
2025-01-27 20:00:00+00:00,0.0,0.0,0.0,0.0
2025-01-27 21:00:00+00:00,0.0,0.0,0.0,0.0
2025-01-27 22:00:00+00:00,0.0,0.0,0.0,0.0
2025-01-27 23:00:00+00:00,0.0,0.0,0.0,0.0
2025-01-28 00:00:00+00:00,0.0,0.0,0.0,0.0
2025-01-28 01:00:00+00:00,0.0,0.0,0.0,0.0
2025-01-28 02:00:00+00:00,0.0,0.0,0.0,0.0
2025-01-28 03:00:00+00:00,0.0,0.0,0.0,0.0
2025-01-28 04:00:00+00:00,0.0,0.0,0.0,0.0
2025-01-28 05:00:00+00:00,0.0,0.0,0.0,0.0
2025-01-28 06:00:00+00:00,0.0,0.0,0.0,0.0
2025-01-28 07:00:00+00:00,0.0,0.0,0.0,0.0
2025-01-28 08:00:00+00:00,0.0,0.0,0.0,0.0
2025-01-28 09:00:00+00:00,0.0,0.0,-3.047569095673496e-05,0.0
2025-01-28 10:00:00+00:00,0.0,0.0,0.0,0.0
2025-01-28 11:00:00+00:00,0.0,0.0,0.0,0.0
2025-01-28 12:00:00+00:00,0.0,0.0,0.0,0.0
2025-01-28 13:00:00+00:00,0.0,0.0,0.0,0.0
2025-01-28 14:00:00+00:00,-0.011117,0.0,-3.494980749998099e-05,-5.914165829616235e-05
2025-01-28 15:00:00+00:00,0.0,0.0,0.0,0.0
2025-01-28 16:00:00+00:00,0.0,0.0,0.0,0.0
2025-01-28 17:00:00+00:00,0.0,0.0,0.0,0.0
2025-01-28 18:00:00+00:00,0.0,0.0,0.0,0.0
2025-01-28 19:00:00+00:00,0.0,0.0,0.0,0.0
2025-01-28 20:00:00+00:00,0.0,0.0,0.0,0.0
2025-01-28 21:00:00+00:00,0.0,0.0,0.0,0.0
2025-01-28 22:00:00+00:00,0.0,0.0,0.0,0.0
2025-01-28 23:00:00+00:00,0.0,0.0,0.0,0.0
2025-01-29 00:00:00+00:00,0.0,0.0,0.0,0.0
2025-01-29 01:00:00+00:00,0.0,0.0,0.0,0.0
2025-01-29 02:00:00+00:00,0.0,0.0,0.0,0.0
2025-01-29 03:00:00+00:00,0.0,0.0,0.0,0.0
2025-01-29 04:00:00+00:00,0.0,0.0,0.0,0.0
2025-01-29 05:00:00+00:00,0.0,0.0,0.0,0.0
2025-01-29 06:00:00+00:00,0.0,0.0,0.0,0.0
2025-01-29 07:00:00+00:00,0.0,0.0,0.0,0.0
2025-01-29 08:00:00+00:00,0.0,0.0,4.930942089925839e-05,0.0
2025-01-29 09:00:00+00:00,0.0,0.0,0.0,-5.270590220583182e-05
2025-01-29 10:00:00+00:00,0.0,0.0,0.0,0.0
2025-01-29 11:00:00+00:00,0.0,0.0,0.0,0.0
2025-01-29 12:00:00+00:00,0.0,0.0,-2.868801511992757e-05,0.0
2025-01-29 13:00:00+00:00,-0.011393,0.0,0.0,-5.485123628782506e-05
2025-01-29 14:00:00+00:00,0.0,0.0,0.0,0.0
2025-01-29 15:00:00+00:00,0.0,0.0,0.0,0.0
2025-01-29 16:00:00+00:00,0.0,0.0,0.0,0.0
2025-01-29 17:00:00+00:00,0.0,0.0,0.0,0.0
2025-01-29 18:00:00+00:00,0.003411,0.0,0.0,7.63256782307409e-05
2025-01-29 19:00:00+00:00,0.0,0.0,0.0001072641204399,0.0
2025-01-29 20:00:00+00:00,0.0,0.0,0.0,0.0
2025-01-29 21:00:00+00:00,0.0,0.0,0.0,0.0
2025-01-29 22:00:00+00:00,0.0,0.0,0.0,0.0
2025-01-29 23:00:00+00:00,0.0,0.0,0.0,0.0
2025-01-30 00:00:00+00:00,0.0,0.0,0.0,0.0
2025-01-30 01:00:00+00:00,0.0,0.0,0.0,0.0
2025-01-30 02:00:00+00:00,0.0,0.0,0.0,0.0
2025-01-30 03:00:00+00:00,0.0,0.0,0.0,0.0
2025-01-30 04:00:00+00:00,0.0,0.0,0.0,0.000113238465043
2025-01-30 05:00:00+00:00,0.0,0.0,0.0,0.0
2025-01-30 06:00:00+00:00,0.0,0.0,0.0,0.0
2025-01-30 07:00:00+00:00,0.0,0.0,0.0,0.0
2025-01-30 08:00:00+00:00,0.0,0.0,0.0,0.0
2025-01-30 09:00:00+00:00,0.0,0.0,0.0,0.0
2025-01-30 10:00:00+00:00,0.0,0.0,0.0,0.0
2025-01-30 11:00:00+00:00,0.0,0.0,0.0,0.0
2025-01-30 12:00:00+00:00,0.0,0.0,-3.11107918226916e-05,0.0
2025-01-30 13:00:00+00:00,0.0,0.0,0.0,0.0
2025-01-30 14:00:00+00:00,0.0,0.0,0.0,5.258870390357663e-05
2025-01-30 15:00:00+00:00,0.0,0.0,0.0,0.0
2025-01-30 16:00:00+00:00,0.0,0.0,0.0,0.0
2025-01-30 17:00:00+00:00,0.003613,0.0,-6.227113409874585e-05,-7.331799892825618e-05
2025-01-30 18:00:00+00:00,0.0,0.0,0.0,0.0
2025-01-30 19:00:00+00:00,0.0,0.0,0.0,0.0
2025-01-30 20:00:00+00:00,0.0,0.0,0.0,0.0
2025-01-30 21:00:00+00:00,0.0,0.0,0.0,0.0
2025-01-30 22:00:00+00:00,0.0,0.0,0.0,0.0
2025-01-30 23:00:00+00:00,0.0,0.0,0.0,0.0
2025-01-31 00:00:00+00:00,0.0,0.0,0.0,0.0
2025-01-31 01:00:00+00:00,0.0,0.0,0.0,0.0
2025-01-31 02:00:00+00:00,0.0,0.0,0.0,0.0
2025-01-31 03:00:00+00:00,0.0,0.0,0.0,0.0
2025-01-31 04:00:00+00:00,0.0,0.0,0.0,0.0
2025-01-31 05:00:00+00:00,0.0,0.0,0.0,0.0
2025-01-31 06:00:00+00:00,0.0,0.0,0.0,0.0
2025-01-31 07:00:00+00:00,0.0,0.0,0.0,0.0
2025-01-31 08:00:00+00:00,0.0,0.0,0.0,0.0
2025-01-31 09:00:00+00:00,0.0,0.0,0.0,0.0
2025-01-31 10:00:00+00:00,0.0,0.0,0.0,0.0
2025-01-31 11:00:00+00:00,0.0,0.0,0.0,0.0
2025-01-31 12:00:00+00:00,0.0,0.0,0.0,0.0
2025-01-31 13:00:00+00:00,0.0,0.0,0.0,0.0
2025-01-31 14:00:00+00:00,0.0,0.0,0.0,0.0
2025-01-31 15:00:00+00:00,0.013305,0.0,0.0,0.0
2025-01-31 16:00:00+00:00,0.0,0.0,0.0,0.0
2025-01-31 17:00:00+00:00,0.0,0.0,-5.1785038656049214e-05,0.0
2025-01-31 18:00:00+00:00,0.0,0.0,0.0,-0.0001102840927745
2025-01-31 19:00:00+00:00,0.0,0.0,0.0,0.0
2025-01-31 20:00:00+00:00,0.0,0.0,0.0,0.0
2025-01-31 21:00:00+00:00,0.0,0.0,0.0,0.0
2025-01-31 22:00:00+00:00,0.0,0.0,0.0,0.0
2025-01-31 23:00:00+00:00,0.0,0.0,0.0,0.0
2025-02-01 00:00:00+00:00,0.0,0.0,0.0,7.475883462650824e-05
2025-02-01 01:00:00+00:00,0.0,0.0,0.0,0.0
2025-02-01 02:00:00+00:00,0.0,0.0,0.0,0.0
2025-02-01 03:00:00+00:00,0.0,0.0,0.0,0.0
2025-02-01 04:00:00+00:00,0.0,0.0,0.0,0.0
2025-02-01 05:00:00+00:00,0.0,0.0,0.0,0.0
2025-02-01 06:00:00+00:00,0.0,0.0,0.0,0.0
2025-02-01 07:00:00+00:00,0.0,0.0,0.0,0.0
2025-02-01 08:00:00+00:00,0.0,0.0,0.0,0.0
2025-02-01 09:00:00+00:00,0.0,0.0,0.0,0.0
2025-02-01 10:00:00+00:00,0.0,0.0,0.0,0.0
2025-02-01 11:00:00+00:00,0.0,0.0,0.0,0.0
2025-02-01 12:00:00+00:00,0.0,0.0,0.0,0.0
2025-02-01 13:00:00+00:00,0.0,0.0,0.0,0.0
2025-02-01 14:00:00+00:00,0.0,0.0,0.0,0.0
2025-02-01 15:00:00+00:00,0.0,0.0,0.0,0.0
2025-02-01 16:00:00+00:00,0.0,0.0,0.0,0.0
2025-02-01 17:00:00+00:00,0.0,0.0,0.0,0.0
2025-02-01 18:00:00+00:00,0.0,0.0,0.0,0.0
2025-02-01 19:00:00+00:00,0.0,0.0,0.0,0.0
2025-02-01 20:00:00+00:00,0.0,0.0,0.0,0.0
2025-02-01 21:00:00+00:00,0.0,0.0,0.0,0.0
2025-02-01 22:00:00+00:00,0.0,0.0,0.0,0.0
2025-02-01 23:00:00+00:00,0.0,0.0,0.0,0.0
2025-02-02 00:00:00+00:00,0.0,0.0,0.0,0.0
2025-02-02 01:00:00+00:00,0.0,0.0,0.0,0.0
2025-02-02 02:00:00+00:00,0.0,0.0,0.0,0.0
2025-02-02 03:00:00+00:00,0.0,0.0,0.0,0.0
2025-02-02 04:00:00+00:00,0.0,0.0,0.0,0.0
2025-02-02 05:00:00+00:00,0.0,0.0,0.0,0.0
2025-02-02 06:00:00+00:00,0.0,0.0,0.0,0.0
2025-02-02 07:00:00+00:00,0.0,0.0,0.0,0.0
2025-02-02 08:00:00+00:00,0.0,0.0,0.0,0.0
2025-02-02 09:00:00+00:00,0.0,0.0,0.0,0.0
2025-02-02 10:00:00+00:00,0.0,0.0,0.0,0.0
2025-02-02 11:00:00+00:00,0.0,0.0,0.0,0.0
2025-02-02 12:00:00+00:00,0.0,0.0,0.0,0.0
2025-02-02 13:00:00+00:00,0.0,0.0,0.0,0.0
2025-02-02 14:00:00+00:00,0.0,0.0,0.0,0.0001133502413982
2025-02-02 15:00:00+00:00,0.0,0.0,0.0,0.0
2025-02-02 16:00:00+00:00,0.0,0.0,0.0,0.0
2025-02-02 17:00:00+00:00,0.0,0.0,0.0,0.0
2025-02-02 18:00:00+00:00,0.0,0.0,0.0,0.0
2025-02-02 19:00:00+00:00,0.0,0.0,0.0,0.0
2025-02-02 20:00:00+00:00,0.0,0.0,0.0,0.0
2025-02-02 21:00:00+00:00,0.0,0.0,0.0,0.0
2025-02-02 22:00:00+00:00,0.0,0.0,0.0,0.0
2025-02-02 23:00:00+00:00,0.0,0.0,0.0,0.0
2025-02-03 00:00:00+00:00,0.0,0.0,0.0,0.0
2025-02-03 01:00:00+00:00,0.0,0.0,0.0,0.0
2025-02-03 02:00:00+00:00,0.0,0.0,0.0,0.0
2025-02-03 03:00:00+00:00,0.0,0.0,0.0,0.0
2025-02-03 04:00:00+00:00,0.0,0.0,0.0,0.0
2025-02-03 05:00:00+00:00,0.0,0.0,0.0,0.0
2025-02-03 06:00:00+00:00,0.0,0.0,0.0,0.0
2025-02-03 07:00:00+00:00,0.0,0.0,0.0,0.0
2025-02-03 08:00:00+00:00,0.0,0.0,0.0,0.0
2025-02-03 09:00:00+00:00,0.0,0.0,0.0,0.0
2025-02-03 10:00:00+00:00,0.0,0.0,0.0,0.0
2025-02-03 11:00:00+00:00,0.0,0.0,0.0,0.0
2025-02-03 12:00:00+00:00,0.0,0.0,0.0,0.0
2025-02-03 13:00:00+00:00,0.0,0.0,0.0,0.0
2025-02-03 14:00:00+00:00,0.0,0.0,0.0,0.0
2025-02-03 15:00:00+00:00,0.0,0.0,0.0,0.0
2025-02-03 16:00:00+00:00,0.0,0.0,0.0,0.0
2025-02-03 17:00:00+00:00,0.0,0.0,0.0,0.0
2025-02-03 18:00:00+00:00,0.0,0.0,0.0,0.0
2025-02-03 19:00:00+00:00,0.0,0.0,0.0,0.0
2025-02-03 20:00:00+00:00,0.0,0.0,0.0,0.0
2025-02-03 21:00:00+00:00,0.0,0.0,0.0,0.0
2025-02-03 22:00:00+00:00,0.0,0.0,0.0,0.0
2025-02-03 23:00:00+00:00,0.0,0.0,0.0,0.0
2025-02-04 00:00:00+00:00,0.0,0.0,0.0,0.0
2025-02-04 01:00:00+00:00,0.0,0.0,0.0,0.0
2025-02-04 02:00:00+00:00,0.0,0.0,0.0,0.0
2025-02-04 03:00:00+00:00,0.0,0.0,0.0,0.0
2025-02-04 04:00:00+00:00,0.0,0.0,0.0,0.0
2025-02-04 05:00:00+00:00,0.0,0.0,0.0,0.0
2025-02-04 06:00:00+00:00,0.0,0.0,0.0,0.0
2025-02-04 07:00:00+00:00,0.0,0.0,0.0,0.0
2025-02-04 08:00:00+00:00,0.0,0.0,0.0,0.0
2025-02-04 09:00:00+00:00,0.0,0.0,0.0,0.0
2025-02-04 10:00:00+00:00,0.0,0.0,0.0,0.0
2025-02-04 11:00:00+00:00,0.0,0.0,0.0,0.0
2025-02-04 12:00:00+00:00,0.0,0.0,0.0,0.0
2025-02-04 13:00:00+00:00,0.0,0.0,0.0,0.0
2025-02-04 14:00:00+00:00,0.0,0.0,0.0,0.0
2025-02-04 15:00:00+00:00,0.0,0.0,0.0,0.0
2025-02-04 16:00:00+00:00,0.0,0.0,0.0,0.0
2025-02-04 17:00:00+00:00,0.0,0.0,0.0,0.0
2025-02-04 18:00:00+00:00,0.0,0.0,0.0,0.0
2025-02-04 19:00:00+00:00,0.0,0.0,0.0,0.0
2025-02-04 20:00:00+00:00,0.0,0.0,0.0,0.0
2025-02-04 21:00:00+00:00,0.0,0.0,0.0,0.0
2025-02-04 22:00:00+00:00,0.0,0.0,0.0,0.0
2025-02-04 23:00:00+00:00,0.0,0.0,0.0,0.0
2025-02-05 00:00:00+00:00,0.0,0.0,0.0,0.0
2025-02-05 01:00:00+00:00,0.0,0.0,0.0,0.0
2025-02-05 02:00:00+00:00,0.0,0.0,0.0,0.0
2025-02-05 03:00:00+00:00,0.0,0.0,0.0,0.0
2025-02-05 04:00:00+00:00,0.0,0.0,0.0,0.0
2025-02-05 05:00:00+00:00,0.0,0.0,0.0,0.0
2025-02-05 06:00:00+00:00,0.0,0.0,-4.151009187025711e-05,0.0
2025-02-05 07:00:00+00:00,0.0,0.0,0.0,0.0
2025-02-05 08:00:00+00:00,0.0,0.0,0.0,0.0
2025-02-05 09:00:00+00:00,0.0,0.0,0.0,0.0
2025-02-05 10:00:00+00:00,0.0,0.0,0.0,0.0
2025-02-05 11:00:00+00:00,0.0,0.0,0.0,0.0
2025-02-05 12:00:00+00:00,0.0,0.0,9.988484133511278e-05,6.746553063252782e-05
2025-02-05 13:00:00+00:00,0.0,0.0,0.0,0.0
2025-02-05 14:00:00+00:00,0.0,0.0,0.0,0.0
2025-02-05 15:00:00+00:00,0.0,0.0,0.0,0.0
2025-02-05 16:00:00+00:00,0.0,0.0,0.0,0.0
2025-02-05 17:00:00+00:00,0.0,0.0,0.0,0.0
2025-02-05 18:00:00+00:00,0.0,0.0,-5.645684902031544e-05,-0.0001354043680138
2025-02-05 19:00:00+00:00,0.0,0.0,0.0,0.0
2025-02-05 20:00:00+00:00,0.0,0.0,0.0,0.0
2025-02-05 21:00:00+00:00,0.0,0.0,0.0,0.0
2025-02-05 22:00:00+00:00,0.0,0.0,0.0,0.0
2025-02-05 23:00:00+00:00,0.0,0.0,0.0,0.0
2025-02-06 00:00:00+00:00,0.0,0.0,0.0,0.0
2025-02-06 01:00:00+00:00,0.0,0.0,0.0,0.0
2025-02-06 02:00:00+00:00,0.0,0.0,0.0,0.0
2025-02-06 03:00:00+00:00,0.0,0.0,0.0,0.0
2025-02-06 04:00:00+00:00,0.0,0.0,0.0,0.0
2025-02-06 05:00:00+00:00,0.0,0.0,0.0,0.0
2025-02-06 06:00:00+00:00,0.0,0.0,5.466649554155657e-05,0.0
2025-02-06 07:00:00+00:00,0.0,0.0,0.0,0.0
2025-02-06 08:00:00+00:00,0.0,0.0,0.0,0.0
2025-02-06 09:00:00+00:00,0.0,0.0,0.0,4.036216313661468e-05
2025-02-06 10:00:00+00:00,0.0,0.0,5.295270392076891e-05,0.0
2025-02-06 11:00:00+00:00,0.0,0.0,0.0,0.0
2025-02-06 12:00:00+00:00,0.0,0.0,0.0,0.0
2025-02-06 13:00:00+00:00,0.0,0.0,0.0,0.0
2025-02-06 14:00:00+00:00,0.0,0.0,-4.8468229901158506e-05,-9.67736085654658e-05
2025-02-06 15:00:00+00:00,0.0,0.0,0.0,0.0
2025-02-06 16:00:00+00:00,0.0,0.0,0.0,0.0
2025-02-06 17:00:00+00:00,0.0,0.0,0.0,0.0
2025-02-06 18:00:00+00:00,0.0,0.0,0.0,0.0
2025-02-06 19:00:00+00:00,0.0,0.0,0.0,0.0
2025-02-06 20:00:00+00:00,0.0,0.0,0.0,0.0
2025-02-06 21:00:00+00:00,0.0,0.0,0.0,0.0
2025-02-06 22:00:00+00:00,0.0,0.0,0.0,0.0
2025-02-06 23:00:00+00:00,0.0,0.0,0.0,0.0
2025-02-07 00:00:00+00:00,0.0,0.0,0.0,0.0
2025-02-07 01:00:00+00:00,0.0,0.0,0.0,0.0
2025-02-07 02:00:00+00:00,0.0,0.0,0.0,0.0
2025-02-07 03:00:00+00:00,0.0,0.0,0.0,0.0
2025-02-07 04:00:00+00:00,0.0,0.0,0.0,0.0
2025-02-07 05:00:00+00:00,0.0,0.0,-3.563201501229684e-05,0.0
2025-02-07 06:00:00+00:00,0.0,0.0,0.0,0.0
2025-02-07 07:00:00+00:00,0.0,0.0,0.0,0.0
2025-02-07 08:00:00+00:00,0.0,0.0,0.0,0.0
2025-02-07 09:00:00+00:00,0.0,0.0,0.0,0.0
2025-02-07 10:00:00+00:00,0.0,0.0,0.0,6.045564121684223e-05
2025-02-07 11:00:00+00:00,0.0,0.0,7.806955152105056e-05,0.0
2025-02-07 12:00:00+00:00,0.0,0.0,0.0,0.0
2025-02-07 13:00:00+00:00,0.0,0.0,0.0,6.176340431821693e-05
2025-02-07 14:00:00+00:00,0.0,0.0,0.0,0.0
2025-02-07 15:00:00+00:00,0.0,0.0,-9.584964930488992e-05,0.0
2025-02-07 16:00:00+00:00,0.0,0.0,0.0,0.0
2025-02-07 17:00:00+00:00,0.0,0.0,0.0,0.0
2025-02-07 18:00:00+00:00,0.0,0.0,0.0,0.0
2025-02-07 19:00:00+00:00,0.0,0.0,0.0,0.0
2025-02-07 20:00:00+00:00,0.0,0.0,0.0,-0.0002657454429501
2025-02-07 21:00:00+00:00,0.0,0.0,0.0,0.0
2025-02-07 22:00:00+00:00,0.0,0.0,0.0,0.0
2025-02-07 23:00:00+00:00,0.0,0.0,0.0,0.0
2025-02-08 00:00:00+00:00,0.0,0.0,0.0,0.0
2025-02-08 01:00:00+00:00,0.0,0.0,0.0,0.0
2025-02-08 02:00:00+00:00,0.0,0.0,0.0,0.0
2025-02-08 03:00:00+00:00,0.0,0.0,0.0,0.0
2025-02-08 04:00:00+00:00,0.0,0.0,0.0,0.0
2025-02-08 05:00:00+00:00,0.0,0.0,0.0,0.0
2025-02-08 06:00:00+00:00,0.0,0.0,0.0,0.0
2025-02-08 07:00:00+00:00,0.0,0.0,0.0,0.0
2025-02-08 08:00:00+00:00,0.0,0.0,0.0,0.0
2025-02-08 09:00:00+00:00,0.0,0.0,0.0,0.0
2025-02-08 10:00:00+00:00,0.0,0.0,0.0,0.0
2025-02-08 11:00:00+00:00,0.0,0.0,0.0,0.0
2025-02-08 12:00:00+00:00,0.0,0.0,0.0,0.0
2025-02-08 13:00:00+00:00,0.0,0.0,0.0,0.0
2025-02-08 14:00:00+00:00,0.0,0.0,0.0,0.0
2025-02-08 15:00:00+00:00,0.0,0.0,0.0,0.0
2025-02-08 16:00:00+00:00,0.0,0.0,0.0,0.0
2025-02-08 17:00:00+00:00,0.0,0.0,0.0,0.0
2025-02-08 18:00:00+00:00,0.0,0.0,0.0,0.0
2025-02-08 19:00:00+00:00,0.0,0.0,0.0,0.0
2025-02-08 20:00:00+00:00,0.0,0.0,0.0,0.0
2025-02-08 21:00:00+00:00,0.0,0.0,0.0,0.0
2025-02-08 22:00:00+00:00,0.0,0.0,0.0,0.0
2025-02-08 23:00:00+00:00,0.0,0.0,0.0,0.0
2025-02-09 00:00:00+00:00,0.0,0.0,0.0,0.0
2025-02-09 01:00:00+00:00,0.0,0.0,0.0,0.0
2025-02-09 02:00:00+00:00,0.0,0.0,0.0,0.0
2025-02-09 03:00:00+00:00,0.0,0.0,4.501755398759745e-05,0.0
2025-02-09 04:00:00+00:00,0.0,0.0,0.0,0.0
2025-02-09 05:00:00+00:00,0.0,0.0,0.0,0.0
2025-02-09 06:00:00+00:00,0.0,0.0,-2.171759699752584e-05,0.0
2025-02-09 07:00:00+00:00,0.0,0.0,0.0,0.0
2025-02-09 08:00:00+00:00,0.0,0.0,0.0,0.0
2025-02-09 09:00:00+00:00,0.0,0.0,-2.23040397173646e-05,0.0
2025-02-09 10:00:00+00:00,0.0,0.0,0.0,-4.590751035839057e-05
2025-02-09 11:00:00+00:00,0.0,0.0,0.0,0.0
2025-02-09 12:00:00+00:00,0.0,0.0,0.0,0.0
2025-02-09 13:00:00+00:00,0.0,0.0,-3.641216040638828e-05,-5.844116025584766e-05
2025-02-09 14:00:00+00:00,0.0,0.0,0.0,0.0
2025-02-09 15:00:00+00:00,0.0,0.0,0.0,0.0
2025-02-09 16:00:00+00:00,0.0,0.0,0.0,0.0
2025-02-09 17:00:00+00:00,0.0,0.0,0.0,0.0
2025-02-09 18:00:00+00:00,0.0,0.0,0.0,0.0
2025-02-09 19:00:00+00:00,0.0,0.0,0.0,0.0
2025-02-09 20:00:00+00:00,0.0,0.0,0.0,0.0
2025-02-09 21:00:00+00:00,0.0,0.0,0.0,0.0
2025-02-09 22:00:00+00:00,0.0,0.0,0.0,0.0
2025-02-09 23:00:00+00:00,0.0,0.0,0.0,0.0
2025-02-10 00:00:00+00:00,0.0,0.0,0.0,0.0
2025-02-10 01:00:00+00:00,0.0,0.0,0.0,0.0
2025-02-10 02:00:00+00:00,0.0,0.0,0.0,0.0
2025-02-10 03:00:00+00:00,0.0,0.0,0.0,0.0
2025-02-10 04:00:00+00:00,0.0,0.0,0.0,0.0
2025-02-10 05:00:00+00:00,0.0,0.0,0.0,0.0
2025-02-10 06:00:00+00:00,0.0,0.0,0.0,0.0
2025-02-10 07:00:00+00:00,0.0,0.0,0.0,0.0
2025-02-10 08:00:00+00:00,0.0,0.0,0.0,4.188134577238879e-05
2025-02-10 09:00:00+00:00,0.0,0.0,0.0,0.0
2025-02-10 10:00:00+00:00,0.0,0.0,0.0,0.0
2025-02-10 11:00:00+00:00,0.0,0.0,0.0,0.0
2025-02-10 12:00:00+00:00,0.0,0.0,0.0,-5.4787440770732713e-05
2025-02-10 13:00:00+00:00,0.0,0.0,0.0,0.0
2025-02-10 14:00:00+00:00,0.0,0.0,0.0,0.0
2025-02-10 15:00:00+00:00,0.0,0.0,0.0,0.0
2025-02-10 16:00:00+00:00,0.0,0.0,0.0,0.0
2025-02-10 17:00:00+00:00,0.0,0.0,0.0,0.0
2025-02-10 18:00:00+00:00,0.0,0.0,0.0,0.0
2025-02-10 19:00:00+00:00,0.0,0.0,0.0,0.0
2025-02-10 20:00:00+00:00,0.0,0.0,0.0,0.0
2025-02-10 21:00:00+00:00,0.0,0.0,0.0,0.0
2025-02-10 22:00:00+00:00,0.0,0.0,2.2976470597913053e-06,2.2976470597913053e-06
2025-02-10 23:00:00+00:00,0.0,0.0,0.0,0.0
2025-02-11 00:00:00+00:00,0.0,0.0,0.0,0.0
2025-02-11 01:00:00+00:00,0.0,0.0,0.0,0.0
2025-02-11 02:00:00+00:00,0.0,0.0,-2.616829888861804e-05,-4.880391733268484e-05
2025-02-11 03:00:00+00:00,0.0,0.0,0.0,0.0
2025-02-11 04:00:00+00:00,0.0,0.0,0.0,0.0
2025-02-11 05:00:00+00:00,0.0,0.0,0.0,0.0
2025-02-11 06:00:00+00:00,0.0,0.0,0.0,0.0
2025-02-11 07:00:00+00:00,0.0,0.0,0.0,0.0
2025-02-11 08:00:00+00:00,0.0,0.0,0.0,0.0
2025-02-11 09:00:00+00:00,0.0,0.0,0.0,0.0
2025-02-11 10:00:00+00:00,0.0,0.0,0.0,0.0
2025-02-11 11:00:00+00:00,0.0,0.0,0.0,0.0
2025-02-11 12:00:00+00:00,0.0,0.0,-4.046960824833023e-05,-6.736115751455273e-05
2025-02-11 13:00:00+00:00,0.0,0.0,0.0,0.0
2025-02-11 14:00:00+00:00,0.0,0.0,0.0,0.0
2025-02-11 15:00:00+00:00,0.0,0.0,0.0,0.0
2025-02-11 16:00:00+00:00,0.0,0.0,-4.745796163714732e-05,0.0
2025-02-11 17:00:00+00:00,0.0,0.0,0.0,-9.989910792915446e-05
2025-02-11 18:00:00+00:00,0.0,0.0,0.0,0.0
2025-02-11 19:00:00+00:00,0.0,0.0,-4.9560893305155e-05,0.0
2025-02-11 20:00:00+00:00,0.0,0.0,0.0,0.0
2025-02-11 21:00:00+00:00,0.0,0.0,0.0,8.865571446037613e-05
2025-02-11 22:00:00+00:00,0.0,0.0,0.0,0.0
2025-02-11 23:00:00+00:00,0.0,0.0,0.0,0.0
2025-02-12 00:00:00+00:00,0.0,0.0,0.0,0.0
2025-02-12 01:00:00+00:00,0.0,0.0,0.0,0.0
2025-02-12 02:00:00+00:00,0.0,0.0,0.0,0.0
2025-02-12 03:00:00+00:00,0.0,0.0,-5.342422415602343e-05,0.0
2025-02-12 04:00:00+00:00,0.0,0.0,0.0,0.0
2025-02-12 05:00:00+00:00,0.0,0.0,0.0,0.0
2025-02-12 06:00:00+00:00,0.0,0.0,0.0,0.0
2025-02-12 07:00:00+00:00,0.0,0.0,0.0,2.3574947971604096e-05
2025-02-12 08:00:00+00:00,0.0,0.0,3.196868496450623e-05,0.0
2025-02-12 09:00:00+00:00,0.0,0.0,0.0,0.0
2025-02-12 10:00:00+00:00,0.0,0.0,0.0,0.0
2025-02-12 11:00:00+00:00,0.0,0.0,0.0,0.0
2025-02-12 12:00:00+00:00,0.0,0.0,0.0,0.0
2025-02-12 13:00:00+00:00,0.0,0.0,3.415230113647972e-05,3.5272782652694414e-05
2025-02-12 14:00:00+00:00,0.0,0.0,0.0,0.0
2025-02-12 15:00:00+00:00,0.0,0.0,0.0,0.0
2025-02-12 16:00:00+00:00,0.0,0.0,-7.73936280907872e-05,0.0
2025-02-12 17:00:00+00:00,0.0,0.0,0.0,0.0001517447074178
2025-02-12 18:00:00+00:00,0.0,0.0,0.0,0.0
2025-02-12 19:00:00+00:00,0.0,0.0,0.0,0.0
2025-02-12 20:00:00+00:00,0.0,0.0,0.0,0.0
2025-02-12 21:00:00+00:00,0.0,0.0,0.0,0.0
2025-02-12 22:00:00+00:00,0.0,0.0,0.0,0.0
2025-02-12 23:00:00+00:00,0.0,0.0,0.0,0.0
2025-02-13 00:00:00+00:00,0.0,0.0,0.0,0.0
2025-02-13 01:00:00+00:00,0.0,0.0,0.0,0.0
2025-02-13 02:00:00+00:00,0.0,0.0,0.0,0.0
2025-02-13 03:00:00+00:00,0.0,0.0,0.0,0.0
2025-02-13 04:00:00+00:00,0.0,0.0,0.0,0.0
2025-02-13 05:00:00+00:00,0.0,0.0,0.0,0.0
2025-02-13 06:00:00+00:00,0.0,0.0,0.0,0.0
2025-02-13 07:00:00+00:00,0.0,0.0,0.0,0.0
2025-02-13 08:00:00+00:00,0.0,0.0,0.0,0.0
2025-02-13 09:00:00+00:00,0.0,0.0,0.0,0.0
2025-02-13 10:00:00+00:00,0.0,0.0,0.0,0.0
2025-02-13 11:00:00+00:00,0.0,0.0,0.0,0.0
2025-02-13 12:00:00+00:00,0.0,0.0,0.0,0.0
2025-02-13 13:00:00+00:00,0.0,0.0,0.0,0.0
2025-02-13 14:00:00+00:00,0.0,0.0,0.0,0.0
2025-02-13 15:00:00+00:00,0.0,0.0,0.0,0.0
2025-02-13 16:00:00+00:00,0.0,0.0,0.0,0.0
2025-02-13 17:00:00+00:00,0.0,0.0,0.0,0.0
2025-02-13 18:00:00+00:00,0.0,0.0,0.0,0.0
2025-02-13 19:00:00+00:00,0.0,0.0,0.0,0.0
2025-02-13 20:00:00+00:00,0.0,0.0,0.0,0.0
2025-02-13 21:00:00+00:00,0.0,0.0,0.0,0.0
2025-02-13 22:00:00+00:00,0.0,0.0,0.0,0.0
2025-02-13 23:00:00+00:00,0.0,0.0,0.0,0.0
2025-02-14 00:00:00+00:00,0.0,0.0,0.0,0.0
2025-02-14 01:00:00+00:00,0.0,0.0,0.0,0.0
2025-02-14 02:00:00+00:00,0.0,0.0,0.0,0.0
2025-02-14 03:00:00+00:00,0.0,0.0,0.0,0.0
2025-02-14 04:00:00+00:00,0.0,0.0,0.0,0.0
2025-02-14 05:00:00+00:00,0.0,0.0,0.0,0.0
2025-02-14 06:00:00+00:00,0.0,0.0,0.0,0.0
2025-02-14 07:00:00+00:00,0.0,0.0,0.0,0.0
2025-02-14 08:00:00+00:00,0.0,0.0,0.0,0.0
2025-02-14 09:00:00+00:00,0.0,0.0,0.0,2.049374348693901e-05
2025-02-14 10:00:00+00:00,0.0,0.0,0.0,0.0
2025-02-14 11:00:00+00:00,0.0,0.0,0.0,0.0
2025-02-14 12:00:00+00:00,0.0,0.0,0.0,0.0
2025-02-14 13:00:00+00:00,0.0,0.0,0.0,-5.250700502727023e-05
2025-02-14 14:00:00+00:00,0.0,0.0,0.0,0.0
2025-02-14 15:00:00+00:00,0.0,0.0,0.0,0.0
2025-02-14 16:00:00+00:00,0.0,0.0,0.0,0.0
2025-02-14 17:00:00+00:00,0.0,0.0,0.0001689766229119,0.0001331812983295
2025-02-14 18:00:00+00:00,0.0,0.0,0.0,0.0
2025-02-14 19:00:00+00:00,0.0,0.0,0.0,0.0
2025-02-14 20:00:00+00:00,0.0,0.0,0.0,0.0
2025-02-14 21:00:00+00:00,0.0,0.0,0.0,0.0
2025-02-14 22:00:00+00:00,0.0,0.0,0.0,0.0
2025-02-14 23:00:00+00:00,0.0,0.0,0.0,0.0
2025-02-15 00:00:00+00:00,0.0,0.0,0.0,0.0
2025-02-15 01:00:00+00:00,0.0,0.0,0.0,0.0
2025-02-15 02:00:00+00:00,0.0,0.0,0.0,0.0
2025-02-15 03:00:00+00:00,0.0,0.0,0.0,0.0
2025-02-15 04:00:00+00:00,0.0,0.0,0.0,0.0
2025-02-15 05:00:00+00:00,0.0,0.0,0.0,0.0
2025-02-15 06:00:00+00:00,0.0,0.0,0.0,0.0
2025-02-15 07:00:00+00:00,0.0,0.0,0.0,0.0
2025-02-15 08:00:00+00:00,0.0,0.0,0.0,0.0
2025-02-15 09:00:00+00:00,0.0,0.0,0.0,0.0
2025-02-15 10:00:00+00:00,0.0,0.0,0.0,0.0
2025-02-15 11:00:00+00:00,0.0,0.0,0.0,0.0
2025-02-15 12:00:00+00:00,0.0,0.0,0.0,0.0
2025-02-15 13:00:00+00:00,0.0,0.0,0.0,0.0
2025-02-15 14:00:00+00:00,0.0,0.0,0.0,0.0
2025-02-15 15:00:00+00:00,0.0,0.0,0.0,0.0
2025-02-15 16:00:00+00:00,0.0,0.0,0.0,0.0
2025-02-15 17:00:00+00:00,0.0,0.0,0.0,0.0
2025-02-15 18:00:00+00:00,0.0,0.0,0.0,0.0
2025-02-15 19:00:00+00:00,0.0,0.0,0.0,0.0
2025-02-15 20:00:00+00:00,0.0,0.0,0.0,0.0
2025-02-15 21:00:00+00:00,0.0,0.0,0.0,0.0
2025-02-15 22:00:00+00:00,0.0,0.0,0.0,7.273117820937322e-06
2025-02-15 23:00:00+00:00,0.0,0.0,0.0,0.0
2025-02-16 00:00:00+00:00,0.0,0.0,0.0,0.0
2025-02-16 01:00:00+00:00,0.0,0.0,0.0,0.0
2025-02-16 02:00:00+00:00,0.0,0.0,0.0,-2.493317493317603e-05
2025-02-16 03:00:00+00:00,0.0,0.0,-1.9434003859734032e-05,0.0
2025-02-16 04:00:00+00:00,0.0,0.0,0.0,0.0
2025-02-16 05:00:00+00:00,0.0,0.0,0.0,0.0
2025-02-16 06:00:00+00:00,0.0,0.0,-2.0045766895177e-05,0.0
2025-02-16 07:00:00+00:00,0.0,0.0,0.0,-3.410984054842302e-05
2025-02-16 08:00:00+00:00,0.0,0.0,0.0,0.0
2025-02-16 09:00:00+00:00,0.0,0.0,-2.031041788582821e-05,0.0
2025-02-16 10:00:00+00:00,0.0,0.0,0.0,0.0
2025-02-16 11:00:00+00:00,0.0,0.0,0.0,0.0
2025-02-16 12:00:00+00:00,0.0,0.0,0.0,0.0
2025-02-16 13:00:00+00:00,0.0,0.0,-2.2355132213813792e-05,-4.7486697066134726e-05
2025-02-16 14:00:00+00:00,0.0,0.0,0.0,0.0
2025-02-16 15:00:00+00:00,0.0,0.0,0.0,0.0
2025-02-16 16:00:00+00:00,0.0,0.0,0.0,0.0
2025-02-16 17:00:00+00:00,0.0,0.0,0.0,1.2455652871640197e-05
2025-02-16 18:00:00+00:00,0.0,0.0,0.0,0.0
2025-02-16 19:00:00+00:00,0.0,0.0,0.0,0.0
2025-02-16 20:00:00+00:00,0.0,0.0,0.0,0.0
2025-02-16 21:00:00+00:00,0.0,0.0,0.0,0.0
2025-02-16 22:00:00+00:00,0.0,0.0,0.0,-5.266335539803823e-05
2025-02-16 23:00:00+00:00,0.0,0.0,0.0,0.0
2025-02-17 00:00:00+00:00,0.0,0.0,0.0,0.0
2025-02-17 01:00:00+00:00,0.0,0.0,0.0,0.0
2025-02-17 02:00:00+00:00,0.0,0.0,0.0,0.0
2025-02-17 03:00:00+00:00,0.0,0.0,0.0,0.0
2025-02-17 04:00:00+00:00,0.0,0.0,0.0,0.0
2025-02-17 05:00:00+00:00,0.0,0.0,0.0,0.0
2025-02-17 06:00:00+00:00,0.0,0.0,0.0,0.0
2025-02-17 07:00:00+00:00,0.0,0.0,0.0,0.0
2025-02-17 08:00:00+00:00,0.0,0.0,0.0,0.0
2025-02-17 09:00:00+00:00,0.0,0.0,0.0,0.0
2025-02-17 10:00:00+00:00,0.0,0.0,0.0,0.0
2025-02-17 11:00:00+00:00,0.0,0.0,0.0,0.0
2025-02-17 12:00:00+00:00,0.0,0.0,0.0,0.0
2025-02-17 13:00:00+00:00,0.0,0.0,0.0,0.0
2025-02-17 14:00:00+00:00,0.0,0.0,2.5542793191094542e-05,0.0
2025-02-17 15:00:00+00:00,0.0,0.0,0.0,0.0
2025-02-17 16:00:00+00:00,0.0,0.0,0.0,0.0
2025-02-17 17:00:00+00:00,0.0,0.0,0.0,0.0
2025-02-17 18:00:00+00:00,0.0,0.0,0.0,0.0
2025-02-17 19:00:00+00:00,0.0,0.0,0.0,0.0
2025-02-17 20:00:00+00:00,0.0,0.0,0.0,0.0
2025-02-17 21:00:00+00:00,0.0,0.0,0.0,0.0
2025-02-17 22:00:00+00:00,0.0,0.0,0.0,0.0
2025-02-17 23:00:00+00:00,0.0,0.0,0.0,2.6009492422385347e-06
2025-02-18 00:00:00+00:00,0.0,0.0,0.0,0.0
2025-02-18 01:00:00+00:00,0.0,0.0,0.0,0.0
2025-02-18 02:00:00+00:00,0.0,0.0,0.0,0.0
2025-02-18 03:00:00+00:00,0.0,0.0,0.0,0.0
2025-02-18 04:00:00+00:00,0.0,0.0,0.0,0.0
2025-02-18 05:00:00+00:00,0.0,0.0,0.0,0.0
2025-02-18 06:00:00+00:00,0.0,0.0,0.0,0.0
2025-02-18 07:00:00+00:00,0.0,0.0,0.0,0.0
2025-02-18 08:00:00+00:00,0.0,0.0,0.0,0.0
2025-02-18 09:00:00+00:00,0.0,0.0,0.0,0.0
2025-02-18 10:00:00+00:00,0.0,0.0,0.0,0.0
2025-02-18 11:00:00+00:00,0.0,0.0,0.0,0.0
2025-02-18 12:00:00+00:00,0.0,0.0,0.0,0.0
2025-02-18 13:00:00+00:00,0.0,0.0,0.0,0.0
2025-02-18 14:00:00+00:00,0.0,0.0,0.0,0.0
2025-02-18 15:00:00+00:00,0.0,0.0,0.0,0.0
2025-02-18 16:00:00+00:00,0.0,0.0,0.0,0.0
2025-02-18 17:00:00+00:00,0.0,0.0,0.0,0.0
2025-02-18 18:00:00+00:00,0.0,0.0,0.0,0.0
2025-02-18 19:00:00+00:00,0.0,0.0,0.0,0.0
2025-02-18 20:00:00+00:00,0.0,0.0,0.0,0.0
2025-02-18 21:00:00+00:00,0.0,0.0,0.0,0.0
2025-02-18 22:00:00+00:00,0.0,0.0,0.0,0.0
2025-02-18 23:00:00+00:00,0.0,0.0,0.0,0.0
2025-02-19 00:00:00+00:00,0.0,0.0,0.0,0.0
2025-02-19 01:00:00+00:00,0.0,0.0,0.0,0.0
2025-02-19 02:00:00+00:00,0.0,0.0,0.0,0.0
2025-02-19 03:00:00+00:00,0.0,0.0,0.0,0.0
2025-02-19 04:00:00+00:00,0.0,0.0,0.0,0.0
2025-02-19 05:00:00+00:00,0.0,0.0,0.0,0.0
2025-02-19 06:00:00+00:00,0.0,0.0,0.0,0.0
2025-02-19 07:00:00+00:00,0.0,0.0,0.0,0.0
2025-02-19 08:00:00+00:00,0.0,0.0,0.0,0.0
2025-02-19 09:00:00+00:00,0.0,0.0,0.0,2.129562180232304e-05
2025-02-19 10:00:00+00:00,0.0,0.0,3.0467579378793417e-05,0.0
2025-02-19 11:00:00+00:00,0.0,0.0,0.0,0.0
2025-02-19 12:00:00+00:00,0.0,0.0,0.0,-3.709074428609237e-05
2025-02-19 13:00:00+00:00,0.0,0.0,0.0,0.0
2025-02-19 14:00:00+00:00,0.0,0.0,-2.6367264888571544e-05,0.0
2025-02-19 15:00:00+00:00,0.0,0.0,0.0,0.0
2025-02-19 16:00:00+00:00,0.0,0.0,0.0,0.0
2025-02-19 17:00:00+00:00,0.0,0.0,0.0,0.0
2025-02-19 18:00:00+00:00,0.0,0.0,0.0,0.0
2025-02-19 19:00:00+00:00,0.0,0.0,0.0,0.0
2025-02-19 20:00:00+00:00,0.0,0.0,0.0,0.0
2025-02-19 21:00:00+00:00,0.0,0.0,0.0,0.0
2025-02-19 22:00:00+00:00,0.0,0.0,0.0,7.077160313024523e-05
2025-02-19 23:00:00+00:00,0.0,0.0,0.0,0.0
2025-02-20 00:00:00+00:00,0.0,0.0,0.0,0.0
2025-02-20 01:00:00+00:00,0.0,0.0,0.0,0.0
2025-02-20 02:00:00+00:00,0.0,0.0,0.0,0.0
2025-02-20 03:00:00+00:00,0.0,0.0,0.0,0.0
2025-02-20 04:00:00+00:00,0.0,0.0,0.0,0.0
2025-02-20 05:00:00+00:00,0.0,0.0,0.0,0.0
2025-02-20 06:00:00+00:00,0.0,0.0,0.0,0.0
2025-02-20 07:00:00+00:00,0.0,0.0,0.0,0.0
2025-02-20 08:00:00+00:00,0.0,0.0,0.0,1.6961244372110115e-05
2025-02-20 09:00:00+00:00,0.0,0.0,0.0,0.0
2025-02-20 10:00:00+00:00,0.0,0.0,0.0,0.0
2025-02-20 11:00:00+00:00,0.0,0.0,0.0,0.0
2025-02-20 12:00:00+00:00,0.0,0.0,0.0,0.0
2025-02-20 13:00:00+00:00,0.0,0.0,0.0,0.0
2025-02-20 14:00:00+00:00,0.0,0.0,5.116262880467183e-05,2.4290474724356647e-05
2025-02-20 15:00:00+00:00,0.0,0.0,0.0,0.0
2025-02-20 16:00:00+00:00,0.0,0.0,0.0,0.0
2025-02-20 17:00:00+00:00,0.0,0.0,0.0,0.0
2025-02-20 18:00:00+00:00,0.0,0.0,0.0,0.0
2025-02-20 19:00:00+00:00,0.0,0.0,0.0,0.0
2025-02-20 20:00:00+00:00,0.0,0.0,0.0,0.0
2025-02-20 21:00:00+00:00,0.0,0.0,-2.402164945520701e-05,0.0
2025-02-20 22:00:00+00:00,0.0,0.0,0.0,0.0
2025-02-20 23:00:00+00:00,0.0,0.0,0.0,0.0
2025-02-21 00:00:00+00:00,0.0,0.0,0.0,0.0
2025-02-21 01:00:00+00:00,0.0,0.0,0.0,0.0
2025-02-21 02:00:00+00:00,0.0,0.0,0.0,-2.8715077092363863e-05
2025-02-21 03:00:00+00:00,0.0,0.0,0.0,0.0
2025-02-21 04:00:00+00:00,0.0,0.0,0.0,0.0
2025-02-21 05:00:00+00:00,0.0,0.0,0.0,0.0
2025-02-21 06:00:00+00:00,0.0,0.0,0.0,0.0
2025-02-21 07:00:00+00:00,0.0,0.0,0.0,5.6959674520851245e-06
2025-02-21 08:00:00+00:00,0.0,0.0,0.0,0.0
2025-02-21 09:00:00+00:00,0.0,0.0,0.0,0.0
2025-02-21 10:00:00+00:00,0.0,0.0,0.0,0.0
2025-02-21 11:00:00+00:00,0.0,0.0,0.0,0.0
2025-02-21 12:00:00+00:00,0.0,0.0,0.0,0.0
2025-02-21 13:00:00+00:00,0.0,0.0,0.0,3.167605366762084e-05
2025-02-21 14:00:00+00:00,0.0,0.0,-4.397596394339786e-05,0.0
2025-02-21 15:00:00+00:00,0.0,0.0,0.0,0.0
2025-02-21 16:00:00+00:00,0.0,0.0,0.0,0.0
2025-02-21 17:00:00+00:00,0.0,0.0,0.0,0.0
2025-02-21 18:00:00+00:00,0.0,0.0,0.0,0.0
2025-02-21 19:00:00+00:00,0.0,0.0,0.0,-0.0002737236957825
2025-02-21 20:00:00+00:00,0.0,0.0,0.0,0.0
2025-02-21 21:00:00+00:00,0.0,0.0,0.0,0.0
2025-02-21 22:00:00+00:00,0.0,0.0,0.0,0.0
2025-02-21 23:00:00+00:00,0.0,0.0,0.0,0.0
2025-02-22 00:00:00+00:00,0.0,0.0,0.0,0.0
2025-02-22 01:00:00+00:00,0.0,0.0,0.0,0.0
2025-02-22 02:00:00+00:00,0.0,0.0,0.0,0.0
2025-02-22 03:00:00+00:00,0.0,0.0,0.0,0.0
2025-02-22 04:00:00+00:00,0.0,0.0,0.0,0.0
2025-02-22 05:00:00+00:00,0.0,0.0,0.0,0.0
2025-02-22 06:00:00+00:00,0.0,0.0,0.0,0.0
2025-02-22 07:00:00+00:00,0.0,0.0,0.0,0.0
2025-02-22 08:00:00+00:00,0.0,0.0,0.0,0.0
2025-02-22 09:00:00+00:00,0.0,0.0,0.0,0.0
2025-02-22 10:00:00+00:00,0.0,0.0,0.0,0.0
2025-02-22 11:00:00+00:00,0.0,0.0,0.0,0.0
2025-02-22 12:00:00+00:00,0.0,0.0,0.0,0.0
2025-02-22 13:00:00+00:00,0.0,0.0,0.0,0.0
2025-02-22 14:00:00+00:00,0.0,0.0,0.0,0.0
2025-02-22 15:00:00+00:00,0.0,0.0,0.0,0.0
2025-02-22 16:00:00+00:00,0.0,0.0,0.0,0.0
2025-02-22 17:00:00+00:00,0.0,0.0,0.0,0.0
2025-02-22 18:00:00+00:00,0.0,0.0,0.0,0.0
2025-02-22 19:00:00+00:00,0.0,0.0,0.0,0.0
2025-02-22 20:00:00+00:00,0.0,0.0,0.0,0.0
2025-02-22 21:00:00+00:00,0.0,0.0,0.0,0.0
2025-02-22 22:00:00+00:00,0.0,0.0,0.0,0.0
2025-02-22 23:00:00+00:00,0.0,0.0,0.0,0.0
2025-02-23 00:00:00+00:00,0.0,0.0,0.0,0.0
2025-02-23 01:00:00+00:00,0.0,0.0,0.0,0.0
2025-02-23 02:00:00+00:00,0.0,0.0,0.0,-1.4118196383431362e-05
2025-02-23 03:00:00+00:00,0.0,0.0,0.0,0.0
2025-02-23 04:00:00+00:00,0.0,0.0,0.0,0.0
2025-02-23 05:00:00+00:00,0.0,0.0,0.0,0.0
2025-02-23 06:00:00+00:00,0.0,0.0,0.0,0.0
2025-02-23 07:00:00+00:00,0.0,0.0,0.0,0.0
2025-02-23 08:00:00+00:00,0.0,0.0,0.0,0.0
2025-02-23 09:00:00+00:00,0.0,0.0,0.0,0.0
2025-02-23 10:00:00+00:00,0.0,0.0,0.0,0.0
2025-02-23 11:00:00+00:00,0.0,0.0,0.0,0.0
2025-02-23 12:00:00+00:00,0.0,0.0,0.0,0.0
2025-02-23 13:00:00+00:00,0.0,0.0,0.0,0.0
2025-02-23 14:00:00+00:00,0.0,0.0,0.0,0.0
2025-02-23 15:00:00+00:00,0.0,0.0,0.0,0.0
2025-02-23 16:00:00+00:00,0.0,0.0,0.0,0.0
2025-02-23 17:00:00+00:00,0.0,0.0,0.0,0.0
2025-02-23 18:00:00+00:00,0.0,0.0,0.0,0.0
2025-02-23 19:00:00+00:00,0.0,0.0,0.0,0.0
2025-02-23 20:00:00+00:00,0.0,0.0,0.0,0.0
2025-02-23 21:00:00+00:00,0.0,0.0,0.0,0.0
2025-02-23 22:00:00+00:00,0.0,0.0,0.0,0.0
2025-02-23 23:00:00+00:00,0.0,0.0,0.0,0.0
2025-02-24 00:00:00+00:00,0.0,0.0,0.0,0.0
2025-02-24 01:00:00+00:00,0.0,0.0,0.0,0.0
2025-02-24 02:00:00+00:00,0.0,0.0,0.0,0.0
2025-02-24 03:00:00+00:00,0.0,0.0,0.0,0.0
2025-02-24 04:00:00+00:00,0.0,0.0,0.0,0.0
2025-02-24 05:00:00+00:00,0.0,0.0,0.0,0.0
2025-02-24 06:00:00+00:00,0.0,0.0,0.0,0.0
2025-02-24 07:00:00+00:00,0.0,0.0,0.0,0.0
2025-02-24 08:00:00+00:00,0.0,0.0,-2.2986062043962575e-05,0.0
2025-02-24 09:00:00+00:00,0.0,0.0,0.0,0.0
2025-02-24 10:00:00+00:00,0.0,0.0,0.0,0.0
2025-02-24 11:00:00+00:00,0.0,0.0,0.0,0.0
2025-02-24 12:00:00+00:00,0.0,0.0,0.0,0.0
2025-02-24 13:00:00+00:00,0.0,0.0,-3.932972197701056e-05,0.0
2025-02-24 14:00:00+00:00,0.0,0.0,0.0,-9.486206343478076e-05
2025-02-24 15:00:00+00:00,0.0,0.0,0.0,0.0
2025-02-24 16:00:00+00:00,0.0,0.0,0.0,0.0
2025-02-24 17:00:00+00:00,0.0,0.0,0.0,0.0
2025-02-24 18:00:00+00:00,0.0,0.0,0.0,0.0
2025-02-24 19:00:00+00:00,0.0,0.0,0.0,0.0
2025-02-24 20:00:00+00:00,0.0,0.0,0.0,0.0
2025-02-24 21:00:00+00:00,0.0,0.0,0.0,0.0
2025-02-24 22:00:00+00:00,0.0,0.0,0.0,0.0
2025-02-24 23:00:00+00:00,0.0,0.0,0.0,0.0
2025-02-25 00:00:00+00:00,0.0,0.0,0.0,0.0
2025-02-25 01:00:00+00:00,0.0,0.0,0.0,0.0
2025-02-25 02:00:00+00:00,0.0,0.0,0.0,0.0
2025-02-25 03:00:00+00:00,0.0,0.0,0.0,0.0
2025-02-25 04:00:00+00:00,0.0,0.0,0.0,0.0
2025-02-25 05:00:00+00:00,0.0,0.0,0.0,0.0
2025-02-25 06:00:00+00:00,0.0,0.0,0.0,0.0
2025-02-25 07:00:00+00:00,0.0,0.0,0.0,0.0
2025-02-25 08:00:00+00:00,0.0,0.0,0.0,0.0
2025-02-25 09:00:00+00:00,0.0,0.0,-6.525526526520608e-05,0.0
2025-02-25 10:00:00+00:00,0.0,0.0,0.0,0.0
2025-02-25 11:00:00+00:00,0.0,0.0,0.0,0.0
2025-02-25 12:00:00+00:00,0.0,0.0,0.0,0.0
2025-02-25 13:00:00+00:00,0.0,0.0,0.0,0.0
2025-02-25 14:00:00+00:00,0.0,0.0,-0.0001074468785588,0.0
2025-02-25 15:00:00+00:00,0.0,0.0,0.0,-0.0001878031347033
2025-02-25 16:00:00+00:00,0.0,0.0,0.0,0.0
2025-02-25 17:00:00+00:00,0.0,0.0,0.0,0.0
2025-02-25 18:00:00+00:00,0.0,0.0,0.0,0.0
2025-02-25 19:00:00+00:00,0.0,0.0,-0.000102574319689,0.0
2025-02-25 20:00:00+00:00,0.0,0.0,0.0,0.0
2025-02-25 21:00:00+00:00,0.0,0.0,0.0,0.0
2025-02-25 22:00:00+00:00,0.0,0.0,0.0,0.0
2025-02-25 23:00:00+00:00,0.0,0.0,0.0,0.0
2025-02-26 00:00:00+00:00,0.0,0.0,0.0,0.0
2025-02-26 01:00:00+00:00,0.0,0.0,0.0,0.0
2025-02-26 02:00:00+00:00,0.0,0.0,0.0,0.0
2025-02-26 03:00:00+00:00,0.0,0.0,0.0,0.0
2025-02-26 04:00:00+00:00,0.0,0.0,0.0,0.0
2025-02-26 05:00:00+00:00,0.0,0.0,0.0,0.0
2025-02-26 06:00:00+00:00,0.0,0.0,0.0,0.0
2025-02-26 07:00:00+00:00,0.0,0.0,-3.908338692071966e-05,0.0
2025-02-26 08:00:00+00:00,0.0,0.0,0.0,0.0
2025-02-26 09:00:00+00:00,0.0,0.0,0.0,8.083620709335215e-05
2025-02-26 10:00:00+00:00,0.0,0.0,0.0,0.0
2025-02-26 11:00:00+00:00,0.0,0.0,-5.6325586050897095e-05,0.0
2025-02-26 12:00:00+00:00,0.0,0.0,0.0,0.0
2025-02-26 13:00:00+00:00,0.0,0.0,0.0,0.0
2025-02-26 14:00:00+00:00,0.0,0.0,0.0,0.0
2025-02-26 15:00:00+00:00,0.0,0.0,0.0,0.0
2025-02-26 16:00:00+00:00,0.0,0.0,0.0,0.0
2025-02-26 17:00:00+00:00,0.0,0.0,0.0,0.0
2025-02-26 18:00:00+00:00,0.0,0.0,0.0,0.0
2025-02-26 19:00:00+00:00,0.0,0.0,0.0,0.0
2025-02-26 20:00:00+00:00,0.0,0.0,0.0,0.0
2025-02-26 21:00:00+00:00,0.0,0.0,0.0,0.0
2025-02-26 22:00:00+00:00,0.0,0.0,0.0,0.0
2025-02-26 23:00:00+00:00,0.0,0.0,0.0,0.0
2025-02-27 00:00:00+00:00,0.0,0.0,0.0,0.0
2025-02-27 01:00:00+00:00,0.0,0.0,0.0,0.0
2025-02-27 02:00:00+00:00,0.0,0.0,0.0,0.0
2025-02-27 03:00:00+00:00,0.0,0.0,0.0,0.0
2025-02-27 04:00:00+00:00,0.0,0.0,0.0,0.0
2025-02-27 05:00:00+00:00,0.0,0.0,0.0,0.0
2025-02-27 06:00:00+00:00,0.0,0.0,0.0,0.0
2025-02-27 07:00:00+00:00,0.0,0.0,0.0,0.0
2025-02-27 08:00:00+00:00,0.0,0.0,0.0,0.0
2025-02-27 09:00:00+00:00,0.0,0.0,0.0,0.0
2025-02-27 10:00:00+00:00,0.0,0.0,7.801922622319713e-05,6.041538097855904e-05
2025-02-27 11:00:00+00:00,0.0,0.0,0.0,0.0
2025-02-27 12:00:00+00:00,0.0,0.0,0.0,0.0
2025-02-27 13:00:00+00:00,0.0,0.0,-4.147030502166137e-05,0.0
2025-02-27 14:00:00+00:00,0.0,0.0,0.0,-8.552873205198707e-05
2025-02-27 15:00:00+00:00,0.0,0.0,0.0,0.0
2025-02-27 16:00:00+00:00,0.0,0.0,-9.799738107836296e-05,0.0
2025-02-27 17:00:00+00:00,0.0,0.0,0.0,0.0
2025-02-27 18:00:00+00:00,0.0,0.0,0.0,0.0
2025-02-27 19:00:00+00:00,0.0,0.0,0.0,0.0
2025-02-27 20:00:00+00:00,0.0,0.0,0.0,0.0
2025-02-27 21:00:00+00:00,0.0,0.0,0.0,0.0
2025-02-27 22:00:00+00:00,0.0,0.0,0.0,0.0
2025-02-27 23:00:00+00:00,0.0,0.0,0.0,0.0
2025-02-28 00:00:00+00:00,0.0,0.0,0.0,0.0
2025-02-28 01:00:00+00:00,0.0,0.0,0.0,0.0
2025-02-28 02:00:00+00:00,0.0,0.0,0.0,0.0
2025-02-28 03:00:00+00:00,0.0,0.0,0.0,0.0
2025-02-28 04:00:00+00:00,0.0,0.0,0.0,0.0
2025-02-28 05:00:00+00:00,0.0,0.0,0.0,0.0
2025-02-28 06:00:00+00:00,0.0,0.0,0.0,0.0
2025-02-28 07:00:00+00:00,0.0,0.0,0.0,0.0
2025-02-28 08:00:00+00:00,0.0,0.0,0.0,0.0
2025-02-28 09:00:00+00:00,0.0,0.0,0.0,0.0
2025-02-28 10:00:00+00:00,0.0,0.0,0.0,0.0
2025-02-28 11:00:00+00:00,0.0,0.0,0.0,0.0
2025-02-28 12:00:00+00:00,0.0,0.0,0.0,0.0
2025-02-28 13:00:00+00:00,0.0,0.0,0.0,0.0001283889369239
2025-02-28 14:00:00+00:00,0.0,0.0,0.0,0.0
2025-02-28 15:00:00+00:00,0.0,0.0,0.0,0.0
2025-02-28 16:00:00+00:00,0.0,0.0,0.0,0.0
2025-02-28 17:00:00+00:00,0.0,0.0,0.0,0.0
2025-02-28 18:00:00+00:00,0.0,0.0,0.0,0.0
2025-02-28 19:00:00+00:00,0.0,0.0,0.0,0.0
2025-02-28 20:00:00+00:00,0.0,0.0,0.0,0.0
2025-02-28 21:00:00+00:00,0.0,0.0,0.0,0.0
2025-02-28 22:00:00+00:00,0.0,0.0,0.0,0.0
2025-02-28 23:00:00+00:00,0.0,0.0,0.0,3.105586509382419e-05
2025-03-01 00:00:00+00:00,0.0,0.0,0.0,0.0
2025-03-01 01:00:00+00:00,0.0,0.0,0.0,0.0
2025-03-01 02:00:00+00:00,0.0,0.0,0.0,0.0
2025-03-01 03:00:00+00:00,0.0,0.0,0.0,0.0
2025-03-01 04:00:00+00:00,0.0,0.0,0.0002274046620273,0.0
2025-03-01 05:00:00+00:00,0.0,0.0,0.0,0.0
2025-03-01 06:00:00+00:00,0.0,0.0,0.0,0.0
2025-03-01 07:00:00+00:00,0.0,0.0,0.0,0.0
2025-03-01 08:00:00+00:00,0.0,0.0,0.0,0.0
2025-03-01 09:00:00+00:00,0.0,0.0,0.0,0.0
2025-03-01 10:00:00+00:00,0.0,0.0,0.0,0.0
2025-03-01 11:00:00+00:00,0.0,0.0,0.0,0.0
2025-03-01 12:00:00+00:00,0.0,0.0,0.0,0.0
2025-03-01 13:00:00+00:00,0.0,0.0,0.0,0.0
2025-03-01 14:00:00+00:00,0.0,0.0,0.0,0.0
2025-03-01 15:00:00+00:00,0.0,0.0,0.0,0.0
2025-03-01 16:00:00+00:00,0.0,0.0,0.0,0.0
2025-03-01 17:00:00+00:00,0.0,0.0,0.0,0.0
2025-03-01 18:00:00+00:00,0.0,0.0,0.0,0.0
2025-03-01 19:00:00+00:00,0.0,0.0,0.0,0.0
2025-03-01 20:00:00+00:00,0.0,0.0,0.0,0.0
2025-03-01 21:00:00+00:00,0.0,0.0,0.0,0.0
2025-03-01 22:00:00+00:00,0.0,0.0,0.0,0.0
2025-03-01 23:00:00+00:00,0.0,0.0,0.0,0.0
2025-03-02 00:00:00+00:00,0.0,0.0,0.0,0.0
2025-03-02 01:00:00+00:00,0.0,0.0,0.0,0.0
2025-03-02 02:00:00+00:00,0.0,0.0,0.0,0.0
2025-03-02 03:00:00+00:00,0.0,0.0,0.0,0.0
2025-03-02 04:00:00+00:00,0.0,0.0,0.0,0.0
2025-03-02 05:00:00+00:00,0.0,0.0,0.0,0.0
2025-03-02 06:00:00+00:00,0.0,0.0,0.0,0.0
2025-03-02 07:00:00+00:00,0.0,0.0,0.0,0.0
2025-03-02 08:00:00+00:00,0.0,0.0,0.0,-4.825614542651179e-05
2025-03-02 09:00:00+00:00,0.0,0.0,0.0,0.0
2025-03-02 10:00:00+00:00,0.0,0.0,0.0,0.0
2025-03-02 11:00:00+00:00,0.0,0.0,0.0,0.0
2025-03-02 12:00:00+00:00,0.0,0.0,0.0,-4.7101294696565424e-05
2025-03-02 13:00:00+00:00,0.0,0.0,0.0,0.0
2025-03-02 14:00:00+00:00,0.0,0.0,0.0,0.0
2025-03-02 15:00:00+00:00,0.0,0.0,0.0,0.0
2025-03-02 16:00:00+00:00,0.0,0.0,0.0,0.0
2025-03-02 17:00:00+00:00,0.0,0.0,0.0,0.0
2025-03-02 18:00:00+00:00,0.0,0.0,0.0,0.0
2025-03-02 19:00:00+00:00,0.0,0.0,0.0,0.0
2025-03-02 20:00:00+00:00,0.0,0.0,0.0,0.0
2025-03-02 21:00:00+00:00,0.0,0.0,0.0,0.0
2025-03-02 22:00:00+00:00,0.0,0.0,0.0,0.0
2025-03-02 23:00:00+00:00,0.0,0.0,0.0,0.0
2025-03-03 00:00:00+00:00,0.0,0.0,0.0,0.0
2025-03-03 01:00:00+00:00,0.0,0.0,0.0,0.0
2025-03-03 02:00:00+00:00,0.0,0.0,0.0,0.0
2025-03-03 03:00:00+00:00,0.0,0.0,0.0,0.0
2025-03-03 04:00:00+00:00,0.0,0.0,0.0,0.0
2025-03-03 05:00:00+00:00,0.0,0.0,0.0,0.0
2025-03-03 06:00:00+00:00,0.0,0.0,0.0,0.0
2025-03-03 07:00:00+00:00,0.0,0.0,0.0,0.0
2025-03-03 08:00:00+00:00,0.0,0.0,0.0,0.0
2025-03-03 09:00:00+00:00,0.0,0.0,0.0,0.0
2025-03-03 10:00:00+00:00,0.0,0.0,0.0,0.0
2025-03-03 11:00:00+00:00,0.0,0.0,0.0,0.0
2025-03-03 12:00:00+00:00,0.0,0.0,0.0,0.0
2025-03-03 13:00:00+00:00,0.0,0.0,0.0,0.0
2025-03-03 14:00:00+00:00,0.0,0.0,0.0,0.0
2025-03-03 15:00:00+00:00,0.0,0.0,0.0,0.0
2025-03-03 16:00:00+00:00,0.0,0.0,0.0,0.0
2025-03-03 17:00:00+00:00,0.0,0.0,0.0,0.0
2025-03-03 18:00:00+00:00,0.0,0.0,0.0,0.0
2025-03-03 19:00:00+00:00,0.0,0.0,0.0,0.0
2025-03-03 20:00:00+00:00,0.0,0.0,0.0,0.0
2025-03-03 21:00:00+00:00,0.0,0.0,0.0,0.0
2025-03-03 22:00:00+00:00,0.0,0.0,0.0,0.0
2025-03-03 23:00:00+00:00,0.0,0.0,0.0,0.0
2025-03-04 00:00:00+00:00,0.0,0.0,0.0,0.0
2025-03-04 01:00:00+00:00,0.0,0.0,0.0,0.0
2025-03-04 02:00:00+00:00,0.0,0.0,0.0,0.0
2025-03-04 03:00:00+00:00,0.0,0.0,0.0,0.0
2025-03-04 04:00:00+00:00,0.0,0.0,0.0,0.0
2025-03-04 05:00:00+00:00,0.0,0.0,0.0,0.0
2025-03-04 06:00:00+00:00,0.0,0.0,0.0,0.0
2025-03-04 07:00:00+00:00,0.0,0.0,0.0,0.0
2025-03-04 08:00:00+00:00,0.0,0.0,0.0,0.0
2025-03-04 09:00:00+00:00,0.0,0.0,0.0,0.0
2025-03-04 10:00:00+00:00,0.0,0.0,0.0,0.0
2025-03-04 11:00:00+00:00,0.0,0.0,0.0,0.0
2025-03-04 12:00:00+00:00,0.0,0.0,0.0,-9.21703157233611e-05
2025-03-04 13:00:00+00:00,0.0,0.0,0.0,0.0
2025-03-04 14:00:00+00:00,0.0,0.0,0.0,0.0
2025-03-04 15:00:00+00:00,0.0,0.0,0.0,0.0
2025-03-04 16:00:00+00:00,0.0,0.0,0.0,0.0
2025-03-04 17:00:00+00:00,0.0,0.0,0.0,0.0
2025-03-04 18:00:00+00:00,0.0,0.0,0.0,0.0
2025-03-04 19:00:00+00:00,0.0,0.0,0.0,0.0
2025-03-04 20:00:00+00:00,0.0,0.0,0.0,0.0
2025-03-04 21:00:00+00:00,0.0,0.0,0.0,0.0
2025-03-04 22:00:00+00:00,0.0,0.0,0.0,0.0
2025-03-04 23:00:00+00:00,0.0,0.0,0.0,0.0
2025-03-05 00:00:00+00:00,0.0,0.0,0.0,0.0
2025-03-05 01:00:00+00:00,0.0,0.0,0.0,0.0
2025-03-05 02:00:00+00:00,0.0,0.0,0.0,0.0
2025-03-05 03:00:00+00:00,0.0,0.0,0.0,0.0
2025-03-05 04:00:00+00:00,0.0,0.0,0.0,0.0
2025-03-05 05:00:00+00:00,0.0,0.0,0.0,0.0
2025-03-05 06:00:00+00:00,0.0,0.0,0.0,0.0
2025-03-05 07:00:00+00:00,0.0,0.0,0.0,0.0
2025-03-05 08:00:00+00:00,0.0,0.0,0.0,0.0
2025-03-05 09:00:00+00:00,0.0,0.0,0.0,0.0
2025-03-05 10:00:00+00:00,0.0,0.0,0.0,0.0
2025-03-05 11:00:00+00:00,0.0,0.0,0.0,0.0
2025-03-05 12:00:00+00:00,0.0,0.0,0.0,0.0
2025-03-05 13:00:00+00:00,0.0,0.0,0.0,0.0
2025-03-05 14:00:00+00:00,0.0,0.0,0.0,0.0
2025-03-05 15:00:00+00:00,0.0,0.0,0.0,0.0
2025-03-05 16:00:00+00:00,0.0,0.0,0.0,0.0
2025-03-05 17:00:00+00:00,0.0,0.0,0.0,0.0
2025-03-05 18:00:00+00:00,0.0,0.0,0.0,0.0
2025-03-05 19:00:00+00:00,0.0,0.0,0.0,0.0
2025-03-05 20:00:00+00:00,0.0,0.0,0.0,0.0
2025-03-05 21:00:00+00:00,0.0,0.0,0.0,0.0
2025-03-05 22:00:00+00:00,0.0,0.0,0.0,0.0
2025-03-05 23:00:00+00:00,0.0,0.0,0.0,0.0
2025-03-06 00:00:00+00:00,0.0,0.0,0.0,0.0
2025-03-06 01:00:00+00:00,0.0,0.0,0.0,0.0
2025-03-06 02:00:00+00:00,0.0,0.0,0.0,0.0
2025-03-06 03:00:00+00:00,0.0,0.0,0.0,0.0
2025-03-06 04:00:00+00:00,0.0,0.0,0.0,0.0
2025-03-06 05:00:00+00:00,0.0,0.0,0.0,0.0
2025-03-06 06:00:00+00:00,0.0,0.0,0.0,0.0
2025-03-06 07:00:00+00:00,0.0,0.0,0.0,0.0
2025-03-06 08:00:00+00:00,0.0,0.0,0.0,0.0
2025-03-06 09:00:00+00:00,0.0,0.0,-4.984116300923657e-05,0.0
2025-03-06 10:00:00+00:00,0.0,0.0,0.0,0.0
2025-03-06 11:00:00+00:00,0.0,0.0,0.0,0.0
2025-03-06 12:00:00+00:00,0.0,0.0,0.0,-0.0001056187912221
2025-03-06 13:00:00+00:00,0.0,0.0,0.0,0.0
2025-03-06 14:00:00+00:00,0.0,0.0,0.0,0.0
2025-03-06 15:00:00+00:00,0.0,0.0,0.0,0.0
2025-03-06 16:00:00+00:00,0.0,0.0,0.0,0.0
2025-03-06 17:00:00+00:00,0.0,0.0,0.0,0.0
2025-03-06 18:00:00+00:00,0.0,0.0,0.0,0.0
2025-03-06 19:00:00+00:00,0.0,0.0,0.0,0.0
2025-03-06 20:00:00+00:00,0.0,0.0,0.0,0.0
2025-03-06 21:00:00+00:00,0.0,0.0,0.0,0.0
2025-03-06 22:00:00+00:00,0.0,0.0,0.0,0.0001732752422174
2025-03-06 23:00:00+00:00,0.0,0.0,0.0,0.0
2025-03-07 00:00:00+00:00,0.0,0.0,0.0,0.0
2025-03-07 01:00:00+00:00,0.0,0.0,0.0,0.0
2025-03-07 02:00:00+00:00,0.0,0.0,0.0,0.0
2025-03-07 03:00:00+00:00,0.0,0.0,0.0,0.0
2025-03-07 04:00:00+00:00,0.0,0.0,0.0,0.0
2025-03-07 05:00:00+00:00,0.0,0.0,0.0,0.0
2025-03-07 06:00:00+00:00,0.0,0.0,0.0,0.0
2025-03-07 07:00:00+00:00,0.0,0.0,0.0,0.0
2025-03-07 08:00:00+00:00,0.0,0.0,0.0,0.0
2025-03-07 09:00:00+00:00,0.0,0.0,0.0,0.0
2025-03-07 10:00:00+00:00,0.0,0.0,0.0,0.0
2025-03-07 11:00:00+00:00,0.0,0.0,0.0,0.0
2025-03-07 12:00:00+00:00,0.0,0.0,0.0,0.0
2025-03-07 13:00:00+00:00,0.0,0.0,0.0,0.0
2025-03-07 14:00:00+00:00,0.0,0.0,0.0,0.0
2025-03-07 15:00:00+00:00,0.0,0.0,0.0,0.0
2025-03-07 16:00:00+00:00,0.0,0.0,0.0,0.0
2025-03-07 17:00:00+00:00,0.0,0.0,0.0,0.0
2025-03-07 18:00:00+00:00,0.0,0.0,0.0,0.0
2025-03-07 19:00:00+00:00,0.0,0.0,0.0,0.0
2025-03-07 20:00:00+00:00,0.0,0.0,0.0,0.0
2025-03-07 21:00:00+00:00,0.0,0.0,0.0,0.0
2025-03-07 22:00:00+00:00,0.0,0.0,0.0,0.0
2025-03-07 23:00:00+00:00,0.0,0.0,0.0,0.0
2025-03-08 00:00:00+00:00,0.0,0.0,0.0,0.0
2025-03-08 01:00:00+00:00,0.0,0.0,0.0,0.0
2025-03-08 02:00:00+00:00,0.0,0.0,0.0,0.0
2025-03-08 03:00:00+00:00,0.0,0.0,0.0,0.0
2025-03-08 04:00:00+00:00,0.0,0.0,0.0,0.0
2025-03-08 05:00:00+00:00,0.0,0.0,0.0,0.0
2025-03-08 06:00:00+00:00,0.0,0.0,0.0,0.0
2025-03-08 07:00:00+00:00,0.0,0.0,0.0,0.0
2025-03-08 08:00:00+00:00,0.0,0.0,0.0,0.0
2025-03-08 09:00:00+00:00,0.0,0.0,0.0,0.0
2025-03-08 10:00:00+00:00,0.0,0.0,0.0,0.0
2025-03-08 11:00:00+00:00,0.0,0.0,0.0,0.0
2025-03-08 12:00:00+00:00,0.0,0.0,0.0,0.0
2025-03-08 13:00:00+00:00,0.0,0.0,0.0,0.0
2025-03-08 14:00:00+00:00,0.0,0.0,0.0,0.0
2025-03-08 15:00:00+00:00,0.0,0.0,0.0,0.0
2025-03-08 16:00:00+00:00,0.0,0.0,0.0,0.0
2025-03-08 17:00:00+00:00,0.0,0.0,0.0,0.0
2025-03-08 18:00:00+00:00,0.0,0.0,0.0,0.0
2025-03-08 19:00:00+00:00,0.0,0.0,0.0,0.0
2025-03-08 20:00:00+00:00,0.0,0.0,0.0,0.0
2025-03-08 21:00:00+00:00,0.0,0.0,0.0,0.0
2025-03-08 22:00:00+00:00,0.0,0.0,0.0,0.0
2025-03-08 23:00:00+00:00,0.0,0.0,0.0,0.0
2025-03-09 00:00:00+00:00,0.0,0.0,0.0,0.0
2025-03-09 01:00:00+00:00,0.0,0.0,0.0,0.0
2025-03-09 02:00:00+00:00,0.0,0.0,0.0,0.0
2025-03-09 03:00:00+00:00,0.0,0.0,0.0,0.0
2025-03-09 04:00:00+00:00,0.0,0.0,0.0,0.0
2025-03-09 05:00:00+00:00,0.0,0.0,0.0,0.0
2025-03-09 06:00:00+00:00,0.0,0.0,0.0,0.0
2025-03-09 07:00:00+00:00,0.0,0.0,0.0,0.0
2025-03-09 08:00:00+00:00,0.0,0.0,0.0,0.0
2025-03-09 09:00:00+00:00,0.0,0.0,0.0,0.0
2025-03-09 10:00:00+00:00,0.0,0.0,0.0,0.0
2025-03-09 11:00:00+00:00,0.0,0.0,0.0,0.0
2025-03-09 12:00:00+00:00,0.0,0.0,0.0,-7.68098340692247e-05
2025-03-09 13:00:00+00:00,0.0,0.0,0.0,0.0
2025-03-09 14:00:00+00:00,0.0,0.0,0.0,0.0
2025-03-09 15:00:00+00:00,0.0,0.0,0.0,0.0
2025-03-09 16:00:00+00:00,-0.011345,0.0,0.0,0.0
2025-03-09 17:00:00+00:00,0.0,0.0,0.0,0.0
2025-03-09 18:00:00+00:00,0.0,0.0,0.0,0.0
2025-03-09 19:00:00+00:00,0.0,0.0,0.0,0.0
2025-03-09 20:00:00+00:00,0.0,0.0,0.0,0.0
2025-03-09 21:00:00+00:00,0.0,0.0,0.0,0.0
2025-03-09 22:00:00+00:00,0.0,0.0,0.0,0.0
2025-03-09 23:00:00+00:00,0.0,0.0,0.0,0.0
2025-03-10 00:00:00+00:00,0.0,0.0,0.0,0.0
2025-03-10 01:00:00+00:00,0.0,0.0,0.0,0.0
2025-03-10 02:00:00+00:00,0.0,0.0,0.0,0.0
2025-03-10 03:00:00+00:00,0.0,0.0,0.0,0.0
2025-03-10 04:00:00+00:00,0.0,0.0,0.0,0.0
2025-03-10 05:00:00+00:00,0.0,0.0,0.0,0.0
2025-03-10 06:00:00+00:00,0.0,0.0,0.0,0.0
2025-03-10 07:00:00+00:00,0.0,0.0,0.0,0.0
2025-03-10 08:00:00+00:00,0.0,0.0,-4.300222834360822e-05,-7.536020269960807e-05
2025-03-10 09:00:00+00:00,0.0,0.0,0.0,0.0
2025-03-10 10:00:00+00:00,0.0,0.0,0.0,0.0
2025-03-10 11:00:00+00:00,0.0,0.0,0.0,0.0001436162115122
2025-03-10 12:00:00+00:00,0.0,0.0,-0.0001153031753248,0.0
2025-03-10 13:00:00+00:00,0.0,0.0,0.0,0.0
2025-03-10 14:00:00+00:00,0.0,0.0,0.0,-0.0002882540776318
2025-03-10 15:00:00+00:00,0.0,0.0,0.0,0.0
2025-03-10 16:00:00+00:00,0.0,0.0,0.0,0.0
2025-03-10 17:00:00+00:00,-0.010648,0.0,-0.0001572752666722,0.0
2025-03-10 18:00:00+00:00,0.0,0.0,0.0,0.0
2025-03-10 19:00:00+00:00,0.0,0.0,0.0,-0.0002010492826349
2025-03-10 20:00:00+00:00,0.0,0.0,0.0,0.0
2025-03-10 21:00:00+00:00,0.0,0.0,0.0,0.0
2025-03-10 22:00:00+00:00,0.0,0.0,0.0,0.0
2025-03-10 23:00:00+00:00,0.0,0.0,0.0,0.0
2025-03-11 00:00:00+00:00,0.0,0.0,0.0,0.0
2025-03-11 01:00:00+00:00,0.0,0.0,0.0,0.0
2025-03-11 02:00:00+00:00,0.0,0.0,0.0,0.0
2025-03-11 03:00:00+00:00,0.0,0.0,0.0,0.0
2025-03-11 04:00:00+00:00,0.0,0.0,0.0,0.0
2025-03-11 05:00:00+00:00,0.0,0.0,0.0,0.0
2025-03-11 06:00:00+00:00,0.0,0.0,0.0,0.0
2025-03-11 07:00:00+00:00,0.0,0.0,0.0,0.0
2025-03-11 08:00:00+00:00,0.0,0.0,8.826987769342875e-05,6.861590215474168e-05
2025-03-11 09:00:00+00:00,0.0,0.0,0.0,0.0
2025-03-11 10:00:00+00:00,0.0,0.0,0.0,0.0
2025-03-11 11:00:00+00:00,0.0,0.0,0.0,0.0
2025-03-11 12:00:00+00:00,0.0,0.0,0.0,-0.0001004250988836
2025-03-11 13:00:00+00:00,0.0,0.0,-6.495133917304274e-05,0.0
2025-03-11 14:00:00+00:00,0.0043219999999999,0.0,0.0,0.0
2025-03-11 15:00:00+00:00,0.0,0.0,0.0,0.0
2025-03-11 16:00:00+00:00,0.0,0.0,0.0,0.0
2025-03-11 17:00:00+00:00,0.0,0.0,0.0,0.0
2025-03-11 18:00:00+00:00,0.0,0.0,0.0,0.0
2025-03-11 19:00:00+00:00,0.0,0.0,0.0,0.0
2025-03-11 20:00:00+00:00,0.0,0.0,0.0,0.0
2025-03-11 21:00:00+00:00,0.0,0.0,0.0,0.0
2025-03-11 22:00:00+00:00,0.0,0.0,0.0,0.0
2025-03-11 23:00:00+00:00,0.0,0.0,0.0,0.0
2025-03-12 00:00:00+00:00,0.0,0.0,0.0,0.0
2025-03-12 01:00:00+00:00,0.0,0.0,0.0,0.0
2025-03-12 02:00:00+00:00,0.0,0.0,0.0,0.0
2025-03-12 03:00:00+00:00,0.0,0.0,0.0,0.0
2025-03-12 04:00:00+00:00,0.0,0.0,0.0,0.0
2025-03-12 05:00:00+00:00,0.0,0.0,0.0,0.0
2025-03-12 06:00:00+00:00,0.0,0.0,0.0,0.0
2025-03-12 07:00:00+00:00,0.0,0.0,0.0,0.0
2025-03-12 08:00:00+00:00,0.0,0.0,0.0,0.0
2025-03-12 09:00:00+00:00,0.0,0.0,0.0,0.0
2025-03-12 10:00:00+00:00,0.0,0.0,0.0,0.0
2025-03-12 11:00:00+00:00,0.0,0.0,0.0,0.0
2025-03-12 12:00:00+00:00,0.014112,0.0,0.0,0.0
2025-03-12 13:00:00+00:00,0.0,0.0,0.0,0.0
2025-03-12 14:00:00+00:00,0.0,0.0,0.0,0.0
2025-03-12 15:00:00+00:00,0.0,0.0,0.0,0.0
2025-03-12 16:00:00+00:00,0.0,0.0,0.0,0.0
2025-03-12 17:00:00+00:00,0.0,0.0,0.0,0.0
2025-03-12 18:00:00+00:00,0.004222,0.0,0.0,0.0
2025-03-12 19:00:00+00:00,0.0,0.0,0.0,0.0
2025-03-12 20:00:00+00:00,0.0,0.0,0.0,0.0
2025-03-12 21:00:00+00:00,0.0,0.0,0.0,0.0
2025-03-12 22:00:00+00:00,0.0,0.0,0.0,0.0
2025-03-12 23:00:00+00:00,0.0,0.0,0.0,0.0
2025-03-13 00:00:00+00:00,0.0,0.0,0.0,0.0
2025-03-13 01:00:00+00:00,0.0,0.0,0.0,0.0
2025-03-13 02:00:00+00:00,0.0,0.0,0.0,0.0
2025-03-13 03:00:00+00:00,0.0,0.0,0.0,0.0
2025-03-13 04:00:00+00:00,0.0,0.0,0.0,0.0
2025-03-13 05:00:00+00:00,0.0,0.0,0.0,0.0
2025-03-13 06:00:00+00:00,0.0,0.0,0.0,0.0
2025-03-13 07:00:00+00:00,0.0,0.0,0.0,0.0
2025-03-13 08:00:00+00:00,0.0,0.0,0.0,0.0
2025-03-13 09:00:00+00:00,0.0,0.0,0.0,0.0
2025-03-13 10:00:00+00:00,0.0,0.0,0.0,0.0
2025-03-13 11:00:00+00:00,0.0,0.0,0.0,0.0
2025-03-13 12:00:00+00:00,0.0,0.0,0.0,6.536601609190896e-05
2025-03-13 13:00:00+00:00,0.0,0.0,0.0,0.0
2025-03-13 14:00:00+00:00,0.0,0.0,0.0,0.0
2025-03-13 15:00:00+00:00,0.0,0.0,0.0,0.0
2025-03-13 16:00:00+00:00,0.0,0.0,0.0,0.0
2025-03-13 17:00:00+00:00,-0.010943,0.0,0.0,0.0
2025-03-13 18:00:00+00:00,0.0,0.0,0.0,0.0
2025-03-13 19:00:00+00:00,0.0,0.0,0.0,0.0
2025-03-13 20:00:00+00:00,0.0,0.0,0.0,0.0
2025-03-13 21:00:00+00:00,0.0,0.0,0.0,0.0
2025-03-13 22:00:00+00:00,0.0,0.0,0.0,0.0
2025-03-13 23:00:00+00:00,0.0,0.0,0.0,-1.232001295087262e-06
2025-03-14 00:00:00+00:00,0.0,0.0,0.0,0.0
2025-03-14 01:00:00+00:00,0.0,0.0,0.0,0.0
2025-03-14 02:00:00+00:00,0.0,0.0,0.0,0.0
2025-03-14 03:00:00+00:00,0.0,0.0,0.0,0.0
2025-03-14 04:00:00+00:00,0.0,0.0,0.0,0.0
2025-03-14 05:00:00+00:00,0.0,0.0,0.0,0.0
2025-03-14 06:00:00+00:00,0.0,0.0,-3.421478620670881e-05,0.0
2025-03-14 07:00:00+00:00,0.0,0.0,0.0,0.0
2025-03-14 08:00:00+00:00,0.0,0.0,0.0,0.0
2025-03-14 09:00:00+00:00,0.0,0.0,0.0,7.15690722439899e-05
2025-03-14 10:00:00+00:00,0.013968,0.0,0.0,0.0
2025-03-14 11:00:00+00:00,0.0,0.0,7.651474015370031e-05,0.0
2025-03-14 12:00:00+00:00,0.0,0.0,0.0,0.0
2025-03-14 13:00:00+00:00,0.0,0.0,0.0,4.378246949214738e-05
2025-03-14 14:00:00+00:00,0.0,0.0,-6.06667531078131e-05,0.0
2025-03-14 15:00:00+00:00,0.013706,0.0,0.0,0.0
2025-03-14 16:00:00+00:00,0.0,0.0,0.0,0.0
2025-03-14 17:00:00+00:00,0.0,0.0,0.0,0.0
2025-03-14 18:00:00+00:00,0.0,0.0,0.0,0.0
2025-03-14 19:00:00+00:00,0.0,0.0,0.0,0.0
2025-03-14 20:00:00+00:00,0.0,0.0,-4.816681242190145e-05,0.0
2025-03-14 21:00:00+00:00,0.0,0.0,0.0,0.0
2025-03-14 22:00:00+00:00,0.0,0.0,0.0,0.0
2025-03-14 23:00:00+00:00,0.0,0.0,0.0,-9.750471232787494e-05
2025-03-15 00:00:00+00:00,0.0,0.0,0.0,0.0
2025-03-15 01:00:00+00:00,0.0,0.0,0.0,0.0
2025-03-15 02:00:00+00:00,0.0,0.0,0.0,0.0
2025-03-15 03:00:00+00:00,0.0,0.0,0.0,0.0
2025-03-15 04:00:00+00:00,0.0,0.0,0.0,0.0
2025-03-15 05:00:00+00:00,0.0,0.0,0.0,0.0
2025-03-15 06:00:00+00:00,0.0,0.0,0.0,0.0
2025-03-15 07:00:00+00:00,0.0,0.0,0.0,0.0
2025-03-15 08:00:00+00:00,0.0,0.0,0.0,0.0
2025-03-15 09:00:00+00:00,0.0,0.0,0.0,0.0
2025-03-15 10:00:00+00:00,0.0,0.0,0.0,0.0
2025-03-15 11:00:00+00:00,0.0,0.0,0.0,0.0
2025-03-15 12:00:00+00:00,0.0,0.0,0.0,0.0
2025-03-15 13:00:00+00:00,0.0,0.0,0.0,0.0
2025-03-15 14:00:00+00:00,0.0,0.0,0.0,0.0
2025-03-15 15:00:00+00:00,0.0,0.0,0.0,0.0
2025-03-15 16:00:00+00:00,0.0,0.0,0.0,0.0
2025-03-15 17:00:00+00:00,0.0,0.0,0.0,0.0
2025-03-15 18:00:00+00:00,0.0,0.0,0.0,0.0
2025-03-15 19:00:00+00:00,0.0,0.0,0.0,0.0
2025-03-15 20:00:00+00:00,0.0,0.0,0.0,0.0
2025-03-15 21:00:00+00:00,0.0,0.0,0.0,0.0
2025-03-15 22:00:00+00:00,0.0,0.0,0.0,0.0
2025-03-15 23:00:00+00:00,0.0,0.0,0.0,0.0
2025-03-16 00:00:00+00:00,0.0,0.0,0.0,0.0
2025-03-16 01:00:00+00:00,0.0,0.0,0.0,0.0
2025-03-16 02:00:00+00:00,0.0,0.0,0.0,0.0
2025-03-16 03:00:00+00:00,0.0,0.0,0.0,0.0
2025-03-16 04:00:00+00:00,0.0,0.0,0.0,0.0
2025-03-16 05:00:00+00:00,0.0,0.0,0.0,0.0
2025-03-16 06:00:00+00:00,0.0,0.0,0.0,0.0
2025-03-16 07:00:00+00:00,0.0,0.0,0.0,0.0
2025-03-16 08:00:00+00:00,0.0,0.0,0.0,0.0
2025-03-16 09:00:00+00:00,0.0,0.0,0.0,0.0
2025-03-16 10:00:00+00:00,0.0,0.0,0.0,0.0
2025-03-16 11:00:00+00:00,0.0,0.0,0.0,-6.993475562282802e-05
2025-03-16 12:00:00+00:00,0.0,0.0,0.0,0.0
2025-03-16 13:00:00+00:00,0.0,0.0,0.0,0.0
2025-03-16 14:00:00+00:00,0.0,0.0,0.0,0.0
2025-03-16 15:00:00+00:00,0.0,0.0,0.0,0.0
2025-03-16 16:00:00+00:00,0.012939,0.0,0.0,0.0001066720800794
2025-03-16 17:00:00+00:00,0.0,0.0,0.0,0.0
2025-03-16 18:00:00+00:00,0.0,0.0,0.0,0.0
2025-03-16 19:00:00+00:00,0.0,0.0,0.0,0.0
2025-03-16 20:00:00+00:00,0.0,0.0,0.0,0.0
2025-03-16 21:00:00+00:00,0.0,0.0,0.0,0.0
2025-03-16 22:00:00+00:00,0.0,0.0,0.0,0.0
2025-03-16 23:00:00+00:00,0.0,0.0,0.0,0.0
2025-03-17 00:00:00+00:00,0.0,0.0,0.0,0.0
2025-03-17 01:00:00+00:00,0.0,0.0,0.0,0.0
2025-03-17 02:00:00+00:00,0.0,0.0,0.0,0.0
2025-03-17 03:00:00+00:00,0.0,0.0,0.0,0.0
2025-03-17 04:00:00+00:00,0.0,0.0,0.0,0.0
2025-03-17 05:00:00+00:00,0.0,0.0,0.0,0.0
2025-03-17 06:00:00+00:00,0.0,0.0,0.0,0.0
2025-03-17 07:00:00+00:00,0.0,0.0,0.0,0.0
2025-03-17 08:00:00+00:00,0.0,0.0,0.0,0.0
2025-03-17 09:00:00+00:00,0.0,0.0,0.0,0.0
2025-03-17 10:00:00+00:00,0.0,0.0,0.0,0.0
2025-03-17 11:00:00+00:00,0.0,0.0,0.0,0.0
2025-03-17 12:00:00+00:00,0.0,0.0,6.687324658159245e-05,5.149859726527485e-05
2025-03-17 13:00:00+00:00,0.0,0.0,0.0,0.0
2025-03-17 14:00:00+00:00,0.0,0.0,0.0,0.0
2025-03-17 15:00:00+00:00,0.0,0.0,0.0,0.0
2025-03-17 16:00:00+00:00,0.0,0.0,0.0,0.0
2025-03-17 17:00:00+00:00,0.0,0.0,0.0,0.000120618794175
2025-03-17 18:00:00+00:00,0.0,0.0,0.0,0.0
2025-03-17 19:00:00+00:00,0.0,0.0,0.0,0.0
2025-03-17 20:00:00+00:00,0.0,0.0,0.0,0.0
2025-03-17 21:00:00+00:00,0.0,0.0,0.0,0.0
2025-03-17 22:00:00+00:00,0.0,0.0,0.0,0.0
2025-03-17 23:00:00+00:00,0.0,0.0,0.0,0.0
2025-03-18 00:00:00+00:00,0.0,0.0,0.0,0.0
2025-03-18 01:00:00+00:00,0.0,0.0,0.0,0.0
2025-03-18 02:00:00+00:00,0.0,0.0,0.0,0.0
2025-03-18 03:00:00+00:00,0.0,0.0,0.0,0.0
2025-03-18 04:00:00+00:00,0.0,0.0,0.0,0.0
2025-03-18 05:00:00+00:00,0.0,0.0,0.0,0.0
2025-03-18 06:00:00+00:00,0.0,0.0,0.0,0.0
2025-03-18 07:00:00+00:00,0.0,0.0,0.0,0.0
2025-03-18 08:00:00+00:00,0.0,0.0,0.0,0.0
2025-03-18 09:00:00+00:00,0.0,0.0,0.0,0.0
2025-03-18 10:00:00+00:00,0.0,0.0,0.0,0.0
2025-03-18 11:00:00+00:00,0.0,0.0,0.0,0.0
2025-03-18 12:00:00+00:00,0.0,0.0,0.0,0.0
2025-03-18 13:00:00+00:00,-0.011549,0.0,0.0,0.0
2025-03-18 14:00:00+00:00,0.0,0.0,0.0,0.0
2025-03-18 15:00:00+00:00,0.0,0.0,0.0,0.0
2025-03-18 16:00:00+00:00,0.0,0.0,0.0,0.0
2025-03-18 17:00:00+00:00,0.0,0.0,0.0,0.0
2025-03-18 18:00:00+00:00,0.0,0.0,0.0,0.0
2025-03-18 19:00:00+00:00,0.0,0.0,0.0,0.0
2025-03-18 20:00:00+00:00,0.0,0.0,0.0,0.0
2025-03-18 21:00:00+00:00,0.0,0.0,0.0,0.0
2025-03-18 22:00:00+00:00,0.0,0.0,0.0,5.609637979292815e-05
2025-03-18 23:00:00+00:00,0.0,0.0,0.0,0.0
2025-03-19 00:00:00+00:00,0.0,0.0,0.0,0.0
2025-03-19 01:00:00+00:00,0.0,0.0,0.0,0.0
2025-03-19 02:00:00+00:00,0.0,0.0,0.0,0.0
2025-03-19 03:00:00+00:00,0.0,0.0,0.0,0.0
2025-03-19 04:00:00+00:00,0.0,0.0,0.0,0.0
2025-03-19 05:00:00+00:00,0.0,0.0,0.0,0.0
2025-03-19 06:00:00+00:00,0.0,0.0,0.0,0.0
2025-03-19 07:00:00+00:00,0.0,0.0,0.0,0.0
2025-03-19 08:00:00+00:00,0.0,0.0,0.0,1.956730769230864e-05
2025-03-19 09:00:00+00:00,0.0,0.0,0.0,0.0
2025-03-19 10:00:00+00:00,0.0,0.0,0.0,0.0
2025-03-19 11:00:00+00:00,0.0,0.0,6.37512402094187e-05,4.051744147805737e-05
2025-03-19 12:00:00+00:00,0.0,0.0,0.0,0.0
2025-03-19 13:00:00+00:00,0.013342,0.0,0.0,0.0
2025-03-19 14:00:00+00:00,0.0,0.0,0.0,0.0
2025-03-19 15:00:00+00:00,0.0,0.0,0.0,0.0
2025-03-19 16:00:00+00:00,0.0,0.0,0.0,0.0
2025-03-19 17:00:00+00:00,-0.011687,0.0,0.0,0.0
2025-03-19 18:00:00+00:00,0.0,0.0,0.0001184537107858,9.27629686287046e-05
2025-03-19 19:00:00+00:00,0.0,0.0,0.0,0.0
2025-03-19 20:00:00+00:00,0.0,0.0,0.0,0.0
2025-03-19 21:00:00+00:00,0.0,0.0,0.0,0.0
2025-03-19 22:00:00+00:00,0.0,0.0,0.0001050895230556,0.0
2025-03-19 23:00:00+00:00,0.0,0.0,0.0,0.0
2025-03-20 00:00:00+00:00,0.0,0.0,0.0,0.0
2025-03-20 01:00:00+00:00,0.0,0.0,0.0,0.0
2025-03-20 02:00:00+00:00,0.0,0.0,0.0,0.0
2025-03-20 03:00:00+00:00,0.0,0.0,0.0,0.0
2025-03-20 04:00:00+00:00,0.0,0.0,0.0,0.0
2025-03-20 05:00:00+00:00,0.0,0.0,0.0,0.0
2025-03-20 06:00:00+00:00,0.0,0.0,0.0,0.0
2025-03-20 07:00:00+00:00,0.0,0.0,0.0,0.0
2025-03-20 08:00:00+00:00,0.0,0.0,0.0,0.0
2025-03-20 09:00:00+00:00,0.0,0.0,0.0,0.0
2025-03-20 10:00:00+00:00,0.0,0.0,0.0,0.0
2025-03-20 11:00:00+00:00,0.0,0.0,0.0,0.0
2025-03-20 12:00:00+00:00,0.0,0.0,0.0,0.0
2025-03-20 13:00:00+00:00,0.0,0.0,0.0,0.0
2025-03-20 14:00:00+00:00,0.0,0.0,0.0,0.0
2025-03-20 15:00:00+00:00,0.0,0.0,0.0,0.0
2025-03-20 16:00:00+00:00,-0.01117,0.0,0.0,0.0
2025-03-20 17:00:00+00:00,0.0,0.0,0.0,0.0
2025-03-20 18:00:00+00:00,0.0,0.0,0.0,0.0
2025-03-20 19:00:00+00:00,0.0,0.0,0.0,0.0
2025-03-20 20:00:00+00:00,0.0,0.0,0.0,0.0
2025-03-20 21:00:00+00:00,0.0,0.0,0.0,0.0
2025-03-20 22:00:00+00:00,0.0,0.0,0.0,0.0
2025-03-20 23:00:00+00:00,0.0,0.0,0.0,-6.53029007780681e-05
2025-03-21 00:00:00+00:00,0.0,0.0,0.0,0.0
2025-03-21 01:00:00+00:00,0.0,0.0,0.0,0.0
2025-03-21 02:00:00+00:00,0.0,0.0,0.0,0.0
2025-03-21 03:00:00+00:00,0.0,0.0,0.0,0.0
2025-03-21 04:00:00+00:00,0.0,0.0,0.0,0.0
2025-03-21 05:00:00+00:00,0.0,0.0,0.0,0.0
2025-03-21 06:00:00+00:00,0.0,0.0,0.0,0.0
2025-03-21 07:00:00+00:00,0.0,0.0,0.0,0.0
2025-03-21 08:00:00+00:00,0.0,0.0,0.0,0.0
2025-03-21 09:00:00+00:00,0.0,0.0,0.0,0.0
2025-03-21 10:00:00+00:00,0.0,0.0,0.0,0.0
2025-03-21 11:00:00+00:00,0.0,0.0,0.0,0.0
2025-03-21 12:00:00+00:00,-0.011672,0.0,0.0,-7.054248442556865e-05
2025-03-21 13:00:00+00:00,0.0,0.0,0.0,0.0
2025-03-21 14:00:00+00:00,0.0,0.0,0.0,0.0
2025-03-21 15:00:00+00:00,0.0,0.0,0.0,0.0
2025-03-21 16:00:00+00:00,0.0,0.0,0.0,0.0
2025-03-21 17:00:00+00:00,0.0,0.0,0.0,0.0
2025-03-21 18:00:00+00:00,0.0,0.0,0.0,0.0
2025-03-21 19:00:00+00:00,0.0,0.0,0.0,0.0
2025-03-21 20:00:00+00:00,0.0,0.0,0.0,0.0
2025-03-21 21:00:00+00:00,0.0,0.0,0.0,0.0
2025-03-21 22:00:00+00:00,0.0,0.0,0.0,0.0
2025-03-21 23:00:00+00:00,0.0,0.0,0.0,0.0
2025-03-22 00:00:00+00:00,0.0,0.0,0.0,0.0
2025-03-22 01:00:00+00:00,0.0,0.0,0.0,0.0
2025-03-22 02:00:00+00:00,0.0,0.0,0.0,0.0
2025-03-22 03:00:00+00:00,0.0,0.0,0.0,0.0
2025-03-22 04:00:00+00:00,0.0,0.0,0.0,0.0
2025-03-22 05:00:00+00:00,0.0,0.0,0.0,0.0
2025-03-22 06:00:00+00:00,0.0,0.0,0.0,0.0
2025-03-22 07:00:00+00:00,0.0,0.0,0.0,0.0
2025-03-22 08:00:00+00:00,0.0,0.0,0.0,0.0
2025-03-22 09:00:00+00:00,0.0,0.0,0.0,0.0
2025-03-22 10:00:00+00:00,0.0,0.0,0.0,0.0
2025-03-22 11:00:00+00:00,0.0,0.0,0.0,0.0
2025-03-22 12:00:00+00:00,0.0,0.0,0.0,0.0
2025-03-22 13:00:00+00:00,0.0,0.0,0.0,0.0
2025-03-22 14:00:00+00:00,0.0,0.0,0.0,0.0
2025-03-22 15:00:00+00:00,0.0,0.0,0.0,0.0
2025-03-22 16:00:00+00:00,0.0,0.0,0.0,0.0
2025-03-22 17:00:00+00:00,0.0,0.0,0.0,0.0
2025-03-22 18:00:00+00:00,0.0,0.0,0.0,0.0
2025-03-22 19:00:00+00:00,0.0,0.0,0.0,0.0
2025-03-22 20:00:00+00:00,0.0,0.0,0.0,0.0
2025-03-22 21:00:00+00:00,0.0,0.0,0.0,0.0
2025-03-22 22:00:00+00:00,0.0,0.0,0.0,0.0
2025-03-22 23:00:00+00:00,0.0,0.0,-2.562773960084085e-05,0.0
2025-03-23 00:00:00+00:00,0.0,0.0,0.0,0.0
2025-03-23 01:00:00+00:00,0.0,0.0,0.0,0.0
2025-03-23 02:00:00+00:00,0.0,0.0,0.0,0.0
2025-03-23 03:00:00+00:00,0.0,0.0,0.0,0.0
2025-03-23 04:00:00+00:00,0.0,0.0,0.0,0.0
2025-03-23 05:00:00+00:00,0.0,0.0,0.0,0.0
2025-03-23 06:00:00+00:00,0.0,0.0,0.0,0.0
2025-03-23 07:00:00+00:00,0.0,0.0,0.0,0.0
2025-03-23 08:00:00+00:00,0.0,0.0,0.0,0.0
2025-03-23 09:00:00+00:00,0.0,0.0,0.0,0.0
2025-03-23 10:00:00+00:00,0.0,0.0,7.102465461504845e-06,0.0
2025-03-23 11:00:00+00:00,0.010875,0.0,0.0,0.0
2025-03-23 12:00:00+00:00,0.0,0.0,0.0,0.0
2025-03-23 13:00:00+00:00,0.0,0.0,3.215036747019063e-05,0.0
2025-03-23 14:00:00+00:00,0.0,0.0,0.0,0.0
2025-03-23 15:00:00+00:00,0.0,0.0,0.0,0.0
2025-03-23 16:00:00+00:00,0.011495,0.0,0.0,7.011573926733017e-05
2025-03-23 17:00:00+00:00,0.0,0.0,0.0,0.0
2025-03-23 18:00:00+00:00,0.0,0.0,0.0,0.0
2025-03-23 19:00:00+00:00,0.0,0.0,0.0,0.0
2025-03-23 20:00:00+00:00,0.0,0.0,0.0,2.332831996316843e-05
2025-03-23 21:00:00+00:00,0.0,0.0,0.0,0.0
2025-03-23 22:00:00+00:00,0.011887,0.0,3.16603999539622e-05,0.0
2025-03-23 23:00:00+00:00,0.0,0.0,0.0,0.0
2025-03-24 00:00:00+00:00,0.0,0.0,0.0,0.0
2025-03-24 01:00:00+00:00,0.0,0.0,0.0,0.0
2025-03-24 02:00:00+00:00,0.0,0.0,0.0,0.0
2025-03-24 03:00:00+00:00,0.0,0.0,0.0,6.158230937096111e-05
2025-03-24 04:00:00+00:00,0.0,0.0,0.0,0.0
2025-03-24 05:00:00+00:00,0.0,0.0,0.0,0.0
2025-03-24 06:00:00+00:00,0.0,0.0,0.0,0.0
2025-03-24 07:00:00+00:00,0.0,0.0,0.0,0.0
2025-03-24 08:00:00+00:00,0.0,0.0,0.0,0.0
2025-03-24 09:00:00+00:00,0.0,0.0,0.0,0.0
2025-03-24 10:00:00+00:00,0.012753,0.0,0.0,4.5139182424006615e-05
2025-03-24 11:00:00+00:00,0.0,0.0,0.0,0.0
2025-03-24 12:00:00+00:00,0.0,0.0,-2.9590140304109883e-05,0.0
2025-03-24 13:00:00+00:00,0.0,0.0,0.0,0.0
2025-03-24 14:00:00+00:00,0.013004,0.0,0.0,5.3870850276142034e-05
2025-03-24 15:00:00+00:00,0.0,0.0,0.0,0.0
2025-03-24 16:00:00+00:00,0.0,0.0,0.0,0.0
2025-03-24 17:00:00+00:00,0.0,0.0,0.0,0.0
2025-03-24 18:00:00+00:00,0.0,0.0,0.0,0.0
2025-03-24 19:00:00+00:00,0.0,0.0,0.0,0.0
2025-03-24 20:00:00+00:00,-0.011707,0.0,0.0,0.0
2025-03-24 21:00:00+00:00,0.0,0.0,0.0,0.0
2025-03-24 22:00:00+00:00,0.0,0.0,0.0,0.0
2025-03-24 23:00:00+00:00,0.0,0.0,0.0,-0.0001202992429722
2025-03-25 00:00:00+00:00,0.0,0.0,0.0,0.0
2025-03-25 01:00:00+00:00,0.0,0.0,0.0,0.0
2025-03-25 02:00:00+00:00,0.0,0.0,0.0,0.0
2025-03-25 03:00:00+00:00,0.0,0.0,0.0,0.0
2025-03-25 04:00:00+00:00,0.0,0.0,0.0,0.0
2025-03-25 05:00:00+00:00,0.0,0.0,0.0,0.0
2025-03-25 06:00:00+00:00,0.0,0.0,0.0,0.0
2025-03-25 07:00:00+00:00,0.0,0.0,0.0,0.0
2025-03-25 08:00:00+00:00,0.0,0.0,0.0,0.0
2025-03-25 09:00:00+00:00,0.0,0.0,0.0,0.0
2025-03-25 10:00:00+00:00,0.0,0.0,0.0,0.0
2025-03-25 11:00:00+00:00,0.0,0.0,0.0,0.0
2025-03-25 12:00:00+00:00,0.0,0.0,0.0,0.0
2025-03-25 13:00:00+00:00,0.013249,0.0,0.0,3.66584812098314e-05
2025-03-25 14:00:00+00:00,0.0,0.0,0.0,0.0
2025-03-25 15:00:00+00:00,0.0,0.0,0.0,0.0
2025-03-25 16:00:00+00:00,0.0,0.0,0.0,0.0
2025-03-25 17:00:00+00:00,0.0,0.0,0.0,0.0
2025-03-25 18:00:00+00:00,0.0,0.0,0.0,0.0
2025-03-25 19:00:00+00:00,0.0,0.0,0.0,0.0
2025-03-25 20:00:00+00:00,0.0,0.0,0.0,6.45338303197185e-05
2025-03-25 21:00:00+00:00,0.0033539999999999,0.0,0.0,0.0
2025-03-25 22:00:00+00:00,0.0,0.0,0.0,0.0
2025-03-25 23:00:00+00:00,0.0,0.0,0.0,0.0
2025-03-26 00:00:00+00:00,0.0,0.0,0.0,0.0
2025-03-26 01:00:00+00:00,0.0,0.0,0.0,0.0
2025-03-26 02:00:00+00:00,0.0,0.0,0.0,0.0
2025-03-26 03:00:00+00:00,0.0,0.0,0.0,0.0
2025-03-26 04:00:00+00:00,0.0,0.0,0.0,0.0
2025-03-26 05:00:00+00:00,0.0,0.0,0.0,0.0
2025-03-26 06:00:00+00:00,0.0,0.0,0.0,0.0
2025-03-26 07:00:00+00:00,0.0,0.0,0.0,0.0
2025-03-26 08:00:00+00:00,0.0,0.0,0.0,0.0
2025-03-26 09:00:00+00:00,0.0,0.0,0.0,0.0
2025-03-26 10:00:00+00:00,0.0,0.0,0.0,0.0
2025-03-26 11:00:00+00:00,0.0,0.0,-2.8128644562138695e-05,0.0
2025-03-26 12:00:00+00:00,-0.0117639999999999,0.0,0.0,0.0
2025-03-26 13:00:00+00:00,0.0,0.0,0.0,-8.088459384992919e-05
2025-03-26 14:00:00+00:00,0.0,0.0,0.0,0.0
2025-03-26 15:00:00+00:00,0.0,0.0,0.0,0.0
2025-03-26 16:00:00+00:00,0.0,0.0,0.0,0.0
2025-03-26 17:00:00+00:00,0.0,0.0,0.0,0.0
2025-03-26 18:00:00+00:00,-0.011666,0.0,0.0,-7.537769738562128e-05
2025-03-26 19:00:00+00:00,0.0,0.0,0.0,0.0
2025-03-26 20:00:00+00:00,0.0,0.0,0.0,0.0
2025-03-26 21:00:00+00:00,0.0,0.0,0.0,0.0
2025-03-26 22:00:00+00:00,0.0,0.0,0.0,0.0
2025-03-26 23:00:00+00:00,0.0,0.0,0.0,0.0
2025-03-27 00:00:00+00:00,0.0,0.0,0.0,0.0
2025-03-27 01:00:00+00:00,0.0,0.0,0.0,0.0
2025-03-27 02:00:00+00:00,0.0,0.0,0.0,0.0
2025-03-27 03:00:00+00:00,0.0,0.0,0.0,0.0
2025-03-27 04:00:00+00:00,0.0,0.0,0.0,0.0
2025-03-27 05:00:00+00:00,0.0,0.0,0.0,0.0
2025-03-27 06:00:00+00:00,0.0,0.0,0.0,0.0
2025-03-27 07:00:00+00:00,0.0,0.0,0.0,0.0
2025-03-27 08:00:00+00:00,0.0,0.0,0.0,0.0
2025-03-27 09:00:00+00:00,0.0,0.0,0.0,0.0
2025-03-27 10:00:00+00:00,0.0,0.0,-2.4834268494475777e-05,-3.603478558750538e-05
2025-03-27 11:00:00+00:00,-0.011995,0.0,0.0,0.0
2025-03-27 12:00:00+00:00,0.0,0.0,0.0,0.0
2025-03-27 13:00:00+00:00,0.0,0.0,0.0,0.0
2025-03-27 14:00:00+00:00,0.0,0.0,0.0,0.0
2025-03-27 15:00:00+00:00,0.0,0.0,0.0,0.0
2025-03-27 16:00:00+00:00,0.0,0.0,0.0,0.0
2025-03-27 17:00:00+00:00,0.0,0.0,0.0,0.0
2025-03-27 18:00:00+00:00,0.0,0.0,0.0,0.0
2025-03-27 19:00:00+00:00,0.0,0.0,0.0,0.0
2025-03-27 20:00:00+00:00,0.0,0.0,0.0,0.0
2025-03-27 21:00:00+00:00,0.0,0.0,0.0,0.0
2025-03-27 22:00:00+00:00,0.0,0.0,0.0,0.0
2025-03-27 23:00:00+00:00,0.0,0.0,0.0,1.9657115045895745e-05
2025-03-28 00:00:00+00:00,0.0,0.0,0.0,0.0
2025-03-28 01:00:00+00:00,0.0,0.0,0.0,0.0
2025-03-28 02:00:00+00:00,0.0,0.0,0.0,0.0
2025-03-28 03:00:00+00:00,0.0,0.0,0.0,0.0
2025-03-28 04:00:00+00:00,0.0,0.0,0.0,0.0
2025-03-28 05:00:00+00:00,0.0,0.0,0.0,0.0
2025-03-28 06:00:00+00:00,0.0,0.0,0.0,0.0
2025-03-28 07:00:00+00:00,0.0,0.0,0.0,0.0
2025-03-28 08:00:00+00:00,0.0,0.0,0.0,0.0
2025-03-28 09:00:00+00:00,0.0,0.0,0.0,0.0
2025-03-28 10:00:00+00:00,0.0,0.0,0.0,0.0
2025-03-28 11:00:00+00:00,0.0,0.0,0.0,0.0
2025-03-28 12:00:00+00:00,0.0,0.0,0.0,0.0
2025-03-28 13:00:00+00:00,0.0,0.0,0.0,0.0
2025-03-28 14:00:00+00:00,-0.011722,0.0,0.0,-6.50952562065321e-05
2025-03-28 15:00:00+00:00,0.0,0.0,0.0,0.0
2025-03-28 16:00:00+00:00,0.0,0.0,0.0,0.0
2025-03-28 17:00:00+00:00,0.0,0.0,0.0,0.0
2025-03-28 18:00:00+00:00,0.0,0.0,0.0,0.0
2025-03-28 19:00:00+00:00,0.0,0.0,0.0,0.0
2025-03-28 20:00:00+00:00,0.0,0.0,0.0,0.0
2025-03-28 21:00:00+00:00,0.0,0.0,0.0,0.0
2025-03-28 22:00:00+00:00,0.0,0.0,0.0,0.0
2025-03-28 23:00:00+00:00,0.0,0.0,0.0,0.0
2025-03-29 00:00:00+00:00,0.0,0.0,0.0,0.0
2025-03-29 01:00:00+00:00,0.0,0.0,0.0,0.0
2025-03-29 02:00:00+00:00,0.00343,0.0,0.0,0.0
2025-03-29 03:00:00+00:00,0.0,0.0,0.0,0.0
2025-03-29 04:00:00+00:00,0.0,0.0,0.0,0.0
2025-03-29 05:00:00+00:00,0.0,0.0,0.0,0.0
2025-03-29 06:00:00+00:00,0.0,0.0,0.0,0.0
2025-03-29 07:00:00+00:00,0.0,0.0,0.0,0.0
2025-03-29 08:00:00+00:00,0.0,0.0,0.0,0.0
2025-03-29 09:00:00+00:00,0.0,0.0,0.0,0.0
2025-03-29 10:00:00+00:00,0.0,0.0,0.0,0.0
2025-03-29 11:00:00+00:00,0.0,0.0,0.0,0.0
2025-03-29 12:00:00+00:00,0.0,0.0,0.0,0.0
2025-03-29 13:00:00+00:00,0.0,0.0,0.0,0.0
2025-03-29 14:00:00+00:00,0.0,0.0,0.0,0.0
2025-03-29 15:00:00+00:00,0.0,0.0,0.0,0.0
2025-03-29 16:00:00+00:00,0.0,0.0,0.0,0.0
2025-03-29 17:00:00+00:00,0.0,0.0,0.0,0.0
2025-03-29 18:00:00+00:00,0.0,0.0,0.0,0.0
2025-03-29 19:00:00+00:00,0.0,0.0,0.0,0.0
2025-03-29 20:00:00+00:00,0.0,0.0,0.0,0.0
2025-03-29 21:00:00+00:00,0.0,0.0,0.0,0.0
2025-03-29 22:00:00+00:00,0.0,0.0,0.0,0.0
2025-03-29 23:00:00+00:00,0.0,0.0,0.0,0.0
2025-03-30 00:00:00+00:00,0.0,0.0,0.0,0.0
2025-03-30 01:00:00+00:00,0.0,0.0,0.0,0.0
2025-03-30 02:00:00+00:00,0.0,0.0,0.0,0.0
2025-03-30 03:00:00+00:00,0.0,0.0,0.0,0.0
2025-03-30 04:00:00+00:00,0.0,0.0,0.0,0.0
2025-03-30 05:00:00+00:00,0.0,0.0,0.0,0.0
2025-03-30 06:00:00+00:00,0.0,0.0,0.0,0.0
2025-03-30 07:00:00+00:00,0.0,0.0,0.0,0.0
2025-03-30 08:00:00+00:00,0.0,0.0,0.0,0.0
2025-03-30 09:00:00+00:00,0.0,0.0,0.0,0.0
2025-03-30 10:00:00+00:00,0.002967,0.0,0.0,0.0
2025-03-30 11:00:00+00:00,0.0,0.0,0.0,0.0
2025-03-30 12:00:00+00:00,0.0,0.0,0.0,0.0
2025-03-30 13:00:00+00:00,0.0,0.0,-3.6286954721516096e-05,-7.308869133163864e-05
2025-03-30 14:00:00+00:00,0.0,0.0,0.0,0.0
2025-03-30 15:00:00+00:00,0.0,0.0,0.0,0.0
2025-03-30 16:00:00+00:00,0.0,0.0,0.0,0.0
2025-03-30 17:00:00+00:00,0.0,0.0,0.0,0.0
2025-03-30 18:00:00+00:00,0.0,0.0,0.0,0.0
2025-03-30 19:00:00+00:00,0.0,0.0,0.0,0.0
2025-03-30 20:00:00+00:00,0.0,0.0,0.0,0.0
2025-03-30 21:00:00+00:00,0.0,0.0,0.0,0.0
2025-03-30 22:00:00+00:00,0.0,0.0,0.0,0.0
2025-03-30 23:00:00+00:00,0.0,0.0,0.0,0.0
2025-03-31 00:00:00+00:00,0.0,0.0,0.0,0.0
2025-03-31 01:00:00+00:00,0.0,0.0,0.0,0.0
2025-03-31 02:00:00+00:00,0.0,0.0,0.0,0.0
2025-03-31 03:00:00+00:00,0.0,0.0,0.0,0.0
2025-03-31 04:00:00+00:00,0.0,0.0,0.0,0.0
2025-03-31 05:00:00+00:00,0.0,0.0,0.0,0.0
2025-03-31 06:00:00+00:00,0.0,0.0,0.0,0.0
2025-03-31 07:00:00+00:00,0.0,0.0,0.0,0.0
2025-03-31 08:00:00+00:00,0.0,0.0,0.0,0.0
2025-03-31 09:00:00+00:00,0.0,0.0,0.0,0.0
2025-03-31 10:00:00+00:00,0.0,0.0,0.0,0.0
2025-03-31 11:00:00+00:00,0.0,0.0,0.0,0.0
2025-03-31 12:00:00+00:00,0.0,0.0,0.0,0.0
2025-03-31 13:00:00+00:00,0.0,0.0,0.0,0.0
2025-03-31 14:00:00+00:00,0.0,0.0,0.0,0.0
2025-03-31 15:00:00+00:00,0.0,0.0,0.0,0.0
2025-03-31 16:00:00+00:00,0.0,0.0,0.0,0.0
2025-03-31 17:00:00+00:00,0.0,0.0,0.0,0.0
2025-03-31 18:00:00+00:00,0.0,0.0,0.0,0.0
2025-03-31 19:00:00+00:00,0.0,0.0,0.0,0.0
2025-03-31 20:00:00+00:00,0.0,0.0,0.0,0.0
2025-03-31 21:00:00+00:00,0.0,0.0,0.0,0.0
2025-03-31 22:00:00+00:00,0.0,0.0,0.0,0.0
2025-03-31 23:00:00+00:00,0.0,0.0,0.0,0.0
2025-04-01 00:00:00+00:00,0.0,0.0,0.0,0.0
2025-04-01 01:00:00+00:00,0.0,0.0,0.0,0.0
2025-04-01 02:00:00+00:00,0.0,0.0,0.0,0.0
2025-04-01 03:00:00+00:00,0.0,0.0,0.0,0.0
2025-04-01 04:00:00+00:00,0.0,0.0,0.0,0.0
2025-04-01 05:00:00+00:00,0.0,0.0,0.0,0.0
2025-04-01 06:00:00+00:00,0.0,0.0,0.0,0.0
2025-04-01 07:00:00+00:00,0.0,0.0,0.0,0.0
2025-04-01 08:00:00+00:00,0.0,0.0,0.0,0.0
2025-04-01 09:00:00+00:00,0.0,0.0,0.0,0.0
2025-04-01 10:00:00+00:00,0.0,0.0,0.0,0.0
2025-04-01 11:00:00+00:00,0.0,0.0,-3.107132924721311e-05,-4.971314098764944e-05
2025-04-01 12:00:00+00:00,0.0,0.0,0.0,0.0
2025-04-01 13:00:00+00:00,0.0,0.0,0.0,0.0
2025-04-01 14:00:00+00:00,0.0,0.0,-3.965621252686068e-05,6.117491006446653e-05
2025-04-01 15:00:00+00:00,0.0,0.0,0.0,0.0
2025-04-01 16:00:00+00:00,0.0,0.0,0.0,0.0
2025-04-01 17:00:00+00:00,0.0,0.0,0.0,0.0
2025-04-01 18:00:00+00:00,0.0,0.0,0.0,0.0
2025-04-01 19:00:00+00:00,0.0,0.0,-3.722178287700272e-05,0.0
2025-04-01 20:00:00+00:00,0.0,0.0,0.0,0.0
2025-04-01 21:00:00+00:00,0.0,0.0,0.0,0.0
2025-04-01 22:00:00+00:00,0.0,0.0,0.0,0.0
2025-04-01 23:00:00+00:00,0.0,0.0,0.0,0.0
2025-04-02 00:00:00+00:00,0.0,0.0,0.0,-2.826832921385413e-05
2025-04-02 01:00:00+00:00,0.0,0.0,0.0,0.0
2025-04-02 02:00:00+00:00,0.0,0.0,0.0,0.0
2025-04-02 03:00:00+00:00,0.0,0.0,0.0,0.0
2025-04-02 04:00:00+00:00,0.0,0.0,0.0,0.0
2025-04-02 05:00:00+00:00,0.0,0.0,0.0,0.0
2025-04-02 06:00:00+00:00,0.0,0.0,0.0,0.0
2025-04-02 07:00:00+00:00,0.0,0.0,0.0,0.0
2025-04-02 08:00:00+00:00,0.0,0.0,0.0,0.0
2025-04-02 09:00:00+00:00,0.0,0.0,0.0,0.0
2025-04-02 10:00:00+00:00,0.0,0.0,0.0,0.0
2025-04-02 11:00:00+00:00,0.0,0.0,0.0,0.0
2025-04-02 12:00:00+00:00,0.0,0.0,0.0,0.0
2025-04-02 13:00:00+00:00,0.0,0.0,0.0,0.0
2025-04-02 14:00:00+00:00,0.0,0.0,0.0,0.0
2025-04-02 15:00:00+00:00,0.0,0.0,0.0,0.0001043690886172
2025-04-02 16:00:00+00:00,0.0,0.0,0.0,0.0
2025-04-02 17:00:00+00:00,0.0,0.0,0.0,0.0
2025-04-02 18:00:00+00:00,0.0,0.0,0.0,0.0
2025-04-02 19:00:00+00:00,0.0,0.0,0.0,0.0
2025-04-02 20:00:00+00:00,0.0,0.0,0.0,0.0001261883629606
2025-04-02 21:00:00+00:00,0.0,0.0,0.0,0.0
2025-04-02 22:00:00+00:00,0.0,0.0,0.0,0.0
2025-04-02 23:00:00+00:00,0.0,0.0,0.0,0.0
2025-04-03 00:00:00+00:00,0.0,0.0,0.0,0.0
2025-04-03 01:00:00+00:00,0.0,0.0,0.0,0.0
2025-04-03 02:00:00+00:00,0.0,0.0,0.0,0.0
2025-04-03 03:00:00+00:00,0.0,0.0,0.0,0.0
2025-04-03 04:00:00+00:00,0.0,0.0,0.0,0.0
2025-04-03 05:00:00+00:00,0.0,0.0,0.0,0.0
2025-04-03 06:00:00+00:00,0.0,0.0,0.0,0.0
2025-04-03 07:00:00+00:00,0.0,0.0,0.0,0.0
2025-04-03 08:00:00+00:00,0.0,0.0,0.0,0.0
2025-04-03 09:00:00+00:00,0.0,0.0,0.0,0.0
2025-04-03 10:00:00+00:00,0.0,0.0,-2.897211469873206e-05,-5.753681256414843e-05
2025-04-03 11:00:00+00:00,0.0,0.0,0.0,0.0
2025-04-03 12:00:00+00:00,0.0,0.0,0.0,0.0
2025-04-03 13:00:00+00:00,0.0,0.0,0.0,0.0
2025-04-03 14:00:00+00:00,0.0,0.0,-8.679465755922045e-05,0.0
2025-04-03 15:00:00+00:00,0.0,0.0,0.0,0.0
2025-04-03 16:00:00+00:00,0.0,0.0,0.0,0.0
2025-04-03 17:00:00+00:00,0.0,0.0,0.0,0.0
2025-04-03 18:00:00+00:00,0.0,0.0,0.0,0.0
2025-04-03 19:00:00+00:00,0.0,0.0,0.0,0.0
2025-04-03 20:00:00+00:00,0.0,0.0,0.0,4.063267351693934e-05
2025-04-03 21:00:00+00:00,0.0,0.0,0.0,0.0
2025-04-03 22:00:00+00:00,0.0,0.0,0.0,0.0
2025-04-03 23:00:00+00:00,0.0,0.0,0.0,0.0
2025-04-04 00:00:00+00:00,0.0,0.0,0.0,0.0
2025-04-04 01:00:00+00:00,0.0,0.0,0.0,0.0
2025-04-04 02:00:00+00:00,0.0,0.0,0.0,0.0
2025-04-04 03:00:00+00:00,0.0,0.0,0.0,0.0
2025-04-04 04:00:00+00:00,0.0,0.0,0.0,0.0
2025-04-04 05:00:00+00:00,0.0,0.0,0.0,0.0
2025-04-04 06:00:00+00:00,0.0,0.0,0.0,0.0
2025-04-04 07:00:00+00:00,0.0,0.0,0.0,0.0
2025-04-04 08:00:00+00:00,0.0,0.0,0.0,0.0
2025-04-04 09:00:00+00:00,0.0,0.0,0.0,0.0
2025-04-04 10:00:00+00:00,0.0,0.0,0.0,-0.0001457258385684
2025-04-04 11:00:00+00:00,0.0,0.0,0.0,0.0
2025-04-04 12:00:00+00:00,0.0,0.0,0.0,0.0
2025-04-04 13:00:00+00:00,0.0,0.0,0.0,0.0
2025-04-04 14:00:00+00:00,0.0,0.0,-9.181999157866772e-05,0.0
2025-04-04 15:00:00+00:00,0.0,0.0,0.0,0.0
2025-04-04 16:00:00+00:00,0.0,0.0,0.0,0.0
2025-04-04 17:00:00+00:00,0.0,0.0,0.0,0.0
2025-04-04 18:00:00+00:00,0.0,0.0,0.0,0.0
2025-04-04 19:00:00+00:00,0.0,0.0,0.0,0.0
2025-04-04 20:00:00+00:00,0.0,0.0,0.0,0.0
2025-04-04 21:00:00+00:00,0.0,0.0,0.0,0.0
2025-04-04 22:00:00+00:00,0.0,0.0,0.0,0.0
2025-04-04 23:00:00+00:00,0.0,0.0,0.0,0.0
2025-04-05 00:00:00+00:00,0.0,0.0,0.0,0.0
2025-04-05 01:00:00+00:00,0.0,0.0,0.0,0.0
2025-04-05 02:00:00+00:00,0.0,0.0,0.0,0.0
2025-04-05 03:00:00+00:00,0.0,0.0,0.0,0.0
2025-04-05 04:00:00+00:00,0.0,0.0,0.0,0.0
2025-04-05 05:00:00+00:00,0.0,0.0,0.0,0.0
2025-04-05 06:00:00+00:00,0.0,0.0,0.0,0.0
2025-04-05 07:00:00+00:00,0.0,0.0,0.0,0.0
2025-04-05 08:00:00+00:00,0.0,0.0,0.0,0.0
2025-04-05 09:00:00+00:00,0.0,0.0,0.0,0.0
2025-04-05 10:00:00+00:00,0.0,0.0,0.0,0.0
2025-04-05 11:00:00+00:00,0.0,0.0,0.0,0.0
2025-04-05 12:00:00+00:00,0.0,0.0,0.0,0.0
2025-04-05 13:00:00+00:00,0.0,0.0,0.0,0.0
2025-04-05 14:00:00+00:00,0.0,0.0,0.0,0.0
2025-04-05 15:00:00+00:00,0.0,0.0,0.0,0.0
2025-04-05 16:00:00+00:00,0.0,0.0,0.0,0.0
2025-04-05 17:00:00+00:00,0.0,0.0,0.0,0.0
2025-04-05 18:00:00+00:00,0.0,0.0,0.0,0.0
2025-04-05 19:00:00+00:00,0.0,0.0,0.0,0.0
2025-04-05 20:00:00+00:00,0.0,0.0,0.0,0.0
2025-04-05 21:00:00+00:00,0.0,0.0,0.0,0.0
2025-04-05 22:00:00+00:00,0.0,0.0,0.0,0.0
2025-04-05 23:00:00+00:00,0.0,0.0,0.0,0.0
2025-04-06 00:00:00+00:00,0.0,0.0,0.0,0.0
2025-04-06 01:00:00+00:00,0.0,0.0,0.0,0.0
2025-04-06 02:00:00+00:00,0.0,0.0,0.0,0.0
2025-04-06 03:00:00+00:00,0.0,0.0,0.0,0.0
2025-04-06 04:00:00+00:00,0.0,0.0,0.0,0.0
2025-04-06 05:00:00+00:00,0.0,0.0,0.0,0.0
2025-04-06 06:00:00+00:00,0.0,0.0,0.0,0.0
2025-04-06 07:00:00+00:00,0.0,0.0,0.0,0.0
2025-04-06 08:00:00+00:00,0.0,0.0,0.0,0.0
2025-04-06 09:00:00+00:00,0.0,0.0,0.0,0.0
2025-04-06 10:00:00+00:00,0.0,0.0,0.0,0.0
2025-04-06 11:00:00+00:00,0.0,0.0,0.0,0.0
2025-04-06 12:00:00+00:00,0.0,0.0,0.0,0.0
2025-04-06 13:00:00+00:00,0.0,0.0,0.0,0.0
2025-04-06 14:00:00+00:00,0.0,0.0,0.0,0.0
2025-04-06 15:00:00+00:00,0.0,0.0,0.0,0.0
2025-04-06 16:00:00+00:00,0.0,0.0,0.0,0.0
2025-04-06 17:00:00+00:00,0.0,0.0,0.0,0.0
2025-04-06 18:00:00+00:00,0.0,0.0,0.0,0.0
2025-04-06 19:00:00+00:00,0.0,0.0,0.0,0.0
2025-04-06 20:00:00+00:00,0.0,0.0,0.0,0.0
2025-04-06 21:00:00+00:00,0.0,0.0,0.0,0.0
2025-04-06 22:00:00+00:00,0.0,0.0,0.0,0.0
2025-04-06 23:00:00+00:00,0.0,0.0,0.0,0.0
2025-04-07 00:00:00+00:00,0.0,0.0,0.0,0.0
2025-04-07 01:00:00+00:00,0.0,0.0,0.0,0.0
2025-04-07 02:00:00+00:00,0.0,0.0,0.0,0.0
2025-04-07 03:00:00+00:00,0.0,0.0,0.0,0.0
2025-04-07 04:00:00+00:00,0.0,0.0,0.0,0.0
2025-04-07 05:00:00+00:00,0.0,0.0,0.0,0.0
2025-04-07 06:00:00+00:00,0.0,0.0,0.0,0.0
2025-04-07 07:00:00+00:00,0.0,0.0,0.0,0.0
2025-04-07 08:00:00+00:00,0.0,0.0,0.0,0.0001470257757599
2025-04-07 09:00:00+00:00,0.0,0.0,0.0,0.0
2025-04-07 10:00:00+00:00,0.0,0.0,0.0,0.0
2025-04-07 11:00:00+00:00,0.0,0.0,0.0,0.0
2025-04-07 12:00:00+00:00,0.0,0.0,0.0,0.0
2025-04-07 13:00:00+00:00,0.0,0.0,-9.116412703080058e-05,0.0
2025-04-07 14:00:00+00:00,0.0,0.0,0.0,0.0002135374807101
2025-04-07 15:00:00+00:00,0.0,0.0,0.0,0.0
2025-04-07 16:00:00+00:00,0.0,0.0,0.0,0.0
2025-04-07 17:00:00+00:00,0.0,0.0,0.0,0.0
2025-04-07 18:00:00+00:00,0.0,0.0,0.0,0.0
2025-04-07 19:00:00+00:00,0.0,0.0,0.0,0.0
2025-04-07 20:00:00+00:00,0.0,0.0,0.0,0.0
2025-04-07 21:00:00+00:00,0.0,0.0,0.0,0.0
2025-04-07 22:00:00+00:00,0.0,0.0,0.0,0.0
2025-04-07 23:00:00+00:00,0.0,0.0,0.0,0.0
2025-04-08 00:00:00+00:00,0.0,0.0,0.0,0.0
2025-04-08 01:00:00+00:00,0.0,0.0,0.0,0.0
2025-04-08 02:00:00+00:00,0.0,0.0,0.0,0.0
2025-04-08 03:00:00+00:00,0.0,0.0,0.0,0.0
2025-04-08 04:00:00+00:00,0.0,0.0,0.0,0.0
2025-04-08 05:00:00+00:00,0.0,0.0,0.0,0.0
2025-04-08 06:00:00+00:00,0.0,0.0,0.0,0.0
2025-04-08 07:00:00+00:00,0.0,0.0,0.0,0.0
2025-04-08 08:00:00+00:00,0.0,0.0,0.0,0.0
2025-04-08 09:00:00+00:00,0.0,0.0,0.0,-8.461658448224108e-05
2025-04-08 10:00:00+00:00,0.0,0.0,-4.72280523465518e-05,0.0
2025-04-08 11:00:00+00:00,0.0,0.0,0.0,0.0
2025-04-08 12:00:00+00:00,0.0,0.0,0.0,0.0
2025-04-08 13:00:00+00:00,0.0,0.0,0.0,0.0
2025-04-08 14:00:00+00:00,0.0,0.0,-7.220157972663177e-05,-0.000177418169088
2025-04-08 15:00:00+00:00,0.0,0.0,0.0,0.0
2025-04-08 16:00:00+00:00,0.0,0.0,0.0,0.0
2025-04-08 17:00:00+00:00,0.0,0.0,0.0,0.0
2025-04-08 18:00:00+00:00,0.0,0.0,0.0,0.0
2025-04-08 19:00:00+00:00,0.0,0.0,0.0,0.0
2025-04-08 20:00:00+00:00,0.0,0.0,0.0,0.0
2025-04-08 21:00:00+00:00,0.0,0.0,0.0,0.0
2025-04-08 22:00:00+00:00,0.0,0.0,0.0,0.0
2025-04-08 23:00:00+00:00,0.0,0.0,0.0,0.0
2025-04-09 00:00:00+00:00,0.0,0.0,0.0,0.0
2025-04-09 01:00:00+00:00,0.0,0.0,0.0,0.0
2025-04-09 02:00:00+00:00,0.0,0.0,0.0,0.0
2025-04-09 03:00:00+00:00,0.0,0.0,0.0,0.0
2025-04-09 04:00:00+00:00,0.0,0.0,0.0,0.0
2025-04-09 05:00:00+00:00,0.0,0.0,0.0,0.0
2025-04-09 06:00:00+00:00,0.0,0.0,0.0,0.0
2025-04-09 07:00:00+00:00,0.0,0.0,0.0,0.0
2025-04-09 08:00:00+00:00,0.0,0.0,-8.470192081459938e-05,0.0
2025-04-09 09:00:00+00:00,0.0,0.0,0.0,0.0
2025-04-09 10:00:00+00:00,0.0,0.0,0.0,0.0
2025-04-09 11:00:00+00:00,0.0,0.0,-5.0429459774581344e-05,-0.000189284609955
2025-04-09 12:00:00+00:00,0.0,0.0,0.0,0.0
2025-04-09 13:00:00+00:00,0.0,0.0,0.0,0.0
2025-04-09 14:00:00+00:00,0.0,0.0,-8.494196770784224e-05,0.0
2025-04-09 15:00:00+00:00,0.0,0.0,0.0,0.0
2025-04-09 16:00:00+00:00,0.0,0.0,0.0,0.0
2025-04-09 17:00:00+00:00,0.0,0.0,0.0,0.0001698607224988
2025-04-09 18:00:00+00:00,0.0,0.0,0.0,0.0
2025-04-09 19:00:00+00:00,0.0,0.0,0.0,0.0
2025-04-09 20:00:00+00:00,0.0,0.0,0.0,0.0
2025-04-09 21:00:00+00:00,0.0,0.0,0.0,0.0
2025-04-09 22:00:00+00:00,0.0,0.0,0.0,0.0
2025-04-09 23:00:00+00:00,0.0,0.0,0.0,0.0
2025-04-10 00:00:00+00:00,0.0,0.0,0.0,0.0
2025-04-10 01:00:00+00:00,0.0,0.0,0.0,0.0
2025-04-10 02:00:00+00:00,0.0,0.0,0.0,0.0
2025-04-10 03:00:00+00:00,0.0,0.0,0.0,0.0
2025-04-10 04:00:00+00:00,0.0,0.0,0.0,0.0
2025-04-10 05:00:00+00:00,0.0,0.0,0.0,0.0
2025-04-10 06:00:00+00:00,0.0,0.0,0.0,0.0
2025-04-10 07:00:00+00:00,0.0,0.0,0.0,0.0
2025-04-10 08:00:00+00:00,0.0,0.0,0.0,0.0
2025-04-10 09:00:00+00:00,0.0,0.0,0.0,0.0
2025-04-10 10:00:00+00:00,0.0,0.0,0.0,0.0
2025-04-10 11:00:00+00:00,0.0,0.0,0.0,0.0
2025-04-10 12:00:00+00:00,0.0,0.0,0.0,0.0
2025-04-10 13:00:00+00:00,0.0,0.0,0.0,0.0
2025-04-10 14:00:00+00:00,0.0,0.0,0.0,0.0
2025-04-10 15:00:00+00:00,0.0,0.0,-8.314802862118498e-05,0.0
2025-04-10 16:00:00+00:00,0.0,0.0,0.0,0.0
2025-04-10 17:00:00+00:00,0.0,0.0,0.0,0.0
2025-04-10 18:00:00+00:00,0.0,0.0,0.0,0.0
2025-04-10 19:00:00+00:00,0.0,0.0,0.0,0.0
2025-04-10 20:00:00+00:00,0.0,0.0,0.0,0.0
2025-04-10 21:00:00+00:00,0.0,0.0,0.0,0.0
2025-04-10 22:00:00+00:00,0.0,0.0,0.0,0.0
2025-04-10 23:00:00+00:00,0.0,0.0,0.0,0.0
2025-04-11 00:00:00+00:00,0.0,0.0,0.0,0.0
2025-04-11 01:00:00+00:00,0.0,0.0,0.0,0.0
2025-04-11 02:00:00+00:00,0.0,0.0,0.0,0.0
2025-04-11 03:00:00+00:00,0.0,0.0,0.0,0.0
2025-04-11 04:00:00+00:00,0.0,0.0,0.0,0.0
2025-04-11 05:00:00+00:00,0.0,0.0,0.0,0.0
2025-04-11 06:00:00+00:00,0.0,0.0,0.0,0.0
2025-04-11 07:00:00+00:00,0.0,0.0,0.0,0.0
2025-04-11 08:00:00+00:00,0.0,0.0,8.562217947769235e-05,0.0
2025-04-11 09:00:00+00:00,0.0,0.0,0.0,0.0
2025-04-11 10:00:00+00:00,0.0,0.0,0.0,0.0
2025-04-11 11:00:00+00:00,0.0,0.0,0.0,0.0
2025-04-11 12:00:00+00:00,0.0,0.0,0.0,0.0
2025-04-11 13:00:00+00:00,0.0,0.0,0.0001260631948747,0.0
2025-04-11 14:00:00+00:00,0.0,0.0,0.0,0.0
2025-04-11 15:00:00+00:00,0.0,0.0,0.0,0.0
2025-04-11 16:00:00+00:00,0.0,0.0,0.0,0.0
2025-04-11 17:00:00+00:00,0.0,0.0,0.0,0.0
2025-04-11 18:00:00+00:00,0.0,0.0,0.0,0.0
2025-04-11 19:00:00+00:00,0.0,0.0,0.0,0.0
2025-04-11 20:00:00+00:00,0.0,0.0,0.0,0.0
2025-04-11 21:00:00+00:00,0.0,0.0,0.0,0.0
2025-04-11 22:00:00+00:00,0.0,0.0,0.0,0.0
2025-04-11 23:00:00+00:00,0.0,0.0,-9.205349696175368e-05,0.0
2025-04-12 00:00:00+00:00,0.0,0.0,0.0,0.0
2025-04-12 01:00:00+00:00,0.0,0.0,0.0,0.0
2025-04-12 02:00:00+00:00,0.0,0.0,0.0,0.0
2025-04-12 03:00:00+00:00,0.0,0.0,0.0,0.0
2025-04-12 04:00:00+00:00,0.0,0.0,0.0,0.0
2025-04-12 05:00:00+00:00,0.0,0.0,0.0,0.0
2025-04-12 06:00:00+00:00,0.0,0.0,0.0,0.0
2025-04-12 07:00:00+00:00,0.0,0.0,0.0,0.0
2025-04-12 08:00:00+00:00,0.0,0.0,0.0,0.0
2025-04-12 09:00:00+00:00,0.0,0.0,0.0,0.0
2025-04-12 10:00:00+00:00,0.0,0.0,0.0,0.0
2025-04-12 11:00:00+00:00,0.0,0.0,0.0,0.0
2025-04-12 12:00:00+00:00,0.0,0.0,0.0,0.0
2025-04-12 13:00:00+00:00,0.0,0.0,0.0,0.0
2025-04-12 14:00:00+00:00,0.0,0.0,0.0,0.0
2025-04-12 15:00:00+00:00,0.0,0.0,0.0,0.0
2025-04-12 16:00:00+00:00,0.0,0.0,0.0,0.0
2025-04-12 17:00:00+00:00,0.0,0.0,0.0,0.0
2025-04-12 18:00:00+00:00,0.0,0.0,0.0,0.0
2025-04-12 19:00:00+00:00,0.0,0.0,0.0,0.0
2025-04-12 20:00:00+00:00,0.0,0.0,0.0,0.0
2025-04-12 21:00:00+00:00,0.0,0.0,0.0,0.0
2025-04-12 22:00:00+00:00,0.0,0.0,0.0,0.0
2025-04-12 23:00:00+00:00,0.0,0.0,0.0,0.0
2025-04-13 00:00:00+00:00,0.0,0.0,0.0,0.0
2025-04-13 01:00:00+00:00,0.0,0.0,0.0,0.0
2025-04-13 02:00:00+00:00,0.0,0.0,0.0,0.0
2025-04-13 03:00:00+00:00,0.0,0.0,0.0,0.0
2025-04-13 04:00:00+00:00,0.0,0.0,0.0,0.0
2025-04-13 05:00:00+00:00,0.0,0.0,0.0,0.0
2025-04-13 06:00:00+00:00,0.0,0.0,0.0,0.0
2025-04-13 07:00:00+00:00,0.0,0.0,0.0,0.0
2025-04-13 08:00:00+00:00,0.0,0.0,0.0,0.0
2025-04-13 09:00:00+00:00,0.0,0.0,0.0,0.0
2025-04-13 10:00:00+00:00,0.0,0.0,0.0,0.0
2025-04-13 11:00:00+00:00,0.0,0.0,0.0,0.0
2025-04-13 12:00:00+00:00,0.0,0.0,-4.283501714093196e-05,0.0
2025-04-13 13:00:00+00:00,0.0,0.0,0.0,0.0
2025-04-13 14:00:00+00:00,0.0,0.0,0.0,0.0
2025-04-13 15:00:00+00:00,0.0,0.0,0.0,0.0
2025-04-13 16:00:00+00:00,0.0,0.0,0.0,0.0
2025-04-13 17:00:00+00:00,0.0,0.0,0.0,8.793274654009031e-05
2025-04-13 18:00:00+00:00,0.0,0.0,0.0,0.0
2025-04-13 19:00:00+00:00,0.0,0.0,0.0,0.0
2025-04-13 20:00:00+00:00,0.0,0.0,0.0,0.0
2025-04-13 21:00:00+00:00,0.0,0.0,0.0,0.0
2025-04-13 22:00:00+00:00,0.0,0.0,0.0,0.0
2025-04-13 23:00:00+00:00,0.0,0.0,0.0,0.0
2025-04-14 00:00:00+00:00,0.0,0.0,0.0,0.0
2025-04-14 01:00:00+00:00,0.0,0.0,0.0,0.0
2025-04-14 02:00:00+00:00,0.0,0.0,0.0,0.0
2025-04-14 03:00:00+00:00,0.0,0.0,0.0,0.0
2025-04-14 04:00:00+00:00,0.0,0.0,0.0,0.0
2025-04-14 05:00:00+00:00,0.0,0.0,0.0,0.0
2025-04-14 06:00:00+00:00,0.0,0.0,0.0,0.0
2025-04-14 07:00:00+00:00,0.0,0.0,0.0,0.0
2025-04-14 08:00:00+00:00,0.0,0.0,0.0,0.0
2025-04-14 09:00:00+00:00,0.0,0.0,0.0,0.0
2025-04-14 10:00:00+00:00,0.0,0.0,0.0,0.0
2025-04-14 11:00:00+00:00,0.0,0.0,0.0,0.0
2025-04-14 12:00:00+00:00,0.0,0.0,0.0,0.0
2025-04-14 13:00:00+00:00,0.0,0.0,0.0,0.0
2025-04-14 14:00:00+00:00,0.0,0.0,0.0,0.0
2025-04-14 15:00:00+00:00,0.0,0.0,-8.272982836723064e-05,0.0
2025-04-14 16:00:00+00:00,0.0,0.0,0.0,0.0
2025-04-14 17:00:00+00:00,0.0,0.0,0.0,0.0
2025-04-14 18:00:00+00:00,0.0,0.0,0.0,0.0
2025-04-14 19:00:00+00:00,0.0,0.0,0.0,0.0
2025-04-14 20:00:00+00:00,0.0,0.0,0.0,0.0
2025-04-14 21:00:00+00:00,0.0,0.0,0.0,2.904397258673198e-05
2025-04-14 22:00:00+00:00,0.0,0.0,0.0,0.0
2025-04-14 23:00:00+00:00,0.0,0.0,0.0,0.0
2025-04-15 00:00:00+00:00,0.0,0.0,0.0,0.0
2025-04-15 01:00:00+00:00,0.0,0.0,0.0,0.0
2025-04-15 02:00:00+00:00,0.0,0.0,0.0,0.0
2025-04-15 03:00:00+00:00,0.0,0.0,0.0,0.0
2025-04-15 04:00:00+00:00,0.0,0.0,0.0,0.0
2025-04-15 05:00:00+00:00,0.0,0.0,0.0,0.0
2025-04-15 06:00:00+00:00,0.0,0.0,0.0,0.0
2025-04-15 07:00:00+00:00,0.0,0.0,0.0,0.0
2025-04-15 08:00:00+00:00,0.0,0.0,4.838823253174752e-05,3.671058602540024e-05
2025-04-15 09:00:00+00:00,0.0,0.0,0.0,0.0
2025-04-15 10:00:00+00:00,0.0,0.0,0.0,0.0
2025-04-15 11:00:00+00:00,0.0,0.0,-4.257894204614864e-05,0.0
2025-04-15 12:00:00+00:00,0.0,0.0,0.0,0.0
2025-04-15 13:00:00+00:00,0.0,0.0,0.0,6.818946091075807e-05
2025-04-15 14:00:00+00:00,0.0,0.0,-6.764320925571997e-05,0.0
2025-04-15 15:00:00+00:00,0.0,0.0,0.0,0.0
2025-04-15 16:00:00+00:00,0.0,0.0,0.0,0.0
2025-04-15 17:00:00+00:00,0.0,0.0,0.0,0.0
2025-04-15 18:00:00+00:00,0.0,0.0,0.0,0.0
2025-04-15 19:00:00+00:00,0.0,0.0,0.0,0.0
2025-04-15 20:00:00+00:00,0.0,0.0,0.0,0.0
2025-04-15 21:00:00+00:00,0.0,0.0,0.0,0.0
2025-04-15 22:00:00+00:00,0.0,0.0,0.0,0.0
2025-04-15 23:00:00+00:00,0.0,0.0,0.0,0.0
2025-04-16 00:00:00+00:00,0.0,0.0,0.0,0.0
2025-04-16 01:00:00+00:00,0.0,0.0,0.0,0.0
2025-04-16 02:00:00+00:00,0.0,0.0,0.0,0.0
2025-04-16 03:00:00+00:00,0.0,0.0,0.0,0.0
2025-04-16 04:00:00+00:00,0.0,0.0,0.0,0.0
2025-04-16 05:00:00+00:00,0.0,0.0,0.0,0.0
2025-04-16 06:00:00+00:00,0.0,0.0,0.0,0.0
2025-04-16 07:00:00+00:00,0.0,0.0,0.0,0.0
2025-04-16 08:00:00+00:00,0.0,0.0,0.0,0.0
2025-04-16 09:00:00+00:00,0.0,0.0,0.0,0.0
2025-04-16 10:00:00+00:00,0.0,0.0,0.0,0.0
2025-04-16 11:00:00+00:00,0.0,0.0,0.0,0.0
2025-04-16 12:00:00+00:00,0.0,0.0,0.0,0.0
2025-04-16 13:00:00+00:00,0.0,0.0,0.0,-5.9178976183996696e-05
2025-04-16 14:00:00+00:00,0.0,0.0,0.0001140213780463,0.0
2025-04-16 15:00:00+00:00,0.0,0.0,0.0,0.0
2025-04-16 16:00:00+00:00,0.0,0.0,0.0,0.0
2025-04-16 17:00:00+00:00,0.0,0.0,0.0,-0.0001186549393033
2025-04-16 18:00:00+00:00,0.0,0.0,0.0,0.0
2025-04-16 19:00:00+00:00,0.0,0.0,0.0,0.0
2025-04-16 20:00:00+00:00,0.0,0.0,0.0,0.0
2025-04-16 21:00:00+00:00,0.0,0.0,0.0,0.0
2025-04-16 22:00:00+00:00,0.0,0.0,0.0,0.0
2025-04-16 23:00:00+00:00,0.0,0.0,0.0,0.0
2025-04-17 00:00:00+00:00,0.0,0.0,0.0,0.0
2025-04-17 01:00:00+00:00,0.0,0.0,0.0,0.0
2025-04-17 02:00:00+00:00,0.0,0.0,0.0,0.0
2025-04-17 03:00:00+00:00,0.0,0.0,0.0,0.0
2025-04-17 04:00:00+00:00,0.0,0.0,0.0,0.0
2025-04-17 05:00:00+00:00,0.0,0.0,0.0,0.0
2025-04-17 06:00:00+00:00,0.0,0.0,0.0,0.0
2025-04-17 07:00:00+00:00,0.0,0.0,0.0,0.0
2025-04-17 08:00:00+00:00,0.0,0.0,-4.327982217103176e-05,0.0
2025-04-17 09:00:00+00:00,0.0,0.0,0.0,0.0
2025-04-17 10:00:00+00:00,0.0,0.0,0.0,0.0
2025-04-17 11:00:00+00:00,0.0,0.0,0.0,0.0
2025-04-17 12:00:00+00:00,0.0,0.0,0.0,0.0
2025-04-17 13:00:00+00:00,0.0,0.0,0.0,0.0
2025-04-17 14:00:00+00:00,0.0,0.0,-3.7097913066495005e-05,-6.148264786985712e-05
2025-04-17 15:00:00+00:00,0.0,0.0,0.0,0.0
2025-04-17 16:00:00+00:00,0.0,0.0,0.0,0.0
2025-04-17 17:00:00+00:00,0.0,0.0,0.0,0.0
2025-04-17 18:00:00+00:00,0.0,0.0,0.0,0.0
2025-04-17 19:00:00+00:00,0.0,0.0,0.0,0.0
2025-04-17 20:00:00+00:00,0.0,0.0,0.0,0.0
2025-04-17 21:00:00+00:00,0.0,0.0,0.0,0.0
2025-04-17 22:00:00+00:00,0.0,0.0,0.0,0.0
2025-04-17 23:00:00+00:00,0.0,0.0,0.0,0.0
2025-04-18 00:00:00+00:00,0.0,0.0,0.0,0.0
2025-04-18 01:00:00+00:00,0.0,0.0,0.0,0.0
2025-04-18 02:00:00+00:00,0.0,0.0,0.0,-1.1379274440396206e-05
2025-04-18 03:00:00+00:00,0.0,0.0,0.0,0.0
2025-04-18 04:00:00+00:00,0.0,0.0,0.0,0.0
2025-04-18 05:00:00+00:00,0.0,0.0,0.0,0.0
2025-04-18 06:00:00+00:00,0.0,0.0,0.0,0.0
2025-04-18 07:00:00+00:00,0.0,0.0,0.0,0.0
2025-04-18 08:00:00+00:00,0.0,0.0,0.0,0.0
2025-04-18 09:00:00+00:00,0.0,0.0,0.0,0.0
2025-04-18 10:00:00+00:00,0.0,0.0,0.0,0.0
2025-04-18 11:00:00+00:00,0.0,0.0,0.0,0.0
2025-04-18 12:00:00+00:00,0.0,0.0,0.0,0.0
2025-04-18 13:00:00+00:00,0.0,0.0,0.0,0.0
2025-04-18 14:00:00+00:00,0.0,0.0,0.0,0.0
2025-04-18 15:00:00+00:00,0.0,0.0,0.0,0.0
2025-04-18 16:00:00+00:00,0.0,0.0,0.0,0.0
2025-04-18 17:00:00+00:00,0.0,0.0,0.0,0.0
2025-04-18 18:00:00+00:00,0.0,0.0,0.0,0.0
2025-04-18 19:00:00+00:00,0.0,0.0,0.0,0.0
2025-04-18 20:00:00+00:00,0.0,0.0,0.0,0.0
2025-04-18 21:00:00+00:00,0.0,0.0,0.0,0.0
2025-04-18 22:00:00+00:00,0.0,0.0,0.0,0.0
2025-04-18 23:00:00+00:00,0.0,0.0,-2.4387157289957875e-05,0.0
2025-04-19 00:00:00+00:00,0.0,0.0,0.0,0.0
2025-04-19 01:00:00+00:00,0.0,0.0,0.0,0.0
2025-04-19 02:00:00+00:00,0.0,0.0,0.0,0.0
2025-04-19 03:00:00+00:00,0.0,0.0,0.0,0.0
2025-04-19 04:00:00+00:00,0.0,0.0,0.0,0.0
2025-04-19 05:00:00+00:00,0.0,0.0,0.0,0.0
2025-04-19 06:00:00+00:00,0.0,0.0,0.0,0.0
2025-04-19 07:00:00+00:00,0.0,0.0,0.0,0.0
2025-04-19 08:00:00+00:00,0.0,0.0,0.0,0.0
2025-04-19 09:00:00+00:00,0.0,0.0,0.0,0.0
2025-04-19 10:00:00+00:00,0.0,0.0,0.0,0.0
2025-04-19 11:00:00+00:00,0.0,0.0,0.0,0.0
2025-04-19 12:00:00+00:00,0.0,0.0,0.0,0.0
2025-04-19 13:00:00+00:00,0.0,0.0,0.0,0.0
2025-04-19 14:00:00+00:00,0.0,0.0,0.0,0.0
2025-04-19 15:00:00+00:00,0.0,0.0,0.0,0.0
2025-04-19 16:00:00+00:00,0.0,0.0,0.0,0.0
2025-04-19 17:00:00+00:00,0.0,0.0,0.0,0.0
2025-04-19 18:00:00+00:00,0.0,0.0,0.0,0.0
2025-04-19 19:00:00+00:00,0.0,0.0,0.0,0.0
2025-04-19 20:00:00+00:00,0.0,0.0,0.0,0.0
2025-04-19 21:00:00+00:00,0.0,0.0,0.0,0.0
2025-04-19 22:00:00+00:00,0.0,0.0,0.0,0.0
2025-04-19 23:00:00+00:00,0.0,0.0,0.0,0.0
2025-04-20 00:00:00+00:00,0.0,0.0,0.0,0.0
2025-04-20 01:00:00+00:00,0.0,0.0,0.0,0.0
2025-04-20 02:00:00+00:00,0.0,0.0,0.0,0.0
2025-04-20 03:00:00+00:00,0.0,0.0,0.0,0.0
2025-04-20 04:00:00+00:00,0.0,0.0,0.0,0.0
2025-04-20 05:00:00+00:00,0.0,0.0,0.0,0.0
2025-04-20 06:00:00+00:00,0.0,0.0,0.0,0.0
2025-04-20 07:00:00+00:00,0.0,0.0,0.0,0.0
2025-04-20 08:00:00+00:00,0.0,0.0,0.0,0.0
2025-04-20 09:00:00+00:00,0.0,0.0,0.0,0.0
2025-04-20 10:00:00+00:00,0.0,0.0,0.0,0.0
2025-04-20 11:00:00+00:00,0.0,0.0,0.0,0.0
2025-04-20 12:00:00+00:00,0.0,0.0,0.0,0.0
2025-04-20 13:00:00+00:00,0.0,0.0,0.0,0.0
2025-04-20 14:00:00+00:00,0.0,0.0,0.0,3.427727953331129e-05
2025-04-20 15:00:00+00:00,0.0,0.0,0.0,0.0
2025-04-20 16:00:00+00:00,0.0,0.0,0.0,0.0
2025-04-20 17:00:00+00:00,0.0,0.0,0.0,0.0
2025-04-20 18:00:00+00:00,0.0,0.0,0.0,0.0
2025-04-20 19:00:00+00:00,0.0,0.0,0.0,0.0
2025-04-20 20:00:00+00:00,0.0,0.0,4.5973886562104005e-05,3.964581507919564e-05
2025-04-20 21:00:00+00:00,0.0,0.0,0.0,0.0
2025-04-20 22:00:00+00:00,0.0,0.0,0.0,0.0
2025-04-20 23:00:00+00:00,0.0,0.0,0.0,0.0
2025-04-21 00:00:00+00:00,0.0,0.0,5.391091064943844e-05,0.0
2025-04-21 01:00:00+00:00,0.0,0.0,0.0,0.0
2025-04-21 02:00:00+00:00,0.0,0.0,0.0,0.0
2025-04-21 03:00:00+00:00,0.0,0.0,0.0,0.0
2025-04-21 04:00:00+00:00,0.0,0.0,0.0,0.0
2025-04-21 05:00:00+00:00,0.0,0.0,0.0,0.0
2025-04-21 06:00:00+00:00,0.0,0.0,0.0,0.0
2025-04-21 07:00:00+00:00,0.0,0.0,0.0,0.0
2025-04-21 08:00:00+00:00,0.0,0.0,0.0,0.0
2025-04-21 09:00:00+00:00,0.0,0.0,-2.6110101624678964e-05,0.0
2025-04-21 10:00:00+00:00,0.0,0.0,0.0,0.0
2025-04-21 11:00:00+00:00,0.0,0.0,0.0,-4.866424389922907e-05
2025-04-21 12:00:00+00:00,0.0,0.0,0.0,0.0
2025-04-21 13:00:00+00:00,0.0,0.0,0.0,0.0
2025-04-21 14:00:00+00:00,0.0,0.0,0.0001118927902247,9.965287184861782e-05
2025-04-21 15:00:00+00:00,0.0,0.0,0.0,0.0
2025-04-21 16:00:00+00:00,0.0,0.0,0.0,0.0
2025-04-21 17:00:00+00:00,0.0,0.0,0.0,0.0
2025-04-21 18:00:00+00:00,0.0,0.0,0.0,0.0
2025-04-21 19:00:00+00:00,0.0,0.0,0.0,0.0
2025-04-21 20:00:00+00:00,0.0,0.0,0.0,0.0
2025-04-21 21:00:00+00:00,0.0,0.0,0.0,0.0
2025-04-21 22:00:00+00:00,0.0,0.0,0.0,0.0
2025-04-21 23:00:00+00:00,0.0,0.0,0.0,0.0
2025-04-22 00:00:00+00:00,0.0,0.0,0.0,0.0
2025-04-22 01:00:00+00:00,0.0,0.0,0.0,0.0
2025-04-22 02:00:00+00:00,0.0,0.0,0.0,0.0
2025-04-22 03:00:00+00:00,0.0,0.0,0.0,0.0
2025-04-22 04:00:00+00:00,0.0,0.0,0.0,0.0
2025-04-22 05:00:00+00:00,0.0,0.0,0.0,0.0
2025-04-22 06:00:00+00:00,0.0,0.0,0.0,0.0
2025-04-22 07:00:00+00:00,0.0,0.0,0.0,0.0
2025-04-22 08:00:00+00:00,0.0,0.0,0.0,0.0
2025-04-22 09:00:00+00:00,0.0,0.0,0.0,0.0
2025-04-22 10:00:00+00:00,0.0,0.0,0.0,0.0
2025-04-22 11:00:00+00:00,0.0,0.0,0.0,0.0
2025-04-22 12:00:00+00:00,0.0,0.0,5.243331821889076e-05,2.8923236684575975e-05
2025-04-22 13:00:00+00:00,0.0,0.0,0.0,0.0
2025-04-22 14:00:00+00:00,0.0,0.0,0.0,0.0
2025-04-22 15:00:00+00:00,0.0,0.0,0.0,0.0
2025-04-22 16:00:00+00:00,0.0,0.0,0.0,0.0
2025-04-22 17:00:00+00:00,0.0,0.0,0.0,0.0
2025-04-22 18:00:00+00:00,0.0,0.0,0.0,0.0
2025-04-22 19:00:00+00:00,0.0,0.0,0.0,0.0
2025-04-22 20:00:00+00:00,0.0,0.0,0.0,0.0
2025-04-22 21:00:00+00:00,0.0,0.0,0.0,0.0001109796764742
2025-04-22 22:00:00+00:00,0.0,0.0,0.0,0.0
2025-04-22 23:00:00+00:00,0.0,0.0,0.0,0.0
2025-04-23 00:00:00+00:00,0.0,0.0,0.0,0.0
2025-04-23 01:00:00+00:00,0.0,0.0,0.0,0.0
2025-04-23 02:00:00+00:00,0.0,0.0,0.0,0.0
2025-04-23 03:00:00+00:00,0.0,0.0,0.0,0.0
2025-04-23 04:00:00+00:00,0.0,0.0,0.0,0.0
2025-04-23 05:00:00+00:00,0.0,0.0,0.0,0.0
2025-04-23 06:00:00+00:00,0.0,0.0,0.0,0.0
2025-04-23 07:00:00+00:00,0.0,0.0,0.0,0.0
2025-04-23 08:00:00+00:00,0.0,0.0,0.0,0.0
2025-04-23 09:00:00+00:00,0.0,0.0,0.0,0.0
2025-04-23 10:00:00+00:00,0.0,0.0,0.0,0.0
2025-04-23 11:00:00+00:00,0.0,0.0,-3.982499688784057e-05,0.0
2025-04-23 12:00:00+00:00,0.0,0.0,0.0,0.0
2025-04-23 13:00:00+00:00,0.0,0.0,0.0,6.157999253081692e-05
2025-04-23 14:00:00+00:00,0.0,0.0,0.0,0.0
2025-04-23 15:00:00+00:00,0.0,0.0,-0.0001080372869468,0.0
2025-04-23 16:00:00+00:00,0.0,0.0,0.0,0.0
2025-04-23 17:00:00+00:00,0.0,0.0,0.0,0.0
2025-04-23 18:00:00+00:00,0.0,0.0,0.0,0.0
2025-04-23 19:00:00+00:00,0.0,0.0,0.0,0.0
2025-04-23 20:00:00+00:00,0.0,0.0,0.0,0.0
2025-04-23 21:00:00+00:00,0.0,0.0,0.0,0.0
2025-04-23 22:00:00+00:00,0.0,0.0,0.0,0.0
2025-04-23 23:00:00+00:00,0.0,0.0,0.0,0.0
2025-04-24 00:00:00+00:00,0.0,0.0,0.0,0.0
2025-04-24 01:00:00+00:00,0.0,0.0,0.0,0.0
2025-04-24 02:00:00+00:00,0.0,0.0,0.0,0.0
2025-04-24 03:00:00+00:00,0.0,0.0,0.0,0.0
2025-04-24 04:00:00+00:00,0.0,0.0,0.0,0.0
2025-04-24 05:00:00+00:00,0.0,0.0,0.0,0.0
2025-04-24 06:00:00+00:00,0.0,0.0,0.0,0.0
2025-04-24 07:00:00+00:00,0.0,0.0,0.0,0.0
2025-04-24 08:00:00+00:00,0.0,0.0,0.0,0.0
2025-04-24 09:00:00+00:00,0.0,0.0,0.0,0.0
2025-04-24 10:00:00+00:00,0.0,0.0,0.0,0.0
2025-04-24 11:00:00+00:00,0.0,0.0,0.0,0.0
2025-04-24 12:00:00+00:00,0.0,0.0,0.0,0.0
2025-04-24 13:00:00+00:00,0.0,0.0,0.0,0.0
2025-04-24 14:00:00+00:00,0.0,0.0,0.0,0.0
2025-04-24 15:00:00+00:00,0.0,0.0,0.0,0.0
2025-04-24 16:00:00+00:00,0.0,0.0,0.0,0.0
2025-04-24 17:00:00+00:00,0.0,0.0,0.0,0.0
2025-04-24 18:00:00+00:00,0.0,0.0,0.0,0.0
2025-04-24 19:00:00+00:00,0.0,0.0,0.0,0.0
2025-04-24 20:00:00+00:00,0.0,0.0,0.0,0.0
2025-04-24 21:00:00+00:00,0.0,0.0,0.0,0.0
2025-04-24 22:00:00+00:00,0.0,0.0,0.0,0.0
2025-04-24 23:00:00+00:00,0.0,0.0,0.0,3.7138760985305785e-05
2025-04-25 00:00:00+00:00,0.0,0.0,0.0,0.0
2025-04-25 01:00:00+00:00,0.0,0.0,0.0,0.0
2025-04-25 02:00:00+00:00,0.0,0.0,0.0,0.0
2025-04-25 03:00:00+00:00,0.0,0.0,0.0,0.0
2025-04-25 04:00:00+00:00,0.0,0.0,0.0,0.0
2025-04-25 05:00:00+00:00,0.0,0.0,0.0,0.0
2025-04-25 06:00:00+00:00,0.0,0.0,0.0,0.0
2025-04-25 07:00:00+00:00,0.0,0.0,0.0,0.0
2025-04-25 08:00:00+00:00,0.0,0.0,0.0,0.0
2025-04-25 09:00:00+00:00,0.0,0.0,0.0,0.0
2025-04-25 10:00:00+00:00,0.0,0.0,0.0,0.0
2025-04-25 11:00:00+00:00,0.0,0.0,0.0,2.373654635604684e-05
2025-04-25 12:00:00+00:00,0.0,0.0,0.0,0.0
2025-04-25 13:00:00+00:00,0.0,0.0,0.0,0.0
2025-04-25 14:00:00+00:00,0.0,0.0,0.0,8.654278638318025e-05
2025-04-25 15:00:00+00:00,0.0,0.0,0.0,0.0
2025-04-25 16:00:00+00:00,0.0,0.0,0.0,0.0
2025-04-25 17:00:00+00:00,0.0,0.0,0.0,0.0
2025-04-25 18:00:00+00:00,0.0,0.0,0.0,0.0
2025-04-25 19:00:00+00:00,0.0,0.0,0.0,0.0
2025-04-25 20:00:00+00:00,0.0,0.0,0.0,0.0
2025-04-25 21:00:00+00:00,0.0,0.0,0.0,0.0
2025-04-25 22:00:00+00:00,0.0,0.0,0.0,0.0
2025-04-25 23:00:00+00:00,0.0,0.0,0.0,0.0
2025-04-26 00:00:00+00:00,0.0,0.0,0.0,0.0
2025-04-26 01:00:00+00:00,0.0,0.0,4.134468921784929e-05,4.134468921784929e-05
2025-04-26 02:00:00+00:00,0.0,0.0,0.0,0.0
2025-04-26 03:00:00+00:00,0.0,0.0,0.0,0.0
2025-04-26 04:00:00+00:00,0.0,0.0,0.0,0.0
2025-04-26 05:00:00+00:00,0.0,0.0,0.0,0.0
2025-04-26 06:00:00+00:00,0.0,0.0,0.0,0.0
2025-04-26 07:00:00+00:00,0.0,0.0,0.0,0.0
2025-04-26 08:00:00+00:00,0.0,0.0,0.0,0.0
2025-04-26 09:00:00+00:00,0.0,0.0,0.0,0.0
2025-04-26 10:00:00+00:00,0.0,0.0,0.0,0.0
2025-04-26 11:00:00+00:00,0.0,0.0,0.0,0.0
2025-04-26 12:00:00+00:00,0.0,0.0,0.0,0.0
2025-04-26 13:00:00+00:00,0.0,0.0,0.0,0.0
2025-04-26 14:00:00+00:00,0.0,0.0,0.0,0.0
2025-04-26 15:00:00+00:00,0.0,0.0,0.0,0.0
2025-04-26 16:00:00+00:00,0.0,0.0,0.0,0.0
2025-04-26 17:00:00+00:00,0.0,0.0,0.0,0.0
2025-04-26 18:00:00+00:00,0.0,0.0,-1.8298628483858208e-05,0.0
2025-04-26 19:00:00+00:00,0.0,0.0,0.0,0.0
2025-04-26 20:00:00+00:00,0.0,0.0,0.0,0.0
2025-04-26 21:00:00+00:00,0.0,0.0,0.0,0.0
2025-04-26 22:00:00+00:00,0.0,0.0,0.0,0.0
2025-04-26 23:00:00+00:00,0.0,0.0,0.0,0.0
2025-04-27 00:00:00+00:00,0.0,0.0,0.0,0.0
2025-04-27 01:00:00+00:00,0.0,0.0,0.0,0.0
2025-04-27 02:00:00+00:00,0.0,0.0,0.0,0.0
2025-04-27 03:00:00+00:00,0.0,0.0,0.0,0.0
2025-04-27 04:00:00+00:00,0.0,0.0,0.0,0.0
2025-04-27 05:00:00+00:00,0.0,0.0,0.0,0.0
2025-04-27 06:00:00+00:00,0.0,0.0,0.0,0.0
2025-04-27 07:00:00+00:00,0.0,0.0,0.0,0.0
2025-04-27 08:00:00+00:00,0.0,0.0,0.0,0.0
2025-04-27 09:00:00+00:00,0.0,0.0,0.0,0.0
2025-04-27 10:00:00+00:00,0.0,0.0,0.0,0.0
2025-04-27 11:00:00+00:00,0.0,0.0,0.0,0.0
2025-04-27 12:00:00+00:00,0.0,0.0,0.0,0.0
2025-04-27 13:00:00+00:00,0.0,0.0,0.0,0.0
2025-04-27 14:00:00+00:00,0.0,0.0,0.0,0.0
2025-04-27 15:00:00+00:00,0.0,0.0,0.0,0.0
2025-04-27 16:00:00+00:00,0.0,0.0,0.0,0.0
2025-04-27 17:00:00+00:00,0.0,0.0,0.0,0.0
2025-04-27 18:00:00+00:00,0.0,0.0,0.0,0.0
2025-04-27 19:00:00+00:00,0.0,0.0,0.0,0.0
2025-04-27 20:00:00+00:00,0.0,0.0,0.0,0.0
2025-04-27 21:00:00+00:00,0.0,0.0,0.0,0.0
2025-04-27 22:00:00+00:00,0.0,0.0,0.0,0.0
2025-04-27 23:00:00+00:00,0.0,0.0,0.0,0.0
2025-04-28 00:00:00+00:00,0.0,0.0,0.0,0.0
2025-04-28 01:00:00+00:00,0.0,0.0,0.0,0.0
2025-04-28 02:00:00+00:00,0.0,0.0,0.0,0.0
2025-04-28 03:00:00+00:00,0.0,0.0,0.0,0.0
2025-04-28 04:00:00+00:00,0.0,0.0,0.0,0.0
2025-04-28 05:00:00+00:00,0.0,0.0,0.0,0.0
2025-04-28 06:00:00+00:00,0.0,0.0,0.0,0.0
2025-04-28 07:00:00+00:00,0.0,0.0,0.0,0.0
2025-04-28 08:00:00+00:00,0.0,0.0,0.0,0.0
2025-04-28 09:00:00+00:00,0.0,0.0,0.0,0.0
2025-04-28 10:00:00+00:00,0.0,0.0,0.0,0.0
2025-04-28 11:00:00+00:00,0.0,0.0,0.0,0.0
2025-04-28 12:00:00+00:00,0.0,0.0,0.0,0.0
2025-04-28 13:00:00+00:00,0.0,0.0,0.0,-7.888292791470075e-05
2025-04-28 14:00:00+00:00,0.0,0.0,0.0,0.0
2025-04-28 15:00:00+00:00,0.0,0.0,0.0,0.0
2025-04-28 16:00:00+00:00,0.0,0.0,0.0,0.0
2025-04-28 17:00:00+00:00,0.0,0.0,0.0,0.0
2025-04-28 18:00:00+00:00,0.0,0.0,0.0,0.0
2025-04-28 19:00:00+00:00,0.0,0.0,0.0,0.0
2025-04-28 20:00:00+00:00,0.0,0.0,0.0,0.0
2025-04-28 21:00:00+00:00,0.0,0.0,5.217907172510806e-05,0.0
2025-04-28 22:00:00+00:00,0.0,0.0,0.0,0.0
2025-04-28 23:00:00+00:00,0.0,0.0,0.0,0.0
2025-04-29 00:00:00+00:00,0.0,0.0,0.0,0.0
2025-04-29 01:00:00+00:00,0.0,0.0,0.0,0.0
2025-04-29 02:00:00+00:00,0.0,0.0,0.0,0.0
2025-04-29 03:00:00+00:00,0.0,0.0,0.0,0.0
2025-04-29 04:00:00+00:00,0.0,0.0,0.0,0.0
2025-04-29 05:00:00+00:00,0.0,0.0,0.0,0.0
2025-04-29 06:00:00+00:00,0.0,0.0,0.0,0.0
2025-04-29 07:00:00+00:00,0.0,0.0,0.0,0.0
2025-04-29 08:00:00+00:00,0.0,0.0,0.0,0.0
2025-04-29 09:00:00+00:00,0.0,0.0,0.0,0.0
2025-04-29 10:00:00+00:00,0.0,0.0,0.0,0.0
2025-04-29 11:00:00+00:00,0.0,0.0,0.0,0.0
2025-04-29 12:00:00+00:00,0.0,0.0,0.0,0.0
2025-04-29 13:00:00+00:00,0.0,0.0,0.0,0.0
2025-04-29 14:00:00+00:00,0.0,0.0,0.0,3.872995451896234e-05
2025-04-29 15:00:00+00:00,0.0,0.0,0.0,0.0
2025-04-29 16:00:00+00:00,0.0,0.0,0.0,0.0
2025-04-29 17:00:00+00:00,0.0,0.0,0.0,0.0
2025-04-29 18:00:00+00:00,0.0,0.0,0.0,0.0
2025-04-29 19:00:00+00:00,0.0,0.0,0.0,0.0
2025-04-29 20:00:00+00:00,0.0,0.0,0.0,-3.819409996496436e-05
2025-04-29 21:00:00+00:00,0.0,0.0,0.0,0.0
2025-04-29 22:00:00+00:00,0.0,0.0,0.0,0.0
2025-04-29 23:00:00+00:00,0.0,0.0,0.0,0.0
2025-04-30 00:00:00+00:00,0.0,0.0,0.0,0.0
2025-04-30 01:00:00+00:00,0.0,0.0,0.0,0.0
2025-04-30 02:00:00+00:00,0.0,0.0,0.0,0.0
2025-04-30 03:00:00+00:00,0.0,0.0,0.0,0.0
2025-04-30 04:00:00+00:00,0.0,0.0,0.0,0.0
2025-04-30 05:00:00+00:00,0.0,0.0,0.0,0.0
2025-04-30 06:00:00+00:00,0.0,0.0,0.0,0.0
2025-04-30 07:00:00+00:00,0.0,0.0,0.0,0.0
2025-04-30 08:00:00+00:00,0.0,0.0,0.0,0.0
2025-04-30 09:00:00+00:00,0.0,0.0,0.0,0.0
2025-04-30 10:00:00+00:00,0.0,0.0,0.0,0.0
2025-04-30 11:00:00+00:00,0.0,0.0,0.0,3.685937020950659e-05
2025-04-30 12:00:00+00:00,0.0,0.0,0.0,0.0
2025-04-30 13:00:00+00:00,0.0,0.0,0.0,0.0
2025-04-30 14:00:00+00:00,0.0,0.0,0.0,0.0
2025-04-30 15:00:00+00:00,0.0,0.0,0.0,0.0
2025-04-30 16:00:00+00:00,0.0,0.0,0.0,0.0
2025-04-30 17:00:00+00:00,0.0,0.0,0.0,0.0
2025-04-30 18:00:00+00:00,0.0,0.0,0.0,0.0
2025-04-30 19:00:00+00:00,0.0,0.0,0.0,0.0
2025-04-30 20:00:00+00:00,0.0,0.0,0.0,4.781927975249568e-05
2025-04-30 21:00:00+00:00,0.0,0.0,0.0001390252124578,0.0
2025-04-30 22:00:00+00:00,0.0,0.0,0.0,0.0
2025-04-30 23:00:00+00:00,0.0,0.0,0.0,0.0
2025-05-01 00:00:00+00:00,0.0,0.0,0.0,0.0
2025-05-01 01:00:00+00:00,0.0,0.0,0.0,0.0
2025-05-01 02:00:00+00:00,0.0,0.0,0.0,0.0
2025-05-01 03:00:00+00:00,0.0,0.0,0.0,0.0
2025-05-01 04:00:00+00:00,0.0,0.0,0.0,0.0
2025-05-01 05:00:00+00:00,0.0,0.0,0.0,0.0
2025-05-01 06:00:00+00:00,0.0,0.0,0.0,0.0
2025-05-01 07:00:00+00:00,0.0,0.0,0.0,0.0
2025-05-01 08:00:00+00:00,0.0,0.0,0.0,0.0
2025-05-01 09:00:00+00:00,0.0,0.0,4.908544576101349e-05,0.0
2025-05-01 10:00:00+00:00,0.0,0.0,0.0,7.512474588046048e-05
2025-05-01 11:00:00+00:00,0.0,0.0,0.0,0.0
2025-05-01 12:00:00+00:00,0.0,0.0,0.0,0.0
2025-05-01 13:00:00+00:00,0.0,0.0,0.0,-5.32120132983016e-05
2025-05-01 14:00:00+00:00,0.0,0.0,0.0,0.0
2025-05-01 15:00:00+00:00,0.0,0.0,0.0,0.0
2025-05-01 16:00:00+00:00,0.0,0.0,0.0,0.0
2025-05-01 17:00:00+00:00,0.0,0.0,0.0,0.0
2025-05-01 18:00:00+00:00,0.0,0.0,0.0,0.0
2025-05-01 19:00:00+00:00,0.0,0.0,0.0,0.0
2025-05-01 20:00:00+00:00,0.0,0.0,0.0,0.0
2025-05-01 21:00:00+00:00,0.0,0.0,0.0,0.0
2025-05-01 22:00:00+00:00,0.0,0.0,-5.705870688836988e-05,0.0
2025-05-01 23:00:00+00:00,0.0,0.0,0.0,-4.762249068962387e-05
2025-05-02 00:00:00+00:00,0.0,0.0,0.0,0.0
2025-05-02 01:00:00+00:00,0.0,0.0,0.0,0.0
2025-05-02 02:00:00+00:00,0.0,0.0,0.0,0.0
2025-05-02 03:00:00+00:00,0.0,0.0,0.0,0.0
2025-05-02 04:00:00+00:00,0.0,0.0,0.0,0.0
2025-05-02 05:00:00+00:00,0.0,0.0,0.0,0.0
2025-05-02 06:00:00+00:00,0.0,0.0,0.0,0.0
2025-05-02 07:00:00+00:00,0.0,0.0,0.0,0.0
2025-05-02 08:00:00+00:00,0.0,0.0,0.0,0.0
2025-05-02 09:00:00+00:00,0.0,0.0,0.0,0.0
2025-05-02 10:00:00+00:00,0.0,0.0,0.0,0.0
2025-05-02 11:00:00+00:00,0.0,0.0,0.0,0.0
2025-05-02 12:00:00+00:00,0.0,0.0,0.0,-3.643544030231704e-05
2025-05-02 13:00:00+00:00,0.0,0.0,0.0,0.0
2025-05-02 14:00:00+00:00,0.0,0.0,0.0,0.0
2025-05-02 15:00:00+00:00,0.0,0.0,0.0,0.0
2025-05-02 16:00:00+00:00,0.0,0.0,0.0,0.0
2025-05-02 17:00:00+00:00,0.0,0.0,0.0,0.0
2025-05-02 18:00:00+00:00,0.0,0.0,0.0,0.0
2025-05-02 19:00:00+00:00,0.0,0.0,0.0,0.0
2025-05-02 20:00:00+00:00,0.0,0.0,0.0,0.0
2025-05-02 21:00:00+00:00,0.0,0.0,0.0,0.0
2025-05-02 22:00:00+00:00,0.0,0.0,0.0,0.0
2025-05-02 23:00:00+00:00,0.0,0.0,0.0,0.0
2025-05-03 00:00:00+00:00,0.0,0.0,0.0,0.0
2025-05-03 01:00:00+00:00,0.0,0.0,0.0,0.0
2025-05-03 02:00:00+00:00,0.0,0.0,0.0,0.0
2025-05-03 03:00:00+00:00,0.0,0.0,0.0,0.0
2025-05-03 04:00:00+00:00,0.0,0.0,0.0,0.0
2025-05-03 05:00:00+00:00,0.0,0.0,0.0,0.0
2025-05-03 06:00:00+00:00,0.0,0.0,0.0,0.0
2025-05-03 07:00:00+00:00,0.0,0.0,0.0,0.0
2025-05-03 08:00:00+00:00,0.0,0.0,0.0,0.0
2025-05-03 09:00:00+00:00,0.0,0.0,0.0,0.0
2025-05-03 10:00:00+00:00,0.0,0.0,0.0,0.0
2025-05-03 11:00:00+00:00,0.0,0.0,0.0,0.0
2025-05-03 12:00:00+00:00,0.0,0.0,0.0,0.0
2025-05-03 13:00:00+00:00,0.0,0.0,0.0,0.0
2025-05-03 14:00:00+00:00,0.0,0.0,0.0,0.0
2025-05-03 15:00:00+00:00,0.0,0.0,0.0,0.0
2025-05-03 16:00:00+00:00,0.0,0.0,0.0,0.0
2025-05-03 17:00:00+00:00,0.0,0.0,0.0,0.0
2025-05-03 18:00:00+00:00,0.0,0.0,0.0,0.0
2025-05-03 19:00:00+00:00,0.0,0.0,0.0,0.0
2025-05-03 20:00:00+00:00,0.0,0.0,0.0,0.0
2025-05-03 21:00:00+00:00,0.0,0.0,1.6755907803250877e-05,0.0
2025-05-03 22:00:00+00:00,0.0,0.0,0.0,0.0
2025-05-03 23:00:00+00:00,0.0,0.0,0.0,-5.337018363274714e-05
2025-05-04 00:00:00+00:00,0.0,0.0,0.0,0.0
2025-05-04 01:00:00+00:00,0.0,0.0,0.0,0.0
2025-05-04 02:00:00+00:00,0.0,0.0,0.0,0.0
2025-05-04 03:00:00+00:00,0.0,0.0,0.0,0.0
2025-05-04 04:00:00+00:00,0.0,0.0,0.0,0.0
2025-05-04 05:00:00+00:00,0.0,0.0,0.0,0.0
2025-05-04 06:00:00+00:00,0.0,0.0,0.0,0.0
2025-05-04 07:00:00+00:00,0.0,0.0,0.0,0.0
2025-05-04 08:00:00+00:00,0.0,0.0,0.0,0.0
2025-05-04 09:00:00+00:00,0.0,0.0,0.0,0.0
2025-05-04 10:00:00+00:00,0.0,0.0,0.0,0.0
2025-05-04 11:00:00+00:00,0.0,0.0,0.0,0.0
2025-05-04 12:00:00+00:00,0.0,0.0,0.0,0.0
2025-05-04 13:00:00+00:00,0.0,0.0,0.0,0.0
2025-05-04 14:00:00+00:00,0.0,0.0,0.0,0.0
2025-05-04 15:00:00+00:00,0.0,0.0,0.0,0.0
2025-05-04 16:00:00+00:00,0.0,0.0,0.0,0.0
2025-05-04 17:00:00+00:00,0.0,0.0,0.0,0.0
2025-05-04 18:00:00+00:00,0.0,0.0,0.0,0.0
2025-05-04 19:00:00+00:00,0.0,0.0,0.0,0.0
2025-05-04 20:00:00+00:00,0.0,0.0,0.0,0.0
2025-05-04 21:00:00+00:00,0.0,0.0,0.0,0.0
2025-05-04 22:00:00+00:00,0.0,0.0,-2.269729571550582e-05,0.0
2025-05-04 23:00:00+00:00,0.0,0.0,0.0,0.0
2025-05-05 00:00:00+00:00,0.0,0.0,0.0,0.0
2025-05-05 01:00:00+00:00,0.0,0.0,0.0,0.0
2025-05-05 02:00:00+00:00,0.0,0.0,0.0,0.0
2025-05-05 03:00:00+00:00,0.0,0.0,0.0,0.0
2025-05-05 04:00:00+00:00,0.0,0.0,0.0,0.0
2025-05-05 05:00:00+00:00,0.0,0.0,0.0,0.0
2025-05-05 06:00:00+00:00,0.0,0.0,0.0,0.0
2025-05-05 07:00:00+00:00,0.0,0.0,0.0,0.0
2025-05-05 08:00:00+00:00,0.0,0.0,0.0,0.0
2025-05-05 09:00:00+00:00,0.0,0.0,0.0,0.0
2025-05-05 10:00:00+00:00,0.0,0.0,0.0,0.0
2025-05-05 11:00:00+00:00,0.0,0.0,0.0,0.0
2025-05-05 12:00:00+00:00,0.0,0.0,0.0,0.0
2025-05-05 13:00:00+00:00,0.0,0.0,0.0,0.0
2025-05-05 14:00:00+00:00,0.0,0.0,0.0,0.0
2025-05-05 15:00:00+00:00,0.002665,0.0,0.0,0.0
2025-05-05 16:00:00+00:00,0.0,0.0,0.0,0.0
2025-05-05 17:00:00+00:00,0.0,0.0,0.0,0.0
2025-05-05 18:00:00+00:00,0.0,0.0,0.0,0.0
2025-05-05 19:00:00+00:00,0.0,0.0,0.0,0.0
2025-05-05 20:00:00+00:00,0.0,0.0,0.0,0.0
2025-05-05 21:00:00+00:00,0.0,0.0,0.0,0.0
2025-05-05 22:00:00+00:00,0.0,0.0,0.0,0.0
2025-05-05 23:00:00+00:00,0.0,0.0,0.0,0.0
2025-05-06 00:00:00+00:00,0.0,0.0,0.0,0.0
2025-05-06 01:00:00+00:00,0.0,0.0,0.0,0.0
2025-05-06 02:00:00+00:00,0.0,0.0,0.0,0.0
2025-05-06 03:00:00+00:00,0.0,0.0,0.0,0.0
2025-05-06 04:00:00+00:00,0.0,0.0,0.0,0.0
2025-05-06 05:00:00+00:00,0.0,0.0,0.0,0.0
2025-05-06 06:00:00+00:00,0.0,0.0,0.0,0.0
2025-05-06 07:00:00+00:00,0.0,0.0,0.0,0.0
2025-05-06 08:00:00+00:00,0.0,0.0,0.0,0.0
2025-05-06 09:00:00+00:00,0.0,0.0,0.0,0.0
2025-05-06 10:00:00+00:00,0.0,0.0,0.0,0.0
2025-05-06 11:00:00+00:00,0.0,0.0,0.0,0.0
2025-05-06 12:00:00+00:00,0.0,0.0,0.0,0.0
2025-05-06 13:00:00+00:00,0.0,0.0,0.0,0.0
2025-05-06 14:00:00+00:00,0.0,0.0,9.300381597685426e-05,0.0
2025-05-06 15:00:00+00:00,0.0,0.0,0.0,0.0
2025-05-06 16:00:00+00:00,0.0,0.0,0.0,0.0
2025-05-06 17:00:00+00:00,0.0,0.0,0.0,0.0
2025-05-06 18:00:00+00:00,0.012926,0.0,0.0,0.0
2025-05-06 19:00:00+00:00,0.0,0.0,0.0,0.0
2025-05-06 20:00:00+00:00,0.0,0.0,0.0,0.0
2025-05-06 21:00:00+00:00,0.0,0.0,0.0,0.0
2025-05-06 22:00:00+00:00,0.0,0.0,0.0,0.0002144277089173
2025-05-06 23:00:00+00:00,0.0,0.0,0.0,0.0
2025-05-07 00:00:00+00:00,0.0,0.0,0.0,0.0
2025-05-07 01:00:00+00:00,0.0,0.0,0.0,0.0
2025-05-07 02:00:00+00:00,0.0,0.0,0.0,0.0
2025-05-07 03:00:00+00:00,0.0,0.0,0.0,0.0
2025-05-07 04:00:00+00:00,0.0,0.0,0.0,0.0
2025-05-07 05:00:00+00:00,0.0,0.0,-2.520253479125322e-05,0.0
2025-05-07 06:00:00+00:00,0.0,0.0,0.0,0.0
2025-05-07 07:00:00+00:00,0.0,0.0,0.0,2.800437273987933e-05
2025-05-07 08:00:00+00:00,0.0,0.0,0.0,0.0
2025-05-07 09:00:00+00:00,0.0,0.0,0.0,0.0
2025-05-07 10:00:00+00:00,0.0,0.0,0.0,0.0
2025-05-07 11:00:00+00:00,0.0,0.0,0.0,0.0
2025-05-07 12:00:00+00:00,0.0,0.0,0.0,1.273083490756722e-05
2025-05-07 13:00:00+00:00,0.0,0.0,-3.351826623318565e-05,0.0
2025-05-07 14:00:00+00:00,0.0,0.0,0.0,0.0
2025-05-07 15:00:00+00:00,0.0,0.0,0.0,0.0
2025-05-07 16:00:00+00:00,0.003159,0.0,0.0,0.0
2025-05-07 17:00:00+00:00,0.0,0.0,0.0,0.0
2025-05-07 18:00:00+00:00,0.0,0.0,0.0,0.0
2025-05-07 19:00:00+00:00,0.0,0.0,0.0,0.0
2025-05-07 20:00:00+00:00,0.0,0.0,0.0,0.0
2025-05-07 21:00:00+00:00,0.0131919999999999,0.0,0.0,7.684802872132247e-05
2025-05-07 22:00:00+00:00,0.0,0.0,0.0,0.0
2025-05-07 23:00:00+00:00,0.0,0.0,0.0,0.0
2025-05-08 00:00:00+00:00,0.0,0.0,0.0,0.0
2025-05-08 01:00:00+00:00,0.0,0.0,0.0,0.0
2025-05-08 02:00:00+00:00,0.0,0.0,0.0,0.0
2025-05-08 03:00:00+00:00,0.0,0.0,0.0,0.0
2025-05-08 04:00:00+00:00,0.0,0.0,0.0,0.0
2025-05-08 05:00:00+00:00,0.0,0.0,0.0,0.0
2025-05-08 06:00:00+00:00,0.0,0.0,0.0,0.0
2025-05-08 07:00:00+00:00,0.0,0.0,0.0,0.0
2025-05-08 08:00:00+00:00,0.0,0.0,0.0,0.0
2025-05-08 09:00:00+00:00,0.0,0.0,0.0,0.0
2025-05-08 10:00:00+00:00,0.0,0.0,0.0,0.0
2025-05-08 11:00:00+00:00,0.0,0.0,0.0,0.0
2025-05-08 12:00:00+00:00,0.0,0.0,0.0,0.0
2025-05-08 13:00:00+00:00,0.0,0.0,-2.4836137751632615e-05,0.0
2025-05-08 14:00:00+00:00,0.0,0.0,0.0,0.0
2025-05-08 15:00:00+00:00,0.0129509999999999,0.0,0.0,3.516123970089936e-05
2025-05-08 16:00:00+00:00,0.0,0.0,0.0,0.0
2025-05-08 17:00:00+00:00,0.0,0.0,0.0,0.0
2025-05-08 18:00:00+00:00,0.0,0.0,0.0,0.0
2025-05-08 19:00:00+00:00,0.0,0.0,0.0,0.0
2025-05-08 20:00:00+00:00,0.0,0.0,0.0,0.0
2025-05-08 21:00:00+00:00,0.0,0.0,0.0,0.0
2025-05-08 22:00:00+00:00,0.0,0.0,0.0,0.0
2025-05-08 23:00:00+00:00,0.0,0.0,0.0,0.0
2025-05-09 00:00:00+00:00,0.0,0.0,0.0,0.0
2025-05-09 01:00:00+00:00,0.0,0.0,0.0,0.0
2025-05-09 02:00:00+00:00,0.0,0.0,0.0,0.0
2025-05-09 03:00:00+00:00,0.0,0.0,0.0,0.0
2025-05-09 04:00:00+00:00,0.0,0.0,0.0,0.0
2025-05-09 05:00:00+00:00,0.0,0.0,0.0,0.0
2025-05-09 06:00:00+00:00,0.0,0.0,0.0,0.0
2025-05-09 07:00:00+00:00,0.0,0.0,0.0,0.0
2025-05-09 08:00:00+00:00,0.0,0.0,0.0,0.0
2025-05-09 09:00:00+00:00,0.0,0.0,0.0,0.0
2025-05-09 10:00:00+00:00,0.0,0.0,0.0,0.0
2025-05-09 11:00:00+00:00,0.0,0.0,0.0,0.0
2025-05-09 12:00:00+00:00,0.0,0.0,0.0,0.0
2025-05-09 13:00:00+00:00,0.0,0.0,0.0,0.0
2025-05-09 14:00:00+00:00,0.0036249999999999,0.0,-5.66562453260766e-05,0.0
2025-05-09 15:00:00+00:00,0.0,0.0,0.0,0.0
2025-05-09 16:00:00+00:00,0.0,0.0,0.0,0.0
2025-05-09 17:00:00+00:00,0.0,0.0,0.0,0.0
2025-05-09 18:00:00+00:00,0.0,0.0,0.0,0.0
2025-05-09 19:00:00+00:00,0.0,0.0,0.0,1.2422667971142565e-05
2025-05-09 20:00:00+00:00,0.0,0.0,0.0,0.0
2025-05-09 21:00:00+00:00,0.0,0.0,0.0,0.0
2025-05-09 22:00:00+00:00,0.0,0.0,0.0,0.0
2025-05-09 23:00:00+00:00,0.0,0.0,0.0,0.0
2025-05-10 00:00:00+00:00,0.0,0.0,0.0,0.0
2025-05-10 01:00:00+00:00,0.0,0.0,0.0,0.0
2025-05-10 02:00:00+00:00,0.0,0.0,0.0,0.0
2025-05-10 03:00:00+00:00,0.0,0.0,0.0,0.0
2025-05-10 04:00:00+00:00,0.0,0.0,0.0,0.0
2025-05-10 05:00:00+00:00,0.0,0.0,0.0,0.0
2025-05-10 06:00:00+00:00,0.0,0.0,0.0,0.0
2025-05-10 07:00:00+00:00,0.0,0.0,0.0,0.0
2025-05-10 08:00:00+00:00,0.0,0.0,0.0,0.0
2025-05-10 09:00:00+00:00,0.0,0.0,0.0,0.0
2025-05-10 10:00:00+00:00,0.0,0.0,0.0,0.0
2025-05-10 11:00:00+00:00,0.0,0.0,0.0,0.0
2025-05-10 12:00:00+00:00,0.0,0.0,0.0,0.0
2025-05-10 13:00:00+00:00,0.0,0.0,0.0,0.0
2025-05-10 14:00:00+00:00,0.0,0.0,0.0,0.0
2025-05-10 15:00:00+00:00,0.0,0.0,0.0,0.0
2025-05-10 16:00:00+00:00,0.0,0.0,0.0,0.0
2025-05-10 17:00:00+00:00,0.0,0.0,0.0,0.0
2025-05-10 18:00:00+00:00,0.0,0.0,0.0,0.0
2025-05-10 19:00:00+00:00,0.0,0.0,0.0,0.0
2025-05-10 20:00:00+00:00,0.0,0.0,0.0,0.0
2025-05-10 21:00:00+00:00,0.0,0.0,0.0,0.0
2025-05-10 22:00:00+00:00,0.0,0.0,0.0,0.0
2025-05-10 23:00:00+00:00,0.0,0.0,0.0,0.0
2025-05-11 00:00:00+00:00,0.0,0.0,0.0,0.0
2025-05-11 01:00:00+00:00,0.0,0.0,0.0,0.0
2025-05-11 02:00:00+00:00,0.0,0.0,0.0,0.0
2025-05-11 03:00:00+00:00,0.0,0.0,0.0,0.0
2025-05-11 04:00:00+00:00,0.0,0.0,0.0,0.0
2025-05-11 05:00:00+00:00,0.0,0.0,0.0,0.0
2025-05-11 06:00:00+00:00,0.0,0.0,0.0,0.0
2025-05-11 07:00:00+00:00,0.0,0.0,0.0,0.0
2025-05-11 08:00:00+00:00,0.0,0.0,0.0,0.0
2025-05-11 09:00:00+00:00,0.0,0.0,0.0,0.0
2025-05-11 10:00:00+00:00,0.0,0.0,0.0,0.0
2025-05-11 11:00:00+00:00,0.0,0.0,0.0,0.0
2025-05-11 12:00:00+00:00,0.0,0.0,0.0,0.0
2025-05-11 13:00:00+00:00,0.0,0.0,0.0,0.0
2025-05-11 14:00:00+00:00,0.0,0.0,0.0,0.0
2025-05-11 15:00:00+00:00,0.0,0.0,0.0,0.0
2025-05-11 16:00:00+00:00,0.0,0.0,0.0,0.0
2025-05-11 17:00:00+00:00,0.0,0.0,0.0,0.0
2025-05-11 18:00:00+00:00,0.0,0.0,0.0,0.0
2025-05-11 19:00:00+00:00,0.0,0.0,0.0,0.0
2025-05-11 20:00:00+00:00,0.0,0.0,0.0,0.0
2025-05-11 21:00:00+00:00,0.0,0.0,0.0,0.0
2025-05-11 22:00:00+00:00,0.0,0.0,0.0,0.0
2025-05-11 23:00:00+00:00,0.0,0.0,0.0,0.0
2025-05-12 00:00:00+00:00,0.0,0.0,0.0,0.0
2025-05-12 01:00:00+00:00,0.0,0.0,0.0,0.0
2025-05-12 02:00:00+00:00,0.0,0.0,0.0,0.0
2025-05-12 03:00:00+00:00,0.0,0.0,0.0,0.0
2025-05-12 04:00:00+00:00,0.0,0.0,0.0,0.0
2025-05-12 05:00:00+00:00,0.0,0.0,0.0,0.0
2025-05-12 06:00:00+00:00,0.0,0.0,0.0,0.0
2025-05-12 07:00:00+00:00,0.0,0.0,0.0,0.0
2025-05-12 08:00:00+00:00,0.0,0.0,0.0,0.0
2025-05-12 09:00:00+00:00,0.0,0.0,0.0,0.0
2025-05-12 10:00:00+00:00,0.0,0.0,0.0,0.0
2025-05-12 11:00:00+00:00,0.0,0.0,0.0,0.0
2025-05-12 12:00:00+00:00,0.0,0.0,0.0,0.0
2025-05-12 13:00:00+00:00,0.0,0.0,0.0,0.0
2025-05-12 14:00:00+00:00,0.003325,0.0,0.0,0.0
2025-05-12 15:00:00+00:00,0.0,0.0,0.0,0.0
2025-05-12 16:00:00+00:00,0.0,0.0,0.0,0.0
2025-05-12 17:00:00+00:00,0.0,0.0,0.0,0.0
2025-05-12 18:00:00+00:00,0.0,0.0,0.0,-0.0001057813560998
2025-05-12 19:00:00+00:00,0.0,0.0,0.0,0.0
2025-05-12 20:00:00+00:00,0.0,0.0,0.0,0.0
2025-05-12 21:00:00+00:00,0.0,0.0,0.0,0.0
2025-05-12 22:00:00+00:00,0.0,0.0,0.0,0.0
2025-05-12 23:00:00+00:00,0.0,0.0,0.0,0.0
2025-05-13 00:00:00+00:00,0.0,0.0,0.0,0.0
2025-05-13 01:00:00+00:00,0.0,0.0,0.0,0.0
2025-05-13 02:00:00+00:00,0.0,0.0,0.0,0.0
2025-05-13 03:00:00+00:00,0.0,0.0,0.0,0.0
2025-05-13 04:00:00+00:00,0.0,0.0,0.0,0.0
2025-05-13 05:00:00+00:00,0.0,0.0,0.0,0.0
2025-05-13 06:00:00+00:00,0.0,0.0,0.0,0.0
2025-05-13 07:00:00+00:00,0.0,0.0,0.0,0.0
2025-05-13 08:00:00+00:00,0.0,0.0,0.0,0.0
2025-05-13 09:00:00+00:00,0.0,0.0,0.0,3.573454568477242e-05
2025-05-13 10:00:00+00:00,0.0,0.0,0.0,0.0
2025-05-13 11:00:00+00:00,0.0,0.0,0.0,0.0
2025-05-13 12:00:00+00:00,0.0,0.0,-2.634499098666864e-05,0.0
2025-05-13 13:00:00+00:00,0.0,0.0,0.0,0.0
2025-05-13 14:00:00+00:00,0.0,0.0,0.0,0.0
2025-05-13 15:00:00+00:00,0.0,0.0,0.0,0.0
2025-05-13 16:00:00+00:00,0.013531,0.0,0.0,0.0
2025-05-13 17:00:00+00:00,0.0,0.0,0.0,0.0
2025-05-13 18:00:00+00:00,0.0,0.0,0.0,0.0
2025-05-13 19:00:00+00:00,0.0,0.0,0.0,0.0
2025-05-13 20:00:00+00:00,0.0,0.0,0.0,0.0
2025-05-13 21:00:00+00:00,0.0,0.0,0.0,0.0
2025-05-13 22:00:00+00:00,0.0,0.0,0.0,0.0
2025-05-13 23:00:00+00:00,0.0,0.0,0.0,0.0
2025-05-14 00:00:00+00:00,0.0,0.0,0.0,0.0
2025-05-14 01:00:00+00:00,0.0,0.0,0.0,-6.115175609200717e-05
2025-05-14 02:00:00+00:00,0.0,0.0,0.0,0.0
2025-05-14 03:00:00+00:00,0.0,0.0,-2.3951445171865864e-05,0.0
2025-05-14 04:00:00+00:00,0.0,0.0,0.0,0.0
2025-05-14 05:00:00+00:00,0.0,0.0,0.0,0.0
2025-05-14 06:00:00+00:00,0.0,0.0,0.0,0.0
2025-05-14 07:00:00+00:00,0.0,0.0,0.0,0.0
2025-05-14 08:00:00+00:00,-0.012149,0.0,0.0,0.0
2025-05-14 09:00:00+00:00,0.0,0.0,0.0,0.0
2025-05-14 10:00:00+00:00,0.0,0.0,0.0,0.0
2025-05-14 11:00:00+00:00,0.0,0.0,0.0,7.151162790697609e-05
2025-05-14 12:00:00+00:00,0.0,0.0,0.0,0.0
2025-05-14 13:00:00+00:00,0.0,0.0,0.0,0.0
2025-05-14 14:00:00+00:00,-0.0120819999999999,0.0,-3.9995923109398246e-05,-0.0001098229600271
2025-05-14 15:00:00+00:00,0.0,0.0,0.0,0.0
2025-05-14 16:00:00+00:00,0.0,0.0,0.0,0.0
2025-05-14 17:00:00+00:00,0.0,0.0,0.0,-6.120484812600967e-05
2025-05-14 18:00:00+00:00,0.0,0.0,0.0,0.0
2025-05-14 19:00:00+00:00,0.0,0.0,0.0,0.0
2025-05-14 20:00:00+00:00,0.0,0.0,0.0,0.0
2025-05-14 21:00:00+00:00,0.0,0.0,0.0,0.0
2025-05-14 22:00:00+00:00,0.0,0.0,0.0,0.0
2025-05-14 23:00:00+00:00,0.0,0.0,0.0,0.0
2025-05-15 00:00:00+00:00,0.0,0.0,0.0,0.0
2025-05-15 01:00:00+00:00,0.003204,0.0,-3.065633226950636e-05,0.0
2025-05-15 02:00:00+00:00,0.0,0.0,0.0,0.0
2025-05-15 03:00:00+00:00,0.0,0.0,0.0,-6.498263095116807e-05
2025-05-15 04:00:00+00:00,0.0,0.0,0.0,0.0
2025-05-15 05:00:00+00:00,0.0,0.0,0.0,0.0
2025-05-15 06:00:00+00:00,0.0,0.0,0.0,0.0
2025-05-15 07:00:00+00:00,0.0,0.0,0.0,0.0
2025-05-15 08:00:00+00:00,0.0,0.0,0.0,0.0
2025-05-15 09:00:00+00:00,0.002953,0.0,0.0,0.0
2025-05-15 10:00:00+00:00,0.0,0.0,0.0,0.0
2025-05-15 11:00:00+00:00,0.0,0.0,3.87079481760877e-05,0.0
2025-05-15 12:00:00+00:00,0.0,0.0,0.0,7.439733586140142e-05
2025-05-15 13:00:00+00:00,-0.011966,0.0,0.0,0.0
2025-05-15 14:00:00+00:00,0.0,0.0,-6.9626866760355e-05,0.0
2025-05-15 15:00:00+00:00,0.0,0.0,0.0,0.0
2025-05-15 16:00:00+00:00,0.0,0.0,0.0,0.0
2025-05-15 17:00:00+00:00,0.0,0.0,0.0,0.0
2025-05-15 18:00:00+00:00,0.0,0.0,0.0,0.0
2025-05-15 19:00:00+00:00,0.0,0.0,0.0,0.0
2025-05-15 20:00:00+00:00,0.0,0.0,0.0,0.0
2025-05-15 21:00:00+00:00,0.0,0.0,0.0,0.0
2025-05-15 22:00:00+00:00,0.0,0.0,0.0,0.0
2025-05-15 23:00:00+00:00,0.0,0.0,0.0,0.0
2025-05-16 00:00:00+00:00,0.0,0.0,0.0,0.0
2025-05-16 01:00:00+00:00,0.0,0.0,0.0,0.0
2025-05-16 02:00:00+00:00,0.0,0.0,0.0,0.0
2025-05-16 03:00:00+00:00,0.0,0.0,0.0,0.0
2025-05-16 04:00:00+00:00,0.0,0.0,0.0,0.0
2025-05-16 05:00:00+00:00,0.0,0.0,0.0,0.0
2025-05-16 06:00:00+00:00,0.0,0.0,0.0,0.0
2025-05-16 07:00:00+00:00,0.0,0.0,0.0,0.0
2025-05-16 08:00:00+00:00,0.0,0.0,0.0,0.0
2025-05-16 09:00:00+00:00,0.0,0.0,0.0,0.0
2025-05-16 10:00:00+00:00,0.0,0.0,0.0,0.0
2025-05-16 11:00:00+00:00,0.0,0.0,0.0,0.0
2025-05-16 12:00:00+00:00,0.0,0.0,0.0,0.0
2025-05-16 13:00:00+00:00,0.0,0.0,0.0,0.0
2025-05-16 14:00:00+00:00,0.0,0.0,-4.1722565903116175e-05,0.0
2025-05-16 15:00:00+00:00,0.0,0.0,0.0,0.0
2025-05-16 16:00:00+00:00,0.0,0.0,0.0,0.0
2025-05-16 17:00:00+00:00,0.0,0.0,0.0,0.0
2025-05-16 18:00:00+00:00,0.0,0.0,0.0,0.0
2025-05-16 19:00:00+00:00,0.0,0.0,0.0,0.0
2025-05-16 20:00:00+00:00,0.0,0.0,0.0,0.0
2025-05-16 21:00:00+00:00,0.0,0.0,0.0,0.0
2025-05-16 22:00:00+00:00,0.0,0.0,0.0,0.0
2025-05-16 23:00:00+00:00,0.0,0.0,0.0,0.0
2025-05-17 00:00:00+00:00,0.0,0.0,0.0,0.0
2025-05-17 01:00:00+00:00,0.0,0.0,0.0,0.0
2025-05-17 02:00:00+00:00,0.0,0.0,0.0,0.0
2025-05-17 03:00:00+00:00,0.0,0.0,0.0,0.0
2025-05-17 04:00:00+00:00,0.0,0.0,0.0,0.0
2025-05-17 05:00:00+00:00,0.0,0.0,0.0,0.0
2025-05-17 06:00:00+00:00,0.0,0.0,0.0,0.0
2025-05-17 07:00:00+00:00,0.0,0.0,0.0,0.0
2025-05-17 08:00:00+00:00,0.0,0.0,0.0,0.0
2025-05-17 09:00:00+00:00,0.0,0.0,0.0,0.0
2025-05-17 10:00:00+00:00,0.0,0.0,0.0,0.0
2025-05-17 11:00:00+00:00,0.0,0.0,0.0,0.0
2025-05-17 12:00:00+00:00,0.0,0.0,0.0,0.0
2025-05-17 13:00:00+00:00,0.0,0.0,0.0,0.0
2025-05-17 14:00:00+00:00,0.0,0.0,0.0,0.0
2025-05-17 15:00:00+00:00,0.0,0.0,0.0,0.0
2025-05-17 16:00:00+00:00,0.0,0.0,0.0,0.0
2025-05-17 17:00:00+00:00,0.0,0.0,0.0,0.0
2025-05-17 18:00:00+00:00,0.0,0.0,0.0,0.0
2025-05-17 19:00:00+00:00,0.0,0.0,0.0,0.0
2025-05-17 20:00:00+00:00,0.0,0.0,0.0,0.0
2025-05-17 21:00:00+00:00,0.0,0.0,0.0,0.0
2025-05-17 22:00:00+00:00,0.0,0.0,0.0,0.0
2025-05-17 23:00:00+00:00,0.0,0.0,0.0,0.0
2025-05-18 00:00:00+00:00,0.0,0.0,0.0,0.0
2025-05-18 01:00:00+00:00,0.0,0.0,0.0,0.0
2025-05-18 02:00:00+00:00,0.0,0.0,0.0,0.0
2025-05-18 03:00:00+00:00,0.0,0.0,0.0,0.0
2025-05-18 04:00:00+00:00,0.0,0.0,0.0,0.0
2025-05-18 05:00:00+00:00,0.0,0.0,0.0,0.0
2025-05-18 06:00:00+00:00,0.0,0.0,0.0,0.0
2025-05-18 07:00:00+00:00,0.0,0.0,0.0,2.602683863795253e-05
2025-05-18 08:00:00+00:00,0.0,0.0,0.0,0.0
2025-05-18 09:00:00+00:00,0.0,0.0,0.0,0.0
2025-05-18 10:00:00+00:00,0.0,0.0,0.0,0.0
2025-05-18 11:00:00+00:00,0.0,0.0,0.0,0.0
2025-05-18 12:00:00+00:00,0.0,0.0,-1.6518590355316658e-05,0.0
2025-05-18 13:00:00+00:00,0.01181,0.0,0.0,1.042236489838034e-05
2025-05-18 14:00:00+00:00,0.0,0.0,0.0,0.0
2025-05-18 15:00:00+00:00,0.0,0.0,0.0,0.0
2025-05-18 16:00:00+00:00,0.0,0.0,0.0,0.0
2025-05-18 17:00:00+00:00,-0.0124079999999999,0.0,0.0,0.0
2025-05-18 18:00:00+00:00,0.0,0.0,0.0,-9.074110578289995e-05
2025-05-18 19:00:00+00:00,0.0,0.0,0.0,0.0
2025-05-18 20:00:00+00:00,0.0,0.0,0.0,0.0
2025-05-18 21:00:00+00:00,0.0,0.0,0.0,0.0
2025-05-18 22:00:00+00:00,0.0,0.0,0.0,0.0
2025-05-18 23:00:00+00:00,0.0,0.0,0.0,0.0
2025-05-19 00:00:00+00:00,0.0,0.0,0.0,0.0
2025-05-19 01:00:00+00:00,0.0,0.0,0.0,0.0
2025-05-19 02:00:00+00:00,0.0,0.0,0.0,0.0
2025-05-19 03:00:00+00:00,0.0,0.0,0.0,0.0
2025-05-19 04:00:00+00:00,0.0,0.0,0.0,0.0
2025-05-19 05:00:00+00:00,0.0,0.0,0.0,0.0
2025-05-19 06:00:00+00:00,0.0,0.0,0.0,0.0
2025-05-19 07:00:00+00:00,0.0,0.0,0.0,0.0
2025-05-19 08:00:00+00:00,0.0,0.0,0.0,0.0
2025-05-19 09:00:00+00:00,0.0,0.0,0.0,0.0
2025-05-19 10:00:00+00:00,0.0,0.0,0.0,0.0
2025-05-19 11:00:00+00:00,0.0,0.0,0.0,0.0
2025-05-19 12:00:00+00:00,-0.011425,0.0,0.0,0.0
2025-05-19 13:00:00+00:00,0.0,0.0,0.0,0.0
2025-05-19 14:00:00+00:00,0.0,0.0,0.0,0.0
2025-05-19 15:00:00+00:00,0.0,0.0,0.0,0.0
2025-05-19 16:00:00+00:00,0.0,0.0,0.0001651397054488,0.0
2025-05-19 17:00:00+00:00,0.0,0.0,0.0,0.0
2025-05-19 18:00:00+00:00,0.0,0.0,0.0,0.0
2025-05-19 19:00:00+00:00,0.0,0.0,0.0,0.0
2025-05-19 20:00:00+00:00,0.0,0.0,0.0,0.0
2025-05-19 21:00:00+00:00,0.0,0.0,0.0,0.0
2025-05-19 22:00:00+00:00,0.0,0.0,0.0,0.0
2025-05-19 23:00:00+00:00,0.0,0.0,0.0,0.0
2025-05-20 00:00:00+00:00,0.0,0.0,0.0,0.0
2025-05-20 01:00:00+00:00,0.0,0.0,0.0,0.0
2025-05-20 02:00:00+00:00,0.0,0.0,0.0,0.0
2025-05-20 03:00:00+00:00,0.0,0.0,0.0,0.0
2025-05-20 04:00:00+00:00,0.0,0.0,0.0,0.0
2025-05-20 05:00:00+00:00,0.0,0.0,0.0,0.0
2025-05-20 06:00:00+00:00,0.0,0.0,0.0,0.0
2025-05-20 07:00:00+00:00,0.0,0.0,0.0,0.0
2025-05-20 08:00:00+00:00,0.0,0.0,0.0,0.0
2025-05-20 09:00:00+00:00,0.0,0.0,0.0,0.0
2025-05-20 10:00:00+00:00,0.0,0.0,0.0,0.0
2025-05-20 11:00:00+00:00,0.0,0.0,0.0,0.0
2025-05-20 12:00:00+00:00,0.0,0.0,0.0,0.0
2025-05-20 13:00:00+00:00,0.0,0.0,0.0,0.0
2025-05-20 14:00:00+00:00,0.0,0.0,0.0,0.0
2025-05-20 15:00:00+00:00,0.0,0.0,0.0,6.868218494095248e-05
2025-05-20 16:00:00+00:00,0.0,0.0,8.835273117619225e-05,0.0
2025-05-20 17:00:00+00:00,0.0,0.0,0.0,0.0
2025-05-20 18:00:00+00:00,0.0,0.0,0.0,0.0
2025-05-20 19:00:00+00:00,0.0,0.0,0.0,0.0
2025-05-20 20:00:00+00:00,0.0,0.0,0.0,0.0
2025-05-20 21:00:00+00:00,0.0,0.0,0.0,0.0
2025-05-20 22:00:00+00:00,0.0,0.0,0.0,0.0
2025-05-20 23:00:00+00:00,0.0,0.0,0.0,0.0
2025-05-21 00:00:00+00:00,0.0,0.0,0.0,0.0
2025-05-21 01:00:00+00:00,0.0,0.0,0.0,0.0
2025-05-21 02:00:00+00:00,0.0,0.0,0.0,0.0
2025-05-21 03:00:00+00:00,0.0,0.0,0.0,0.0
2025-05-21 04:00:00+00:00,0.0,0.0,0.0,0.0
2025-05-21 05:00:00+00:00,0.0,0.0,0.0,0.0
2025-05-21 06:00:00+00:00,0.0,0.0,9.335297790435184e-05,0.0
2025-05-21 07:00:00+00:00,-0.011417,0.0,0.0,0.0
2025-05-21 08:00:00+00:00,0.0,0.0,0.0,0.0
2025-05-21 09:00:00+00:00,0.0,0.0,-3.119580774909258e-05,-0.0001170567729547
2025-05-21 10:00:00+00:00,0.0,0.0,0.0,0.0
2025-05-21 11:00:00+00:00,0.0,0.0,0.0,0.0
2025-05-21 12:00:00+00:00,0.0,0.0,0.0,0.0
2025-05-21 13:00:00+00:00,0.0,0.0,5.6026138461314776e-05,4.282091076905138e-05
2025-05-21 14:00:00+00:00,0.013521,0.0,0.0,0.0
2025-05-21 15:00:00+00:00,0.0,0.0,0.0,0.0
2025-05-21 16:00:00+00:00,0.0,0.0,0.0,0.0
2025-05-21 17:00:00+00:00,0.0,0.0,0.0,-0.0001339649877699
2025-05-21 18:00:00+00:00,0.0,0.0,0.0,0.0
2025-05-21 19:00:00+00:00,0.0,0.0,0.0,0.0
2025-05-21 20:00:00+00:00,0.0,0.0,0.0,0.0
2025-05-21 21:00:00+00:00,0.0,0.0,0.0,0.0
2025-05-21 22:00:00+00:00,0.0,0.0,0.0,0.0
2025-05-21 23:00:00+00:00,0.0,0.0,0.0,0.0
2025-05-22 00:00:00+00:00,0.0,0.0,0.0,0.0
2025-05-22 01:00:00+00:00,0.0,0.0,0.0,0.0
2025-05-22 02:00:00+00:00,0.0,0.0,0.0,0.0
2025-05-22 03:00:00+00:00,0.0,0.0,0.0,0.0
2025-05-22 04:00:00+00:00,0.0,0.0,0.0,0.0
2025-05-22 05:00:00+00:00,0.0,0.0,0.0,0.0
2025-05-22 06:00:00+00:00,0.0,0.0,0.0,0.0
2025-05-22 07:00:00+00:00,0.0,0.0,0.0,0.0
2025-05-22 08:00:00+00:00,0.0,0.0,0.0,0.0
2025-05-22 09:00:00+00:00,0.0,0.0,0.0,0.0
2025-05-22 10:00:00+00:00,0.0,0.0,0.0,0.0
2025-05-22 11:00:00+00:00,0.0,0.0,0.0,0.0
2025-05-22 12:00:00+00:00,0.0,0.0,0.0,0.0
2025-05-22 13:00:00+00:00,0.0,0.0,0.0,0.0
2025-05-22 14:00:00+00:00,-0.0112129999999999,0.0,-4.253632595704992e-05,-9.834903447034416e-05
2025-05-22 15:00:00+00:00,0.0,0.0,0.0,0.0
2025-05-22 16:00:00+00:00,0.0,0.0,0.0,0.0
2025-05-22 17:00:00+00:00,0.0,0.0,0.0,0.0
2025-05-22 18:00:00+00:00,0.0,0.0,0.0,0.0
2025-05-22 19:00:00+00:00,0.0,0.0,0.0,0.0
2025-05-22 20:00:00+00:00,0.0,0.0,0.0,0.0
2025-05-22 21:00:00+00:00,0.0,0.0,0.0,0.0
2025-05-22 22:00:00+00:00,0.0,0.0,0.0,0.0
2025-05-22 23:00:00+00:00,0.0,0.0,0.0,0.0
2025-05-23 00:00:00+00:00,0.0,0.0,0.0,0.0
2025-05-23 01:00:00+00:00,0.0,0.0,0.0,0.0
2025-05-23 02:00:00+00:00,0.0,0.0,0.0,0.0
2025-05-23 03:00:00+00:00,0.0,0.0,0.0,0.0
2025-05-23 04:00:00+00:00,0.0,0.0,0.0,0.0
2025-05-23 05:00:00+00:00,0.0,0.0,0.0,0.0
2025-05-23 06:00:00+00:00,0.0,0.0,0.0,0.0
2025-05-23 07:00:00+00:00,0.0,0.0,0.0,0.0
2025-05-23 08:00:00+00:00,0.0,0.0,0.0,0.0
2025-05-23 09:00:00+00:00,0.0,0.0,0.0,0.0
2025-05-23 10:00:00+00:00,0.0,0.0,0.0,0.0
2025-05-23 11:00:00+00:00,0.0,0.0,0.0,0.0
2025-05-23 12:00:00+00:00,0.0,0.0,0.0,0.0
2025-05-23 13:00:00+00:00,0.0,0.0,0.0,0.0
2025-05-23 14:00:00+00:00,0.013603,0.0,0.0,0.0
2025-05-23 15:00:00+00:00,0.0,0.0,0.0,0.0
2025-05-23 16:00:00+00:00,0.0,0.0,-9.172026102250652e-05,0.0
2025-05-23 17:00:00+00:00,0.0,0.0,0.0,0.0
2025-05-23 18:00:00+00:00,0.0,0.0,0.0,0.0
2025-05-23 19:00:00+00:00,0.0,0.0,0.0,0.0
2025-05-23 20:00:00+00:00,0.0,0.0,0.0,-2.625638750859415e-05
2025-05-23 21:00:00+00:00,0.0,0.0,0.0,0.0
2025-05-23 22:00:00+00:00,0.0,0.0,0.0,0.0
2025-05-23 23:00:00+00:00,0.0,0.0,0.0,0.0
2025-05-24 00:00:00+00:00,0.0,0.0,0.0,0.0
2025-05-24 01:00:00+00:00,0.0,0.0,0.0,0.0
2025-05-24 02:00:00+00:00,0.0,0.0,0.0,0.0
2025-05-24 03:00:00+00:00,0.0,0.0,0.0,0.0
2025-05-24 04:00:00+00:00,0.0,0.0,0.0,0.0
2025-05-24 05:00:00+00:00,0.0,0.0,0.0,0.0
2025-05-24 06:00:00+00:00,0.0,0.0,0.0,0.0
2025-05-24 07:00:00+00:00,0.0,0.0,0.0,0.0
2025-05-24 08:00:00+00:00,0.0,0.0,0.0,0.0
2025-05-24 09:00:00+00:00,0.0,0.0,0.0,0.0
2025-05-24 10:00:00+00:00,0.0,0.0,0.0,0.0
2025-05-24 11:00:00+00:00,0.0,0.0,0.0,0.0
2025-05-24 12:00:00+00:00,0.0,0.0,0.0,0.0
2025-05-24 13:00:00+00:00,0.0,0.0,0.0,0.0
2025-05-24 14:00:00+00:00,0.0,0.0,0.0,0.0
2025-05-24 15:00:00+00:00,0.0,0.0,0.0,0.0
2025-05-24 16:00:00+00:00,0.0,0.0,0.0,0.0
2025-05-24 17:00:00+00:00,0.0,0.0,0.0,0.0
2025-05-24 18:00:00+00:00,0.0,0.0,0.0,0.0
2025-05-24 19:00:00+00:00,0.0,0.0,0.0,0.0
2025-05-24 20:00:00+00:00,0.0,0.0,0.0,0.0
2025-05-24 21:00:00+00:00,0.0,0.0,0.0,0.0
2025-05-24 22:00:00+00:00,0.0,0.0,0.0,0.0
2025-05-24 23:00:00+00:00,0.0,0.0,0.0,0.0
2025-05-25 00:00:00+00:00,0.0,0.0,0.0,0.0
2025-05-25 01:00:00+00:00,0.0,0.0,0.0,0.0
2025-05-25 02:00:00+00:00,0.0,0.0,0.0,0.0
2025-05-25 03:00:00+00:00,0.0,0.0,0.0,0.0
2025-05-25 04:00:00+00:00,0.0,0.0,0.0,0.0
2025-05-25 05:00:00+00:00,0.0,0.0,0.0,0.0
2025-05-25 06:00:00+00:00,0.0,0.0,0.0,0.0
2025-05-25 07:00:00+00:00,0.0,0.0,0.0,0.0
2025-05-25 08:00:00+00:00,0.0,0.0,0.0,0.0
2025-05-25 09:00:00+00:00,0.0,0.0,0.0,0.0
2025-05-25 10:00:00+00:00,0.0,0.0,0.0,0.0
2025-05-25 11:00:00+00:00,0.0,0.0,0.0,0.0
2025-05-25 12:00:00+00:00,0.0,0.0,0.0,5.332443167792468e-05
2025-05-25 13:00:00+00:00,0.0,0.0,0.0,0.0
2025-05-25 14:00:00+00:00,0.0,0.0,-3.061629391262643e-05,0.0
2025-05-25 15:00:00+00:00,0.0,0.0,0.0,-6.769121140142497e-05
2025-05-25 16:00:00+00:00,0.0,0.0,0.0,0.0
2025-05-25 17:00:00+00:00,0.0,0.0,0.0,0.0
2025-05-25 18:00:00+00:00,0.0,0.0,0.0,0.0
2025-05-25 19:00:00+00:00,0.0,0.0,0.0,0.0
2025-05-25 20:00:00+00:00,0.0,0.0,0.0,0.0
2025-05-25 21:00:00+00:00,0.0,0.0,0.0,0.0
2025-05-25 22:00:00+00:00,0.013052,0.0,0.0,0.0
2025-05-25 23:00:00+00:00,0.0,0.0,0.0,0.0
2025-05-26 00:00:00+00:00,0.0,0.0,0.0,0.0
2025-05-26 01:00:00+00:00,0.0,0.0,0.0,0.0
2025-05-26 02:00:00+00:00,0.0,0.0,0.0,0.0
2025-05-26 03:00:00+00:00,0.0,0.0,0.0,0.0
2025-05-26 04:00:00+00:00,0.0,0.0,0.0,0.0
2025-05-26 05:00:00+00:00,0.0,0.0,0.0,0.0
2025-05-26 06:00:00+00:00,0.0,0.0,0.0,0.0
2025-05-26 07:00:00+00:00,0.0,0.0,0.0,0.0
2025-05-26 08:00:00+00:00,0.0,0.0,0.0,0.0
2025-05-26 09:00:00+00:00,0.0,0.0,0.0,0.0
2025-05-26 10:00:00+00:00,0.0,0.0,0.0,0.0
2025-05-26 11:00:00+00:00,0.0,0.0,0.0,0.0
2025-05-26 12:00:00+00:00,0.0,0.0,0.0,0.0
2025-05-26 13:00:00+00:00,0.0,0.0,0.0,0.0
2025-05-26 14:00:00+00:00,0.0,0.0,0.0,0.0
2025-05-26 15:00:00+00:00,0.0,0.0,0.0,3.5923167106936004e-05
2025-05-26 16:00:00+00:00,0.003019,0.0,-3.5078784386102225e-05,0.0
2025-05-26 17:00:00+00:00,0.0,0.0,0.0,0.0
2025-05-26 18:00:00+00:00,0.0,0.0,0.0,0.0
2025-05-26 19:00:00+00:00,0.0,0.0,0.0,0.0
2025-05-26 20:00:00+00:00,0.0,0.0,0.0,0.0
2025-05-26 21:00:00+00:00,0.0,0.0,0.0,0.0
2025-05-26 22:00:00+00:00,0.0,0.0,0.0,0.0
2025-05-26 23:00:00+00:00,0.0,0.0,0.0,0.0
2025-05-27 00:00:00+00:00,0.0,0.0,0.0,0.0
2025-05-27 01:00:00+00:00,0.0,0.0,0.0,0.0
2025-05-27 02:00:00+00:00,0.0,0.0,0.0,0.0
2025-05-27 03:00:00+00:00,0.0,0.0,0.0,0.0
2025-05-27 04:00:00+00:00,0.0,0.0,0.0,0.0
2025-05-27 05:00:00+00:00,0.0,0.0,0.0,0.0
2025-05-27 06:00:00+00:00,0.0,0.0,0.0,0.0
2025-05-27 07:00:00+00:00,0.0,0.0,0.0,0.0
2025-05-27 08:00:00+00:00,0.0,0.0,0.0,0.0
2025-05-27 09:00:00+00:00,0.0,0.0,0.0,0.0
2025-05-27 10:00:00+00:00,0.0,0.0,0.0,0.0
2025-05-27 11:00:00+00:00,0.0,0.0,0.0,0.0
2025-05-27 12:00:00+00:00,0.0,0.0,0.0,0.0
2025-05-27 13:00:00+00:00,0.013061,0.0,0.0,0.0
2025-05-27 14:00:00+00:00,0.0,0.0,-6.17374522998848e-05,0.0
2025-05-27 15:00:00+00:00,0.0,0.0,0.0,0.0
2025-05-27 16:00:00+00:00,0.0,0.0,0.0,0.0
2025-05-27 17:00:00+00:00,0.0,0.0,0.0,0.0
2025-05-27 18:00:00+00:00,0.0,0.0,0.0,0.0
2025-05-27 19:00:00+00:00,0.0,0.0,0.0,0.0
2025-05-27 20:00:00+00:00,0.0,0.0,0.0,-6.918594152882761e-05
2025-05-27 21:00:00+00:00,-0.011596,0.0,0.0,0.0
2025-05-27 22:00:00+00:00,0.0,0.0,0.0,0.0
2025-05-27 23:00:00+00:00,0.0,0.0,0.0,0.0
2025-05-28 00:00:00+00:00,0.0,0.0,0.0,0.0
2025-05-28 01:00:00+00:00,0.0,0.0,0.0,0.0
2025-05-28 02:00:00+00:00,0.0,0.0,0.0,0.0
2025-05-28 03:00:00+00:00,0.0,0.0,0.0,0.0
2025-05-28 04:00:00+00:00,0.0,0.0,0.0,0.0
2025-05-28 05:00:00+00:00,0.0,0.0,0.0,0.0
2025-05-28 06:00:00+00:00,0.0,0.0,0.0,0.0
2025-05-28 07:00:00+00:00,0.0,0.0,0.0,0.0
2025-05-28 08:00:00+00:00,0.0,0.0,0.0,0.0
2025-05-28 09:00:00+00:00,0.0,0.0,-2.6722575670298224e-05,0.0
2025-05-28 10:00:00+00:00,0.0,0.0,0.0,-5.814123131043124e-05
2025-05-28 11:00:00+00:00,0.0,0.0,0.0,0.0
2025-05-28 12:00:00+00:00,0.0,0.0,0.0,0.0
2025-05-28 13:00:00+00:00,-0.011788,0.0,-2.0568071866745577e-05,-3.965729143956764e-05
2025-05-28 14:00:00+00:00,0.0,0.0,0.0,0.0
2025-05-28 15:00:00+00:00,0.0,0.0,0.0,0.0
2025-05-28 16:00:00+00:00,0.0,0.0,0.0,0.0
2025-05-28 17:00:00+00:00,0.0,0.0,0.0,0.0
2025-05-28 18:00:00+00:00,0.0,0.0,0.0,0.0
2025-05-28 19:00:00+00:00,0.0,0.0,0.0,0.0
2025-05-28 20:00:00+00:00,-0.011979,0.0,-3.949518571608301e-05,0.0
2025-05-28 21:00:00+00:00,0.0,0.0,0.0,0.0
2025-05-28 22:00:00+00:00,0.0,0.0,0.0,0.0
2025-05-28 23:00:00+00:00,0.0,0.0,3.82873812868867e-05,5.297142557309954e-05
2025-05-29 00:00:00+00:00,0.0,0.0,0.0,0.0
2025-05-29 01:00:00+00:00,0.0,0.0,0.0,0.0
2025-05-29 02:00:00+00:00,0.0,0.0,0.0,0.0
2025-05-29 03:00:00+00:00,0.0,0.0,0.0,0.0
2025-05-29 04:00:00+00:00,0.0,0.0,0.0,0.0
2025-05-29 05:00:00+00:00,0.0,0.0,0.0,0.0
2025-05-29 06:00:00+00:00,0.0,0.0,0.0,0.0
2025-05-29 07:00:00+00:00,0.0,0.0,0.0,0.0
2025-05-29 08:00:00+00:00,0.0,0.0,0.0,0.0
2025-05-29 09:00:00+00:00,0.0,0.0,0.0,0.0
2025-05-29 10:00:00+00:00,0.013206,0.0,0.0,0.0
2025-05-29 11:00:00+00:00,0.0,0.0,0.0,0.0
2025-05-29 12:00:00+00:00,0.0,0.0,0.0,0.0
2025-05-29 13:00:00+00:00,0.0,0.0,0.0,-6.245875227973818e-05
2025-05-29 14:00:00+00:00,0.0,0.0,-6.391767443226448e-05,0.0
2025-05-29 15:00:00+00:00,0.0,0.0,0.0,0.0
2025-05-29 16:00:00+00:00,0.0,0.0,0.0,0.0
2025-05-29 17:00:00+00:00,0.0,0.0,0.0,0.0
2025-05-29 18:00:00+00:00,0.0,0.0,0.0,0.0
2025-05-29 19:00:00+00:00,0.0,0.0,0.0,0.0
2025-05-29 20:00:00+00:00,0.0,0.0,0.0,0.0
2025-05-29 21:00:00+00:00,0.0,0.0,0.0,0.0
2025-05-29 22:00:00+00:00,0.0,0.0,0.0,0.0
2025-05-29 23:00:00+00:00,0.0,0.0,0.0,0.0
2025-05-30 00:00:00+00:00,0.0,0.0,0.0,0.0
2025-05-30 01:00:00+00:00,0.0,0.0,0.0,0.0
2025-05-30 02:00:00+00:00,0.0,0.0,0.0,0.0
2025-05-30 03:00:00+00:00,0.0,0.0,0.0,0.0
2025-05-30 04:00:00+00:00,0.0,0.0,0.0,0.0
2025-05-30 05:00:00+00:00,0.0,0.0,0.0,0.0
2025-05-30 06:00:00+00:00,0.0,0.0,0.0,0.0
2025-05-30 07:00:00+00:00,0.0,0.0,0.0,0.0
2025-05-30 08:00:00+00:00,0.0,0.0,0.0,0.0
2025-05-30 09:00:00+00:00,0.0,0.0,0.0,0.0
2025-05-30 10:00:00+00:00,0.0,0.0,0.0,0.0
2025-05-30 11:00:00+00:00,0.0,0.0,0.0,0.0
2025-05-30 12:00:00+00:00,0.0,0.0,0.0,0.0
2025-05-30 13:00:00+00:00,0.0,0.0,0.0,0.0
2025-05-30 14:00:00+00:00,0.0,0.0,-3.9063300181553234e-05,0.0
2025-05-30 15:00:00+00:00,0.0,0.0,0.0,0.0
2025-05-30 16:00:00+00:00,0.0,0.0,0.0,0.0
2025-05-30 17:00:00+00:00,0.0,0.0,0.0,0.0
2025-05-30 18:00:00+00:00,0.0,0.0,0.0,0.0
2025-05-30 19:00:00+00:00,0.0,0.0,0.0,0.0
2025-05-30 20:00:00+00:00,0.0,0.0,0.0,0.0
2025-05-30 21:00:00+00:00,0.0,0.0,0.0,0.0
2025-05-30 22:00:00+00:00,0.0,0.0,0.0,0.0
2025-05-30 23:00:00+00:00,0.0,0.0,0.0,0.0
2025-05-31 00:00:00+00:00,0.0,0.0,0.0,0.0
2025-05-31 01:00:00+00:00,0.0,0.0,0.0,0.0
2025-05-31 02:00:00+00:00,0.0,0.0,0.0,0.0
2025-05-31 03:00:00+00:00,0.0,0.0,0.0,0.0
2025-05-31 04:00:00+00:00,0.0,0.0,0.0,0.0
2025-05-31 05:00:00+00:00,0.0,0.0,0.0,0.0
2025-05-31 06:00:00+00:00,0.0,0.0,0.0,0.0
2025-05-31 07:00:00+00:00,0.0,0.0,0.0,0.0
2025-05-31 08:00:00+00:00,0.0,0.0,0.0,0.0
2025-05-31 09:00:00+00:00,0.0,0.0,0.0,0.0
2025-05-31 10:00:00+00:00,0.0,0.0,0.0,0.0
2025-05-31 11:00:00+00:00,0.0,0.0,0.0,0.0
2025-05-31 12:00:00+00:00,0.0,0.0,0.0,0.0
2025-05-31 13:00:00+00:00,0.0,0.0,0.0,0.0
2025-05-31 14:00:00+00:00,0.0,0.0,0.0,0.0
2025-05-31 15:00:00+00:00,0.0,0.0,0.0,0.0
2025-05-31 16:00:00+00:00,0.0,0.0,0.0,0.0
2025-05-31 17:00:00+00:00,0.0,0.0,0.0,0.0
2025-05-31 18:00:00+00:00,0.0,0.0,0.0,0.0
2025-05-31 19:00:00+00:00,0.0,0.0,0.0,0.0
2025-05-31 20:00:00+00:00,0.0,0.0,0.0,0.0
2025-05-31 21:00:00+00:00,0.0,0.0,0.0,0.0
2025-05-31 22:00:00+00:00,0.0,0.0,0.0,0.0
2025-05-31 23:00:00+00:00,0.0,0.0,0.0,0.0
2025-06-01 00:00:00+00:00,0.0,0.0,0.0,0.0
2025-06-01 01:00:00+00:00,0.0,0.0,0.0,0.0
2025-06-01 02:00:00+00:00,0.0,0.0,0.0,0.0
2025-06-01 03:00:00+00:00,0.0,0.0,0.0,0.0
2025-06-01 04:00:00+00:00,0.0,0.0,0.0,0.0
2025-06-01 05:00:00+00:00,0.0,0.0,0.0,0.0
2025-06-01 06:00:00+00:00,0.0,0.0,0.0,0.0
2025-06-01 07:00:00+00:00,0.0,0.0,0.0,0.0
2025-06-01 08:00:00+00:00,0.0,0.0,0.0,0.0
2025-06-01 09:00:00+00:00,0.0,0.0,0.0,0.0
2025-06-01 10:00:00+00:00,0.0,0.0,0.0,0.0
2025-06-01 11:00:00+00:00,0.0,0.0,0.0,0.0
2025-06-01 12:00:00+00:00,0.0,0.0,0.0,0.0
2025-06-01 13:00:00+00:00,0.0,0.0,0.0,0.0
2025-06-01 14:00:00+00:00,0.0,0.0,0.0,0.0
2025-06-01 15:00:00+00:00,0.0,0.0,0.0,0.0
2025-06-01 16:00:00+00:00,0.0,0.0,0.0,0.0
2025-06-01 17:00:00+00:00,0.0,0.0,0.0,0.0
2025-06-01 18:00:00+00:00,0.0,0.0,0.0,-3.361822288834303e-05
2025-06-01 19:00:00+00:00,0.0,0.0,0.0,0.0
2025-06-01 20:00:00+00:00,0.0,0.0,0.0,0.0
2025-06-01 21:00:00+00:00,0.0,0.0,0.0,0.0
2025-06-01 22:00:00+00:00,0.0,0.0,0.0,0.0
2025-06-01 23:00:00+00:00,0.0,0.0,0.0,0.0
2025-06-02 00:00:00+00:00,0.0,0.0,0.0,0.0
2025-06-02 01:00:00+00:00,0.0,0.0,0.0,0.0
2025-06-02 02:00:00+00:00,0.0,0.0,-2.5703211344898496e-05,-4.675897891598723e-05
2025-06-02 03:00:00+00:00,0.0,0.0,0.0,0.0
2025-06-02 04:00:00+00:00,0.0,0.0,0.0,0.0
2025-06-02 05:00:00+00:00,0.0,0.0,0.0,0.0
2025-06-02 06:00:00+00:00,0.0,0.0,0.0,0.0
2025-06-02 07:00:00+00:00,0.0,0.0,0.0,0.0
2025-06-02 08:00:00+00:00,0.0,0.0,2.9353275387907785e-05,0.0
2025-06-02 09:00:00+00:00,0.0,0.0,0.0,0.0
2025-06-02 10:00:00+00:00,0.0,0.0,0.0,0.0
2025-06-02 11:00:00+00:00,0.0,0.0,0.0,0.0
2025-06-02 12:00:00+00:00,0.0,0.0,0.0,0.0
2025-06-02 13:00:00+00:00,0.0,0.0,-3.0128537033282654e-05,0.0
2025-06-02 14:00:00+00:00,0.0,0.0,0.0,0.0
2025-06-02 15:00:00+00:00,0.0,0.0,0.0,0.0
2025-06-02 16:00:00+00:00,0.0,0.0,0.0,0.0
2025-06-02 17:00:00+00:00,0.0,0.0,0.0,0.0
2025-06-02 18:00:00+00:00,0.0,0.0,0.0,5.3065726430702186e-05
2025-06-02 19:00:00+00:00,0.0,0.0,0.0,0.0
2025-06-02 20:00:00+00:00,0.0,0.0,0.0,0.0
2025-06-02 21:00:00+00:00,0.0,0.0,0.0,0.0
2025-06-02 22:00:00+00:00,0.0,0.0,0.0,0.0
2025-06-02 23:00:00+00:00,0.0,0.0,0.0,0.0
2025-06-03 00:00:00+00:00,0.0,0.0,0.0,0.0
2025-06-03 01:00:00+00:00,0.0,0.0,0.0,0.0
2025-06-03 02:00:00+00:00,0.0,0.0,0.0,0.0
2025-06-03 03:00:00+00:00,0.0,0.0,0.0,-8.370999603709683e-05
2025-06-03 04:00:00+00:00,0.0,0.0,0.0,0.0
2025-06-03 05:00:00+00:00,0.0,0.0,0.0,0.0
2025-06-03 06:00:00+00:00,0.0,0.0,0.0,0.0
2025-06-03 07:00:00+00:00,0.0,0.0,0.0,0.0
2025-06-03 08:00:00+00:00,0.0,0.0,0.0,0.0
2025-06-03 09:00:00+00:00,0.0,0.0,0.0,0.0
2025-06-03 10:00:00+00:00,0.0,0.0,0.0,0.0
2025-06-03 11:00:00+00:00,0.0,0.0,0.0,0.0
2025-06-03 12:00:00+00:00,0.0,0.0,0.0,0.0
2025-06-03 13:00:00+00:00,0.0,0.0,0.0,0.0
2025-06-03 14:00:00+00:00,0.0,0.0,8.036150578320967e-05,0.0
2025-06-03 15:00:00+00:00,0.0,0.0,0.0,0.0
2025-06-03 16:00:00+00:00,0.0,0.0,0.0,0.0
2025-06-03 17:00:00+00:00,0.0,0.0,0.0,0.0
2025-06-03 18:00:00+00:00,0.0,0.0,0.0,0.0
2025-06-03 19:00:00+00:00,0.0,0.0,0.0,0.0
2025-06-03 20:00:00+00:00,0.0,0.0,0.0,0.0
2025-06-03 21:00:00+00:00,0.0,0.0,0.0,0.0
2025-06-03 22:00:00+00:00,0.0,0.0,0.0,0.0
2025-06-03 23:00:00+00:00,0.0,0.0,0.0,0.0
2025-06-04 00:00:00+00:00,0.0,0.0,0.0,0.0
2025-06-04 01:00:00+00:00,0.0,0.0,0.0,0.0
2025-06-04 02:00:00+00:00,0.0,0.0,0.0,0.0
2025-06-04 03:00:00+00:00,0.0,0.0,0.0,0.0
2025-06-04 04:00:00+00:00,0.0,0.0,0.0,0.0
2025-06-04 05:00:00+00:00,0.0,0.0,0.0,0.0
2025-06-04 06:00:00+00:00,0.0,0.0,0.0,0.0
2025-06-04 07:00:00+00:00,0.0,0.0,0.0,0.0
2025-06-04 08:00:00+00:00,0.0,0.0,0.0,1.3331015018408509e-05
2025-06-04 09:00:00+00:00,0.0,0.0,0.0,0.0
2025-06-04 10:00:00+00:00,0.0,0.0,0.0,0.0
2025-06-04 11:00:00+00:00,0.0,0.0,-2.651007855531628e-05,-4.962418853276084e-05
2025-06-04 12:00:00+00:00,0.0,0.0,0.0,0.0
2025-06-04 13:00:00+00:00,0.0,0.0,0.0,0.0
2025-06-04 14:00:00+00:00,0.0,0.0,-3.635995760643106e-05,0.0
2025-06-04 15:00:00+00:00,0.0,0.0,0.0,5.326389825543233e-05
2025-06-04 16:00:00+00:00,0.0,0.0,0.0,0.0
2025-06-04 17:00:00+00:00,0.0,0.0,0.0,0.0
2025-06-04 18:00:00+00:00,0.0,0.0,0.0,0.0
2025-06-04 19:00:00+00:00,0.0,0.0,0.0,0.0
2025-06-04 20:00:00+00:00,0.0,0.0,-3.4726061887976324e-05,-6.934254853114274e-05
2025-06-04 21:00:00+00:00,0.0,0.0,0.0,0.0
2025-06-04 22:00:00+00:00,0.0,0.0,0.0,0.0
2025-06-04 23:00:00+00:00,0.0,0.0,0.0,0.0
2025-06-05 00:00:00+00:00,0.0,0.0,0.0,0.0
2025-06-05 01:00:00+00:00,0.0,0.0,2.429185937381618e-05,0.0
2025-06-05 02:00:00+00:00,0.0,0.0,0.0,0.0
2025-06-05 03:00:00+00:00,0.0,0.0,0.0,0.0
2025-06-05 04:00:00+00:00,0.0,0.0,0.0,0.0
2025-06-05 05:00:00+00:00,0.0,0.0,0.0,0.0
2025-06-05 06:00:00+00:00,0.0,0.0,0.0,0.0
2025-06-05 07:00:00+00:00,0.0,0.0,0.0,0.0
2025-06-05 08:00:00+00:00,0.0,0.0,0.0,0.0
2025-06-05 09:00:00+00:00,0.0,0.0,0.0,0.0
2025-06-05 10:00:00+00:00,0.0,0.0,0.0,0.0
2025-06-05 11:00:00+00:00,0.0,0.0,0.0,0.0
2025-06-05 12:00:00+00:00,0.0,0.0,0.0,0.0
2025-06-05 13:00:00+00:00,0.0,0.0,0.0,0.0
2025-06-05 14:00:00+00:00,0.0,0.0,0.0,0.0
2025-06-05 15:00:00+00:00,0.0,0.0,0.0,0.0
2025-06-05 16:00:00+00:00,0.0,0.0,0.0,0.0
2025-06-05 17:00:00+00:00,0.0,0.0,0.0,0.0
2025-06-05 18:00:00+00:00,0.0,0.0,0.0,-0.0001943814516823
2025-06-05 19:00:00+00:00,0.0,0.0,0.0,0.0
2025-06-05 20:00:00+00:00,0.0,0.0,0.0,0.0
2025-06-05 21:00:00+00:00,0.0,0.0,0.0,0.0
2025-06-05 22:00:00+00:00,0.0,0.0,0.0,0.0
2025-06-05 23:00:00+00:00,0.0,0.0,0.0,0.0
2025-06-06 00:00:00+00:00,0.0,0.0,0.0,0.0
2025-06-06 01:00:00+00:00,0.0,0.0,0.0,0.0
2025-06-06 02:00:00+00:00,0.0,0.0,0.0,0.0
2025-06-06 03:00:00+00:00,0.0,0.0,0.0,0.0
2025-06-06 04:00:00+00:00,0.0,0.0,0.0,0.0
2025-06-06 05:00:00+00:00,0.0,0.0,0.0,0.0
2025-06-06 06:00:00+00:00,0.0,0.0,0.0,0.0
2025-06-06 07:00:00+00:00,0.0,0.0,0.0,0.0
2025-06-06 08:00:00+00:00,0.0,0.0,0.0,0.0
2025-06-06 09:00:00+00:00,0.0,0.0,0.0,0.0
2025-06-06 10:00:00+00:00,0.0,0.0,0.0,0.0
2025-06-06 11:00:00+00:00,0.0,0.0,0.0,1.855311607045996e-05
2025-06-06 12:00:00+00:00,0.0,0.0,2.5691395088075505e-05,0.0
2025-06-06 13:00:00+00:00,0.0,0.0,0.0,0.0
2025-06-06 14:00:00+00:00,0.0,0.0,0.0,0.0
2025-06-06 15:00:00+00:00,0.0,0.0,0.0,7.949840363254857e-05
2025-06-06 16:00:00+00:00,0.0,0.0,0.0,0.0
2025-06-06 17:00:00+00:00,0.0,0.0,0.0,0.0
2025-06-06 18:00:00+00:00,0.0,0.0,0.0,0.0
2025-06-06 19:00:00+00:00,0.0,0.0,0.0,0.0
2025-06-06 20:00:00+00:00,0.0,0.0,0.0,0.0
2025-06-06 21:00:00+00:00,0.0,0.0,0.0,0.0
2025-06-06 22:00:00+00:00,0.0,0.0,0.0,0.0
2025-06-06 23:00:00+00:00,0.0,0.0,0.0,0.0
2025-06-07 00:00:00+00:00,0.0,0.0,0.0,0.0
2025-06-07 01:00:00+00:00,0.0,0.0,0.0,0.0
2025-06-07 02:00:00+00:00,0.0,0.0,0.0,0.0
2025-06-07 03:00:00+00:00,0.0,0.0,0.0,0.0
2025-06-07 04:00:00+00:00,0.0,0.0,0.0,0.0
2025-06-07 05:00:00+00:00,0.0,0.0,0.0,0.0
2025-06-07 06:00:00+00:00,0.0,0.0,0.0,0.0
2025-06-07 07:00:00+00:00,0.0,0.0,0.0,0.0
2025-06-07 08:00:00+00:00,0.0,0.0,0.0,0.0
2025-06-07 09:00:00+00:00,0.0,0.0,0.0,0.0
2025-06-07 10:00:00+00:00,0.0,0.0,0.0,0.0
2025-06-07 11:00:00+00:00,0.0,0.0,0.0,0.0
2025-06-07 12:00:00+00:00,0.0,0.0,0.0,0.0
2025-06-07 13:00:00+00:00,0.0,0.0,0.0,0.0
2025-06-07 14:00:00+00:00,0.0,0.0,0.0,0.0
2025-06-07 15:00:00+00:00,0.0,0.0,0.0,0.0
2025-06-07 16:00:00+00:00,0.0,0.0,0.0,0.0
2025-06-07 17:00:00+00:00,0.0,0.0,0.0,0.0
2025-06-07 18:00:00+00:00,0.0,0.0,0.0,0.0
2025-06-07 19:00:00+00:00,0.0,0.0,0.0,0.0
2025-06-07 20:00:00+00:00,0.0,0.0,0.0,0.0
2025-06-07 21:00:00+00:00,0.0,0.0,0.0,0.0
2025-06-07 22:00:00+00:00,0.0,0.0,0.0,0.0
2025-06-07 23:00:00+00:00,0.0,0.0,0.0,0.0
2025-06-08 00:00:00+00:00,0.0,0.0,0.0,0.0
2025-06-08 01:00:00+00:00,0.0,0.0,0.0,0.0
2025-06-08 02:00:00+00:00,0.0,0.0,0.0,0.0
2025-06-08 03:00:00+00:00,0.0,0.0,0.0,0.0
2025-06-08 04:00:00+00:00,0.0,0.0,0.0,0.0
2025-06-08 05:00:00+00:00,0.0,0.0,0.0,0.0
2025-06-08 06:00:00+00:00,0.0,0.0,0.0,0.0
2025-06-08 07:00:00+00:00,0.0,0.0,0.0,-2.1908805268295853e-05
2025-06-08 08:00:00+00:00,0.0,0.0,0.0,0.0
2025-06-08 09:00:00+00:00,0.0,0.0,0.0,0.0
2025-06-08 10:00:00+00:00,0.0,0.0,0.0,0.0
2025-06-08 11:00:00+00:00,0.0,0.0,0.0,0.0
2025-06-08 12:00:00+00:00,0.0,0.0,0.0,0.0
2025-06-08 13:00:00+00:00,0.0,0.0,0.0,1.875668619911842e-05
2025-06-08 14:00:00+00:00,0.0,0.0,0.0,0.0
2025-06-08 15:00:00+00:00,0.0,0.0,0.0,0.0
2025-06-08 16:00:00+00:00,0.0,0.0,0.0,2.1438930892928595e-05
2025-06-08 17:00:00+00:00,0.0,0.0,0.0,0.0
2025-06-08 18:00:00+00:00,0.0,0.0,0.0,0.0
2025-06-08 19:00:00+00:00,0.0,0.0,0.0,0.0
2025-06-08 20:00:00+00:00,0.0,0.0,0.0,0.0
2025-06-08 21:00:00+00:00,0.0,0.0,5.665095112181607e-05,0.0
2025-06-08 22:00:00+00:00,0.0,0.0,0.0,-4.443979694820243e-05
2025-06-08 23:00:00+00:00,0.0,0.0,0.0,0.0
2025-06-09 00:00:00+00:00,0.0,0.0,0.0,0.0
2025-06-09 01:00:00+00:00,0.0,0.0,0.0,0.0
2025-06-09 02:00:00+00:00,0.0,0.0,0.0,0.0
2025-06-09 03:00:00+00:00,0.0,0.0,0.0,0.0
2025-06-09 04:00:00+00:00,0.0,0.0,0.0,0.0
2025-06-09 05:00:00+00:00,0.0,0.0,0.0,0.0
2025-06-09 06:00:00+00:00,0.0,0.0,0.0,0.0
2025-06-09 07:00:00+00:00,0.0,0.0,0.0,0.0
2025-06-09 08:00:00+00:00,0.0,0.0,0.0,0.0
2025-06-09 09:00:00+00:00,0.0,0.011822,0.0,0.0
2025-06-09 10:00:00+00:00,0.0,0.0,0.0,0.0
2025-06-09 11:00:00+00:00,0.0,0.0,0.0,0.0
2025-06-09 12:00:00+00:00,0.0,0.0,0.0,0.0
2025-06-09 13:00:00+00:00,0.0,-0.012426,0.0,0.0
2025-06-09 14:00:00+00:00,0.0,0.0,0.0,0.0
2025-06-09 15:00:00+00:00,0.0,0.0,0.0,0.0
2025-06-09 16:00:00+00:00,0.0,0.0,0.0,0.0
2025-06-09 17:00:00+00:00,0.0,0.0,0.0,0.0
2025-06-09 18:00:00+00:00,0.0,0.0,0.0,0.0
2025-06-09 19:00:00+00:00,0.0,0.012946,0.0,0.0
2025-06-09 20:00:00+00:00,0.0,0.0,0.0,0.0
2025-06-09 21:00:00+00:00,0.0,0.0,0.0,0.0
2025-06-09 22:00:00+00:00,0.0,0.0,0.0,0.0
2025-06-09 23:00:00+00:00,0.0,0.0,0.0,0.0
2025-06-10 00:00:00+00:00,0.0,0.0,0.0,0.0
2025-06-10 01:00:00+00:00,0.0,0.0,0.0,0.0
2025-06-10 02:00:00+00:00,0.0,0.0,0.0,0.0
2025-06-10 03:00:00+00:00,0.0,0.0,0.0,0.0
2025-06-10 04:00:00+00:00,0.0,0.0,0.0,0.0
2025-06-10 05:00:00+00:00,0.0,0.0,0.0,0.0
2025-06-10 06:00:00+00:00,0.0,0.0,0.0,0.0
2025-06-10 07:00:00+00:00,0.0,0.0,0.0,0.0
2025-06-10 08:00:00+00:00,0.0,0.0,0.0,0.0
2025-06-10 09:00:00+00:00,0.0,0.0,0.0,0.0
2025-06-10 10:00:00+00:00,0.0,0.0,0.0,0.0
2025-06-10 11:00:00+00:00,0.0,0.0,0.0,0.0
2025-06-10 12:00:00+00:00,0.0,0.0,0.0,0.0
2025-06-10 13:00:00+00:00,0.0,0.0,0.0,0.0
2025-06-10 14:00:00+00:00,0.0,0.0,-5.628916370737036e-05,0.0
2025-06-10 15:00:00+00:00,0.0,0.0,0.0,0.0
2025-06-10 16:00:00+00:00,0.0,0.0,0.0,0.0
2025-06-10 17:00:00+00:00,0.0,0.0,0.0,0.0
2025-06-10 18:00:00+00:00,0.0,0.0,0.0,0.0
2025-06-10 19:00:00+00:00,0.0,0.0,0.0,0.0
2025-06-10 20:00:00+00:00,0.0,0.0,0.0,0.0
2025-06-10 21:00:00+00:00,0.0,0.0,0.0,0.0
2025-06-10 22:00:00+00:00,0.0,0.0,0.0,0.0
2025-06-10 23:00:00+00:00,0.0,0.0,0.0,0.0
2025-06-11 00:00:00+00:00,0.0,0.0,0.0,0.0
2025-06-11 01:00:00+00:00,0.0,0.0,0.0,0.0
2025-06-11 02:00:00+00:00,0.0,0.0,0.0,0.0
2025-06-11 03:00:00+00:00,0.0,0.0,0.0,0.0
2025-06-11 04:00:00+00:00,0.0,0.0,0.0,0.0
2025-06-11 05:00:00+00:00,0.0,0.0,0.0,0.0
2025-06-11 06:00:00+00:00,0.0,0.0,0.0,0.0
2025-06-11 07:00:00+00:00,0.0,0.0,0.0,0.0
2025-06-11 08:00:00+00:00,0.0,0.0,0.0,0.0
2025-06-11 09:00:00+00:00,0.0,0.0,0.0,0.0
2025-06-11 10:00:00+00:00,0.0,0.0,0.0,0.0
2025-06-11 11:00:00+00:00,0.0,0.0,0.0,0.0
2025-06-11 12:00:00+00:00,0.0,0.0,0.0,0.0
2025-06-11 13:00:00+00:00,0.0,0.0,0.0,0.0
2025-06-11 14:00:00+00:00,0.0,0.0,0.0,0.0
2025-06-11 15:00:00+00:00,0.0,0.0,0.0,0.0
2025-06-11 16:00:00+00:00,0.0,0.0,-3.728656868823287e-05,0.0
2025-06-11 17:00:00+00:00,0.0,0.0,0.0,0.0
2025-06-11 18:00:00+00:00,0.0,0.0,0.0,-0.0001104297776591
2025-06-11 19:00:00+00:00,0.0,0.0,0.0,0.0
2025-06-11 20:00:00+00:00,0.0,0.0,0.0,0.0
2025-06-11 21:00:00+00:00,0.0,0.0,0.0,0.0
2025-06-11 22:00:00+00:00,0.0,0.0,0.0,0.0
2025-06-11 23:00:00+00:00,0.0,0.0,0.0,0.0
2025-06-12 00:00:00+00:00,0.0,0.0,0.0,0.0
2025-06-12 01:00:00+00:00,0.0,0.0,0.0,0.0
2025-06-12 02:00:00+00:00,0.0,0.0,0.0,0.0
2025-06-12 03:00:00+00:00,0.0,0.0,0.0,0.0
2025-06-12 04:00:00+00:00,0.0,0.0,0.0,0.0
2025-06-12 05:00:00+00:00,0.0,0.0,0.0,0.0
2025-06-12 06:00:00+00:00,0.0,0.0,0.0,0.0
2025-06-12 07:00:00+00:00,0.0,0.0,0.0,0.0
2025-06-12 08:00:00+00:00,0.0,0.0,0.0,0.0
2025-06-12 09:00:00+00:00,0.0,0.0,0.0,0.0
2025-06-12 10:00:00+00:00,0.0,0.0,0.0,0.0
2025-06-12 11:00:00+00:00,0.0,0.0,0.0,-9.892078206898747e-05
2025-06-12 12:00:00+00:00,0.0,0.0,0.0,0.0
2025-06-12 13:00:00+00:00,0.0,0.0,0.0,0.0
2025-06-12 14:00:00+00:00,0.0,0.0,0.0,0.0
2025-06-12 15:00:00+00:00,0.0,0.0,0.0,5.710513043705735e-05
2025-06-12 16:00:00+00:00,0.0,0.0,0.0,0.0
2025-06-12 17:00:00+00:00,0.0,0.0,7.388141304632058e-05,0.0
2025-06-12 18:00:00+00:00,0.0,0.0,0.0,0.0
2025-06-12 19:00:00+00:00,0.0,0.0,0.0,0.0
2025-06-12 20:00:00+00:00,0.0,0.0,0.0,0.0
2025-06-12 21:00:00+00:00,0.0,0.0,0.0,0.0
2025-06-12 22:00:00+00:00,0.0,0.0,0.0,0.0
2025-06-12 23:00:00+00:00,0.0,0.0,0.0,0.0
2025-06-13 00:00:00+00:00,0.0,0.0,0.0,0.0
2025-06-13 01:00:00+00:00,0.0,0.0,0.0,0.0
2025-06-13 02:00:00+00:00,0.0,0.0,0.0,0.0
2025-06-13 03:00:00+00:00,0.0,0.0,0.0,0.0
2025-06-13 04:00:00+00:00,0.0,0.0,0.0,0.0
2025-06-13 05:00:00+00:00,0.0,0.0,0.0,0.0
2025-06-13 06:00:00+00:00,0.0,0.0,0.0,0.0
2025-06-13 07:00:00+00:00,0.0,0.0,0.0,0.0
2025-06-13 08:00:00+00:00,0.0,0.0,0.0,0.0
2025-06-13 09:00:00+00:00,0.0,0.0,0.0,0.0
2025-06-13 10:00:00+00:00,0.0,0.0,0.0,0.0
2025-06-13 11:00:00+00:00,0.0,0.0,0.0,0.0
2025-06-13 12:00:00+00:00,0.0,0.0,0.0,0.0
2025-06-13 13:00:00+00:00,0.0,0.0,0.0,0.0
2025-06-13 14:00:00+00:00,0.0,0.0,1.54507314220076e-05,-5.635856917798775e-05
2025-06-13 15:00:00+00:00,0.0,0.0,0.0,0.0
2025-06-13 16:00:00+00:00,0.0,0.0,0.0,0.0
2025-06-13 17:00:00+00:00,0.0,0.0,0.0,-8.625033960821482e-05
2025-06-13 18:00:00+00:00,0.0,0.0,0.0,0.0
2025-06-13 19:00:00+00:00,0.0,0.0,0.0,0.0
2025-06-13 20:00:00+00:00,0.0,0.0,0.0,0.0
2025-06-13 21:00:00+00:00,0.0,0.0,0.0,0.0
2025-06-13 22:00:00+00:00,0.0,0.0,0.0,0.0
2025-06-13 23:00:00+00:00,0.0,0.0,0.0,0.0
2025-06-14 00:00:00+00:00,0.0,0.0,0.0,0.0
2025-06-14 01:00:00+00:00,0.0,0.0,0.0,0.0
2025-06-14 02:00:00+00:00,0.0,0.0,0.0,0.0
2025-06-14 03:00:00+00:00,0.0,0.0,0.0,0.0
2025-06-14 04:00:00+00:00,0.0,0.0,0.0,0.0
2025-06-14 05:00:00+00:00,0.0,0.0,0.0,0.0
2025-06-14 06:00:00+00:00,0.0,0.0,0.0,0.0
2025-06-14 07:00:00+00:00,0.0,0.0,0.0,0.0
2025-06-14 08:00:00+00:00,0.0,0.0,0.0,0.0
2025-06-14 09:00:00+00:00,0.0,0.0,0.0,0.0
2025-06-14 10:00:00+00:00,0.0,0.0,0.0,0.0
2025-06-14 11:00:00+00:00,0.0,0.0,0.0,0.0
2025-06-14 12:00:00+00:00,0.0,0.0,0.0,0.0
2025-06-14 13:00:00+00:00,0.0,0.0,0.0,0.0
2025-06-14 14:00:00+00:00,0.0,0.0,0.0,0.0
2025-06-14 15:00:00+00:00,0.0,0.0,0.0,0.0
2025-06-14 16:00:00+00:00,0.0,0.0,0.0,0.0
2025-06-14 17:00:00+00:00,0.0,0.0,0.0,0.0
2025-06-14 18:00:00+00:00,0.0,0.0,0.0,0.0
2025-06-14 19:00:00+00:00,0.0,0.0,0.0,0.0
2025-06-14 20:00:00+00:00,0.0,0.0,0.0,0.0
2025-06-14 21:00:00+00:00,0.0,0.0,0.0,0.0
2025-06-14 22:00:00+00:00,0.0,0.0,0.0,0.0
2025-06-14 23:00:00+00:00,0.0,0.0,0.0,0.0
2025-06-15 00:00:00+00:00,0.0,0.0,0.0,0.0
2025-06-15 01:00:00+00:00,0.0,0.0,0.0,0.0
2025-06-15 02:00:00+00:00,0.0,0.0,0.0,0.0
2025-06-15 03:00:00+00:00,0.0,0.0,0.0,0.0
2025-06-15 04:00:00+00:00,0.0,0.0,0.0,0.0
2025-06-15 05:00:00+00:00,0.0,0.0,0.0,0.0
2025-06-15 06:00:00+00:00,0.0,0.0,0.0,0.0
2025-06-15 07:00:00+00:00,0.0,0.0,0.0,0.0
2025-06-15 08:00:00+00:00,0.0,0.0,-2.202052585650981e-05,0.0
2025-06-15 09:00:00+00:00,0.0,0.0,0.0,0.0
2025-06-15 10:00:00+00:00,0.0,0.0,0.0,0.0
2025-06-15 11:00:00+00:00,0.0,0.0,0.0,0.0
2025-06-15 12:00:00+00:00,0.0,0.0,0.0,0.0
2025-06-15 13:00:00+00:00,0.0,0.0,0.0,0.0
2025-06-15 14:00:00+00:00,0.0,0.0,0.0,1.0575548206294148e-05
2025-06-15 15:00:00+00:00,0.0,0.0,0.0,0.0
2025-06-15 16:00:00+00:00,0.0,0.0,0.0,0.0
2025-06-15 17:00:00+00:00,0.0,0.0,0.0,0.0
2025-06-15 18:00:00+00:00,0.0,0.0,0.0,0.0
2025-06-15 19:00:00+00:00,0.0,-0.012741,-3.083381311852595e-05,-5.0437544829248216e-05
2025-06-15 20:00:00+00:00,0.0,0.0,0.0,0.0
2025-06-15 21:00:00+00:00,0.0,0.0,0.0,0.0
2025-06-15 22:00:00+00:00,0.0,0.0,0.0,0.0
2025-06-15 23:00:00+00:00,0.0,0.0,0.0,0.0
2025-06-16 00:00:00+00:00,0.0,0.0,0.0,0.0
2025-06-16 01:00:00+00:00,0.0,0.002457,0.0,0.0
2025-06-16 02:00:00+00:00,0.0,0.0,0.0,0.0
2025-06-16 03:00:00+00:00,0.0,0.0,0.0,0.0
2025-06-16 04:00:00+00:00,0.0,0.0,3.057219178694726e-05,0.0
2025-06-16 05:00:00+00:00,0.0,0.0,0.0,0.0
2025-06-16 06:00:00+00:00,0.0,0.0,0.0,0.0
2025-06-16 07:00:00+00:00,0.0,0.0125849999999999,2.754291956327149e-05,9.258991440539544e-05
2025-06-16 08:00:00+00:00,0.0,0.0,0.0,0.0
2025-06-16 09:00:00+00:00,0.0,0.0,0.0,0.0
2025-06-16 10:00:00+00:00,0.0,0.0,-2.82816800949559e-05,0.0
2025-06-16 11:00:00+00:00,0.0,0.0,0.0,0.0
2025-06-16 12:00:00+00:00,0.0,0.0,0.0,0.0
2025-06-16 13:00:00+00:00,0.0,0.0,3.217808769611864e-05,0.0
2025-06-16 14:00:00+00:00,0.0,0.012575,0.0,3.3876032227896376e-05
2025-06-16 15:00:00+00:00,0.0,0.0,0.0,0.0
2025-06-16 16:00:00+00:00,0.0,0.0,0.0,0.0
2025-06-16 17:00:00+00:00,0.0,0.0,0.0,0.0
2025-06-16 18:00:00+00:00,0.0,0.0,4.691275100311754e-05,0.0
2025-06-16 19:00:00+00:00,0.0,0.012792,0.0,5.656979627802872e-05
2025-06-16 20:00:00+00:00,0.0,0.0,0.0,0.0
2025-06-16 21:00:00+00:00,0.0,0.0,0.0,0.0
2025-06-16 22:00:00+00:00,0.0,0.0,0.0,-6.480075677498864e-05
2025-06-16 23:00:00+00:00,0.0,0.0,0.0,0.0
2025-06-17 00:00:00+00:00,0.0,0.0,0.0,0.0
2025-06-17 01:00:00+00:00,0.0,0.0,0.0,0.0
2025-06-17 02:00:00+00:00,0.0,0.0,0.0,0.0
2025-06-17 03:00:00+00:00,0.0,0.0,0.0,0.0
2025-06-17 04:00:00+00:00,0.0,0.0,0.0,0.0
2025-06-17 05:00:00+00:00,0.0,0.0,0.0,0.0
2025-06-17 06:00:00+00:00,0.0,0.0,0.0,0.0
2025-06-17 07:00:00+00:00,0.0,0.0,0.0,0.0
2025-06-17 08:00:00+00:00,0.0,0.0,0.0,0.0
2025-06-17 09:00:00+00:00,0.0,0.0,0.0,0.0
2025-06-17 10:00:00+00:00,0.0,0.0,0.0,0.0
2025-06-17 11:00:00+00:00,0.0,0.0,0.0,0.0
2025-06-17 12:00:00+00:00,0.0,0.0,0.0,0.0
2025-06-17 13:00:00+00:00,0.0,0.0,0.0,-6.970100233106179e-05
2025-06-17 14:00:00+00:00,0.0,0.0,-3.629586327461131e-05,0.0
2025-06-17 15:00:00+00:00,0.0,0.0,0.0,0.0
2025-06-17 16:00:00+00:00,0.0,0.0,0.0,0.0
2025-06-17 17:00:00+00:00,0.0,0.0,0.0,0.0
2025-06-17 18:00:00+00:00,0.0,0.0,0.0,0.0
2025-06-17 19:00:00+00:00,0.0,0.0,0.0,8.643824640884756e-05
2025-06-17 20:00:00+00:00,0.0,0.0,0.0,0.0
2025-06-17 21:00:00+00:00,0.0,0.0,0.0,0.0
2025-06-17 22:00:00+00:00,0.0,0.0,0.0,0.0
2025-06-17 23:00:00+00:00,0.0,0.0,0.0,0.0
2025-06-18 00:00:00+00:00,0.0,0.0,0.0,0.0
2025-06-18 01:00:00+00:00,0.0,0.0,0.0,0.0
2025-06-18 02:00:00+00:00,0.0,0.0,0.0,0.0
2025-06-18 03:00:00+00:00,0.0,0.0,0.0,0.0
2025-06-18 04:00:00+00:00,0.0,0.0,0.0,0.0
2025-06-18 05:00:00+00:00,0.0,0.0,0.0,0.0
2025-06-18 06:00:00+00:00,0.0,0.0,0.0,-5.898215119406912e-05
2025-06-18 07:00:00+00:00,0.0,0.0,0.0,0.0
2025-06-18 08:00:00+00:00,0.0,0.0,0.0,0.0
2025-06-18 09:00:00+00:00,0.0,0.0,0.0,0.0
2025-06-18 10:00:00+00:00,0.0,0.0,0.0,0.0
2025-06-18 11:00:00+00:00,0.0,0.0,0.0,0.0
2025-06-18 12:00:00+00:00,0.0,0.0,0.0,0.0
2025-06-18 13:00:00+00:00,0.0,0.0,0.0,0.0
2025-06-18 14:00:00+00:00,0.0,0.0,0.0,0.0
2025-06-18 15:00:00+00:00,0.0,0.0,0.0,0.0
2025-06-18 16:00:00+00:00,0.0,0.0,0.0,0.0
2025-06-18 17:00:00+00:00,0.0,0.0,-4.5277735568458594e-05,0.0
2025-06-18 18:00:00+00:00,0.0,0.0,0.0,0.0
2025-06-18 19:00:00+00:00,0.0,0.0,0.0,0.0
2025-06-18 20:00:00+00:00,0.0,0.0,0.0,0.0
2025-06-18 21:00:00+00:00,0.0,0.0,0.0,0.0
2025-06-18 22:00:00+00:00,0.0,0.0,0.0,0.0
2025-06-18 23:00:00+00:00,0.0,0.0,0.0,0.0
2025-06-19 00:00:00+00:00,0.0,0.0,0.0,0.0
2025-06-19 01:00:00+00:00,0.0,0.0,0.0,0.0
2025-06-19 02:00:00+00:00,0.0,0.0,0.0,0.0
2025-06-19 03:00:00+00:00,0.0,0.0,0.0,0.0
2025-06-19 04:00:00+00:00,0.0,0.0,0.0,0.0
2025-06-19 05:00:00+00:00,0.0,0.0,0.0,0.0
2025-06-19 06:00:00+00:00,0.0,0.0,0.0,0.0
2025-06-19 07:00:00+00:00,0.0,0.0,0.0,0.0
2025-06-19 08:00:00+00:00,0.0,0.0,0.0,0.0
2025-06-19 09:00:00+00:00,0.0,0.0,0.0,0.0
2025-06-19 10:00:00+00:00,0.0,0.0,0.0,0.0
2025-06-19 11:00:00+00:00,0.0,0.0,0.0,0.0
2025-06-19 12:00:00+00:00,0.0,0.0,0.0,0.0
2025-06-19 13:00:00+00:00,0.0,0.0,0.0,-3.9014649755709776e-05
2025-06-19 14:00:00+00:00,0.0,0.0,0.0,0.0
2025-06-19 15:00:00+00:00,0.0,0.0,0.0,0.0
2025-06-19 16:00:00+00:00,0.0,0.0,-3.5940867059002224e-05,0.0
2025-06-19 17:00:00+00:00,0.0,0.0,0.0,0.0
2025-06-19 18:00:00+00:00,0.0,0.0,0.0,0.0
2025-06-19 19:00:00+00:00,0.0,0.0,0.0,0.0
2025-06-19 20:00:00+00:00,0.0,0.0,0.0,0.0
2025-06-19 21:00:00+00:00,0.0,0.0,0.0,0.0
2025-06-19 22:00:00+00:00,0.0,0.0,0.0,1.1293087625182672e-05
2025-06-19 23:00:00+00:00,0.0,0.0,0.0,0.0
2025-06-20 00:00:00+00:00,0.0,0.0,0.0,0.0
2025-06-20 01:00:00+00:00,0.0,0.0,0.0,0.0
2025-06-20 02:00:00+00:00,0.0,0.0,0.0,0.0
2025-06-20 03:00:00+00:00,0.0,0.0,0.0,0.0
2025-06-20 04:00:00+00:00,0.0,0.0,0.0,0.0
2025-06-20 05:00:00+00:00,0.0,0.0,0.0,0.0
2025-06-20 06:00:00+00:00,0.0,0.0,0.0,0.0
2025-06-20 07:00:00+00:00,0.0,0.0,0.0,0.0
2025-06-20 08:00:00+00:00,0.0,0.0,0.0,0.0
2025-06-20 09:00:00+00:00,0.0,0.0,0.0,0.0
2025-06-20 10:00:00+00:00,0.0,0.0,0.0,0.0
2025-06-20 11:00:00+00:00,0.0,0.0,0.0,0.0
2025-06-20 12:00:00+00:00,0.0,0.0,0.0,0.0
2025-06-20 13:00:00+00:00,0.0,0.0,0.0,0.0
2025-06-20 14:00:00+00:00,0.0,0.0,-4.726318678198948e-05,0.0
2025-06-20 15:00:00+00:00,0.0,0.0,0.0,0.0
2025-06-20 16:00:00+00:00,0.0,0.0,0.0,0.0
2025-06-20 17:00:00+00:00,0.0,0.0,0.0,0.0
2025-06-20 18:00:00+00:00,0.0,0.0,0.0,0.0
2025-06-20 19:00:00+00:00,0.0,0.0,0.0,0.0
2025-06-20 20:00:00+00:00,0.0,0.0,0.0,0.0
2025-06-20 21:00:00+00:00,0.0,0.0,0.0,0.0
2025-06-20 22:00:00+00:00,0.0,0.0,0.0,0.0
2025-06-20 23:00:00+00:00,0.0,0.0,0.0,0.0
2025-06-21 00:00:00+00:00,0.0,0.0,0.0,0.0
2025-06-21 01:00:00+00:00,0.0,0.0,0.0,0.0
2025-06-21 02:00:00+00:00,0.0,0.0,0.0,0.0
2025-06-21 03:00:00+00:00,0.0,0.0,0.0,0.0
2025-06-21 04:00:00+00:00,0.0,0.0,0.0,0.0
2025-06-21 05:00:00+00:00,0.0,0.0,0.0,0.0
2025-06-21 06:00:00+00:00,0.0,0.0,0.0,0.0
2025-06-21 07:00:00+00:00,0.0,0.0,0.0,0.0
2025-06-21 08:00:00+00:00,0.0,0.0,0.0,0.0
2025-06-21 09:00:00+00:00,0.0,0.0,0.0,0.0
2025-06-21 10:00:00+00:00,0.0,0.0,0.0,0.0
2025-06-21 11:00:00+00:00,0.0,0.0,0.0,0.0
2025-06-21 12:00:00+00:00,0.0,0.0,0.0,0.0
2025-06-21 13:00:00+00:00,0.0,0.0,0.0,0.0
2025-06-21 14:00:00+00:00,0.0,0.0,0.0,0.0
2025-06-21 15:00:00+00:00,0.0,0.0,0.0,0.0
2025-06-21 16:00:00+00:00,0.0,0.0,0.0,0.0
2025-06-21 17:00:00+00:00,0.0,0.0,0.0,0.0
2025-06-21 18:00:00+00:00,0.0,0.0,0.0,0.0
2025-06-21 19:00:00+00:00,0.0,0.0,0.0,0.0
2025-06-21 20:00:00+00:00,0.0,0.0,0.0,0.0
2025-06-21 21:00:00+00:00,0.0,0.0,0.0,0.0
2025-06-21 22:00:00+00:00,0.0,0.0,0.0,0.0
2025-06-21 23:00:00+00:00,0.0,0.0,0.0,0.0
2025-06-22 00:00:00+00:00,0.0,0.0,0.0,0.0
2025-06-22 01:00:00+00:00,0.0,0.0,0.0,0.0
2025-06-22 02:00:00+00:00,0.0,0.0,0.0,0.0
2025-06-22 03:00:00+00:00,0.0,0.0,0.0,0.0
2025-06-22 04:00:00+00:00,0.0,0.0,0.0,0.0
2025-06-22 05:00:00+00:00,0.0,0.0,0.0,0.0
2025-06-22 06:00:00+00:00,0.0,0.0,0.0,0.0
2025-06-22 07:00:00+00:00,0.0,0.0,0.0,0.0
2025-06-22 08:00:00+00:00,0.0,0.0,0.0,0.0
2025-06-22 09:00:00+00:00,0.0,0.0,0.0,0.0
2025-06-22 10:00:00+00:00,0.0,0.0,0.0,0.0
2025-06-22 11:00:00+00:00,0.0,0.0,0.0,0.0
2025-06-22 12:00:00+00:00,0.0,0.0,0.0,0.0
2025-06-22 13:00:00+00:00,0.0,0.0,0.0,0.0
2025-06-22 14:00:00+00:00,0.0,0.0,-0.0001359858905399,0.0
2025-06-22 15:00:00+00:00,0.0,0.0,0.0,0.0
2025-06-22 16:00:00+00:00,0.0,0.0,0.0,0.0
2025-06-22 17:00:00+00:00,0.0,0.0,0.0,0.0
2025-06-22 18:00:00+00:00,0.0,0.0,0.0,0.0
2025-06-22 19:00:00+00:00,0.0,0.0,0.0,0.0
2025-06-22 20:00:00+00:00,0.0,0.0,0.0,0.0
2025-06-22 21:00:00+00:00,0.0,0.0,0.0,0.0
2025-06-22 22:00:00+00:00,0.0,0.0,0.0,0.0
2025-06-22 23:00:00+00:00,0.0,0.0,0.0,0.0
2025-06-23 00:00:00+00:00,0.0,0.0,0.0,0.0
2025-06-23 01:00:00+00:00,0.0,0.0,0.0,0.0
2025-06-23 02:00:00+00:00,0.0,0.0,0.0,0.0
2025-06-23 03:00:00+00:00,0.0,0.0,0.0,0.0
2025-06-23 04:00:00+00:00,0.0,0.0,0.0,0.0
2025-06-23 05:00:00+00:00,0.0,0.0,0.0,2.5276064825422448e-05
2025-06-23 06:00:00+00:00,0.0,0.0,0.0,0.0
2025-06-23 07:00:00+00:00,0.0,0.0,0.0,0.0
2025-06-23 08:00:00+00:00,0.0,0.0,0.0,0.0
2025-06-23 09:00:00+00:00,0.0,0.0,0.0,0.0
2025-06-23 10:00:00+00:00,0.0,0.0,0.0,0.0
2025-06-23 11:00:00+00:00,0.0,0.0,0.0,0.0
2025-06-23 12:00:00+00:00,0.0,0.0,0.0,0.0
2025-06-23 13:00:00+00:00,0.0,0.0,0.0,3.474488831961887e-05
2025-06-23 14:00:00+00:00,0.0,0.0,-9.245391930409408e-05,0.0
2025-06-23 15:00:00+00:00,0.0,0.0,0.0,0.0
2025-06-23 16:00:00+00:00,0.0,0.0,0.0,0.0
2025-06-23 17:00:00+00:00,0.0,0.0,0.0,0.0
2025-06-23 18:00:00+00:00,0.0,0.0,0.0,0.0
2025-06-23 19:00:00+00:00,0.0,0.0,0.0,0.0
2025-06-23 20:00:00+00:00,0.0,0.0,0.0,0.0
2025-06-23 21:00:00+00:00,0.0,0.0,0.0,0.0
2025-06-23 22:00:00+00:00,0.0,0.0,0.0,0.0
2025-06-23 23:00:00+00:00,0.0,0.0,0.0,0.0
2025-06-24 00:00:00+00:00,0.0,0.0,0.0,0.0
2025-06-24 01:00:00+00:00,0.0,0.0,0.0,0.0
2025-06-24 02:00:00+00:00,0.0,0.0,0.0,0.0
2025-06-24 03:00:00+00:00,0.0,0.0,0.0,0.0
2025-06-24 04:00:00+00:00,0.0,0.0,0.0,0.0
2025-06-24 05:00:00+00:00,0.0,0.0,0.0,0.0
2025-06-24 06:00:00+00:00,0.0,0.0,0.0,0.0
2025-06-24 07:00:00+00:00,0.0,0.0,0.0,0.0
2025-06-24 08:00:00+00:00,0.0,0.0,0.0,0.0
2025-06-24 09:00:00+00:00,0.0,0.0,0.0,0.0
2025-06-24 10:00:00+00:00,0.0,0.0,0.0,0.0
2025-06-24 11:00:00+00:00,0.0,0.0,0.0,0.0
2025-06-24 12:00:00+00:00,0.0,0.0,0.0,0.0
2025-06-24 13:00:00+00:00,0.0,0.0,0.0,0.0
2025-06-24 14:00:00+00:00,0.0,0.0,0.0,0.0
2025-06-24 15:00:00+00:00,0.0,0.0,0.0,0.0
2025-06-24 16:00:00+00:00,0.0,0.0,7.413185153938408e-05,0.0
2025-06-24 17:00:00+00:00,0.0,0.0,0.0,0.0
2025-06-24 18:00:00+00:00,0.0,0.0,0.0,0.0
2025-06-24 19:00:00+00:00,0.0,0.0,0.0,0.0
2025-06-24 20:00:00+00:00,0.0,0.0,0.0,0.0
2025-06-24 21:00:00+00:00,0.0,0.0,0.0,0.0
2025-06-24 22:00:00+00:00,0.0,0.0,0.0,0.0
2025-06-24 23:00:00+00:00,0.0,0.0,0.0,0.0
2025-06-25 00:00:00+00:00,0.0,0.0,0.0,0.0
2025-06-25 01:00:00+00:00,0.0,0.0,0.0,0.0
2025-06-25 02:00:00+00:00,0.0,0.0,0.0,0.0
2025-06-25 03:00:00+00:00,0.0,0.0,0.0,0.0
2025-06-25 04:00:00+00:00,0.0,0.0,0.0,0.0
2025-06-25 05:00:00+00:00,0.0,0.0,0.0,0.0
2025-06-25 06:00:00+00:00,0.0,0.0,0.0,0.0
2025-06-25 07:00:00+00:00,0.0,0.0,0.0,0.0
2025-06-25 08:00:00+00:00,0.0,0.0,0.0,0.0
2025-06-25 09:00:00+00:00,0.0,0.0,0.0,0.0
2025-06-25 10:00:00+00:00,0.0,0.0,0.0,0.0
2025-06-25 11:00:00+00:00,0.0,0.0,0.0,0.0
2025-06-25 12:00:00+00:00,0.0,0.0,0.0,0.0
2025-06-25 13:00:00+00:00,0.0,0.0,0.0,5.914816307338923e-05
2025-06-25 14:00:00+00:00,0.0,0.0,-5.435422185830152e-05,0.0
2025-06-25 15:00:00+00:00,0.0,0.0,0.0,0.0
2025-06-25 16:00:00+00:00,0.0,0.0,0.0,0.0
2025-06-25 17:00:00+00:00,0.0,0.0,0.0,0.0
2025-06-25 18:00:00+00:00,0.0,0.0,0.0,0.0
2025-06-25 19:00:00+00:00,0.0,0.0,0.0,0.0
2025-06-25 20:00:00+00:00,0.0,0.0,0.0,0.0
2025-06-25 21:00:00+00:00,0.0,0.0,0.0,0.0
2025-06-25 22:00:00+00:00,0.0,0.0,0.0,0.0
2025-06-25 23:00:00+00:00,0.0,0.0,0.0,1.9205441566693136e-05
2025-06-26 00:00:00+00:00,0.0,0.0,0.0,0.0
2025-06-26 01:00:00+00:00,0.0,0.0,0.0,0.0
2025-06-26 02:00:00+00:00,0.0,0.0,0.0,0.0
2025-06-26 03:00:00+00:00,0.0,0.0,0.0,0.0
2025-06-26 04:00:00+00:00,0.0,0.0,0.0,0.0
2025-06-26 05:00:00+00:00,0.0,0.0,0.0,0.0
2025-06-26 06:00:00+00:00,0.0,0.0,0.0,0.0
2025-06-26 07:00:00+00:00,0.0,0.0,0.0,0.0
2025-06-26 08:00:00+00:00,0.0,0.0,0.0,0.0
2025-06-26 09:00:00+00:00,0.0,0.0,0.0,0.0
2025-06-26 10:00:00+00:00,0.0,0.0,0.0,0.0
2025-06-26 11:00:00+00:00,0.0,0.0,0.0,0.0
2025-06-26 12:00:00+00:00,0.0,0.0,0.0,-3.558250606835899e-05
2025-06-26 13:00:00+00:00,0.0,0.0,0.0,0.0
2025-06-26 14:00:00+00:00,0.0,0.0,6.445025481953583e-05,0.0
2025-06-26 15:00:00+00:00,0.0,0.0,0.0,0.0
2025-06-26 16:00:00+00:00,0.0,0.0,0.0,0.0
2025-06-26 17:00:00+00:00,0.0,0.0,0.0,0.0
2025-06-26 18:00:00+00:00,0.0,0.0,0.0,0.0
2025-06-26 19:00:00+00:00,0.0,0.0,0.0,0.0
2025-06-26 20:00:00+00:00,0.0,0.0,0.0,0.0
2025-06-26 21:00:00+00:00,0.0,0.0,0.0,0.0
2025-06-26 22:00:00+00:00,0.0,0.0,0.0,-5.132762950428526e-05
2025-06-26 23:00:00+00:00,0.0,0.0,0.0,0.0
2025-06-27 00:00:00+00:00,0.0,0.0,0.0,0.0
2025-06-27 01:00:00+00:00,0.0,0.0,0.0,0.0
2025-06-27 02:00:00+00:00,0.0,0.0,0.0,0.0
2025-06-27 03:00:00+00:00,0.0,0.0,0.0,0.0
2025-06-27 04:00:00+00:00,0.0,0.0,0.0,0.0
2025-06-27 05:00:00+00:00,0.0,0.0,-1.967607858298636e-05,0.0
2025-06-27 06:00:00+00:00,0.0,0.0,0.0,0.0
2025-06-27 07:00:00+00:00,0.0,0.0,0.0,0.0
2025-06-27 08:00:00+00:00,0.0,0.0,0.0,0.0
2025-06-27 09:00:00+00:00,0.0,0.0,-2.905960764133852e-05,0.0
2025-06-27 10:00:00+00:00,0.0,0.0,0.0,0.0
2025-06-27 11:00:00+00:00,0.0,0.0,0.0,0.0
2025-06-27 12:00:00+00:00,0.0,0.0,0.0,-3.320811788777188e-05
2025-06-27 13:00:00+00:00,0.0,0.0,0.0,0.0
2025-06-27 14:00:00+00:00,0.0,0.0,-3.928450672475492e-05,0.0
2025-06-27 15:00:00+00:00,0.0,0.0,0.0,0.0
2025-06-27 16:00:00+00:00,0.0,0.0,0.0,0.0
2025-06-27 17:00:00+00:00,0.0,0.0,0.0,0.0
2025-06-27 18:00:00+00:00,0.0,0.0,0.0,0.0
2025-06-27 19:00:00+00:00,0.0,0.0,0.0,0.0
2025-06-27 20:00:00+00:00,0.0,0.0,0.0,0.0
2025-06-27 21:00:00+00:00,0.0,0.0,0.0,0.0
2025-06-27 22:00:00+00:00,0.0,0.0,0.0,0.0
2025-06-27 23:00:00+00:00,0.0,0.0,0.0,-3.429076981499634e-05
2025-06-28 00:00:00+00:00,0.0,0.0,0.0,0.0
2025-06-28 01:00:00+00:00,0.0,0.0,0.0,0.0
2025-06-28 02:00:00+00:00,0.0,0.0,0.0,0.0
2025-06-28 03:00:00+00:00,0.0,0.0,0.0,0.0
2025-06-28 04:00:00+00:00,0.0,0.0,0.0,0.0
2025-06-28 05:00:00+00:00,0.0,0.0,0.0,0.0
2025-06-28 06:00:00+00:00,0.0,0.0,0.0,0.0
2025-06-28 07:00:00+00:00,0.0,0.0,0.0,0.0
2025-06-28 08:00:00+00:00,0.0,0.0,0.0,0.0
2025-06-28 09:00:00+00:00,0.0,0.0,0.0,0.0
2025-06-28 10:00:00+00:00,0.0,0.0,0.0,0.0
2025-06-28 11:00:00+00:00,0.0,0.0,0.0,0.0
2025-06-28 12:00:00+00:00,0.0,0.0,0.0,0.0
2025-06-28 13:00:00+00:00,0.0,0.0,0.0,0.0
2025-06-28 14:00:00+00:00,0.0,0.0,0.0,0.0
2025-06-28 15:00:00+00:00,0.0,0.0,2.790833354964107e-05,0.0
2025-06-28 16:00:00+00:00,0.0,0.0,0.0,0.0
2025-06-28 17:00:00+00:00,0.0,0.0,0.0,0.0
2025-06-28 18:00:00+00:00,0.0,0.0,0.0,0.0
2025-06-28 19:00:00+00:00,0.0,0.0,0.0,0.0
2025-06-28 20:00:00+00:00,0.0,0.0,0.0,0.0
2025-06-28 21:00:00+00:00,0.0,0.0,0.0,0.0
2025-06-28 22:00:00+00:00,0.0,0.0,0.0,0.0
2025-06-28 23:00:00+00:00,0.0,0.0,0.0,0.0
2025-06-29 00:00:00+00:00,0.0,0.0,0.0,0.0
2025-06-29 01:00:00+00:00,0.0,0.0,0.0,0.0
2025-06-29 02:00:00+00:00,0.0,0.0,0.0,0.0
2025-06-29 03:00:00+00:00,0.0,0.0,0.0,0.0
2025-06-29 04:00:00+00:00,0.0,0.0,0.0,0.0
2025-06-29 05:00:00+00:00,0.0,0.0,0.0,0.0
2025-06-29 06:00:00+00:00,0.0,0.0,0.0,0.0
2025-06-29 07:00:00+00:00,0.0,0.0,0.0,0.0
2025-06-29 08:00:00+00:00,0.0,0.0,0.0,8.494655720289189e-06
2025-06-29 09:00:00+00:00,0.0,0.0,0.0,0.0
2025-06-29 10:00:00+00:00,0.0,0.0,0.0,0.0
2025-06-29 11:00:00+00:00,0.0,0.0,0.0,0.0
2025-06-29 12:00:00+00:00,0.0,0.0,-2.785814537278885e-05,0.0
2025-06-29 13:00:00+00:00,0.0,0.0,0.0,0.0
2025-06-29 14:00:00+00:00,0.0,0.0,0.0,0.0
2025-06-29 15:00:00+00:00,0.0,0.0,-3.025742375408646e-05,0.0
2025-06-29 16:00:00+00:00,0.0,0.0,0.0,-5.973830654757871e-05
2025-06-29 17:00:00+00:00,0.0,0.0,0.0,0.0
2025-06-29 18:00:00+00:00,0.0,0.0,0.0,0.0
2025-06-29 19:00:00+00:00,0.0,0.0,0.0,0.0
2025-06-29 20:00:00+00:00,0.0,0.0,0.0,0.0
2025-06-29 21:00:00+00:00,0.0,0.0,0.0,0.0
2025-06-29 22:00:00+00:00,0.0,0.0,0.0,0.0
2025-06-29 23:00:00+00:00,0.0,0.0,0.0,0.0
2025-06-30 00:00:00+00:00,0.0,0.0,0.0,0.0
2025-06-30 01:00:00+00:00,0.0,0.0,0.0,0.0
2025-06-30 02:00:00+00:00,0.0,0.0,0.0,0.0
2025-06-30 03:00:00+00:00,0.0,0.0,0.0,0.0
2025-06-30 04:00:00+00:00,0.0,0.0,0.0,0.0
2025-06-30 05:00:00+00:00,0.0,0.0,0.0,0.0
2025-06-30 06:00:00+00:00,0.0,0.0,-2.9527592743722175e-05,-5.6866222584933673e-05
2025-06-30 07:00:00+00:00,0.0,0.0,0.0,0.0
2025-06-30 08:00:00+00:00,0.0,0.0,0.0,0.0
2025-06-30 09:00:00+00:00,0.0,0.0,0.0,0.0
2025-06-30 10:00:00+00:00,0.0,0.0,0.0,0.0
2025-06-30 11:00:00+00:00,0.0,0.0,3.0287262299432137e-05,2.2229809839545708e-05
2025-06-30 12:00:00+00:00,0.0,0.0,0.0,0.0
2025-06-30 13:00:00+00:00,0.0,0.0,0.0,0.0
2025-06-30 14:00:00+00:00,0.0,0.0,-2.749492143676812e-05,-5.198781144824304e-05
2025-06-30 15:00:00+00:00,0.0,0.0,0.0,0.0
2025-06-30 16:00:00+00:00,0.0,0.0,0.0,0.0
2025-06-30 17:00:00+00:00,0.0,0.0,0.0,0.0
2025-06-30 18:00:00+00:00,0.0,0.0,0.0,0.0
2025-06-30 19:00:00+00:00,0.0,0.0,0.0,0.0
2025-06-30 20:00:00+00:00,0.0,0.0,0.0,0.0
2025-06-30 21:00:00+00:00,0.0,0.0,-2.3233667252630088e-05,-6.87108024947225e-05
2025-06-30 22:00:00+00:00,0.0,0.0,0.0,0.0
2025-06-30 23:00:00+00:00,0.0,0.0,0.0,0.0
2025-07-01 00:00:00+00:00,0.0,0.0,0.0,0.0
2025-07-01 01:00:00+00:00,0.0,0.0,0.0,0.0
2025-07-01 02:00:00+00:00,0.0,0.0,0.0,0.0
2025-07-01 03:00:00+00:00,0.0,0.0,0.0,0.0
2025-07-01 04:00:00+00:00,0.0,0.0,0.0,0.0
2025-07-01 05:00:00+00:00,0.0,0.0,0.0,0.0
2025-07-01 06:00:00+00:00,0.0,0.0,0.0,0.0
2025-07-01 07:00:00+00:00,0.0,0.0,0.0,9.562025795119009e-06
2025-07-01 08:00:00+00:00,0.0,0.0,0.0,0.0
2025-07-01 09:00:00+00:00,0.0,0.0,0.0,0.0
2025-07-01 10:00:00+00:00,0.0,0.0,0.0,0.0
2025-07-01 11:00:00+00:00,0.0,0.0,0.0,0.0
2025-07-01 12:00:00+00:00,0.0,0.0,0.0,0.0
2025-07-01 13:00:00+00:00,0.0,0.0,0.0,0.0
2025-07-01 14:00:00+00:00,0.0,0.0,-3.73548410775204e-05,2.7349838605198472e-05
2025-07-01 15:00:00+00:00,0.0,0.0,0.0,0.0
2025-07-01 16:00:00+00:00,0.0,0.0,0.0,0.0
2025-07-01 17:00:00+00:00,0.0,0.0,0.0,0.0
2025-07-01 18:00:00+00:00,0.0,0.0,0.0,0.0
2025-07-01 19:00:00+00:00,0.0,0.0,0.0,-6.073406976603856e-05
2025-07-01 20:00:00+00:00,0.0,0.0,0.0,0.0
2025-07-01 21:00:00+00:00,0.0,0.0,0.0,0.0
2025-07-01 22:00:00+00:00,0.0,0.0,0.0,0.0
2025-07-01 23:00:00+00:00,0.0,0.0,0.0,0.0
2025-07-02 00:00:00+00:00,0.0,0.0,0.0,0.0
2025-07-02 01:00:00+00:00,0.0,0.0,0.0,0.0
2025-07-02 02:00:00+00:00,0.0,0.0,0.0,0.0
2025-07-02 03:00:00+00:00,0.0,0.0,0.0,0.0
2025-07-02 04:00:00+00:00,0.0,0.0,0.0,0.0
2025-07-02 05:00:00+00:00,0.0,0.0,0.0,0.0
2025-07-02 06:00:00+00:00,0.0,0.0,0.0,0.0
2025-07-02 07:00:00+00:00,0.0,0.0,0.0,0.0
2025-07-02 08:00:00+00:00,0.0,0.0,0.0,3.267389111631381e-05
2025-07-02 09:00:00+00:00,0.0,0.0,0.0,0.0
2025-07-02 10:00:00+00:00,0.0,0.0,0.0,0.0
2025-07-02 11:00:00+00:00,0.0,0.0,0.0,0.0
2025-07-02 12:00:00+00:00,0.0,0.0,0.0,0.0
2025-07-02 13:00:00+00:00,0.0,0.0,0.0,2.2843011989578395e-05
2025-07-02 14:00:00+00:00,0.0,0.0,0.0,0.0
2025-07-02 15:00:00+00:00,0.012531,0.0,0.0,0.0
2025-07-02 16:00:00+00:00,0.0,0.0,8.993671602569253e-05,0.0
2025-07-02 17:00:00+00:00,0.0,0.0,0.0,0.0
2025-07-02 18:00:00+00:00,0.0,0.0,0.0,0.0
2025-07-02 19:00:00+00:00,0.0,0.0,0.0,0.0
2025-07-02 20:00:00+00:00,0.0,0.0,0.0,0.0
2025-07-02 21:00:00+00:00,0.0,0.0,0.0,0.0
2025-07-02 22:00:00+00:00,0.0,0.0,0.0,0.0
2025-07-02 23:00:00+00:00,0.0,0.0,0.0,0.0
2025-07-03 00:00:00+00:00,0.0,0.0,0.0,-5.551743476233439e-05
2025-07-03 01:00:00+00:00,0.0,0.0,0.0,0.0
2025-07-03 02:00:00+00:00,0.0,0.0,0.0,0.0
2025-07-03 03:00:00+00:00,0.0,0.0,0.0,0.0
2025-07-03 04:00:00+00:00,0.0,0.0,0.0,0.0
2025-07-03 05:00:00+00:00,0.0,0.0,0.0,0.0
2025-07-03 06:00:00+00:00,0.0,0.0,0.0,0.0
2025-07-03 07:00:00+00:00,0.0,0.0,0.0,0.0
2025-07-03 08:00:00+00:00,0.0,0.0,0.0,0.0
2025-07-03 09:00:00+00:00,0.0,0.0,0.0,0.0
2025-07-03 10:00:00+00:00,0.0,0.0,0.0,0.0
2025-07-03 11:00:00+00:00,0.0,0.0,0.0,0.0
2025-07-03 12:00:00+00:00,0.0,0.0,0.0,0.0
2025-07-03 13:00:00+00:00,0.0,0.0,0.0,0.0
2025-07-03 14:00:00+00:00,0.0,0.0,0.0,0.0
2025-07-03 15:00:00+00:00,0.0,0.0,-7.330198285566024e-05,0.0
2025-07-03 16:00:00+00:00,0.0,0.0,0.0,0.0
2025-07-03 17:00:00+00:00,0.0,0.0,0.0,0.0
2025-07-03 18:00:00+00:00,0.0,0.0,0.0,0.0
2025-07-03 19:00:00+00:00,0.0,0.0,0.0,0.0
2025-07-03 20:00:00+00:00,0.0,0.0,0.0,0.0
2025-07-03 21:00:00+00:00,0.0,0.0,0.0,0.0
2025-07-03 22:00:00+00:00,0.0,0.0,0.0,0.0
2025-07-03 23:00:00+00:00,0.0,0.0,0.0,0.0
2025-07-04 00:00:00+00:00,0.0,0.0,0.0,0.0
2025-07-04 01:00:00+00:00,0.0,0.0,0.0,0.0
2025-07-04 02:00:00+00:00,0.0,0.0,0.0,0.0
2025-07-04 03:00:00+00:00,0.0,0.0,0.0,0.0
2025-07-04 04:00:00+00:00,0.0,0.0,0.0,0.0
2025-07-04 05:00:00+00:00,0.0,0.0,0.0,0.0
2025-07-04 06:00:00+00:00,0.0,0.0,0.0,0.0
2025-07-04 07:00:00+00:00,0.0,0.0,0.0,0.0
2025-07-04 08:00:00+00:00,0.0,0.0,0.0,0.0
2025-07-04 09:00:00+00:00,0.0,0.0,0.0,0.0
2025-07-04 10:00:00+00:00,0.0,0.0,0.0,0.0
2025-07-04 11:00:00+00:00,0.0,0.0,0.0,0.0
2025-07-04 12:00:00+00:00,0.0,0.0,0.0,0.0
2025-07-04 13:00:00+00:00,-0.012889,0.0,0.0,-3.810227022261414e-05
2025-07-04 14:00:00+00:00,0.0,0.0,-5.104233176126404e-05,0.0
2025-07-04 15:00:00+00:00,0.0,0.0,0.0,0.0
2025-07-04 16:00:00+00:00,0.0,0.0,0.0,0.0
2025-07-04 17:00:00+00:00,0.0,0.0,0.0,0.0
2025-07-04 18:00:00+00:00,0.0,0.0,0.0,0.0
2025-07-04 19:00:00+00:00,0.0,0.0,0.0,0.0
2025-07-04 20:00:00+00:00,0.0,0.0,0.0,0.0
2025-07-04 21:00:00+00:00,0.0,0.0,0.0,0.0
2025-07-04 22:00:00+00:00,0.0,0.0,0.0,3.6453923177702806e-05
2025-07-04 23:00:00+00:00,0.0,0.0,0.0,0.0
2025-07-05 00:00:00+00:00,0.0,0.0,0.0,0.0
2025-07-05 01:00:00+00:00,0.0,0.0,0.0,0.0
2025-07-05 02:00:00+00:00,0.0,0.0,0.0,0.0
2025-07-05 03:00:00+00:00,0.0,0.0,0.0,0.0
2025-07-05 04:00:00+00:00,0.0,0.0,0.0,0.0
2025-07-05 05:00:00+00:00,0.0,0.0,0.0,0.0
2025-07-05 06:00:00+00:00,0.0,0.0,0.0,0.0
2025-07-05 07:00:00+00:00,0.0,0.0,0.0,0.0
2025-07-05 08:00:00+00:00,0.0,0.0,0.0,0.0
2025-07-05 09:00:00+00:00,0.0,0.0,0.0,0.0
2025-07-05 10:00:00+00:00,0.0,0.0,0.0,0.0
2025-07-05 11:00:00+00:00,0.0,0.0,0.0,0.0
2025-07-05 12:00:00+00:00,0.0,0.0,0.0,0.0
2025-07-05 13:00:00+00:00,0.0,0.0,0.0,0.0
2025-07-05 14:00:00+00:00,0.0,0.0,0.0,0.0
2025-07-05 15:00:00+00:00,0.0,0.0,0.0,0.0
2025-07-05 16:00:00+00:00,0.0,0.0,0.0,0.0
2025-07-05 17:00:00+00:00,0.0,0.0,0.0,0.0
2025-07-05 18:00:00+00:00,0.0,0.0,0.0,0.0
2025-07-05 19:00:00+00:00,0.0,0.0,0.0,0.0
2025-07-05 20:00:00+00:00,0.0,0.0,0.0,0.0
2025-07-05 21:00:00+00:00,0.0,0.0,0.0,0.0
2025-07-05 22:00:00+00:00,0.0,0.0,0.0,0.0
2025-07-05 23:00:00+00:00,0.0,0.0,0.0,0.0
2025-07-06 00:00:00+00:00,0.0,0.0,0.0,0.0
2025-07-06 01:00:00+00:00,0.0,0.0,0.0,0.0
2025-07-06 02:00:00+00:00,0.0,0.0,0.0,0.0
2025-07-06 03:00:00+00:00,0.0,0.0,0.0,0.0
2025-07-06 04:00:00+00:00,0.0,0.0,0.0,0.0
2025-07-06 05:00:00+00:00,0.0,0.0,0.0,0.0
2025-07-06 06:00:00+00:00,0.0,0.0,0.0,0.0
2025-07-06 07:00:00+00:00,0.0,0.0,0.0,0.0
2025-07-06 08:00:00+00:00,0.0,0.0,0.0,0.0
2025-07-06 09:00:00+00:00,0.0,0.0,0.0,0.0
2025-07-06 10:00:00+00:00,0.0,0.0,0.0,0.0
2025-07-06 11:00:00+00:00,0.0,0.0,0.0,0.0
2025-07-06 12:00:00+00:00,0.0,0.0,0.0,0.0
2025-07-06 13:00:00+00:00,0.0124479999999999,0.0,0.0,0.0
2025-07-06 14:00:00+00:00,0.0,0.0,0.0,0.0
2025-07-06 15:00:00+00:00,0.0,0.0,0.0,0.0
2025-07-06 16:00:00+00:00,0.0,0.0,0.0,0.0
2025-07-06 17:00:00+00:00,0.0,0.0,0.0,0.0
2025-07-06 18:00:00+00:00,-0.01422,0.0,-5.2988017982907855e-05,0.0
2025-07-06 19:00:00+00:00,0.0,0.0,0.0,0.0
2025-07-06 20:00:00+00:00,0.0,0.0,0.0,0.0
2025-07-06 21:00:00+00:00,0.0,0.0,0.0,3.0091137282634025e-05
2025-07-06 22:00:00+00:00,0.0,0.0,0.0,0.0
2025-07-06 23:00:00+00:00,0.0,0.0,-2.4777705462655225e-05,0.0
2025-07-07 00:00:00+00:00,-0.013229,0.0,0.0,-4.3036200924801976e-05
2025-07-07 01:00:00+00:00,0.0,0.0,0.0,0.0
2025-07-07 02:00:00+00:00,0.0,0.0,0.0,0.0
2025-07-07 03:00:00+00:00,0.0,0.0,4.630892486483852e-05,0.0
2025-07-07 04:00:00+00:00,0.0,0.0,0.0,0.0
2025-07-07 05:00:00+00:00,0.0,0.0,0.0,0.0
2025-07-07 06:00:00+00:00,-0.013035,0.0,0.0,-6.276336420623529e-05
2025-07-07 07:00:00+00:00,0.0,0.0,0.0,0.0
2025-07-07 08:00:00+00:00,0.0,0.0,0.0,0.0
2025-07-07 09:00:00+00:00,0.0,0.0,0.0,0.0
2025-07-07 10:00:00+00:00,0.0,0.0,0.0,-3.502777224829944e-05
2025-07-07 11:00:00+00:00,0.0,0.0,0.0,0.0
2025-07-07 12:00:00+00:00,-0.0132319999999999,0.0,-2.864591425380091e-05,0.0
2025-07-07 13:00:00+00:00,0.0,0.0,0.0,0.0
2025-07-07 14:00:00+00:00,0.0,0.0,0.0,0.0
2025-07-07 15:00:00+00:00,0.0,0.0,0.0,0.0
2025-07-07 16:00:00+00:00,-0.012947,0.0,0.0,-4.745637275103131e-05
2025-07-07 17:00:00+00:00,0.0,0.0,0.0,0.0
2025-07-07 18:00:00+00:00,0.0,0.0,0.0,0.0
2025-07-07 19:00:00+00:00,0.0,0.0,0.0,0.0
2025-07-07 20:00:00+00:00,0.0,0.0,0.0,0.0
2025-07-07 21:00:00+00:00,0.0,0.0,0.0,0.0
2025-07-07 22:00:00+00:00,0.0,0.0,0.0,0.0
2025-07-07 23:00:00+00:00,0.0,0.0,0.0,0.0
2025-07-08 00:00:00+00:00,0.0,0.0,0.0,0.0
2025-07-08 01:00:00+00:00,0.002305,0.0,-2.530563391557105e-05,0.0
2025-07-08 02:00:00+00:00,0.0,0.0,0.0,-3.391401286355954e-05
2025-07-08 03:00:00+00:00,0.0,0.0,0.0,0.0
2025-07-08 04:00:00+00:00,0.0,0.0,0.0,0.0
2025-07-08 05:00:00+00:00,0.0,0.0,0.0,0.0
2025-07-08 06:00:00+00:00,0.0,0.0,3.352301987960994e-05,0.0
2025-07-08 07:00:00+00:00,0.0,0.0,0.0,0.0
2025-07-08 08:00:00+00:00,0.0,0.0,0.0,0.0
2025-07-08 09:00:00+00:00,0.0,0.0,0.0,0.0
2025-07-08 10:00:00+00:00,0.0,0.0,2.639076406610764e-05,2.129955484008296e-05
2025-07-08 11:00:00+00:00,0.01191,0.0,0.0,0.0
2025-07-08 12:00:00+00:00,0.0,0.0,0.0,0.0
2025-07-08 13:00:00+00:00,0.0,0.0,-2.1949148038640224e-05,-3.867795529273632e-05
2025-07-08 14:00:00+00:00,0.0,0.0,0.0,0.0
2025-07-08 15:00:00+00:00,0.0,0.0,0.0,0.0
2025-07-08 16:00:00+00:00,0.0,0.0,0.0,0.0
2025-07-08 17:00:00+00:00,0.0,0.0,0.0,2.4468799053462008e-05
2025-07-08 18:00:00+00:00,0.0,0.0,0.0,0.0
2025-07-08 19:00:00+00:00,0.0,0.0,0.0,0.0
2025-07-08 20:00:00+00:00,0.0,0.0,0.0,0.0
2025-07-08 21:00:00+00:00,0.0,0.0,0.0,0.0
2025-07-08 22:00:00+00:00,0.0,0.0,0.0,0.0
2025-07-08 23:00:00+00:00,0.0,0.0,0.0,0.0
2025-07-09 00:00:00+00:00,0.0,0.0,0.0,0.0
2025-07-09 01:00:00+00:00,0.0,0.0,3.259437539388067e-05,0.0
2025-07-09 02:00:00+00:00,0.0,0.0,0.0,0.0
2025-07-09 03:00:00+00:00,0.0,0.0,0.0,-4.635774246064316e-05
2025-07-09 04:00:00+00:00,0.0,0.0,0.0,0.0
2025-07-09 05:00:00+00:00,0.0,0.0,0.0,0.0
2025-07-09 06:00:00+00:00,0.0,0.0,0.0,0.0
2025-07-09 07:00:00+00:00,0.0,0.0,0.0,0.0
2025-07-09 08:00:00+00:00,0.0,0.0,0.0,0.0
2025-07-09 09:00:00+00:00,0.0,0.0,0.0,0.0
2025-07-09 10:00:00+00:00,0.0,0.0,0.0,0.0
2025-07-09 11:00:00+00:00,0.0,0.0,0.0,1.6511499229935344e-05
2025-07-09 12:00:00+00:00,0.0,0.0,2.3139374037418625e-05,0.0
2025-07-09 13:00:00+00:00,0.0,0.0,0.0,0.0
2025-07-09 14:00:00+00:00,0.0014449999999999,0.0,0.0,0.0
2025-07-09 15:00:00+00:00,0.0,0.0,0.0,0.0
2025-07-09 16:00:00+00:00,0.0,0.0,0.0,0.0
2025-07-09 17:00:00+00:00,0.0,0.0,0.0,0.0
2025-07-09 18:00:00+00:00,0.0,0.0,0.0,0.0
2025-07-09 19:00:00+00:00,0.012147,0.0,0.0001219473070273,6.041361371629584e-05
2025-07-09 20:00:00+00:00,0.0,0.0,0.0,0.0
2025-07-09 21:00:00+00:00,0.0,0.0,0.0,0.0
2025-07-09 22:00:00+00:00,0.0,0.0,0.0,0.0
2025-07-09 23:00:00+00:00,0.0,0.0,0.0,0.0
2025-07-10 00:00:00+00:00,0.0,0.0,0.0,0.0
2025-07-10 01:00:00+00:00,0.0,0.0,0.0,0.0
2025-07-10 02:00:00+00:00,0.0,0.0,0.0,0.0
2025-07-10 03:00:00+00:00,0.0,0.0,0.0,0.0
2025-07-10 04:00:00+00:00,0.0,0.0,0.0,0.0
2025-07-10 05:00:00+00:00,0.0,0.0,0.0,0.0
2025-07-10 06:00:00+00:00,0.0,0.0,0.0,0.0
2025-07-10 07:00:00+00:00,0.0,0.0,0.0,0.0
2025-07-10 08:00:00+00:00,0.0,0.0,0.0,0.0
2025-07-10 09:00:00+00:00,0.0,0.0,0.0,0.0
2025-07-10 10:00:00+00:00,0.0,0.0,0.0,0.0
2025-07-10 11:00:00+00:00,0.0,0.0,0.0,0.0
2025-07-10 12:00:00+00:00,0.0,0.0,0.0,0.0
2025-07-10 13:00:00+00:00,0.0,0.0,0.0,0.0
2025-07-10 14:00:00+00:00,0.0,0.0,0.0,0.0
2025-07-10 15:00:00+00:00,0.0,0.0,0.0,0.0
2025-07-10 16:00:00+00:00,0.0,0.0,6.310333275240667e-05,4.848266620192666e-05
2025-07-10 17:00:00+00:00,0.012713,0.0,0.0,0.0
2025-07-10 18:00:00+00:00,0.0,0.0,0.0,0.0
2025-07-10 19:00:00+00:00,0.0,0.0,0.0,0.0
2025-07-10 20:00:00+00:00,0.0,0.0,0.0,0.0
2025-07-10 21:00:00+00:00,0.0,0.0,0.0,0.0
2025-07-10 22:00:00+00:00,0.0,0.0,0.0,0.0
2025-07-10 23:00:00+00:00,0.0,0.0,0.0,0.0
2025-07-11 00:00:00+00:00,0.0,0.0,0.0,0.0
2025-07-11 01:00:00+00:00,0.0,0.0,0.0,0.0
2025-07-11 02:00:00+00:00,0.0,0.0,0.0,0.0
2025-07-11 03:00:00+00:00,0.0,0.0,0.0,0.0
2025-07-11 04:00:00+00:00,0.0,0.0,0.0,0.0
2025-07-11 05:00:00+00:00,0.0,0.0,0.0,0.0
2025-07-11 06:00:00+00:00,0.0,0.0,0.0,0.0
2025-07-11 07:00:00+00:00,0.0,0.0,0.0,0.0
2025-07-11 08:00:00+00:00,0.0,0.0,0.0,0.0
2025-07-11 09:00:00+00:00,0.0,0.0,0.0,0.0
2025-07-11 10:00:00+00:00,0.0,0.0,0.0,0.0
2025-07-11 11:00:00+00:00,0.0,0.0,0.0,0.0
2025-07-11 12:00:00+00:00,0.0,0.0,0.0,0.0
2025-07-11 13:00:00+00:00,0.0,0.0,0.0,0.0
2025-07-11 14:00:00+00:00,0.0,0.0,-4.880567692732373e-05,0.0
2025-07-11 15:00:00+00:00,0.0,0.0,0.0,0.0
2025-07-11 16:00:00+00:00,0.0,0.0,0.0,0.0
2025-07-11 17:00:00+00:00,0.0,0.0,0.0,0.0
2025-07-11 18:00:00+00:00,0.0,0.0,0.0,0.0
2025-07-11 19:00:00+00:00,0.0,0.0,0.0,0.0
2025-07-11 20:00:00+00:00,0.0,0.0,0.0,0.0
2025-07-11 21:00:00+00:00,0.0,0.0,0.0,0.0
2025-07-11 22:00:00+00:00,0.0,0.0,0.0,0.0
2025-07-11 23:00:00+00:00,0.0,0.0,0.0,0.0
2025-07-12 00:00:00+00:00,0.0,0.0,0.0,0.0
2025-07-12 01:00:00+00:00,0.0,0.0,0.0,0.0
2025-07-12 02:00:00+00:00,0.0,0.0,0.0,0.0
2025-07-12 03:00:00+00:00,0.0,0.0,0.0,0.0
2025-07-12 04:00:00+00:00,0.0,0.0,0.0,0.0
2025-07-12 05:00:00+00:00,0.0,0.0,0.0,0.0
2025-07-12 06:00:00+00:00,0.0,0.0,0.0,0.0
2025-07-12 07:00:00+00:00,0.0,0.0,0.0,0.0
2025-07-12 08:00:00+00:00,0.0,0.0,0.0,0.0
2025-07-12 09:00:00+00:00,0.0,0.0,0.0,0.0
2025-07-12 10:00:00+00:00,0.0,0.0,0.0,0.0
2025-07-12 11:00:00+00:00,0.0,0.0,0.0,0.0
2025-07-12 12:00:00+00:00,0.0,0.0,0.0,0.0
2025-07-12 13:00:00+00:00,0.0,0.0,0.0,0.0
2025-07-12 14:00:00+00:00,0.0,0.0,0.0,0.0
2025-07-12 15:00:00+00:00,0.0,0.0,0.0,0.0
2025-07-12 16:00:00+00:00,0.0,0.0,0.0,0.0
2025-07-12 17:00:00+00:00,0.0,0.0,0.0,0.0
2025-07-12 18:00:00+00:00,0.0,0.0,0.0,0.0
2025-07-12 19:00:00+00:00,0.0,0.0,0.0,0.0
2025-07-12 20:00:00+00:00,-0.012626,0.0,0.0,0.0
2025-07-12 21:00:00+00:00,0.0,0.0,0.0,0.0
2025-07-12 22:00:00+00:00,0.0,0.0,0.0,0.0
2025-07-12 23:00:00+00:00,0.0,0.0,0.0,0.0
2025-07-13 00:00:00+00:00,0.0,0.0,0.0,0.0
2025-07-13 01:00:00+00:00,0.0,0.0,0.0,0.0
2025-07-13 02:00:00+00:00,0.0,0.0,0.0,0.0
2025-07-13 03:00:00+00:00,0.0,0.0,0.0,0.0
2025-07-13 04:00:00+00:00,0.0,0.0,0.0,0.0
2025-07-13 05:00:00+00:00,0.0,0.0,0.0,0.0
2025-07-13 06:00:00+00:00,0.0,0.0,0.0,0.0
2025-07-13 07:00:00+00:00,0.0,0.0,0.0,0.0
2025-07-13 08:00:00+00:00,0.0,0.0,0.0,0.0
2025-07-13 09:00:00+00:00,0.0,0.0,-2.0626758650733596e-05,0.0
2025-07-13 10:00:00+00:00,0.0,0.0,0.0,0.0
2025-07-13 11:00:00+00:00,0.0,0.0,0.0,0.0
2025-07-13 12:00:00+00:00,0.0,0.0,0.0,1.550422076176062e-05
2025-07-13 13:00:00+00:00,0.0,0.0,0.0,0.0
2025-07-13 14:00:00+00:00,0.01163,0.0,0.0,0.0
2025-07-13 15:00:00+00:00,0.0,0.0,0.0,0.0
2025-07-13 16:00:00+00:00,0.0,0.0,0.0,0.0
2025-07-13 17:00:00+00:00,0.0,0.0,0.0,0.0
2025-07-13 18:00:00+00:00,0.0,0.0,0.0,0.0
2025-07-13 19:00:00+00:00,0.0,0.0,0.0,0.0
2025-07-13 20:00:00+00:00,0.0,0.0,0.0,0.0
2025-07-13 21:00:00+00:00,0.002176,0.0,-6.723716657640591e-06,0.0
2025-07-13 22:00:00+00:00,0.0,0.0,0.0,-3.0791139352416275e-05
2025-07-13 23:00:00+00:00,0.0,0.0,0.0,0.0
2025-07-14 00:00:00+00:00,0.0,0.0,0.0,0.0
2025-07-14 01:00:00+00:00,0.0,0.0,0.0,0.0
2025-07-14 02:00:00+00:00,0.0,0.0,0.0,2.354341347456158e-05
2025-07-14 03:00:00+00:00,0.0,0.0,0.0,0.0
2025-07-14 04:00:00+00:00,0.0,0.0,0.0,0.0
2025-07-14 05:00:00+00:00,0.0,0.0,0.0,7.704843492586489e-05
2025-07-14 06:00:00+00:00,0.0,0.0,0.0,0.0
2025-07-14 07:00:00+00:00,0.0,0.0,0.0,0.0
2025-07-14 08:00:00+00:00,0.0,0.0,0.0,0.0
2025-07-14 09:00:00+00:00,0.0,0.0,0.0,0.0
2025-07-14 10:00:00+00:00,0.0,0.0,0.0,0.0
2025-07-14 11:00:00+00:00,0.0,0.0,4.937876396767461e-05,0.0
2025-07-14 12:00:00+00:00,0.0,0.0,0.0,0.0
2025-07-14 13:00:00+00:00,0.0,0.0,0.0,0.0
2025-07-14 14:00:00+00:00,0.0,0.0,-4.82875318049436e-05,0.0
2025-07-14 15:00:00+00:00,0.0,0.0,0.0,0.0
2025-07-14 16:00:00+00:00,0.0,0.0,0.0,0.0
2025-07-14 17:00:00+00:00,0.0,0.0,0.0,0.0
2025-07-14 18:00:00+00:00,0.0,0.0,0.0,0.0
2025-07-14 19:00:00+00:00,0.0,0.0,0.0,0.0
2025-07-14 20:00:00+00:00,0.0,0.0,0.0,0.0
2025-07-14 21:00:00+00:00,0.0,0.0,0.0,0.0
2025-07-14 22:00:00+00:00,0.0,0.0,0.0,0.0
2025-07-14 23:00:00+00:00,0.0,0.0,0.0,0.0
2025-07-15 00:00:00+00:00,0.0,0.0,0.0,0.0
2025-07-15 01:00:00+00:00,-0.011513,0.0,0.0,0.0
2025-07-15 02:00:00+00:00,0.0,0.0,0.0,0.0
2025-07-15 03:00:00+00:00,0.0,0.0,0.0,0.0
2025-07-15 04:00:00+00:00,0.0,0.0,0.0,0.0
2025-07-15 05:00:00+00:00,0.0,0.0,0.0,0.0
2025-07-15 06:00:00+00:00,0.0,0.0,0.0,0.0
2025-07-15 07:00:00+00:00,0.0,0.0,0.0,0.0
2025-07-15 08:00:00+00:00,0.0,0.0,0.0,0.0
2025-07-15 09:00:00+00:00,0.0,0.0,0.0,0.0
2025-07-15 10:00:00+00:00,0.0,0.0,0.0,0.0
2025-07-15 11:00:00+00:00,0.0,0.0,0.0,0.0
2025-07-15 12:00:00+00:00,0.0,0.0,0.0,0.0
2025-07-15 13:00:00+00:00,0.0,0.0,0.0,0.0
2025-07-15 14:00:00+00:00,0.00357,0.0,0.0,0.0
2025-07-15 15:00:00+00:00,0.0,0.0,0.0,0.0
2025-07-15 16:00:00+00:00,0.0,0.0,0.0,0.0
2025-07-15 17:00:00+00:00,0.0,0.0,0.0,0.0
2025-07-15 18:00:00+00:00,0.0,0.0,0.0,0.0
2025-07-15 19:00:00+00:00,0.0,0.0,0.0,0.0
2025-07-15 20:00:00+00:00,0.0,0.0,0.0,0.0
2025-07-15 21:00:00+00:00,0.0,0.0,0.0,4.491370739935775e-05
2025-07-15 22:00:00+00:00,0.0,0.0,0.0,0.0
2025-07-15 23:00:00+00:00,0.0,0.0,0.0,0.0
2025-07-16 00:00:00+00:00,0.0,0.0,0.0,0.0
2025-07-16 01:00:00+00:00,0.0,0.0,0.0,0.0
2025-07-16 02:00:00+00:00,0.0,0.0,0.0,0.0
2025-07-16 03:00:00+00:00,0.0,0.0,0.0,0.0
2025-07-16 04:00:00+00:00,0.0,0.0,0.0,0.0
2025-07-16 05:00:00+00:00,0.0,0.0,0.0,0.0
2025-07-16 06:00:00+00:00,0.0,0.0,0.0,0.0
2025-07-16 07:00:00+00:00,0.0,0.0,0.0,0.0
2025-07-16 08:00:00+00:00,0.0,0.0,0.0,1.5769856395569945e-05
2025-07-16 09:00:00+00:00,0.0,0.0,0.0,0.0
2025-07-16 10:00:00+00:00,0.0,0.0,0.0,0.0
2025-07-16 11:00:00+00:00,0.0,0.0,0.0,0.0
2025-07-16 12:00:00+00:00,0.0,0.0,0.0,0.0
2025-07-16 13:00:00+00:00,-0.011707,0.0,0.0,0.0
2025-07-16 14:00:00+00:00,0.0,0.0,-4.112299653555306e-05,0.0
2025-07-16 15:00:00+00:00,0.0,0.0,0.0,0.0
2025-07-16 16:00:00+00:00,0.0,0.0,0.0,0.0
2025-07-16 17:00:00+00:00,0.0,0.0,0.0,0.0
2025-07-16 18:00:00+00:00,0.0,0.0,0.0,0.0
2025-07-16 19:00:00+00:00,0.0,0.0,-4.63285322533602e-05,0.0
2025-07-16 20:00:00+00:00,0.0,0.0,0.0,0.0
2025-07-16 21:00:00+00:00,0.0,0.0,0.0,0.0
2025-07-16 22:00:00+00:00,0.003406,0.0,0.0,-4.506393586926615e-05
2025-07-16 23:00:00+00:00,0.0,0.0,0.0,0.0
2025-07-17 00:00:00+00:00,0.0,0.0,0.0,0.0
2025-07-17 01:00:00+00:00,0.0,0.0,-4.825796738248899e-05,0.0
2025-07-17 02:00:00+00:00,0.0,0.0,0.0,0.0
2025-07-17 03:00:00+00:00,0.0,0.0,0.0,0.0
2025-07-17 04:00:00+00:00,0.0,0.0,0.0,0.0
2025-07-17 05:00:00+00:00,0.0,0.0,0.0,0.0
2025-07-17 06:00:00+00:00,0.0,0.0,0.0,0.0
2025-07-17 07:00:00+00:00,0.0,0.0,0.0,0.0
2025-07-17 08:00:00+00:00,0.0,0.0,0.0,0.0
2025-07-17 09:00:00+00:00,0.0,0.0,0.0,0.0
2025-07-17 10:00:00+00:00,0.0,0.0,0.0,0.0
2025-07-17 11:00:00+00:00,0.0,0.0,0.0,0.0
2025-07-17 12:00:00+00:00,0.0,0.0,0.0,0.0
2025-07-17 13:00:00+00:00,0.0,0.0,0.0,0.0
2025-07-17 14:00:00+00:00,0.0,0.0,0.0,0.0
2025-07-17 15:00:00+00:00,0.0,0.0,0.0,0.0
2025-07-17 16:00:00+00:00,0.0,0.0,0.0,0.0
2025-07-17 17:00:00+00:00,0.0,0.0,0.0,0.0
2025-07-17 18:00:00+00:00,0.0,0.0,0.0001073792392231,0.0
2025-07-17 19:00:00+00:00,0.0,0.0,0.0,0.0
2025-07-17 20:00:00+00:00,0.0,0.0,0.0,0.0
2025-07-17 21:00:00+00:00,0.0,0.0,0.0,0.0
2025-07-17 22:00:00+00:00,0.0,0.0,0.0,0.0
2025-07-17 23:00:00+00:00,0.0,0.0,0.0,0.0
2025-07-18 00:00:00+00:00,0.0,0.0,0.0,0.0
2025-07-18 01:00:00+00:00,0.0,0.0,0.0,0.0
2025-07-18 02:00:00+00:00,0.0,0.0,0.0,0.0
2025-07-18 03:00:00+00:00,0.0,0.0,0.0,0.0
2025-07-18 04:00:00+00:00,0.0,0.0,0.0,0.0
2025-07-18 05:00:00+00:00,0.0,0.0,0.0,0.0
2025-07-18 06:00:00+00:00,0.0,0.0,0.0,0.0
2025-07-18 07:00:00+00:00,0.0,0.0,0.0,0.0
2025-07-18 08:00:00+00:00,0.0,0.0,0.0,0.0
2025-07-18 09:00:00+00:00,0.0,0.0,0.0,0.0
2025-07-18 10:00:00+00:00,0.0,0.0,0.0,0.0
2025-07-18 11:00:00+00:00,0.0,0.0,0.0,0.0
2025-07-18 12:00:00+00:00,0.0,0.0,0.0,0.0
2025-07-18 13:00:00+00:00,0.0,0.0,0.0,0.0
2025-07-18 14:00:00+00:00,0.0,0.0,0.0,0.0
2025-07-18 15:00:00+00:00,0.0,0.0,0.0,0.0
2025-07-18 16:00:00+00:00,0.0,0.0,0.0,0.0
2025-07-18 17:00:00+00:00,0.0,0.0,0.0,0.0
2025-07-18 18:00:00+00:00,0.0,0.0,0.0,0.0
2025-07-18 19:00:00+00:00,0.0,0.0,0.0,0.0
2025-07-18 20:00:00+00:00,0.0,0.0,0.0,0.0
2025-07-18 21:00:00+00:00,0.0,0.0,0.0,0.0
2025-07-18 22:00:00+00:00,0.0,0.0,0.0,0.0
2025-07-18 23:00:00+00:00,0.0,0.0,0.0,0.0
2025-07-19 00:00:00+00:00,0.0,0.0,0.0,0.0
2025-07-19 01:00:00+00:00,0.0,0.0,0.0,0.0
2025-07-19 02:00:00+00:00,0.0,0.0,0.0,0.0
2025-07-19 03:00:00+00:00,0.0,0.0,0.0,0.0
2025-07-19 04:00:00+00:00,0.0,0.0,0.0,0.0
2025-07-19 05:00:00+00:00,0.0,0.0,0.0,0.0
2025-07-19 06:00:00+00:00,0.0,0.0,0.0,0.0
2025-07-19 07:00:00+00:00,0.0,0.0,0.0,0.0
2025-07-19 08:00:00+00:00,0.0,0.0,0.0,0.0
2025-07-19 09:00:00+00:00,0.0,0.0,0.0,0.0
2025-07-19 10:00:00+00:00,0.0,0.0,0.0,0.0
2025-07-19 11:00:00+00:00,0.0,0.0,0.0,0.0
2025-07-19 12:00:00+00:00,0.0,0.0,0.0,0.0
2025-07-19 13:00:00+00:00,0.0,0.0,0.0,0.0
2025-07-19 14:00:00+00:00,0.0,0.0,0.0,0.0
2025-07-19 15:00:00+00:00,0.0,0.0,0.0,0.0
2025-07-19 16:00:00+00:00,0.0,0.0,0.0,0.0
2025-07-19 17:00:00+00:00,0.0,0.0,0.0,0.0
2025-07-19 18:00:00+00:00,0.0,0.0,0.0,0.0
2025-07-19 19:00:00+00:00,0.0,0.0,0.0,0.0
2025-07-19 20:00:00+00:00,0.0,0.0,0.0,0.0
2025-07-19 21:00:00+00:00,0.0,0.0,0.0,0.0
2025-07-19 22:00:00+00:00,0.0,0.0,0.0,0.0
2025-07-19 23:00:00+00:00,0.0,0.0,0.0,0.0
2025-07-20 00:00:00+00:00,0.0,0.0,0.0,0.0
2025-07-20 01:00:00+00:00,0.0,0.0,0.0,0.0
2025-07-20 02:00:00+00:00,0.0,0.0,0.0,0.0
2025-07-20 03:00:00+00:00,0.0,0.0,0.0,0.0
2025-07-20 04:00:00+00:00,0.0,0.0,0.0,0.0
2025-07-20 05:00:00+00:00,0.0,0.0,0.0,0.0
2025-07-20 06:00:00+00:00,0.0,0.0,0.0,0.0
2025-07-20 07:00:00+00:00,0.0,0.0,0.0,0.0
2025-07-20 08:00:00+00:00,0.0,0.0,0.0,0.0
2025-07-20 09:00:00+00:00,0.0,0.0,0.0,0.0
2025-07-20 10:00:00+00:00,0.0,0.0,0.0,0.0
2025-07-20 11:00:00+00:00,0.0,0.0,4.942970123985599e-06,-3.591324975789511e-05
2025-07-20 12:00:00+00:00,0.0,0.0,0.0,0.0
2025-07-20 13:00:00+00:00,0.0,0.0,0.0,0.0
2025-07-20 14:00:00+00:00,0.0,0.0,0.0,0.0
2025-07-20 15:00:00+00:00,0.0,0.0,0.0,0.0
2025-07-20 16:00:00+00:00,0.0,0.0,0.0,2.4165601577811345e-05
2025-07-20 17:00:00+00:00,0.0,0.0,-2.423566732408843e-05,0.0
2025-07-20 18:00:00+00:00,0.0,0.0,0.0,0.0
2025-07-20 19:00:00+00:00,0.0,0.0,0.0,0.0
2025-07-20 20:00:00+00:00,0.001839,0.0,0.0,0.0
2025-07-20 21:00:00+00:00,0.0,0.0,0.0,-5.354445805525576e-05
2025-07-20 22:00:00+00:00,0.0,0.0,0.0,0.0
2025-07-20 23:00:00+00:00,0.0,0.0,0.0,0.0
2025-07-21 00:00:00+00:00,-0.01248,0.0,0.0,-7.150064059969318e-05
2025-07-21 01:00:00+00:00,0.0,0.0,0.0,0.0
2025-07-21 02:00:00+00:00,0.0,0.0,0.0,0.0
2025-07-21 03:00:00+00:00,0.0,0.0,0.0,0.0
2025-07-21 04:00:00+00:00,0.0,0.0,0.0,0.0
2025-07-21 05:00:00+00:00,0.0,0.0,0.0,0.0
2025-07-21 06:00:00+00:00,0.0,0.0,5.118247694334444e-05,3.8945981554677775e-05
2025-07-21 07:00:00+00:00,0.0,0.0,0.0,0.0
2025-07-21 08:00:00+00:00,0.0,0.0,0.0,0.0
2025-07-21 09:00:00+00:00,0.0,0.0,-3.710120913151593e-05,0.0
2025-07-21 10:00:00+00:00,-0.0122069999999999,0.0,0.0,0.0
2025-07-21 11:00:00+00:00,0.0,0.0,0.0,-7.504290191563733e-05
2025-07-21 12:00:00+00:00,0.0,0.0,0.0,0.0
2025-07-21 13:00:00+00:00,0.0,0.0,0.0,0.0
2025-07-21 14:00:00+00:00,0.0,0.0,8.249245596919087e-05,0.0
2025-07-21 15:00:00+00:00,0.0,0.0,0.0,0.0
2025-07-21 16:00:00+00:00,-0.011893,0.0,0.0,0.0
2025-07-21 17:00:00+00:00,0.0,0.0,0.0,-0.0001323639699076
2025-07-21 18:00:00+00:00,0.0,0.0,0.0,0.0
2025-07-21 19:00:00+00:00,0.0,0.0,0.0,0.0
2025-07-21 20:00:00+00:00,0.0,0.0,0.0,0.0
2025-07-21 21:00:00+00:00,0.0,0.0,0.0,0.0
2025-07-21 22:00:00+00:00,0.0,0.0,0.0,0.0
2025-07-21 23:00:00+00:00,0.0,0.0,0.0,0.0
2025-07-22 00:00:00+00:00,0.0,0.0,0.0,0.0
2025-07-22 01:00:00+00:00,0.0,0.0,0.0,0.0
2025-07-22 02:00:00+00:00,0.0,0.0,0.0,0.0
2025-07-22 03:00:00+00:00,0.0,0.0,0.0,0.0
2025-07-22 04:00:00+00:00,0.0,0.0,0.0,0.0
2025-07-22 05:00:00+00:00,0.0,0.0,0.0,0.0
2025-07-22 06:00:00+00:00,0.0,0.0,0.0,0.0
2025-07-22 07:00:00+00:00,0.0,0.0,0.0,0.0
2025-07-22 08:00:00+00:00,0.0,0.0,0.0,0.0
2025-07-22 09:00:00+00:00,0.0,0.0,0.0,0.0
2025-07-22 10:00:00+00:00,0.0,0.0,0.0,0.0
2025-07-22 11:00:00+00:00,0.0,0.0,0.0,0.0
2025-07-22 12:00:00+00:00,0.0,0.0,0.0,0.0
2025-07-22 13:00:00+00:00,0.0,0.0,0.0,0.0
2025-07-22 14:00:00+00:00,0.0,0.0,0.0,0.0
2025-07-22 15:00:00+00:00,0.0,0.0,0.0,0.0
2025-07-22 16:00:00+00:00,0.0,0.0,0.0,0.0
2025-07-22 17:00:00+00:00,0.0,0.0,0.0,0.0
2025-07-22 18:00:00+00:00,0.0,0.0,0.0,0.0
2025-07-22 19:00:00+00:00,0.0,0.0,0.0,0.0
2025-07-22 20:00:00+00:00,0.0,0.0,0.0,0.0
2025-07-22 21:00:00+00:00,0.0,0.0,0.0,0.0
2025-07-22 22:00:00+00:00,0.0,0.0,0.0,0.0
2025-07-22 23:00:00+00:00,0.0,0.0,0.0,0.0
2025-07-23 00:00:00+00:00,0.0,0.0,0.0,0.0
2025-07-23 01:00:00+00:00,0.0,0.0,0.0,0.0
2025-07-23 02:00:00+00:00,0.0,0.0,0.0,0.0
2025-07-23 03:00:00+00:00,0.0,0.0,0.0,0.0
2025-07-23 04:00:00+00:00,0.0,0.0,0.0,0.0
2025-07-23 05:00:00+00:00,0.0,0.0,0.0,0.0
2025-07-23 06:00:00+00:00,0.0,0.0,0.0,0.0
2025-07-23 07:00:00+00:00,0.0,0.0,0.0,0.0
2025-07-23 08:00:00+00:00,0.0,0.0,0.0,0.0
2025-07-23 09:00:00+00:00,0.0,0.0,0.0,0.0
2025-07-23 10:00:00+00:00,0.0,0.0,0.0,0.0
2025-07-23 11:00:00+00:00,0.0,0.0,0.0,0.0
2025-07-23 12:00:00+00:00,0.0,0.0,0.0,0.0
2025-07-23 13:00:00+00:00,-0.012057,0.0,0.0,0.0
2025-07-23 14:00:00+00:00,0.0,0.0,0.0,0.0
2025-07-23 15:00:00+00:00,0.0,0.0,0.0001011619520087,0.0
2025-07-23 16:00:00+00:00,0.0,0.0,0.0,0.0
2025-07-23 17:00:00+00:00,0.0,0.0,0.0,0.0
2025-07-23 18:00:00+00:00,0.0,0.0,0.0,0.0
2025-07-23 19:00:00+00:00,0.0,0.0,0.0,0.0
2025-07-23 20:00:00+00:00,0.003251,0.0,0.0,0.0
2025-07-23 21:00:00+00:00,0.0,0.0,0.0,0.0
2025-07-23 22:00:00+00:00,0.0,0.0,0.0,2.0793962251509656e-05
2025-07-23 23:00:00+00:00,0.0,0.0,0.0,0.0
2025-07-24 00:00:00+00:00,0.0,0.0,0.0,0.0
2025-07-24 01:00:00+00:00,0.0,0.0,0.0,0.0
2025-07-24 02:00:00+00:00,0.0,0.0,0.0,0.0
2025-07-24 03:00:00+00:00,0.0,0.0,0.0,0.0
2025-07-24 04:00:00+00:00,0.0,0.0,0.0,0.0
2025-07-24 05:00:00+00:00,0.0,0.0,0.0,0.0
2025-07-24 06:00:00+00:00,0.0,0.0,0.0,0.0
2025-07-24 07:00:00+00:00,0.0,0.0,0.0,0.0
2025-07-24 08:00:00+00:00,0.0,0.0,0.0,0.0
2025-07-24 09:00:00+00:00,0.0,0.0,0.0,0.0
2025-07-24 10:00:00+00:00,0.0,0.0,0.0,0.0
2025-07-24 11:00:00+00:00,0.0,0.0,0.0,0.0
2025-07-24 12:00:00+00:00,0.0,0.0,0.0,0.0
2025-07-24 13:00:00+00:00,0.0,0.0,0.0,0.0
2025-07-24 14:00:00+00:00,0.0,0.0,5.439238999258023e-05,0.0
2025-07-24 15:00:00+00:00,0.0,0.0,0.0,0.0
2025-07-24 16:00:00+00:00,0.0,0.0,0.0,0.0
2025-07-24 17:00:00+00:00,0.0,0.0,0.0,0.0
2025-07-24 18:00:00+00:00,0.0,0.0,0.0,0.0
2025-07-24 19:00:00+00:00,0.0,0.0,0.0,0.0
2025-07-24 20:00:00+00:00,0.0,0.0,0.0,0.0
2025-07-24 21:00:00+00:00,0.0,0.0,0.0,0.0
2025-07-24 22:00:00+00:00,0.0,0.0,0.0,0.0
2025-07-24 23:00:00+00:00,0.0,0.0,0.0,0.0
2025-07-25 00:00:00+00:00,0.0,0.0,0.0,0.0
2025-07-25 01:00:00+00:00,0.0,0.0,0.0,0.0
2025-07-25 02:00:00+00:00,0.0,0.0,0.0,0.0
2025-07-25 03:00:00+00:00,0.0,0.0,0.0,0.0
2025-07-25 04:00:00+00:00,0.0,0.0,0.0,0.0
2025-07-25 05:00:00+00:00,0.0,0.0,0.0,0.0
2025-07-25 06:00:00+00:00,0.0,0.0,0.0,0.0
2025-07-25 07:00:00+00:00,0.0,0.0,0.0,0.0
2025-07-25 08:00:00+00:00,0.0,0.0,0.0,0.0
2025-07-25 09:00:00+00:00,0.0,0.0,0.0,0.0
2025-07-25 10:00:00+00:00,0.0,0.0,0.0,0.0
2025-07-25 11:00:00+00:00,0.013364,0.0,0.0,0.0
2025-07-25 12:00:00+00:00,0.0,0.0,0.0,0.0
2025-07-25 13:00:00+00:00,0.0,0.0,0.0,0.0
2025-07-25 14:00:00+00:00,0.0,0.0,-5.45398049687884e-05,0.0
2025-07-25 15:00:00+00:00,0.0,0.0,0.0,0.0
2025-07-25 16:00:00+00:00,0.0,0.0,0.0,0.0
2025-07-25 17:00:00+00:00,0.0,0.0,0.0,0.0
2025-07-25 18:00:00+00:00,0.0,0.0,0.0,0.0
2025-07-25 19:00:00+00:00,0.0,0.0,0.0,0.0
2025-07-25 20:00:00+00:00,0.013532,0.0,0.0,0.0
2025-07-25 21:00:00+00:00,0.0,0.0,0.0,0.0
2025-07-25 22:00:00+00:00,0.0,0.0,0.0,0.0
2025-07-25 23:00:00+00:00,0.0,0.0,0.0,0.0
2025-07-26 00:00:00+00:00,0.0,0.0,0.0,0.0
2025-07-26 01:00:00+00:00,0.0,0.0,0.0,0.0
2025-07-26 02:00:00+00:00,0.0,0.0,0.0,0.0
2025-07-26 03:00:00+00:00,0.0,0.0,0.0,0.0
2025-07-26 04:00:00+00:00,0.0,0.0,0.0,0.0
2025-07-26 05:00:00+00:00,0.0,0.0,0.0,0.0
2025-07-26 06:00:00+00:00,0.0,0.0,0.0,0.0
2025-07-26 07:00:00+00:00,0.0,0.0,0.0,0.0
2025-07-26 08:00:00+00:00,0.0,0.0,0.0,0.0
2025-07-26 09:00:00+00:00,0.0,0.0,0.0,0.0
2025-07-26 10:00:00+00:00,0.0,0.0,0.0,0.0
2025-07-26 11:00:00+00:00,0.0,0.0,0.0,0.0
2025-07-26 12:00:00+00:00,0.0,0.0,0.0,0.0
2025-07-26 13:00:00+00:00,0.0,0.0,0.0,0.0
2025-07-26 14:00:00+00:00,0.0,0.0,0.0,0.0
2025-07-26 15:00:00+00:00,0.0,0.0,0.0,0.0
2025-07-26 16:00:00+00:00,0.0,0.0,0.0,0.0
2025-07-26 17:00:00+00:00,0.0,0.0,0.0,0.0
2025-07-26 18:00:00+00:00,0.0,0.0,0.0,0.0
2025-07-26 19:00:00+00:00,0.0,0.0,0.0,0.0
2025-07-26 20:00:00+00:00,0.0,0.0,0.0,0.0
2025-07-26 21:00:00+00:00,0.0,0.0,0.0,0.0
2025-07-26 22:00:00+00:00,0.0,0.0,0.0,0.0
2025-07-26 23:00:00+00:00,0.0,0.0,0.0,0.0
2025-07-27 00:00:00+00:00,0.0,0.0,0.0,0.0
2025-07-27 01:00:00+00:00,0.0,0.0,0.0,0.0
2025-07-27 02:00:00+00:00,0.0,0.0,0.0,0.0
2025-07-27 03:00:00+00:00,0.0,0.0,0.0,0.0
2025-07-27 04:00:00+00:00,0.0,0.0,0.0,0.0
2025-07-27 05:00:00+00:00,0.0,0.0,0.0,0.0
2025-07-27 06:00:00+00:00,0.0,0.0,0.0,0.0
2025-07-27 07:00:00+00:00,0.0,0.0,0.0,0.0
2025-07-27 08:00:00+00:00,0.0,0.0,0.0,0.0
2025-07-27 09:00:00+00:00,0.0,0.0,0.0,0.0
2025-07-27 10:00:00+00:00,0.0,0.0,0.0,0.0
2025-07-27 11:00:00+00:00,0.0,0.0,0.0,0.0
2025-07-27 12:00:00+00:00,0.0,0.0,0.0,0.0
2025-07-27 13:00:00+00:00,0.0,0.0,0.0,0.0
2025-07-27 14:00:00+00:00,0.0,0.0,6.71672363553478e-06,3.373378908427824e-06
2025-07-27 15:00:00+00:00,0.0,0.0,0.0,0.0
2025-07-27 16:00:00+00:00,0.0,0.0,0.0,0.0
2025-07-27 17:00:00+00:00,0.0,0.0,0.0,0.0
2025-07-27 18:00:00+00:00,0.0,0.0,0.0,0.0
2025-07-27 19:00:00+00:00,0.0,0.0,0.0,0.0
2025-07-27 20:00:00+00:00,0.0,0.0,0.0,0.0
2025-07-27 21:00:00+00:00,0.0,0.0,0.0,0.0
2025-07-27 22:00:00+00:00,0.0,0.0,0.0,0.0
2025-07-27 23:00:00+00:00,0.0,0.0,0.0,0.0
2025-07-28 00:00:00+00:00,0.0,0.0,0.0,2.282261088105706e-06
2025-07-28 01:00:00+00:00,0.0,0.0,0.0,0.0
2025-07-28 02:00:00+00:00,0.0,0.0,0.0,0.0
2025-07-28 03:00:00+00:00,0.0,0.0,0.0,0.0
2025-07-28 04:00:00+00:00,0.0,0.0,0.0,0.0
2025-07-28 05:00:00+00:00,0.0,0.0,0.0,0.0
2025-07-28 06:00:00+00:00,0.0,0.0,0.0,0.0
2025-07-28 07:00:00+00:00,0.0,0.0,-3.3660077197695806e-05,-2.6073937433203067e-05
2025-07-28 08:00:00+00:00,0.0,0.0,0.0,0.0
2025-07-28 09:00:00+00:00,0.0,0.0,0.0,0.0
2025-07-28 10:00:00+00:00,0.0,0.0,0.0,0.0
2025-07-28 11:00:00+00:00,0.0,0.0,0.0,0.0
2025-07-28 12:00:00+00:00,0.0,0.0,0.0,0.0
2025-07-28 13:00:00+00:00,0.0,0.0,0.0,-4.128404637829707e-05
2025-07-28 14:00:00+00:00,0.0,0.0,-4.5948477296956496e-05,0.0
2025-07-28 15:00:00+00:00,0.0,0.0,0.0,0.0
2025-07-28 16:00:00+00:00,0.0,0.0,0.0,0.0
2025-07-28 17:00:00+00:00,0.0,0.0,0.0,0.0
2025-07-28 18:00:00+00:00,0.0,0.0,0.0,0.0
2025-07-28 19:00:00+00:00,0.0,0.0,0.0,0.0
2025-07-28 20:00:00+00:00,0.0,0.0,0.0,0.0
2025-07-28 21:00:00+00:00,0.0,0.0,0.0,3.369664048601951e-05
2025-07-28 22:00:00+00:00,0.0,0.0,0.0,0.0
2025-07-28 23:00:00+00:00,0.0,0.0,0.0,0.0
2025-07-29 00:00:00+00:00,0.0,0.0,0.0,-4.636011896090086e-05
2025-07-29 01:00:00+00:00,0.0,0.0,0.0,0.0
2025-07-29 02:00:00+00:00,0.0,0.0,-3.0100758944067154e-05,0.0
2025-07-29 03:00:00+00:00,0.0,0.0,0.0,0.0
2025-07-29 04:00:00+00:00,0.0,0.0,0.0,0.0
2025-07-29 05:00:00+00:00,0.0,0.0,0.0,0.0
2025-07-29 06:00:00+00:00,0.0,0.0,0.0,0.0
2025-07-29 07:00:00+00:00,0.0,0.0,3.8508895301118125e-05,0.0
2025-07-29 08:00:00+00:00,0.0,0.0,0.0,0.0
2025-07-29 09:00:00+00:00,0.0,0.0,0.0,0.0
2025-07-29 10:00:00+00:00,0.0,0.0,0.0,0.0
2025-07-29 11:00:00+00:00,0.0,0.0,0.0,-2.452197346268669e-05
2025-07-29 12:00:00+00:00,0.0,0.0,0.0,0.0
2025-07-29 13:00:00+00:00,0.0,0.0,0.0,0.0
2025-07-29 14:00:00+00:00,0.0,0.0,-3.231322012124171e-05,-6.083708849180191e-05
2025-07-29 15:00:00+00:00,0.0,0.0,0.0,0.0
2025-07-29 16:00:00+00:00,0.0,0.0,0.0,0.0
2025-07-29 17:00:00+00:00,0.0,0.0,0.0,0.0
2025-07-29 18:00:00+00:00,0.0,0.0,0.0,0.0
2025-07-29 19:00:00+00:00,0.0,0.0,0.0,0.0
2025-07-29 20:00:00+00:00,0.0,0.0,0.0,0.0
2025-07-29 21:00:00+00:00,0.0,0.0,0.0,0.0
2025-07-29 22:00:00+00:00,0.0,0.0,0.0,0.0
2025-07-29 23:00:00+00:00,0.0,0.0,0.0,0.0
2025-07-30 00:00:00+00:00,0.0,0.0,0.0,0.0
2025-07-30 01:00:00+00:00,0.0,0.0,0.0,0.0
2025-07-30 02:00:00+00:00,0.0,0.0,0.0,0.0
2025-07-30 03:00:00+00:00,0.0,0.0,0.0,0.0
2025-07-30 04:00:00+00:00,0.0,0.0,0.0,0.0
2025-07-30 05:00:00+00:00,0.0,0.0,0.0,0.0
2025-07-30 06:00:00+00:00,0.0,0.0,0.0,0.0
2025-07-30 07:00:00+00:00,0.0,0.0,0.0,0.0
2025-07-30 08:00:00+00:00,0.0,0.0,0.0,0.0
2025-07-30 09:00:00+00:00,0.0,0.0,0.0,0.0
2025-07-30 10:00:00+00:00,0.0,0.0,0.0,0.0
2025-07-30 11:00:00+00:00,0.0,0.0,0.0,-5.488673715396407e-05
2025-07-30 12:00:00+00:00,0.0,0.0,0.0,0.0
2025-07-30 13:00:00+00:00,0.0,0.0,0.0,0.0
2025-07-30 14:00:00+00:00,0.0,0.0,0.0,3.8170995920231445e-05
2025-07-30 15:00:00+00:00,0.0,0.0,0.0,0.0
2025-07-30 16:00:00+00:00,0.0,0.0,0.0,0.0
2025-07-30 17:00:00+00:00,0.0,0.0,0.0,0.0
2025-07-30 18:00:00+00:00,0.0,0.0,-4.508930388580578e-05,0.0
2025-07-30 19:00:00+00:00,0.0,0.0,0.0,0.0
2025-07-30 20:00:00+00:00,0.0,0.0,0.0,0.0
2025-07-30 21:00:00+00:00,0.0,0.0,0.0,0.0
2025-07-30 22:00:00+00:00,0.0,0.0,0.0,0.0
2025-07-30 23:00:00+00:00,0.0,0.0,0.0,0.0
2025-07-31 00:00:00+00:00,0.0,0.0,0.0,0.0
2025-07-31 01:00:00+00:00,0.0,0.0,0.0,0.0
2025-07-31 02:00:00+00:00,0.0,0.0,0.0,0.0
2025-07-31 03:00:00+00:00,0.0,0.0,0.0,0.0
2025-07-31 04:00:00+00:00,0.0,0.0,0.0,0.0
2025-07-31 05:00:00+00:00,0.0,0.0,0.0,0.0
2025-07-31 06:00:00+00:00,0.0,0.0,0.0,0.0
2025-07-31 07:00:00+00:00,0.0,0.0,0.0,0.0
2025-07-31 08:00:00+00:00,0.0,0.0,0.0,0.0
2025-07-31 09:00:00+00:00,0.0,0.0,0.0,0.0
2025-07-31 10:00:00+00:00,0.0,0.0,0.0,0.0
2025-07-31 11:00:00+00:00,0.0,0.0,0.0,0.0
2025-07-31 12:00:00+00:00,0.0,0.0,0.0,0.0
2025-07-31 13:00:00+00:00,0.0,0.0,0.0,0.0
2025-07-31 14:00:00+00:00,0.0,0.0,0.0,0.0
2025-07-31 15:00:00+00:00,0.0,0.0,0.0,0.0
2025-07-31 16:00:00+00:00,0.0,0.0,0.0,0.0
2025-07-31 17:00:00+00:00,0.0,0.0,0.0,0.0
2025-07-31 18:00:00+00:00,0.0,0.0,0.0,0.0
2025-07-31 19:00:00+00:00,0.0,0.0,0.0,0.0
2025-07-31 20:00:00+00:00,0.0,0.0,0.0,0.0
2025-07-31 21:00:00+00:00,0.0,0.0,0.0,0.0
2025-07-31 22:00:00+00:00,0.0,0.0,0.0,0.0
2025-07-31 23:00:00+00:00,0.0,0.0,0.0,0.0
2025-08-01 00:00:00+00:00,0.0,0.0,0.0,0.0
2025-08-01 01:00:00+00:00,0.0,0.0,0.0,0.0
2025-08-01 02:00:00+00:00,0.0,0.0,0.0,0.0
2025-08-01 03:00:00+00:00,0.0,0.0,0.0,0.0
2025-08-01 04:00:00+00:00,0.0,0.0,0.0,0.0
2025-08-01 05:00:00+00:00,0.0,0.0,0.0,0.0
2025-08-01 06:00:00+00:00,0.0,0.0,0.0,0.0
2025-08-01 07:00:00+00:00,0.0,0.0,0.0,0.0
2025-08-01 08:00:00+00:00,0.0,0.0,0.0,0.0
2025-08-01 09:00:00+00:00,0.0,0.0,0.0,0.0
2025-08-01 10:00:00+00:00,0.0,0.0,0.0,0.0
2025-08-01 11:00:00+00:00,0.0,0.0,0.0,0.0
2025-08-01 12:00:00+00:00,0.0,0.0,0.0,0.0
2025-08-01 13:00:00+00:00,0.0,0.0,0.0,0.0
2025-08-01 14:00:00+00:00,0.0,0.0,0.0,0.0
2025-08-01 15:00:00+00:00,0.0,0.0,0.0,0.0
2025-08-01 16:00:00+00:00,0.0,0.0,0.0,0.0
2025-08-01 17:00:00+00:00,0.0,0.0,0.0,0.0
2025-08-01 18:00:00+00:00,0.0,0.0,0.0,0.0
2025-08-01 19:00:00+00:00,0.0,0.0,-9.077249161689836e-05,0.0
2025-08-01 20:00:00+00:00,0.0,0.0,0.0,0.0
2025-08-01 21:00:00+00:00,0.0,0.0,0.0,0.0
2025-08-01 22:00:00+00:00,0.0,0.0,0.0,0.0
2025-08-01 23:00:00+00:00,0.0,0.0,0.0,0.0
2025-08-02 00:00:00+00:00,0.0,0.0,0.0,0.0
2025-08-02 01:00:00+00:00,0.0,0.0,0.0,0.0
2025-08-02 02:00:00+00:00,0.0,0.0,0.0,0.0
2025-08-02 03:00:00+00:00,0.0,0.0,0.0,0.0
2025-08-02 04:00:00+00:00,0.0,0.0,0.0,0.0
2025-08-02 05:00:00+00:00,0.0,0.0,0.0,0.0
2025-08-02 06:00:00+00:00,0.0,0.0,0.0,0.0
2025-08-02 07:00:00+00:00,0.0,0.0,0.0,0.0
2025-08-02 08:00:00+00:00,0.0,0.0,0.0,0.0
2025-08-02 09:00:00+00:00,0.0,0.0,0.0,0.0
2025-08-02 10:00:00+00:00,0.0,0.0,0.0,0.0
2025-08-02 11:00:00+00:00,0.0,0.0,0.0,0.0
2025-08-02 12:00:00+00:00,0.0,0.0,0.0,0.0
2025-08-02 13:00:00+00:00,0.0,0.0,0.0,0.0
2025-08-02 14:00:00+00:00,0.0,0.0,0.0,0.0
2025-08-02 15:00:00+00:00,0.0,0.0,0.0,0.0
2025-08-02 16:00:00+00:00,0.0,0.0,0.0,0.0
2025-08-02 17:00:00+00:00,0.0,0.0,0.0,0.0
2025-08-02 18:00:00+00:00,0.0,0.0,0.0,0.0
2025-08-02 19:00:00+00:00,0.0,0.0,0.0,0.0
2025-08-02 20:00:00+00:00,0.0,0.0,0.0,0.0
2025-08-02 21:00:00+00:00,0.0,0.0,0.0,0.0
2025-08-02 22:00:00+00:00,0.0,0.0,0.0,0.0
2025-08-02 23:00:00+00:00,0.0,0.0,0.0,0.0
2025-08-03 00:00:00+00:00,0.0,0.0,0.0,0.0
2025-08-03 01:00:00+00:00,0.0,0.0,0.0,0.0
2025-08-03 02:00:00+00:00,0.0,0.0,0.0,0.0
2025-08-03 03:00:00+00:00,0.0,0.0,0.0,0.0
2025-08-03 04:00:00+00:00,0.0,0.0,0.0,0.0
2025-08-03 05:00:00+00:00,0.0,0.0,0.0,0.0
2025-08-03 06:00:00+00:00,0.0,0.0,0.0,0.0
2025-08-03 07:00:00+00:00,0.0,0.0,0.0,0.0
2025-08-03 08:00:00+00:00,0.0,0.0,0.0,0.0
2025-08-03 09:00:00+00:00,0.0,0.0,0.0,0.0
2025-08-03 10:00:00+00:00,0.0,0.0,0.0,0.0
2025-08-03 11:00:00+00:00,0.0,0.0,0.0,0.0
2025-08-03 12:00:00+00:00,0.0,0.0,0.0,0.0
2025-08-03 13:00:00+00:00,0.0,0.0,0.0,0.0
2025-08-03 14:00:00+00:00,0.0,0.0,0.0,0.0
2025-08-03 15:00:00+00:00,0.0,0.0,0.0,0.0
2025-08-03 16:00:00+00:00,0.0,0.0,0.0,0.0
2025-08-03 17:00:00+00:00,0.0,0.0,0.0,0.0
2025-08-03 18:00:00+00:00,0.0,0.0,0.0,0.0
2025-08-03 19:00:00+00:00,0.0,0.0,0.0,0.0
2025-08-03 20:00:00+00:00,0.0,0.0,0.0,0.0
2025-08-03 21:00:00+00:00,0.0,0.0,0.0,0.0
2025-08-03 22:00:00+00:00,0.0,0.0,0.0,0.0
2025-08-03 23:00:00+00:00,0.0,0.0,0.0,0.0
2025-08-04 00:00:00+00:00,0.0,0.0,0.0,0.0
2025-08-04 01:00:00+00:00,0.0,0.0,0.0,0.0
2025-08-04 02:00:00+00:00,0.0,0.0,0.0,0.0
2025-08-04 03:00:00+00:00,0.0,0.0,-3.000472134072062e-05,0.0
2025-08-04 04:00:00+00:00,0.0,0.0,0.0,0.0
2025-08-04 05:00:00+00:00,0.0,0.0,0.0,-4.975095568262699e-05
2025-08-04 06:00:00+00:00,0.0,0.0,0.0,0.0
2025-08-04 07:00:00+00:00,0.0,0.0,0.0,0.0
2025-08-04 08:00:00+00:00,0.0,0.0,-2.6399487950464755e-05,0.0
2025-08-04 09:00:00+00:00,0.0,0.0,0.0,0.0
2025-08-04 10:00:00+00:00,0.0,0.0,0.0,0.0
2025-08-04 11:00:00+00:00,0.0,0.0,0.0,0.0
2025-08-04 12:00:00+00:00,0.0,0.0,0.0,0.0
2025-08-04 13:00:00+00:00,0.0,0.0,2.5655446394162737e-05,-4.935877108111608e-05
2025-08-04 14:00:00+00:00,0.0,0.0,0.0,0.0
2025-08-04 15:00:00+00:00,0.0,0.0,0.0,0.0
2025-08-04 16:00:00+00:00,0.0,0.0,0.0,3.834863184296268e-05
2025-08-04 17:00:00+00:00,0.0,0.0,5.043578980370334e-05,0.0
2025-08-04 18:00:00+00:00,0.0,0.0,0.0,0.0
2025-08-04 19:00:00+00:00,0.0,0.0,0.0,0.0
2025-08-04 20:00:00+00:00,0.0,0.0,0.0,0.0
2025-08-04 21:00:00+00:00,0.0,0.0,0.0,0.0
2025-08-04 22:00:00+00:00,0.0,0.0,0.0,0.0
2025-08-04 23:00:00+00:00,0.0,0.0,0.0,0.0
2025-08-05 00:00:00+00:00,0.0,0.0,0.0,0.0
2025-08-05 01:00:00+00:00,0.0,0.0,0.0,0.0
2025-08-05 02:00:00+00:00,0.0,0.0,0.0,-3.073546395002457e-05
2025-08-05 03:00:00+00:00,0.0,0.0,-2.532149732045962e-05,0.0
2025-08-05 04:00:00+00:00,0.0,0.0,0.0,0.0
2025-08-05 05:00:00+00:00,0.0,0.0,0.0,0.0
2025-08-05 06:00:00+00:00,0.0,0.0,0.0,0.0
2025-08-05 07:00:00+00:00,0.0,0.0,0.0,-3.90401988629152e-05
2025-08-05 08:00:00+00:00,0.0,0.0,0.0,0.0
2025-08-05 09:00:00+00:00,0.0,0.0,0.0,0.0
2025-08-05 10:00:00+00:00,0.0,0.0,0.0,0.0
2025-08-05 11:00:00+00:00,0.0,0.0,0.0,0.0
2025-08-05 12:00:00+00:00,0.0,0.0,-3.673801938710918e-05,-6.353060593177861e-05
2025-08-05 13:00:00+00:00,0.0,0.0,0.0,0.0
2025-08-05 14:00:00+00:00,0.0,0.0,0.0,0.0
2025-08-05 15:00:00+00:00,0.0,0.0,0.0,0.0
2025-08-05 16:00:00+00:00,0.0,0.0,0.0,0.0
2025-08-05 17:00:00+00:00,0.0,0.0,0.0,0.0
2025-08-05 18:00:00+00:00,0.0,0.0,0.0,0.0
2025-08-05 19:00:00+00:00,0.0,0.0,0.0,0.0
2025-08-05 20:00:00+00:00,0.0,0.0,0.0,0.0
2025-08-05 21:00:00+00:00,0.0,0.0,0.0,0.0
2025-08-05 22:00:00+00:00,0.0,0.0,0.0,7.175455991801694e-05
2025-08-05 23:00:00+00:00,0.0,0.0,0.0,0.0
2025-08-06 00:00:00+00:00,0.0,0.0,0.0,0.0
2025-08-06 01:00:00+00:00,0.0,0.0,0.0,0.0
2025-08-06 02:00:00+00:00,0.0,0.0,0.0,0.0
2025-08-06 03:00:00+00:00,0.0,0.0,0.0,0.0
2025-08-06 04:00:00+00:00,0.0,0.0,0.0,0.0
2025-08-06 05:00:00+00:00,0.0,0.0,0.0,0.0
2025-08-06 06:00:00+00:00,0.0,0.0,0.0,0.0
2025-08-06 07:00:00+00:00,0.0,0.0,0.0,0.0
2025-08-06 08:00:00+00:00,0.0,0.0,0.0,0.0
2025-08-06 09:00:00+00:00,0.0,0.0,0.0,0.0
2025-08-06 10:00:00+00:00,0.0,0.0,0.0,0.0
2025-08-06 11:00:00+00:00,0.0,0.0,0.0,0.0
2025-08-06 12:00:00+00:00,0.0,0.0,0.0,0.0
2025-08-06 13:00:00+00:00,0.0,0.0,0.0,0.0
2025-08-06 14:00:00+00:00,0.0,0.0,0.0,0.0
2025-08-06 15:00:00+00:00,0.0,0.0,9.64556788219928e-05,0.0
2025-08-06 16:00:00+00:00,0.0,0.0,0.0,0.0
2025-08-06 17:00:00+00:00,0.0,0.0,0.0,0.0
2025-08-06 18:00:00+00:00,0.0,0.0,0.0,0.0
2025-08-06 19:00:00+00:00,0.0,0.0,0.0,0.0
2025-08-06 20:00:00+00:00,0.0,0.0,0.0,0.0
2025-08-06 21:00:00+00:00,0.0,0.0,0.0,0.0
2025-08-06 22:00:00+00:00,0.0,0.0,0.0,0.0
2025-08-06 23:00:00+00:00,0.0,0.0,0.0,0.0
2025-08-07 00:00:00+00:00,0.0,0.0,0.0,0.0
2025-08-07 01:00:00+00:00,0.0,0.0,0.0,0.0
2025-08-07 02:00:00+00:00,0.0,0.0,0.0,0.0
2025-08-07 03:00:00+00:00,0.0,0.0,0.0,0.0
2025-08-07 04:00:00+00:00,0.0,0.0,0.0,0.0
2025-08-07 05:00:00+00:00,0.0,0.0,0.0,0.0
2025-08-07 06:00:00+00:00,0.0,0.0,0.0,0.0
2025-08-07 07:00:00+00:00,0.0,0.0,0.0,0.0
2025-08-07 08:00:00+00:00,0.0,0.0,0.0,0.0
2025-08-07 09:00:00+00:00,0.0,0.0,0.0,0.0
2025-08-07 10:00:00+00:00,0.0,0.0,0.0,0.0
2025-08-07 11:00:00+00:00,0.0,0.0,0.0,0.0
2025-08-07 12:00:00+00:00,0.0,0.0,0.0,0.0
2025-08-07 13:00:00+00:00,0.0,0.0,0.0,0.0
2025-08-07 14:00:00+00:00,0.0,0.0,0.0,0.0
2025-08-07 15:00:00+00:00,0.0,0.0,0.0,0.0
2025-08-07 16:00:00+00:00,0.0,0.0,0.0,0.0
2025-08-07 17:00:00+00:00,0.0,0.0,0.0,0.0
2025-08-07 18:00:00+00:00,0.0,0.0,0.0,0.0
2025-08-07 19:00:00+00:00,0.0,0.0,0.0,0.0
2025-08-07 20:00:00+00:00,0.0,0.0,0.0,0.0
2025-08-07 21:00:00+00:00,0.0,0.0,0.0,0.0
2025-08-07 22:00:00+00:00,0.0,0.0,0.0,0.0
2025-08-07 23:00:00+00:00,0.0,0.0,0.0,0.0
2025-08-08 00:00:00+00:00,0.0,0.0,0.0,0.0
2025-08-08 01:00:00+00:00,0.0,0.0,0.0,0.0
2025-08-08 02:00:00+00:00,0.0,0.0,0.0,0.0
2025-08-08 03:00:00+00:00,0.0,0.0,0.0,0.0
2025-08-08 04:00:00+00:00,0.0,0.0,0.0,0.0
2025-08-08 05:00:00+00:00,0.0,0.0,0.0,0.0
2025-08-08 06:00:00+00:00,0.0,0.0,0.0,0.0
2025-08-08 07:00:00+00:00,0.0,0.0,0.0,0.0
2025-08-08 08:00:00+00:00,0.0,0.0,0.0,0.0
2025-08-08 09:00:00+00:00,0.0,0.0,0.0,0.0
2025-08-08 10:00:00+00:00,0.0,0.0,0.0,0.0
2025-08-08 11:00:00+00:00,0.0,0.0,0.0,0.0
2025-08-08 12:00:00+00:00,0.0,0.0,0.0,0.0
2025-08-08 13:00:00+00:00,0.0,0.0,0.0,0.0
2025-08-08 14:00:00+00:00,0.0,0.0,0.0,0.0
2025-08-08 15:00:00+00:00,0.0,0.0,0.0,0.0
2025-08-08 16:00:00+00:00,0.0,0.0,0.0,0.0
2025-08-08 17:00:00+00:00,0.0,0.0,0.0,0.0
2025-08-08 18:00:00+00:00,0.0,0.0,0.0,0.0
2025-08-08 19:00:00+00:00,0.0,0.0,0.0,0.0
2025-08-08 20:00:00+00:00,0.0,0.0,0.0,0.0
2025-08-08 21:00:00+00:00,0.0,0.0,0.0,0.0
2025-08-08 22:00:00+00:00,0.0,0.0,0.0,0.0
2025-08-08 23:00:00+00:00,0.0,0.0,0.0,0.0
2025-08-09 00:00:00+00:00,0.0,0.0,0.0,0.0
2025-08-09 01:00:00+00:00,0.0,0.0,0.0,0.0
2025-08-09 02:00:00+00:00,0.0,0.0,0.0,0.0
2025-08-09 03:00:00+00:00,0.0,0.0,0.0,0.0
2025-08-09 04:00:00+00:00,0.0,0.0,0.0,0.0
2025-08-09 05:00:00+00:00,0.0,0.0,0.0,0.0
2025-08-09 06:00:00+00:00,0.0,0.0,0.0,0.0
2025-08-09 07:00:00+00:00,0.0,0.0,0.0,0.0
2025-08-09 08:00:00+00:00,0.0,0.0,0.0,0.0
2025-08-09 09:00:00+00:00,0.0,0.0,0.0,0.0
2025-08-09 10:00:00+00:00,0.0,0.0,0.0,0.0
2025-08-09 11:00:00+00:00,0.0,0.0,0.0,0.0
2025-08-09 12:00:00+00:00,0.0,0.0,0.0,0.0
2025-08-09 13:00:00+00:00,0.0,0.0,0.0,0.0
2025-08-09 14:00:00+00:00,0.0,0.0,0.0,0.0
2025-08-09 15:00:00+00:00,0.0,0.0,0.0,0.0
2025-08-09 16:00:00+00:00,0.0,0.0,0.0,0.0
2025-08-09 17:00:00+00:00,0.0,0.0,0.0,0.0
2025-08-09 18:00:00+00:00,0.0,0.0,0.0,0.0
2025-08-09 19:00:00+00:00,0.0,0.0,0.0,0.0
2025-08-09 20:00:00+00:00,0.0,0.0,0.0,0.0
2025-08-09 21:00:00+00:00,0.0,0.0,0.0,0.0
2025-08-09 22:00:00+00:00,0.0,0.0,0.0,0.0
2025-08-09 23:00:00+00:00,0.0,0.0,0.0,0.0
2025-08-10 00:00:00+00:00,0.0,0.0,0.0,0.0
2025-08-10 01:00:00+00:00,0.0,0.0,0.0,0.0
2025-08-10 02:00:00+00:00,0.0,0.0,4.593392748229009e-05,0.0
2025-08-10 03:00:00+00:00,0.0,0.0,0.0,4.308839236682017e-05
2025-08-10 04:00:00+00:00,0.0,0.0,0.0,0.0
2025-08-10 05:00:00+00:00,0.0,0.0,0.0,0.0
2025-08-10 06:00:00+00:00,0.0,0.0,0.0,0.0
2025-08-10 07:00:00+00:00,0.0,0.0,0.0,0.0
2025-08-10 08:00:00+00:00,0.0,0.0,0.0,0.0
2025-08-10 09:00:00+00:00,0.0,0.0,0.0,0.0
2025-08-10 10:00:00+00:00,0.0,0.0,0.0,0.0
2025-08-10 11:00:00+00:00,0.0,0.0,0.0,0.0
2025-08-10 12:00:00+00:00,0.0,0.0,0.0,0.0
2025-08-10 13:00:00+00:00,0.0,0.0,0.0,0.0
2025-08-10 14:00:00+00:00,0.0,0.0,0.0,0.0
2025-08-10 15:00:00+00:00,0.0,0.0,0.0,0.0
2025-08-10 16:00:00+00:00,0.0,0.0,0.0,0.0
2025-08-10 17:00:00+00:00,0.0,0.0,0.0,0.0
2025-08-10 18:00:00+00:00,0.0,0.0,0.0,0.0
2025-08-10 19:00:00+00:00,0.0,0.0,0.0,0.0
2025-08-10 20:00:00+00:00,0.0,0.0,0.0,-4.246939835886864e-05
2025-08-10 21:00:00+00:00,0.0,0.0,0.0,0.0
2025-08-10 22:00:00+00:00,0.0,0.0,0.0,0.0
2025-08-10 23:00:00+00:00,0.0,0.0,0.0,0.0
2025-08-11 00:00:00+00:00,0.0,0.0,0.0,0.0
2025-08-11 01:00:00+00:00,0.0,0.0,0.0,0.0
2025-08-11 02:00:00+00:00,0.0,0.0,0.0,0.0
2025-08-11 03:00:00+00:00,0.0,0.0,0.0,0.0
2025-08-11 04:00:00+00:00,0.0,0.0,0.0,0.0
2025-08-11 05:00:00+00:00,0.0,0.0,0.0,0.0
2025-08-11 06:00:00+00:00,0.0,0.0,0.0,0.0
2025-08-11 07:00:00+00:00,0.0,0.0,0.0,0.0
2025-08-11 08:00:00+00:00,0.0,0.0,0.0,0.0
2025-08-11 09:00:00+00:00,0.0,0.0,0.0,0.0
2025-08-11 10:00:00+00:00,0.0,0.0,0.0,0.0
2025-08-11 11:00:00+00:00,0.0,0.0,0.0,0.0
2025-08-11 12:00:00+00:00,0.0,0.0,0.0,0.0
2025-08-11 13:00:00+00:00,0.0,0.0,0.0,0.0
2025-08-11 14:00:00+00:00,0.0,0.0,0.0,0.0
2025-08-11 15:00:00+00:00,0.0,0.0,0.0,0.0
2025-08-11 16:00:00+00:00,0.0,0.0,0.0,0.0
2025-08-11 17:00:00+00:00,0.0,0.0,0.0,0.0
2025-08-11 18:00:00+00:00,0.0,0.0,0.0,0.0
2025-08-11 19:00:00+00:00,0.0,0.0,0.0,0.0
2025-08-11 20:00:00+00:00,0.0,0.0,0.0,0.0
2025-08-11 21:00:00+00:00,0.0,0.0,0.0,0.0
2025-08-11 22:00:00+00:00,0.0,0.0,0.0,0.0
2025-08-11 23:00:00+00:00,0.0,0.0,0.0,0.0
2025-08-12 00:00:00+00:00,0.0,0.0,0.0,0.0
2025-08-12 01:00:00+00:00,0.0,0.0,0.0,0.0
2025-08-12 02:00:00+00:00,0.0,0.0,0.0,0.0
2025-08-12 03:00:00+00:00,0.0,0.0,0.0,0.0
2025-08-12 04:00:00+00:00,0.0,0.0,0.0,0.0
2025-08-12 05:00:00+00:00,0.0,0.0,0.0,0.0
2025-08-12 06:00:00+00:00,0.0,0.0,0.0,0.0
2025-08-12 07:00:00+00:00,0.0,0.0,0.0,0.0
2025-08-12 08:00:00+00:00,0.0,0.0,0.0,0.0
2025-08-12 09:00:00+00:00,0.0,0.0,0.0,-4.126701870595272e-05
2025-08-12 10:00:00+00:00,0.0,0.0,0.0,0.0
2025-08-12 11:00:00+00:00,0.0,0.0,0.0,0.0
2025-08-12 12:00:00+00:00,0.0,0.0,0.0,0.0
2025-08-12 13:00:00+00:00,0.0,0.0,0.0,0.0
2025-08-12 14:00:00+00:00,0.0,0.0,0.0,0.0
2025-08-12 15:00:00+00:00,0.0,0.0,0.0,0.0
2025-08-12 16:00:00+00:00,0.0,0.0,0.0,0.0
2025-08-12 17:00:00+00:00,0.0,0.0,0.0,0.0
2025-08-12 18:00:00+00:00,0.0,0.0,0.0,0.0
2025-08-12 19:00:00+00:00,0.0,0.0,0.0,0.0
2025-08-12 20:00:00+00:00,0.0,0.0,0.0,0.0
2025-08-12 21:00:00+00:00,0.0,0.0,0.0,0.0
2025-08-12 22:00:00+00:00,0.0,0.0,0.0,0.0
2025-08-12 23:00:00+00:00,0.0,0.0,0.0,0.0
2025-08-13 00:00:00+00:00,0.0,0.0,0.0,0.0
2025-08-13 01:00:00+00:00,0.0,0.0,0.0,0.0
2025-08-13 02:00:00+00:00,0.0,0.0,0.0,0.0
2025-08-13 03:00:00+00:00,0.0,0.0,0.0,0.0
2025-08-13 04:00:00+00:00,0.0,0.0,0.0,0.0
2025-08-13 05:00:00+00:00,0.0,0.0,0.0,0.0
2025-08-13 06:00:00+00:00,0.0,0.0,0.0,0.0
2025-08-13 07:00:00+00:00,0.0,0.0,0.0,0.0
2025-08-13 08:00:00+00:00,0.0,0.0,0.0,0.0
2025-08-13 09:00:00+00:00,0.0,0.0,0.0,0.0
2025-08-13 10:00:00+00:00,0.0,0.0,0.0,0.0
2025-08-13 11:00:00+00:00,0.0,0.0,0.0,0.0
2025-08-13 12:00:00+00:00,0.0,0.0,0.0,0.0
2025-08-13 13:00:00+00:00,0.0,0.0,0.0,0.0
2025-08-13 14:00:00+00:00,0.0,0.0,-8.990483868623222e-05,0.0
2025-08-13 15:00:00+00:00,0.0,0.0,0.0,0.0
2025-08-13 16:00:00+00:00,0.0,0.0,0.0,0.0
2025-08-13 17:00:00+00:00,0.0,0.0,0.0,0.0
2025-08-13 18:00:00+00:00,0.0,0.0,0.0,0.0
2025-08-13 19:00:00+00:00,0.0,0.0,0.0,0.0
2025-08-13 20:00:00+00:00,0.0,0.0,0.0,0.0
2025-08-13 21:00:00+00:00,0.0,0.0,0.0,0.0
2025-08-13 22:00:00+00:00,0.0,0.0,0.0,0.0
2025-08-13 23:00:00+00:00,0.0,0.0,0.0,0.0
2025-08-14 00:00:00+00:00,0.0,0.0,0.0,0.0
2025-08-14 01:00:00+00:00,0.0,0.0,0.0,0.0
2025-08-14 02:00:00+00:00,0.0,0.0,0.0,0.0
2025-08-14 03:00:00+00:00,0.0,0.0,0.0,0.0
2025-08-14 04:00:00+00:00,0.0,0.0,0.0,0.0
2025-08-14 05:00:00+00:00,0.0,0.0,0.0,0.0
2025-08-14 06:00:00+00:00,0.0,0.0,0.0,0.0
2025-08-14 07:00:00+00:00,0.0,0.0,0.0,0.0
2025-08-14 08:00:00+00:00,0.0,0.0,0.0,0.0
2025-08-14 09:00:00+00:00,0.0,0.0,0.0,0.0
2025-08-14 10:00:00+00:00,0.0,0.0,0.0,0.0
2025-08-14 11:00:00+00:00,0.0,0.0,0.0,0.0
2025-08-14 12:00:00+00:00,0.0,0.0,0.0,0.0
2025-08-14 13:00:00+00:00,0.0,0.0,0.0,0.0
2025-08-14 14:00:00+00:00,0.0,0.0,0.0,0.0
2025-08-14 15:00:00+00:00,0.0,0.0,0.0,0.0
2025-08-14 16:00:00+00:00,0.0,0.0,0.0,0.0
2025-08-14 17:00:00+00:00,0.0,0.0,0.0,0.0
2025-08-14 18:00:00+00:00,0.0,0.0,0.0,0.0
2025-08-14 19:00:00+00:00,0.0,0.0,0.0,0.0
2025-08-14 20:00:00+00:00,0.0,0.0,0.0,0.0
2025-08-14 21:00:00+00:00,0.0,0.0,0.0,0.0
2025-08-14 22:00:00+00:00,0.0,0.0,0.0,0.0
2025-08-14 23:00:00+00:00,0.0,0.0,0.0,0.0
2025-08-15 00:00:00+00:00,0.0,0.0,0.0,1.67718320451249e-05
2025-08-15 01:00:00+00:00,0.0,0.0,0.0,0.0
2025-08-15 02:00:00+00:00,0.0,0.0,0.0,0.0
2025-08-15 03:00:00+00:00,0.0,0.0,0.0,0.0
2025-08-15 04:00:00+00:00,0.0,0.0,0.0,0.0
2025-08-15 05:00:00+00:00,0.0,0.0,0.0,0.0
2025-08-15 06:00:00+00:00,0.0,0.0,0.0,0.0
2025-08-15 07:00:00+00:00,0.0,0.0,0.0,0.0
2025-08-15 08:00:00+00:00,0.0,0.0,0.0,0.0
2025-08-15 09:00:00+00:00,0.0,0.0,-2.434138291786513e-05,0.0
2025-08-15 10:00:00+00:00,0.0,0.0,0.0,0.0
2025-08-15 11:00:00+00:00,0.0,0.0,0.0,0.0
2025-08-15 12:00:00+00:00,0.0,0.0,0.0,0.0
2025-08-15 13:00:00+00:00,0.0,0.0,0.0,0.0
2025-08-15 14:00:00+00:00,0.0,0.0,-5.223426787425932e-05,0.0
2025-08-15 15:00:00+00:00,0.0,0.0,0.0,0.0
2025-08-15 16:00:00+00:00,0.0,0.0,0.0,0.0
2025-08-15 17:00:00+00:00,0.0,0.0,0.0,0.0
2025-08-15 18:00:00+00:00,0.0,0.0,0.0,0.0
2025-08-15 19:00:00+00:00,0.0,0.0,0.0,0.0
2025-08-15 20:00:00+00:00,0.0,0.0,0.0,0.0
2025-08-15 21:00:00+00:00,0.0,0.0,0.0,0.0
2025-08-15 22:00:00+00:00,0.0,0.0,0.0,0.0
2025-08-15 23:00:00+00:00,0.0,0.0,0.0,0.0
2025-08-16 00:00:00+00:00,0.0,0.0,0.0,0.0
2025-08-16 01:00:00+00:00,0.0,0.0,0.0,0.0
2025-08-16 02:00:00+00:00,0.0,0.0,0.0,0.0
2025-08-16 03:00:00+00:00,0.0,0.0,0.0,0.0
2025-08-16 04:00:00+00:00,0.0,0.0,0.0,0.0
2025-08-16 05:00:00+00:00,0.0,0.0,0.0,0.0
2025-08-16 06:00:00+00:00,0.0,0.0,0.0,0.0
2025-08-16 07:00:00+00:00,0.0,0.0,0.0,0.0
2025-08-16 08:00:00+00:00,0.0,0.0,0.0,0.0
2025-08-16 09:00:00+00:00,0.0,0.0,0.0,0.0
2025-08-16 10:00:00+00:00,0.0,0.0,0.0,0.0
2025-08-16 11:00:00+00:00,0.0,0.0,0.0,0.0
2025-08-16 12:00:00+00:00,0.0,0.0,0.0,0.0
2025-08-16 13:00:00+00:00,0.0,0.0,0.0,0.0
2025-08-16 14:00:00+00:00,0.0,0.0,0.0,0.0
2025-08-16 15:00:00+00:00,0.0,0.0,0.0,0.0
2025-08-16 16:00:00+00:00,0.0,0.0,0.0,0.0
2025-08-16 17:00:00+00:00,0.0,0.0,0.0,0.0
2025-08-16 18:00:00+00:00,0.0,0.0,0.0,0.0
2025-08-16 19:00:00+00:00,0.0,0.0,0.0,0.0
2025-08-16 20:00:00+00:00,0.0,0.0,0.0,0.0
2025-08-16 21:00:00+00:00,0.0,0.0,0.0,0.0
2025-08-16 22:00:00+00:00,0.0,0.0,0.0,0.0
2025-08-16 23:00:00+00:00,0.0,0.0,0.0,0.0
2025-08-17 00:00:00+00:00,0.0,0.0,0.0,0.0
2025-08-17 01:00:00+00:00,0.0,0.0,0.0,0.0
2025-08-17 02:00:00+00:00,0.0,0.0,0.0,0.0
2025-08-17 03:00:00+00:00,0.0,0.0,0.0,0.0
2025-08-17 04:00:00+00:00,0.0,0.0,2.1013723789603546e-05,1.4810979031681946e-05
2025-08-17 05:00:00+00:00,0.0,0.0,0.0,0.0
2025-08-17 06:00:00+00:00,0.0,0.0,0.0,0.0
2025-08-17 07:00:00+00:00,0.0,0.0,0.0,0.0
2025-08-17 08:00:00+00:00,0.0,0.0,1.3694985626998566e-05,1.1637327570072084e-05
2025-08-17 09:00:00+00:00,0.0,0.0,0.0,0.0
2025-08-17 10:00:00+00:00,0.0,0.0,0.0,0.0
2025-08-17 11:00:00+00:00,0.0,0.0,0.0,0.0
2025-08-17 12:00:00+00:00,0.0,0.0,0.0,-3.061095666361035e-05
2025-08-17 13:00:00+00:00,0.0,0.0,0.0,0.0
2025-08-17 14:00:00+00:00,0.0,0.0,-3.177995624250251e-05,0.0
2025-08-17 15:00:00+00:00,0.0,0.0,0.0,0.0
2025-08-17 16:00:00+00:00,0.0,0.0,0.0,-4.287278604546917e-05
2025-08-17 17:00:00+00:00,0.0,0.0,0.0,0.0
2025-08-17 18:00:00+00:00,0.0,0.0,0.0,0.0
2025-08-17 19:00:00+00:00,0.0,0.0,0.0,0.0
2025-08-17 20:00:00+00:00,0.0,0.0,0.0,0.0
2025-08-17 21:00:00+00:00,0.0,0.0,0.0,0.0
2025-08-17 22:00:00+00:00,0.0,0.0,0.0,1.869301685369363e-05
2025-08-17 23:00:00+00:00,0.0,0.0,0.0,0.0
2025-08-18 00:00:00+00:00,0.0,0.0,0.0,0.0
2025-08-18 01:00:00+00:00,0.0,0.0,-3.2327101695376327e-05,0.0
2025-08-18 02:00:00+00:00,0.0,0.0,0.0,0.0
2025-08-18 03:00:00+00:00,0.0,0.0,0.0,0.0
2025-08-18 04:00:00+00:00,0.0,0.0,0.0,0.0
2025-08-18 05:00:00+00:00,0.0,0.0,0.0,0.0
2025-08-18 06:00:00+00:00,0.0,0.0,0.0,0.0
2025-08-18 07:00:00+00:00,0.0,0.0,0.0,0.0
2025-08-18 08:00:00+00:00,0.0,0.0,0.0,0.0
2025-08-18 09:00:00+00:00,0.0,0.0,0.0,-0.0001158815576289
2025-08-18 10:00:00+00:00,0.0,0.0,0.0,0.0
2025-08-18 11:00:00+00:00,0.0,0.0,0.0,0.0
2025-08-18 12:00:00+00:00,0.0,0.0,0.0,1.7865298584299757e-05
2025-08-18 13:00:00+00:00,0.0,0.0,0.0,0.0
2025-08-18 14:00:00+00:00,0.0,0.0,0.0,0.0
2025-08-18 15:00:00+00:00,0.0,0.0,5.458274910842832e-05,0.0
2025-08-18 16:00:00+00:00,0.0,0.0,0.0,0.0
2025-08-18 17:00:00+00:00,0.0,0.0,0.0,7.245933085441414e-05
2025-08-18 18:00:00+00:00,0.0,0.0,0.0,0.0
2025-08-18 19:00:00+00:00,0.0,0.0,0.0,0.0
2025-08-18 20:00:00+00:00,0.0,0.0,0.0,0.0
2025-08-18 21:00:00+00:00,0.0,0.0,0.0,0.0
2025-08-18 22:00:00+00:00,0.0,0.0,0.0,0.0
2025-08-18 23:00:00+00:00,0.0,0.0,0.0,0.0
2025-08-19 00:00:00+00:00,0.0,0.0,0.0,0.0
2025-08-19 01:00:00+00:00,0.0,0.0,0.0,0.0
2025-08-19 02:00:00+00:00,0.0,0.0,0.0,0.0
2025-08-19 03:00:00+00:00,0.0,0.0,0.0,0.0
2025-08-19 04:00:00+00:00,0.0,0.0,0.0,0.0
2025-08-19 05:00:00+00:00,0.0,0.0,0.0,0.0
2025-08-19 06:00:00+00:00,0.0,0.0,0.0,0.0
2025-08-19 07:00:00+00:00,0.0,0.0,0.0,0.0
2025-08-19 08:00:00+00:00,0.0,0.0,0.0,0.0
2025-08-19 09:00:00+00:00,0.0,0.0,0.0,0.0
2025-08-19 10:00:00+00:00,0.0,0.0,0.0,0.0
2025-08-19 11:00:00+00:00,0.0,0.0,0.0,0.0
2025-08-19 12:00:00+00:00,0.0,0.0,0.0,0.0
2025-08-19 13:00:00+00:00,0.0,0.0,0.0,0.0
2025-08-19 14:00:00+00:00,0.0,0.0,0.0,0.0
2025-08-19 15:00:00+00:00,0.0,0.0,0.0,0.0
2025-08-19 16:00:00+00:00,0.0,0.0,0.0,0.0
2025-08-19 17:00:00+00:00,0.0,0.0,0.0,0.0
2025-08-19 18:00:00+00:00,0.0,0.0,0.0,0.0
2025-08-19 19:00:00+00:00,0.0,0.0,0.0,0.0
2025-08-19 20:00:00+00:00,0.0,0.0,0.0,0.0
2025-08-19 21:00:00+00:00,0.0,0.0,0.0,0.0
2025-08-19 22:00:00+00:00,0.0,0.0,0.0,0.0
2025-08-19 23:00:00+00:00,0.0,0.0,0.0,0.0
2025-08-20 00:00:00+00:00,0.0,0.0,0.0,0.0
2025-08-20 01:00:00+00:00,0.0,0.0,0.0,0.0
2025-08-20 02:00:00+00:00,0.0,0.0,0.0,0.0
2025-08-20 03:00:00+00:00,0.0,0.0,0.0,0.0
2025-08-20 04:00:00+00:00,0.0,0.0,0.0,0.0
2025-08-20 05:00:00+00:00,0.0,0.0,0.0,0.0
2025-08-20 06:00:00+00:00,0.0,0.0,0.0,0.0
2025-08-20 07:00:00+00:00,0.0,0.0,0.0,0.0
2025-08-20 08:00:00+00:00,0.0,0.0,0.0,0.0
2025-08-20 09:00:00+00:00,0.0,0.0,0.0,0.0
2025-08-20 10:00:00+00:00,0.0,0.0,0.0,0.0
2025-08-20 11:00:00+00:00,0.0,0.0,0.0,-5.0249083597023726e-05
2025-08-20 12:00:00+00:00,0.0,0.0,0.0,0.0
2025-08-20 13:00:00+00:00,0.0,0.0,0.0,0.0
2025-08-20 14:00:00+00:00,0.0,0.0,0.0,0.0
2025-08-20 15:00:00+00:00,0.0,0.0,0.0,0.0
2025-08-20 16:00:00+00:00,0.0,0.0,0.0,0.0
2025-08-20 17:00:00+00:00,0.0,0.0,0.0,0.0
2025-08-20 18:00:00+00:00,0.0,0.0,0.0,0.0
2025-08-20 19:00:00+00:00,0.0,0.0,0.0,0.0
2025-08-20 20:00:00+00:00,0.0,0.0,0.0,0.0
2025-08-20 21:00:00+00:00,0.0,0.0,0.0,0.0
2025-08-20 22:00:00+00:00,0.0,0.0,0.0,0.0
2025-08-20 23:00:00+00:00,0.0,0.0,0.0,0.0
2025-08-21 00:00:00+00:00,0.0,0.0,0.0,0.0
2025-08-21 01:00:00+00:00,0.0,0.0,0.0,0.0
2025-08-21 02:00:00+00:00,0.0,0.0,0.0,0.0
2025-08-21 03:00:00+00:00,0.0,0.0,0.0,0.0
2025-08-21 04:00:00+00:00,0.0,0.0,0.0,0.0
2025-08-21 05:00:00+00:00,0.0,0.0,0.0,0.0
2025-08-21 06:00:00+00:00,0.0,0.0,0.0,0.0
2025-08-21 07:00:00+00:00,0.0,0.0,0.0,0.0
2025-08-21 08:00:00+00:00,0.0,0.0,0.0,0.0
2025-08-21 09:00:00+00:00,0.0,0.0,0.0,0.0
2025-08-21 10:00:00+00:00,0.0,0.0,0.0,0.0
2025-08-21 11:00:00+00:00,0.0,0.0,0.0,0.0
2025-08-21 12:00:00+00:00,0.0,0.0,0.0,0.0
2025-08-21 13:00:00+00:00,0.0,0.0,0.0,0.0
2025-08-21 14:00:00+00:00,0.0,0.0,0.0,0.0
2025-08-21 15:00:00+00:00,0.0,0.0,0.0,0.0
2025-08-21 16:00:00+00:00,0.0,0.0,0.0,0.0
2025-08-21 17:00:00+00:00,0.0,0.0,0.0,0.0
2025-08-21 18:00:00+00:00,0.0,0.0,0.0,0.0
2025-08-21 19:00:00+00:00,0.0,0.0,0.0,0.0
2025-08-21 20:00:00+00:00,0.0,0.0,0.0,0.0
2025-08-21 21:00:00+00:00,0.0,0.0,0.0,0.0
2025-08-21 22:00:00+00:00,0.0,0.0,0.0,0.0
2025-08-21 23:00:00+00:00,0.0,0.0,0.0,0.0
2025-08-22 00:00:00+00:00,0.0,0.0,0.0,0.0
2025-08-22 01:00:00+00:00,0.0,0.0,0.0,0.0
2025-08-22 02:00:00+00:00,0.0,0.0,0.0,0.0
2025-08-22 03:00:00+00:00,0.0,0.0,0.0,0.0
2025-08-22 04:00:00+00:00,0.0,0.0,0.0,0.0
2025-08-22 05:00:00+00:00,0.0,0.0,0.0,0.0
2025-08-22 06:00:00+00:00,0.0,0.0,0.0,0.0
2025-08-22 07:00:00+00:00,0.0,0.0,0.0,0.0
2025-08-22 08:00:00+00:00,0.0,0.0,0.0,0.0
2025-08-22 09:00:00+00:00,0.0,0.0,0.0,0.0
2025-08-22 10:00:00+00:00,0.0,0.0,0.0,0.0
2025-08-22 11:00:00+00:00,0.0,0.0,0.0,0.0
2025-08-22 12:00:00+00:00,0.0,0.0,0.0,0.0
2025-08-22 13:00:00+00:00,0.0,0.0,0.0,0.0
2025-08-22 14:00:00+00:00,0.0,0.0,0.0,0.0
2025-08-22 15:00:00+00:00,0.0,0.0,0.0,0.0
2025-08-22 16:00:00+00:00,0.0,0.0,0.0,0.0
2025-08-22 17:00:00+00:00,0.0,0.0,0.0,0.0
2025-08-22 18:00:00+00:00,0.0,0.0,0.0,0.0
2025-08-22 19:00:00+00:00,0.0,0.0,0.0,0.0
2025-08-22 20:00:00+00:00,0.0,0.0,0.0,0.0
2025-08-22 21:00:00+00:00,0.0,0.0,0.0,0.0
2025-08-22 22:00:00+00:00,0.0,0.0,0.0,0.0
2025-08-22 23:00:00+00:00,0.0,0.0,0.0,0.0
2025-08-23 00:00:00+00:00,0.0,0.0,0.0,0.0
2025-08-23 01:00:00+00:00,0.0,0.0,0.0,0.0
2025-08-23 02:00:00+00:00,0.0,0.0,0.0,0.0
2025-08-23 03:00:00+00:00,0.0,0.0,0.0,0.0
2025-08-23 04:00:00+00:00,0.0,0.0,0.0,0.0
2025-08-23 05:00:00+00:00,0.0,0.0,0.0,0.0
2025-08-23 06:00:00+00:00,0.0,0.0,0.0,0.0
2025-08-23 07:00:00+00:00,0.0,0.0,0.0,0.0
2025-08-23 08:00:00+00:00,0.0,0.0,0.0,0.0
2025-08-23 09:00:00+00:00,0.0,0.0,0.0,0.0
2025-08-23 10:00:00+00:00,0.0,0.0,0.0,0.0
2025-08-23 11:00:00+00:00,0.0,0.0,0.0,0.0
2025-08-23 12:00:00+00:00,0.0,0.0,0.0,0.0
2025-08-23 13:00:00+00:00,0.0,0.0,0.0,0.0
2025-08-23 14:00:00+00:00,0.0,0.0,0.0,0.0
2025-08-23 15:00:00+00:00,0.0,0.0,0.0,0.0
2025-08-23 16:00:00+00:00,0.0,0.0,0.0,0.0
2025-08-23 17:00:00+00:00,0.0,0.0,0.0,0.0
2025-08-23 18:00:00+00:00,0.0,0.0,0.0,0.0
2025-08-23 19:00:00+00:00,0.0,0.0,0.0,0.0
2025-08-23 20:00:00+00:00,0.0,0.0,0.0,0.0
2025-08-23 21:00:00+00:00,0.0,0.0,0.0,0.0
2025-08-23 22:00:00+00:00,0.0,0.0,0.0,0.0
2025-08-23 23:00:00+00:00,0.0,0.0,0.0,6.219093415243968e-06
2025-08-24 00:00:00+00:00,0.0,0.0,0.0,0.0
2025-08-24 01:00:00+00:00,0.0,0.0,0.0,0.0
2025-08-24 02:00:00+00:00,0.0,0.0,0.0,0.0
2025-08-24 03:00:00+00:00,0.0,0.0,0.0,0.0
2025-08-24 04:00:00+00:00,0.0,0.0,0.0,0.0
2025-08-24 05:00:00+00:00,0.0,0.0,0.0,0.0
2025-08-24 06:00:00+00:00,0.0,0.0,0.0,-3.575678775560197e-05
2025-08-24 07:00:00+00:00,0.0,0.0,0.0,0.0
2025-08-24 08:00:00+00:00,0.0,0.0,0.0,0.0
2025-08-24 09:00:00+00:00,0.0,0.0,0.0,0.0
2025-08-24 10:00:00+00:00,0.0,0.0,0.0,0.0
2025-08-24 11:00:00+00:00,0.0,0.0,0.0,0.0
2025-08-24 12:00:00+00:00,0.0,0.0,0.0,0.0
2025-08-24 13:00:00+00:00,0.0,0.0,0.0,-3.398578449889666e-05
2025-08-24 14:00:00+00:00,0.0,0.0,0.0,0.0
2025-08-24 15:00:00+00:00,0.0,0.0,0.0,0.0
2025-08-24 16:00:00+00:00,0.0,0.0,0.0,0.0
2025-08-24 17:00:00+00:00,0.0,0.0,0.0,0.0
2025-08-24 18:00:00+00:00,0.0,0.0,0.0,2.59559258060993e-05
2025-08-24 19:00:00+00:00,0.0,0.0,0.0,0.0
2025-08-24 20:00:00+00:00,0.0,0.0,0.0,0.0
2025-08-24 21:00:00+00:00,0.0,0.0,0.0,0.0
2025-08-24 22:00:00+00:00,0.0,0.0,0.0,0.0
2025-08-24 23:00:00+00:00,0.0,0.0,0.0,0.0
2025-08-25 00:00:00+00:00,0.0,0.0,0.0,0.0
2025-08-25 01:00:00+00:00,0.0,0.0,0.0,0.0
2025-08-25 02:00:00+00:00,0.0,0.0,0.0,0.0
2025-08-25 03:00:00+00:00,0.0,0.0,0.0,0.0
2025-08-25 04:00:00+00:00,0.0,0.0,0.0,0.0
2025-08-25 05:00:00+00:00,0.0,0.0,0.0,0.0
2025-08-25 06:00:00+00:00,0.0,0.0,0.0,0.0
2025-08-25 07:00:00+00:00,0.0,0.0,0.0,0.0
2025-08-25 08:00:00+00:00,0.0,0.0,0.0,0.0
2025-08-25 09:00:00+00:00,0.0,0.0,0.0,0.0
2025-08-25 10:00:00+00:00,0.0,0.0,0.0,0.0
2025-08-25 11:00:00+00:00,0.0,0.0,0.0,0.0
2025-08-25 12:00:00+00:00,0.0,0.0,0.0,0.0
2025-08-25 13:00:00+00:00,0.0,0.0,0.0,0.0
2025-08-25 14:00:00+00:00,0.0,0.0,0.0,0.0
2025-08-25 15:00:00+00:00,0.0,0.0,0.0,0.0
2025-08-25 16:00:00+00:00,0.0,0.0,0.0,0.0
2025-08-25 17:00:00+00:00,0.0,0.0,0.0,0.0
2025-08-25 18:00:00+00:00,0.0,0.0,0.0,0.0
2025-08-25 19:00:00+00:00,0.0,0.0,0.0,-9.040168041822172e-05
2025-08-25 20:00:00+00:00,0.0,0.0,0.0,0.0
2025-08-25 21:00:00+00:00,0.0,0.0,0.0,0.0
2025-08-25 22:00:00+00:00,0.0,0.0,0.0,0.0
2025-08-25 23:00:00+00:00,0.0,0.0,0.0,0.0
2025-08-26 00:00:00+00:00,0.0,0.0,0.0,0.0
2025-08-26 01:00:00+00:00,0.0,0.0,0.0,0.0
2025-08-26 02:00:00+00:00,0.0,0.0,0.0,0.0
2025-08-26 03:00:00+00:00,0.0,0.0,0.0,0.0
2025-08-26 04:00:00+00:00,0.0,0.0,0.0,0.0
2025-08-26 05:00:00+00:00,0.0,0.0,0.0,0.0
2025-08-26 06:00:00+00:00,0.0,0.0,0.0,0.0
2025-08-26 07:00:00+00:00,0.0,0.0,0.0,0.0
2025-08-26 08:00:00+00:00,0.0,0.0,0.0,0.0
2025-08-26 09:00:00+00:00,0.0,0.0,0.0,0.0
2025-08-26 10:00:00+00:00,0.0,0.0,0.0,0.0
2025-08-26 11:00:00+00:00,0.0,0.0,0.0,0.0
2025-08-26 12:00:00+00:00,0.0,0.0,0.0,3.960453949891308e-05
2025-08-26 13:00:00+00:00,0.0,0.0,0.0,0.0
2025-08-26 14:00:00+00:00,0.0,0.0,0.0,0.0
2025-08-26 15:00:00+00:00,0.0,0.0,-4.957412648351921e-05,0.0
2025-08-26 16:00:00+00:00,0.0,0.0,0.0,0.0
2025-08-26 17:00:00+00:00,0.0,0.0,0.0,0.0
2025-08-26 18:00:00+00:00,0.0,0.0,0.0,0.0
2025-08-26 19:00:00+00:00,0.0,0.0,0.0,0.0
2025-08-26 20:00:00+00:00,0.0,0.0,0.0,0.0
2025-08-26 21:00:00+00:00,0.0,0.0,0.0,0.0
2025-08-26 22:00:00+00:00,0.0,0.0,0.0,0.0
2025-08-26 23:00:00+00:00,0.0,0.0,0.0,0.0
2025-08-27 00:00:00+00:00,0.0,0.0,0.0,0.0
2025-08-27 01:00:00+00:00,0.0,0.0,0.0,0.0
2025-08-27 02:00:00+00:00,0.0,0.0,0.0,0.0
2025-08-27 03:00:00+00:00,0.0,0.0,0.0,0.0
2025-08-27 04:00:00+00:00,0.0,0.0,0.0,0.0
2025-08-27 05:00:00+00:00,0.0,0.0,-2.4966728304652844e-05,0.0
2025-08-27 06:00:00+00:00,0.0,0.0,0.0,0.0
2025-08-27 07:00:00+00:00,0.0,0.0,0.0,-4.719413411858774e-05
2025-08-27 08:00:00+00:00,0.0,0.0,0.0,0.0
2025-08-27 09:00:00+00:00,0.0,0.0,0.0,0.0
2025-08-27 10:00:00+00:00,0.0,0.0,0.0,0.0
2025-08-27 11:00:00+00:00,0.0,0.0,0.0,3.388670488557178e-05
2025-08-27 12:00:00+00:00,0.0,0.0,0.0,0.0
2025-08-27 13:00:00+00:00,0.0,0.0,5.668035441146803e-05,0.0
2025-08-27 14:00:00+00:00,0.0,0.0,0.0,0.0
2025-08-27 15:00:00+00:00,0.0,0.0,0.0,0.0
2025-08-27 16:00:00+00:00,0.0,0.0,0.0,0.0
2025-08-27 17:00:00+00:00,0.0,0.0,0.0,0.0
2025-08-27 18:00:00+00:00,0.0,0.0,0.0,0.0
2025-08-27 19:00:00+00:00,0.0,0.0,0.0,0.0
2025-08-27 20:00:00+00:00,0.0,0.0,0.0,0.0
2025-08-27 21:00:00+00:00,0.0,0.0,0.0,0.0
2025-08-27 22:00:00+00:00,0.0,0.0,0.0,0.0
2025-08-27 23:00:00+00:00,0.0,0.0,0.0,0.0
2025-08-28 00:00:00+00:00,0.0,0.0,0.0,0.0
2025-08-28 01:00:00+00:00,0.0,0.0,0.0,0.0
2025-08-28 02:00:00+00:00,0.0,0.0,0.0,0.0
2025-08-28 03:00:00+00:00,0.0,0.0,0.0,0.0
2025-08-28 04:00:00+00:00,0.0,0.0,0.0,0.0
2025-08-28 05:00:00+00:00,0.0,0.0,0.0,0.0
2025-08-28 06:00:00+00:00,0.0,0.0,0.0,0.0
2025-08-28 07:00:00+00:00,0.0,0.0,0.0,0.0
2025-08-28 08:00:00+00:00,0.0,0.0,0.0,0.0
2025-08-28 09:00:00+00:00,0.0,0.0,0.0,0.0
2025-08-28 10:00:00+00:00,0.0,0.0,0.0,0.0
2025-08-28 11:00:00+00:00,0.0,0.0,0.0,0.0
2025-08-28 12:00:00+00:00,0.0,0.0,0.0,0.0
2025-08-28 13:00:00+00:00,0.0,0.0,0.0,0.0
2025-08-28 14:00:00+00:00,0.0,0.0,0.0,0.0
2025-08-28 15:00:00+00:00,0.0,0.0,0.0,0.0
2025-08-28 16:00:00+00:00,0.0,0.0,0.0,0.0
2025-08-28 17:00:00+00:00,0.0,0.0,0.0,0.0
2025-08-28 18:00:00+00:00,0.0,0.0,0.0,0.0
2025-08-28 19:00:00+00:00,0.0,0.0,0.0,0.0
2025-08-28 20:00:00+00:00,0.0,0.0,0.0,0.0
2025-08-28 21:00:00+00:00,0.0,0.0,0.0,0.0
2025-08-28 22:00:00+00:00,0.0,0.0,0.0,0.0
2025-08-28 23:00:00+00:00,0.0,0.0,0.0,0.0
2025-08-29 00:00:00+00:00,0.0,0.0,0.0,0.0
2025-08-29 01:00:00+00:00,0.0,0.0,0.0,0.0
2025-08-29 02:00:00+00:00,0.0,0.0,0.0,0.0
2025-08-29 03:00:00+00:00,0.0,0.0,0.0,0.0
2025-08-29 04:00:00+00:00,0.0,0.0,0.0,0.0
2025-08-29 05:00:00+00:00,0.0,0.0,0.0,0.0
2025-08-29 06:00:00+00:00,0.0,0.0,0.0,0.0
2025-08-29 07:00:00+00:00,0.0,0.0,0.0,0.0
2025-08-29 08:00:00+00:00,0.0,0.0,0.0,0.0
2025-08-29 09:00:00+00:00,0.0,0.0,0.0,0.0
2025-08-29 10:00:00+00:00,0.0,0.0,0.0,0.0
2025-08-29 11:00:00+00:00,0.0,0.0,0.0,0.0
2025-08-29 12:00:00+00:00,0.0,0.0,0.0,0.0
2025-08-29 13:00:00+00:00,0.0,0.0,0.0,0.0
2025-08-29 14:00:00+00:00,0.0,0.0,0.0,-0.0001604600371316
2025-08-29 15:00:00+00:00,0.0,0.0,0.0,0.0
2025-08-29 16:00:00+00:00,0.0,0.0,0.0,0.0
2025-08-29 17:00:00+00:00,0.0,0.0,0.0,0.0
2025-08-29 18:00:00+00:00,0.0,0.0,0.0,0.0
2025-08-29 19:00:00+00:00,0.0,0.0,0.0,0.0
2025-08-29 20:00:00+00:00,0.0,0.0,0.0,0.0
2025-08-29 21:00:00+00:00,0.0,0.0,0.0,0.0
2025-08-29 22:00:00+00:00,0.0,0.0,0.0,0.0
2025-08-29 23:00:00+00:00,0.0,0.0,0.0,0.0
2025-08-30 00:00:00+00:00,0.0,0.0,0.0,0.0
2025-08-30 01:00:00+00:00,-0.011482,0.0,0.0,0.0
2025-08-30 02:00:00+00:00,0.0,0.0,0.0,0.0
2025-08-30 03:00:00+00:00,0.0,0.0,0.0,0.0
2025-08-30 04:00:00+00:00,0.0,0.0,0.0,0.0
2025-08-30 05:00:00+00:00,0.0,0.0,0.0,-1.947994380083528e-05
2025-08-30 06:00:00+00:00,0.0,0.0,0.0,0.0
2025-08-30 07:00:00+00:00,0.0,0.0,0.0,0.0
2025-08-30 08:00:00+00:00,0.0,0.0,0.0,0.0
2025-08-30 09:00:00+00:00,0.0,0.0,0.0,0.0
2025-08-30 10:00:00+00:00,0.0,0.0,0.0,0.0
2025-08-30 11:00:00+00:00,0.0,0.0,0.0,0.0
2025-08-30 12:00:00+00:00,0.0,0.0,0.0,0.0
2025-08-30 13:00:00+00:00,0.0,0.0,0.0,0.0
2025-08-30 14:00:00+00:00,0.0,0.0,0.0,0.0
2025-08-30 15:00:00+00:00,0.0,0.0,0.0,0.0
2025-08-30 16:00:00+00:00,0.0,0.0,0.0,0.0
2025-08-30 17:00:00+00:00,0.0,0.0,0.0,0.0
2025-08-30 18:00:00+00:00,0.0,0.0,0.0,0.0
2025-08-30 19:00:00+00:00,0.0,0.0,0.0,0.0
2025-08-30 20:00:00+00:00,0.0,0.0,0.0,0.0
2025-08-30 21:00:00+00:00,0.0,0.0,0.0,0.0
2025-08-30 22:00:00+00:00,0.0,0.0,0.0,0.0
2025-08-30 23:00:00+00:00,0.0,0.0,0.0,0.0
2025-08-31 00:00:00+00:00,0.0,0.0,0.0,0.0
2025-08-31 01:00:00+00:00,0.0,0.0,0.0,0.0
2025-08-31 02:00:00+00:00,0.0,0.0,0.0,0.0
2025-08-31 03:00:00+00:00,0.0,0.0,0.0,0.0
2025-08-31 04:00:00+00:00,0.0,0.0,0.0,0.0
2025-08-31 05:00:00+00:00,0.0,0.0,0.0,0.0
2025-08-31 06:00:00+00:00,0.0,0.0,0.0,0.0
2025-08-31 07:00:00+00:00,0.0,0.0,0.0,0.0
2025-08-31 08:00:00+00:00,0.0,0.0,0.0,0.0
2025-08-31 09:00:00+00:00,0.0,0.0,0.0,0.0
2025-08-31 10:00:00+00:00,0.0,0.0,0.0,0.0
2025-08-31 11:00:00+00:00,0.0,0.0,0.0,0.0
2025-08-31 12:00:00+00:00,0.0,0.0,0.0,0.0
2025-08-31 13:00:00+00:00,0.0,0.0,0.0,0.0
2025-08-31 14:00:00+00:00,0.0,0.0,0.0,0.0
2025-08-31 15:00:00+00:00,0.0,0.0,0.0,0.0
2025-08-31 16:00:00+00:00,0.0,0.0,0.0,0.0
2025-08-31 17:00:00+00:00,0.0,0.0,0.0,0.0
2025-08-31 18:00:00+00:00,0.0,0.0,0.0,0.0
2025-08-31 19:00:00+00:00,0.0,0.0,0.0,0.0
2025-08-31 20:00:00+00:00,0.0,0.0,0.0,0.0
2025-08-31 21:00:00+00:00,0.0,0.0,0.0,0.0
2025-08-31 22:00:00+00:00,0.0,0.0,0.0,0.0
2025-08-31 23:00:00+00:00,-0.013351,0.0,0.0,0.0
2025-09-01 00:00:00+00:00,0.0,0.0,0.0,0.0
2025-09-01 01:00:00+00:00,0.0,0.0,0.0,0.0
2025-09-01 02:00:00+00:00,0.0,0.0,0.0,0.0
2025-09-01 03:00:00+00:00,0.0,0.0,0.0,0.0
2025-09-01 04:00:00+00:00,0.0,0.0,0.0,0.0
2025-09-01 05:00:00+00:00,0.0,0.0,0.0,0.0
2025-09-01 06:00:00+00:00,0.0,0.0,0.0,3.201448615879011e-05
2025-09-01 07:00:00+00:00,0.012411,0.0,0.0,0.0
2025-09-01 08:00:00+00:00,0.0,0.0,0.0,0.0
2025-09-01 09:00:00+00:00,0.0,0.0,0.0,0.0
2025-09-01 10:00:00+00:00,0.0,0.0,0.0,0.0
2025-09-01 11:00:00+00:00,0.0,0.0,0.0,0.0
2025-09-01 12:00:00+00:00,0.0,0.0,0.0,0.0
2025-09-01 13:00:00+00:00,0.0,0.0,0.0,0.0
2025-09-01 14:00:00+00:00,0.0,0.0,0.0,0.0
2025-09-01 15:00:00+00:00,0.0,0.0,0.0,0.0
2025-09-01 16:00:00+00:00,0.0,0.0,0.0,0.0
2025-09-01 17:00:00+00:00,0.0,0.0,0.0,0.0
2025-09-01 18:00:00+00:00,0.0,0.0,0.0,0.0
2025-09-01 19:00:00+00:00,0.0,0.0,0.0,0.0
2025-09-01 20:00:00+00:00,0.0,0.0,0.0,0.0
2025-09-01 21:00:00+00:00,0.0,0.0,0.0,0.0
2025-09-01 22:00:00+00:00,0.0,0.0,0.0,0.0
2025-09-01 23:00:00+00:00,0.0,0.0,0.0,0.0
2025-09-02 00:00:00+00:00,0.0,0.0,0.0,0.0
2025-09-02 01:00:00+00:00,0.0,0.0,0.0,0.0
2025-09-02 02:00:00+00:00,0.0,0.0,0.0,0.0
2025-09-02 03:00:00+00:00,0.0,0.0,0.0,0.0
2025-09-02 04:00:00+00:00,0.0,0.0,0.0,0.0
2025-09-02 05:00:00+00:00,0.0,0.0,0.0,0.0
2025-09-02 06:00:00+00:00,0.0,0.0,0.0,0.0
2025-09-02 07:00:00+00:00,0.0,0.0,0.0,0.0
2025-09-02 08:00:00+00:00,0.0,0.0,0.0,0.0
2025-09-02 09:00:00+00:00,0.0,0.0,0.0,0.0
2025-09-02 10:00:00+00:00,0.0,0.0,0.0,0.0
2025-09-02 11:00:00+00:00,0.0,0.0,0.0,0.0
2025-09-02 12:00:00+00:00,0.0,0.0,0.0,0.0
2025-09-02 13:00:00+00:00,0.0,0.0,0.0,0.0
2025-09-02 14:00:00+00:00,0.0,0.0,0.0,0.0
2025-09-02 15:00:00+00:00,0.0,0.0,0.0,0.0
2025-09-02 16:00:00+00:00,-0.011411,0.0,0.0,0.0
2025-09-02 17:00:00+00:00,0.0,0.0,0.0,0.0
2025-09-02 18:00:00+00:00,0.0,0.0,0.0,0.0
2025-09-02 19:00:00+00:00,0.0,0.0,0.0,0.0
2025-09-02 20:00:00+00:00,0.0,0.0,0.0,0.0
2025-09-02 21:00:00+00:00,0.0,0.0,0.0,0.0
2025-09-02 22:00:00+00:00,0.0,0.0,0.0,-1.898168022793744e-05
2025-09-02 23:00:00+00:00,0.0,0.0,0.0,0.0
2025-09-03 00:00:00+00:00,0.0,0.0,0.0,0.0
2025-09-03 01:00:00+00:00,0.0,0.0,0.0,0.0
2025-09-03 02:00:00+00:00,0.0,0.0,0.0,0.0
2025-09-03 03:00:00+00:00,0.0,0.0,-3.265352869039284e-05,0.0
2025-09-03 04:00:00+00:00,0.0,0.0,0.0,0.0
2025-09-03 05:00:00+00:00,0.003491,0.0,0.0,-5.898394569550768e-05
2025-09-03 06:00:00+00:00,0.0,0.0,0.0,0.0
2025-09-03 07:00:00+00:00,0.0,0.0,0.0,0.0
2025-09-03 08:00:00+00:00,0.0,0.0,0.0,0.0
2025-09-03 09:00:00+00:00,0.0,0.0,4.467921428240485e-05,0.0
2025-09-03 10:00:00+00:00,0.0,0.0,0.0,0.0
2025-09-03 11:00:00+00:00,0.0,0.0,0.0,0.0
2025-09-03 12:00:00+00:00,0.0,0.0,0.0,5.290555849385093e-05
2025-09-03 13:00:00+00:00,0.0,0.0,0.0,0.0
2025-09-03 14:00:00+00:00,0.012967,0.0,0.0,0.0
2025-09-03 15:00:00+00:00,0.0,0.0,0.0,0.0
2025-09-03 16:00:00+00:00,0.0,0.0,0.0,0.0
2025-09-03 17:00:00+00:00,0.0,0.0,0.0,0.0
2025-09-03 18:00:00+00:00,0.0,0.0,0.0,0.0
2025-09-03 19:00:00+00:00,0.0,0.0,0.0,0.0
2025-09-03 20:00:00+00:00,0.0,0.0,0.0,0.0
2025-09-03 21:00:00+00:00,0.0,0.0,3.6162787787438206e-05,0.0
2025-09-03 22:00:00+00:00,0.0,0.0,0.0,0.0
2025-09-03 23:00:00+00:00,0.0,0.0,0.0,0.0
2025-09-04 00:00:00+00:00,0.0,0.0,0.0,0.0
2025-09-04 01:00:00+00:00,0.0,0.0,0.0,0.0
2025-09-04 02:00:00+00:00,0.0,0.0,0.0,0.0
2025-09-04 03:00:00+00:00,0.0,0.0,0.0,0.0
2025-09-04 04:00:00+00:00,0.0,0.0,0.0,0.0
2025-09-04 05:00:00+00:00,0.0,0.0,0.0,0.0
2025-09-04 06:00:00+00:00,0.0,0.0,0.0,0.0
2025-09-04 07:00:00+00:00,0.0,0.0,0.0,0.0
2025-09-04 08:00:00+00:00,0.0,0.0,0.0,0.0
2025-09-04 09:00:00+00:00,0.0,0.0,0.0,0.0
2025-09-04 10:00:00+00:00,0.0,0.0,0.0,0.0
2025-09-04 11:00:00+00:00,0.0,0.0,0.0,0.0
2025-09-04 12:00:00+00:00,0.0,0.0,0.0,0.0
2025-09-04 13:00:00+00:00,0.0,0.0,0.0,0.0
2025-09-04 14:00:00+00:00,0.0,0.0,-4.407761804750886e-05,0.0
2025-09-04 15:00:00+00:00,0.0,0.0,0.0,0.0
2025-09-04 16:00:00+00:00,0.0,0.0,0.0,0.0
2025-09-04 17:00:00+00:00,0.0,0.0,0.0,0.0
2025-09-04 18:00:00+00:00,0.0,0.0,0.0,0.0
2025-09-04 19:00:00+00:00,0.0,0.0,0.0,0.0
2025-09-04 20:00:00+00:00,0.0,0.0,0.0,3.3702736220649904e-05
2025-09-04 21:00:00+00:00,0.0,0.0,0.0,0.0
2025-09-04 22:00:00+00:00,0.012934,0.0,0.0,0.0
2025-09-04 23:00:00+00:00,0.0,0.0,0.0,0.0
2025-09-05 00:00:00+00:00,0.0,0.0,0.0,0.0
2025-09-05 01:00:00+00:00,0.0,0.0,0.0,0.0
2025-09-05 02:00:00+00:00,0.0,0.0,0.0,0.0
2025-09-05 03:00:00+00:00,0.0,0.0,0.0,0.0
2025-09-05 04:00:00+00:00,0.0,0.0,0.0,0.0
2025-09-05 05:00:00+00:00,0.0,0.0,0.0,0.0
2025-09-05 06:00:00+00:00,0.0,0.0,0.0,0.0
2025-09-05 07:00:00+00:00,0.0,0.0,0.0,0.0
2025-09-05 08:00:00+00:00,0.0,0.0,0.0,0.0
2025-09-05 09:00:00+00:00,0.0,0.0,0.0,0.0
2025-09-05 10:00:00+00:00,0.0,0.0,0.0,0.0
2025-09-05 11:00:00+00:00,0.0,0.0,0.0,0.0
2025-09-05 12:00:00+00:00,0.0,0.0,0.0,0.0
2025-09-05 13:00:00+00:00,0.0,0.0,0.0,0.0
2025-09-05 14:00:00+00:00,0.0,0.0,0.0,0.0
2025-09-05 15:00:00+00:00,0.0,0.0,0.0,0.0
2025-09-05 16:00:00+00:00,0.0,0.0,0.0,0.0
2025-09-05 17:00:00+00:00,0.0,0.0,0.0,0.0
2025-09-05 18:00:00+00:00,0.0,0.0,0.0,0.0
2025-09-05 19:00:00+00:00,0.0,0.0,0.0,0.0
2025-09-05 20:00:00+00:00,0.0,0.0,0.0,0.0
2025-09-05 21:00:00+00:00,0.0,0.0,0.0,0.0
2025-09-05 22:00:00+00:00,0.0,0.0,0.0,0.0
2025-09-05 23:00:00+00:00,0.0,0.0,0.0,0.0
2025-09-06 00:00:00+00:00,0.0,0.0,0.0,0.0
2025-09-06 01:00:00+00:00,0.0,0.0,0.0,0.0
2025-09-06 02:00:00+00:00,0.0,0.0,0.0,0.0
2025-09-06 03:00:00+00:00,0.0,0.0,0.0,0.0
2025-09-06 04:00:00+00:00,0.0,0.0,0.0,0.0
2025-09-06 05:00:00+00:00,0.0,0.0,0.0,0.0
2025-09-06 06:00:00+00:00,0.0,0.0,0.0,0.0
2025-09-06 07:00:00+00:00,0.0,0.0,0.0,0.0
2025-09-06 08:00:00+00:00,0.0,0.0,0.0,0.0
2025-09-06 09:00:00+00:00,0.0,0.0,0.0,0.0
2025-09-06 10:00:00+00:00,0.0,0.0,0.0,0.0
2025-09-06 11:00:00+00:00,0.0,0.0,0.0,0.0
2025-09-06 12:00:00+00:00,0.0,0.0,0.0,0.0
2025-09-06 13:00:00+00:00,0.0,0.0,0.0,0.0
2025-09-06 14:00:00+00:00,0.0,0.0,0.0,0.0
2025-09-06 15:00:00+00:00,0.0,0.0,0.0,0.0
2025-09-06 16:00:00+00:00,0.0,0.0,0.0,0.0
2025-09-06 17:00:00+00:00,0.0,0.0,0.0,0.0
2025-09-06 18:00:00+00:00,0.0,0.0,0.0,0.0
2025-09-06 19:00:00+00:00,0.0,0.0,0.0,0.0
2025-09-06 20:00:00+00:00,0.0,0.0,0.0,0.0
2025-09-06 21:00:00+00:00,0.0,0.0,0.0,0.0
2025-09-06 22:00:00+00:00,0.0,0.0,0.0,0.0
2025-09-06 23:00:00+00:00,0.0,0.0,0.0,0.0
2025-09-07 00:00:00+00:00,0.0,0.0,0.0,0.0
2025-09-07 01:00:00+00:00,0.0,0.0,0.0,0.0
2025-09-07 02:00:00+00:00,0.0,0.0,0.0,0.0
2025-09-07 03:00:00+00:00,0.0,0.0,0.0,0.0
2025-09-07 04:00:00+00:00,0.0,0.0,0.0,0.0
2025-09-07 05:00:00+00:00,0.0,0.0,0.0,0.0
2025-09-07 06:00:00+00:00,0.0,0.0,0.0,0.0
2025-09-07 07:00:00+00:00,0.0,0.0,0.0,0.0
2025-09-07 08:00:00+00:00,0.0,0.0,0.0,0.0
2025-09-07 09:00:00+00:00,0.0,0.0,0.0,0.0
2025-09-07 10:00:00+00:00,0.0,0.0,0.0,0.0
2025-09-07 11:00:00+00:00,0.0,0.0,0.0,0.0
2025-09-07 12:00:00+00:00,0.0,0.0,0.0,0.0
2025-09-07 13:00:00+00:00,0.0,0.0,0.0,0.0
2025-09-07 14:00:00+00:00,0.0,0.0,0.0,0.0
2025-09-07 15:00:00+00:00,0.0,0.0,0.0,0.0
2025-09-07 16:00:00+00:00,0.0,0.0,0.0,0.0
2025-09-07 17:00:00+00:00,0.0,0.0,0.0,-3.115711015381328e-05
2025-09-07 18:00:00+00:00,0.0,0.0,0.0,0.0
2025-09-07 19:00:00+00:00,0.0,0.0,0.0,0.0
2025-09-07 20:00:00+00:00,0.0,0.0,0.0,0.0
2025-09-07 21:00:00+00:00,0.0,0.0,0.0,0.0
2025-09-07 22:00:00+00:00,0.0,0.0,0.0,0.0
2025-09-07 23:00:00+00:00,0.010931,0.0,0.0,1.6418122094025165e-05
2025-09-08 00:00:00+00:00,0.0,0.0,0.0,0.0
2025-09-08 01:00:00+00:00,0.0,0.0,0.0,0.0
2025-09-08 02:00:00+00:00,0.0,0.0,0.0,0.0
2025-09-08 03:00:00+00:00,0.0,0.0,0.0,0.0
2025-09-08 04:00:00+00:00,0.0,0.0,0.0,0.0
2025-09-08 05:00:00+00:00,0.0,0.0,0.0,0.0
2025-09-08 06:00:00+00:00,0.0,0.0,0.0,0.0
2025-09-08 07:00:00+00:00,0.0,0.0,3.3537668937583265e-05,2.028369431335109e-05
2025-09-08 08:00:00+00:00,0.0,0.0,0.0,0.0
2025-09-08 09:00:00+00:00,0.0,0.0,0.0,0.0
2025-09-08 10:00:00+00:00,0.0,0.0,0.0,0.0
2025-09-08 11:00:00+00:00,0.0,0.0,0.0,0.0
2025-09-08 12:00:00+00:00,0.0,0.0,0.0,0.0
2025-09-08 13:00:00+00:00,0.0,0.0,0.0,0.0
2025-09-08 14:00:00+00:00,0.011842,0.0,0.0,0.0
2025-09-08 15:00:00+00:00,0.0,0.0,0.0,0.0
2025-09-08 16:00:00+00:00,0.0,0.0,0.0,0.0
2025-09-08 17:00:00+00:00,0.0,0.0,0.0,0.0
2025-09-08 18:00:00+00:00,0.0,0.0,0.0,0.0
2025-09-08 19:00:00+00:00,0.0,0.0,0.0,0.0
2025-09-08 20:00:00+00:00,0.0,0.0,0.0,0.0
2025-09-08 21:00:00+00:00,0.0,0.0,0.0,0.0
2025-09-08 22:00:00+00:00,0.0,0.0,0.0,0.0
2025-09-08 23:00:00+00:00,0.0,0.0,0.0,0.0
2025-09-09 00:00:00+00:00,-0.012808,0.0,0.0,0.0
2025-09-09 01:00:00+00:00,0.0,0.0,0.0,0.0
2025-09-09 02:00:00+00:00,0.0,0.0,0.0,0.0
2025-09-09 03:00:00+00:00,0.0,0.0,0.0,0.0
2025-09-09 04:00:00+00:00,0.0,0.0,0.0,4.2825342458064914e-05
2025-09-09 05:00:00+00:00,0.0,0.0,0.0,0.0
2025-09-09 06:00:00+00:00,0.012282,0.0,4.311764705882238e-05,0.0
2025-09-09 07:00:00+00:00,0.0,0.0,0.0,0.0
2025-09-09 08:00:00+00:00,0.0,0.0,0.0,0.0
2025-09-09 09:00:00+00:00,0.0,0.0,0.0,0.0
2025-09-09 10:00:00+00:00,0.0,0.0,0.0,0.0
2025-09-09 11:00:00+00:00,0.0,0.0,0.0,0.0
2025-09-09 12:00:00+00:00,0.0,0.0,0.0,0.0
2025-09-09 13:00:00+00:00,0.0,0.0,0.0,0.0
2025-09-09 14:00:00+00:00,0.00235,0.0,-2.761439797483999e-05,-0.0001210538855897
2025-09-09 15:00:00+00:00,0.0,0.0,0.0,0.0
2025-09-09 16:00:00+00:00,0.0,0.0,0.0,0.0
2025-09-09 17:00:00+00:00,0.0,0.0,0.0,0.0
2025-09-09 18:00:00+00:00,0.0,0.0,0.0,0.0
2025-09-09 19:00:00+00:00,0.0,0.0,0.0,0.0
2025-09-09 20:00:00+00:00,0.0,0.0,0.0,0.0
2025-09-09 21:00:00+00:00,0.0,0.0,0.0,0.0
2025-09-09 22:00:00+00:00,0.0,0.0,0.0,0.0
2025-09-09 23:00:00+00:00,0.0,0.0,0.0,0.0
2025-09-10 00:00:00+00:00,0.0,0.0,0.0,0.0
2025-09-10 01:00:00+00:00,0.0,0.0,0.0,0.0
2025-09-10 02:00:00+00:00,0.0,0.0,0.0,0.0
2025-09-10 03:00:00+00:00,0.0,0.0,0.0,0.0
2025-09-10 04:00:00+00:00,0.0,0.0,0.0,0.0
2025-09-10 05:00:00+00:00,0.0,0.0,0.0,0.0
2025-09-10 06:00:00+00:00,0.0,0.0,0.0,0.0
2025-09-10 07:00:00+00:00,0.0,0.0,0.0,5.155950054892001e-05
2025-09-10 08:00:00+00:00,0.012435,0.0,6.694937568615056e-05,0.0
2025-09-10 09:00:00+00:00,0.0,0.0,0.0,0.0
2025-09-10 10:00:00+00:00,0.0,0.0,0.0,0.0
2025-09-10 11:00:00+00:00,0.0,0.0,0.0,0.0
2025-09-10 12:00:00+00:00,0.0,0.0,0.0,0.0
2025-09-10 13:00:00+00:00,0.0,0.0,0.0,0.0
2025-09-10 14:00:00+00:00,0.0,0.0,0.0,0.0
2025-09-10 15:00:00+00:00,0.0,0.0,0.0,0.0
2025-09-10 16:00:00+00:00,0.0,0.0,0.0,0.0
2025-09-10 17:00:00+00:00,0.0,0.0,0.0,0.0
2025-09-10 18:00:00+00:00,0.0,0.0,0.0,0.0
2025-09-10 19:00:00+00:00,0.0,0.0,0.0,0.0
2025-09-10 20:00:00+00:00,0.0,0.0,0.0,0.0
2025-09-10 21:00:00+00:00,0.0,0.0,0.0,0.0
2025-09-10 22:00:00+00:00,0.0,0.0,0.0,0.0
2025-09-10 23:00:00+00:00,0.0,0.0,0.0,0.0
2025-09-11 00:00:00+00:00,0.0,0.0,0.0,0.0
2025-09-11 01:00:00+00:00,0.0,0.0,0.0,0.0
2025-09-11 02:00:00+00:00,0.0,0.0,0.0,0.0
2025-09-11 03:00:00+00:00,0.0,0.0,6.268267565647468e-05,0.0
2025-09-11 04:00:00+00:00,0.0,0.0,0.0,0.0
2025-09-11 05:00:00+00:00,0.0,0.0,0.0,0.0
2025-09-11 06:00:00+00:00,0.0,0.0,0.0,0.0
2025-09-11 07:00:00+00:00,0.0,0.0,0.0,0.0
2025-09-11 08:00:00+00:00,0.0,0.0,0.0,0.0
2025-09-11 09:00:00+00:00,0.0,0.0,0.0,0.0
2025-09-11 10:00:00+00:00,0.0,0.0,0.0,0.0
2025-09-11 11:00:00+00:00,0.0,0.0,0.0,0.0
2025-09-11 12:00:00+00:00,0.002785,0.0,0.0,1.3981626886073747e-05
2025-09-11 13:00:00+00:00,0.0,0.0,0.0,0.0
2025-09-11 14:00:00+00:00,0.0,0.0,0.0,0.0
2025-09-11 15:00:00+00:00,0.0,0.0,0.0,0.0
2025-09-11 16:00:00+00:00,0.0,0.0,0.0,0.0
2025-09-11 17:00:00+00:00,0.0,0.0,0.0,0.0
2025-09-11 18:00:00+00:00,0.0,0.0,0.0,0.0
2025-09-11 19:00:00+00:00,0.0,0.0,0.0,0.0
2025-09-11 20:00:00+00:00,0.0,0.0,0.0,0.0
2025-09-11 21:00:00+00:00,0.0,0.0,0.0,0.0
2025-09-11 22:00:00+00:00,0.0,0.0,0.0,0.0
2025-09-11 23:00:00+00:00,0.0,0.0,0.0,0.0
2025-09-12 00:00:00+00:00,0.0,0.0,0.0,0.0
2025-09-12 01:00:00+00:00,0.0,0.0,0.0,0.0
2025-09-12 02:00:00+00:00,0.0,0.0,0.0,0.0
2025-09-12 03:00:00+00:00,0.0,0.0,0.0,0.0
2025-09-12 04:00:00+00:00,0.0,0.0,0.0,0.0
2025-09-12 05:00:00+00:00,0.0,0.0,0.0,0.0
2025-09-12 06:00:00+00:00,0.0,0.0,0.0,0.0
2025-09-12 07:00:00+00:00,0.0,0.0,0.0,0.0
2025-09-12 08:00:00+00:00,0.0,0.0,0.0,0.0
2025-09-12 09:00:00+00:00,0.0,0.0,0.0,0.0
2025-09-12 10:00:00+00:00,0.0,0.0,0.0,0.0
2025-09-12 11:00:00+00:00,0.0,0.0,0.0,0.0
2025-09-12 12:00:00+00:00,0.0,0.0,0.0,0.0
2025-09-12 13:00:00+00:00,0.0,0.0,0.0,0.0
2025-09-12 14:00:00+00:00,0.0,0.0,-2.699800592967815e-05,0.0
2025-09-12 15:00:00+00:00,0.0,0.0,0.0,0.0
2025-09-12 16:00:00+00:00,0.0,0.0,0.0,0.0
2025-09-12 17:00:00+00:00,0.0,0.0,0.0,0.0
2025-09-12 18:00:00+00:00,0.0,0.0,0.0,0.0
2025-09-12 19:00:00+00:00,0.0,0.0,0.0,0.0
2025-09-12 20:00:00+00:00,0.0,0.0,0.0,0.0
2025-09-12 21:00:00+00:00,0.0,0.0,0.0,0.0
2025-09-12 22:00:00+00:00,0.0,0.0,0.0,0.0
2025-09-12 23:00:00+00:00,0.0,0.0,0.0,0.0
2025-09-13 00:00:00+00:00,0.0,0.0,0.0,0.0
2025-09-13 01:00:00+00:00,0.0,0.0,0.0,0.0
2025-09-13 02:00:00+00:00,0.0,0.0,0.0,0.0
2025-09-13 03:00:00+00:00,0.0,0.0,0.0,0.0
2025-09-13 04:00:00+00:00,0.0,0.0,0.0,0.0
2025-09-13 05:00:00+00:00,0.0,0.0,0.0,0.0
2025-09-13 06:00:00+00:00,0.0,0.0,0.0,0.0
2025-09-13 07:00:00+00:00,0.0,0.0,0.0,0.0
2025-09-13 08:00:00+00:00,0.0,0.0,0.0,0.0
2025-09-13 09:00:00+00:00,0.0,0.0,0.0,0.0
2025-09-13 10:00:00+00:00,0.0,0.0,0.0,0.0
2025-09-13 11:00:00+00:00,0.0,0.0,0.0,0.0
2025-09-13 12:00:00+00:00,0.0,0.0,0.0,0.0
2025-09-13 13:00:00+00:00,0.0,0.0,0.0,0.0
2025-09-13 14:00:00+00:00,0.0,0.0,0.0,0.0
2025-09-13 15:00:00+00:00,0.0,0.0,0.0,0.0
2025-09-13 16:00:00+00:00,-0.013634,0.0,0.0,-4.1617877996017454e-05
2025-09-13 17:00:00+00:00,0.0,0.0,0.0,0.0
2025-09-13 18:00:00+00:00,0.0,0.0,0.0,0.0
2025-09-13 19:00:00+00:00,0.0,0.0,0.0,0.0
2025-09-13 20:00:00+00:00,0.0,0.0,0.0,0.0
2025-09-13 21:00:00+00:00,0.0,0.0,0.0,0.0
2025-09-13 22:00:00+00:00,0.0,0.0,0.0,0.0
2025-09-13 23:00:00+00:00,0.0,0.0,0.0,0.0
2025-09-14 00:00:00+00:00,0.0,0.0,0.0,0.0
2025-09-14 01:00:00+00:00,0.0,0.0,0.0,0.0
2025-09-14 02:00:00+00:00,0.0,0.0,0.0,0.0
2025-09-14 03:00:00+00:00,-0.014224,0.0,-2.5493778967217157e-05,-3.540777470869338e-05
2025-09-14 04:00:00+00:00,0.0,0.0,0.0,0.0
2025-09-14 05:00:00+00:00,0.0,0.0,0.0,0.0
2025-09-14 06:00:00+00:00,0.0,0.0,-1.816114205410501e-05,0.0
2025-09-14 07:00:00+00:00,0.0,0.0,0.0,0.0
2025-09-14 08:00:00+00:00,0.0,0.0,0.0,0.0
2025-09-14 09:00:00+00:00,0.0,0.0,0.0,9.586740929851131e-06
2025-09-14 10:00:00+00:00,0.0,0.0,0.0,0.0
2025-09-14 11:00:00+00:00,0.0,0.0,0.0,0.0
2025-09-14 12:00:00+00:00,0.000722,0.0,0.0,0.0
2025-09-14 13:00:00+00:00,0.0,0.0,0.0,-3.237452549662455e-05
2025-09-14 14:00:00+00:00,0.0,0.0,0.0,0.0
2025-09-14 15:00:00+00:00,0.0,0.0,0.0,0.0
2025-09-14 16:00:00+00:00,0.0,0.0,0.0,1.2776502918100403e-05
2025-09-14 17:00:00+00:00,0.0,0.0,0.0,0.0
2025-09-14 18:00:00+00:00,0.0,0.0,0.0,0.0
2025-09-14 19:00:00+00:00,0.0,0.0,0.0,8.990848371769342e-06
2025-09-14 20:00:00+00:00,0.011035,0.0,0.0,0.0
2025-09-14 21:00:00+00:00,0.0,0.0,5.162043414672525e-05,0.0
2025-09-14 22:00:00+00:00,0.0,0.0,0.0,0.0
2025-09-14 23:00:00+00:00,0.0,0.0,0.0,0.0
2025-09-15 00:00:00+00:00,0.0,0.0,0.0,0.0
2025-09-15 01:00:00+00:00,0.0,0.0,0.0,0.0
2025-09-15 02:00:00+00:00,0.0,0.0,0.0,0.0
2025-09-15 03:00:00+00:00,0.0,0.0,0.0,0.0
2025-09-15 04:00:00+00:00,0.0,0.0,0.0,0.0
2025-09-15 05:00:00+00:00,0.0,0.0,0.0,0.0
2025-09-15 06:00:00+00:00,-0.013125,0.0,-3.4219876416065045e-05,0.0
2025-09-15 07:00:00+00:00,0.0,0.0,0.0,0.0
2025-09-15 08:00:00+00:00,0.0,0.0,0.0,0.0
2025-09-15 09:00:00+00:00,0.0,0.0,0.0,0.0
2025-09-15 10:00:00+00:00,0.0,0.0,0.0,0.0
2025-09-15 11:00:00+00:00,0.0,0.0,0.0,0.0
2025-09-15 12:00:00+00:00,0.0,0.0,0.0,0.0
2025-09-15 13:00:00+00:00,0.0,0.0,0.0,-5.743790736073672e-05
2025-09-15 14:00:00+00:00,0.0,0.0,0.0,0.0
2025-09-15 15:00:00+00:00,0.0,0.0,0.0,0.0
2025-09-15 16:00:00+00:00,0.0,0.0,-1.651052617863357e-05,0.0
2025-09-15 17:00:00+00:00,0.0,0.0,0.0,0.0
2025-09-15 18:00:00+00:00,0.0,0.0,0.0,0.0
2025-09-15 19:00:00+00:00,0.0,0.0,0.0,0.0
2025-09-15 20:00:00+00:00,0.0,0.0,0.0,0.0
2025-09-15 21:00:00+00:00,0.0,0.0,0.0,0.0
2025-09-15 22:00:00+00:00,0.0,0.0,0.0,0.0
2025-09-15 23:00:00+00:00,0.0,0.0,0.0,0.0
2025-09-16 00:00:00+00:00,0.0,0.0,0.0,0.0
2025-09-16 01:00:00+00:00,0.0,0.0,0.0,0.0
2025-09-16 02:00:00+00:00,0.0,0.0,0.0,0.0
2025-09-16 03:00:00+00:00,0.0,0.0,0.0,0.0
2025-09-16 04:00:00+00:00,0.0,0.0,0.0,0.0
2025-09-16 05:00:00+00:00,0.012487,0.0,0.0,0.0
2025-09-16 06:00:00+00:00,0.0,0.0,0.0,0.0
2025-09-16 07:00:00+00:00,0.0,0.0,0.0,0.0
2025-09-16 08:00:00+00:00,0.0,0.0,0.0,0.0
2025-09-16 09:00:00+00:00,0.0,0.0,0.0,0.0
2025-09-16 10:00:00+00:00,0.0,0.0,0.0,0.0
2025-09-16 11:00:00+00:00,-0.012745,0.0,0.0,-6.205567005774125e-05
2025-09-16 12:00:00+00:00,0.0,0.0,0.0,0.0
2025-09-16 13:00:00+00:00,0.0,0.0,0.0,0.0
2025-09-16 14:00:00+00:00,0.0,0.0,0.0,0.0
2025-09-16 15:00:00+00:00,0.0,0.0,0.0,0.0
2025-09-16 16:00:00+00:00,0.0,0.0,0.0,0.0
2025-09-16 17:00:00+00:00,0.012179,0.0,0.0,7.551562499999887e-05
2025-09-16 18:00:00+00:00,0.0,0.0,0.0,0.0
2025-09-16 19:00:00+00:00,0.0,0.0,0.0,0.0
2025-09-16 20:00:00+00:00,0.0,0.0,0.0,0.0
2025-09-16 21:00:00+00:00,0.0,0.0,0.0,0.0
2025-09-16 22:00:00+00:00,0.0,0.0,0.0,0.0
2025-09-16 23:00:00+00:00,0.0,0.0,0.0,0.0
2025-09-17 00:00:00+00:00,0.0,0.0,0.0,0.0
2025-09-17 01:00:00+00:00,0.0,0.0,0.0,0.0
2025-09-17 02:00:00+00:00,0.0,0.0,0.0,0.0
2025-09-17 03:00:00+00:00,0.0021709999999999,0.0,0.0,0.0
2025-09-17 04:00:00+00:00,0.0,0.0,-2.6628564730840623e-05,0.0
2025-09-17 05:00:00+00:00,0.0,0.0,0.0,2.990855535401794e-05
2025-09-17 06:00:00+00:00,0.0,0.0,0.0,0.0
2025-09-17 07:00:00+00:00,0.0,0.0,0.0,0.0
2025-09-17 08:00:00+00:00,-0.012737,0.0,-1.636807961046926e-05,0.0
2025-09-17 09:00:00+00:00,0.0,0.0,0.0,0.0
2025-09-17 10:00:00+00:00,0.0,0.0,0.0,0.0
2025-09-17 11:00:00+00:00,0.0,0.0,0.0,0.0
2025-09-17 12:00:00+00:00,0.0,0.0,-2.447329363211125e-05,-4.203397408545805e-05
2025-09-17 13:00:00+00:00,0.0,0.0,0.0,0.0
2025-09-17 14:00:00+00:00,-0.013033,0.0,0.0,0.0
2025-09-17 15:00:00+00:00,0.0,0.0,0.0,0.0
2025-09-17 16:00:00+00:00,0.0,0.0,0.0,0.0
2025-09-17 17:00:00+00:00,0.0,0.0,0.0,0.0
2025-09-17 18:00:00+00:00,0.0,0.002363,0.0,0.0
2025-09-17 19:00:00+00:00,0.0,0.0,0.0,0.0
2025-09-17 20:00:00+00:00,0.0,0.0,0.0,0.0
2025-09-17 21:00:00+00:00,0.0,0.0,0.0,0.0
2025-09-17 22:00:00+00:00,0.0,0.0,0.0,7.244165277400573e-05
2025-09-17 23:00:00+00:00,0.0,0.0,0.0,0.0
2025-09-18 00:00:00+00:00,0.0,0.0,0.0,0.0
2025-09-18 01:00:00+00:00,0.0,0.0,0.0,0.0
2025-09-18 02:00:00+00:00,0.0,0.0,0.0,0.0
2025-09-18 03:00:00+00:00,0.0,0.0,0.0,0.0
2025-09-18 04:00:00+00:00,0.0,0.0,0.0,0.0
2025-09-18 05:00:00+00:00,0.0,0.0,0.0,0.0
2025-09-18 06:00:00+00:00,0.0,0.0,0.0,0.0
2025-09-18 07:00:00+00:00,0.0,0.0,0.0,0.0
2025-09-18 08:00:00+00:00,0.0,0.0,0.0,0.0
2025-09-18 09:00:00+00:00,0.0,0.0,0.0,0.0
2025-09-18 10:00:00+00:00,0.0,0.0,0.0,0.0
2025-09-18 11:00:00+00:00,0.0,0.0,0.0,0.0
2025-09-18 12:00:00+00:00,0.0,0.0,0.0,0.0
2025-09-18 13:00:00+00:00,0.0,0.0,0.0,0.0
2025-09-18 14:00:00+00:00,0.0,0.0,0.0,0.0
2025-09-18 15:00:00+00:00,0.0,0.0,0.0,0.0
2025-09-18 16:00:00+00:00,0.0,0.0,0.0,0.0
2025-09-18 17:00:00+00:00,0.0,0.0,0.0,0.0
2025-09-18 18:00:00+00:00,0.0,0.0,0.0,0.0
2025-09-18 19:00:00+00:00,0.0,0.0,0.0,0.0
2025-09-18 20:00:00+00:00,0.0,0.0,0.0,0.0
2025-09-18 21:00:00+00:00,0.0,0.0,0.0,0.0
2025-09-18 22:00:00+00:00,0.0,0.0,0.0,0.0
2025-09-18 23:00:00+00:00,0.0,-0.0126679999999999,0.0,0.0
2025-09-19 00:00:00+00:00,0.0,0.0,0.0,0.0
2025-09-19 01:00:00+00:00,0.0,0.0,0.0,0.0
2025-09-19 02:00:00+00:00,0.0,0.0,0.0,0.0
2025-09-19 03:00:00+00:00,0.0,0.0,0.0,0.0
2025-09-19 04:00:00+00:00,0.0,0.0,0.0,0.0
2025-09-19 05:00:00+00:00,0.0,0.0,0.0,0.0
2025-09-19 06:00:00+00:00,0.0,-0.012731,0.0,0.0
2025-09-19 07:00:00+00:00,0.0,0.0,0.0,0.0
2025-09-19 08:00:00+00:00,0.0,0.0,0.0,0.0
2025-09-19 09:00:00+00:00,-0.012832,0.0,0.0,0.0
2025-09-19 10:00:00+00:00,0.0,0.0,0.0,-5.30236289723207e-05
2025-09-19 11:00:00+00:00,0.0,0.0,0.0,0.0
2025-09-19 12:00:00+00:00,0.0,0.0,0.0,0.0
2025-09-19 13:00:00+00:00,0.0,-0.012943,0.0,0.0
2025-09-19 14:00:00+00:00,-0.013253,0.0,-2.6784245967481625e-05,0.0
2025-09-19 15:00:00+00:00,0.0,0.0,0.0,-5.084831199755224e-05
2025-09-19 16:00:00+00:00,0.0,0.0,0.0,0.0
2025-09-19 17:00:00+00:00,0.0,-0.012893,0.0,0.0
2025-09-19 18:00:00+00:00,0.0,0.0,0.0,0.0
2025-09-19 19:00:00+00:00,0.0,0.0,0.0,0.0
2025-09-19 20:00:00+00:00,0.0,0.0,0.0,0.0
2025-09-19 21:00:00+00:00,0.0,0.0,0.0,0.0
2025-09-19 22:00:00+00:00,0.0,0.0,0.0,0.0
2025-09-19 23:00:00+00:00,0.0,0.0,0.0,0.0
2025-09-20 00:00:00+00:00,0.0,0.0,0.0,1.7216604398900834e-05
2025-09-20 01:00:00+00:00,0.0,0.0,0.0,0.0
2025-09-20 02:00:00+00:00,0.0,0.0,0.0,0.0
2025-09-20 03:00:00+00:00,0.0,0.0,0.0,0.0
2025-09-20 04:00:00+00:00,0.0,0.0,0.0,0.0
2025-09-20 05:00:00+00:00,0.0,0.0,0.0,0.0
2025-09-20 06:00:00+00:00,0.0,0.0,0.0,0.0
2025-09-20 07:00:00+00:00,0.0,0.0,0.0,0.0
2025-09-20 08:00:00+00:00,0.0,0.0,0.0,0.0
2025-09-20 09:00:00+00:00,0.0,0.0,0.0,0.0
2025-09-20 10:00:00+00:00,0.0,0.0,0.0,0.0
2025-09-20 11:00:00+00:00,0.0,0.0,0.0,0.0
2025-09-20 12:00:00+00:00,0.0,0.0,0.0,0.0
2025-09-20 13:00:00+00:00,0.0,0.0,0.0,0.0
2025-09-20 14:00:00+00:00,0.0,0.0,0.0,0.0
2025-09-20 15:00:00+00:00,0.0,0.0,0.0,0.0
2025-09-20 16:00:00+00:00,0.0,0.0,0.0,0.0
2025-09-20 17:00:00+00:00,0.0,0.0,0.0,0.0
2025-09-20 18:00:00+00:00,0.0,0.0,0.0,0.0
2025-09-20 19:00:00+00:00,0.0,0.0,0.0,0.0
2025-09-20 20:00:00+00:00,0.0,0.0,0.0,0.0
2025-09-20 21:00:00+00:00,0.0,0.0,0.0,0.0
2025-09-20 22:00:00+00:00,0.0,0.0,0.0,0.0
2025-09-20 23:00:00+00:00,0.0,0.0,0.0,0.0
2025-09-21 00:00:00+00:00,0.0,0.0,0.0,0.0
2025-09-21 01:00:00+00:00,0.0,0.0,0.0,0.0
2025-09-21 02:00:00+00:00,0.0,0.001999,0.0,0.0
2025-09-21 03:00:00+00:00,0.0,0.0,0.0,0.0
2025-09-21 04:00:00+00:00,0.0,0.0,-1.4627411862824228e-05,0.0
2025-09-21 05:00:00+00:00,0.0,0.0,0.0,0.0
2025-09-21 06:00:00+00:00,0.0,0.0,0.0,0.0
2025-09-21 07:00:00+00:00,0.0,0.0,-1.5355389360275353e-05,0.0
2025-09-21 08:00:00+00:00,0.0,0.0,0.0,0.0
2025-09-21 09:00:00+00:00,0.002028,-0.016169,0.0,-2.285293446466107e-05
2025-09-21 10:00:00+00:00,0.0,0.0,0.0,0.0
2025-09-21 11:00:00+00:00,0.0,0.0,0.0,0.0
2025-09-21 12:00:00+00:00,0.0,0.0,0.0,0.0
2025-09-21 13:00:00+00:00,0.0,0.0,0.0,0.0
2025-09-21 14:00:00+00:00,0.0,0.0,-1.4403361010325569e-05,0.0
2025-09-21 15:00:00+00:00,0.0,0.0,0.0,0.0
2025-09-21 16:00:00+00:00,0.0,0.0,0.0,0.0
2025-09-21 17:00:00+00:00,0.0,0.0,0.0,0.0
2025-09-21 18:00:00+00:00,0.0,0.0,0.0,0.0
2025-09-21 19:00:00+00:00,0.0,0.0,0.0,0.0
2025-09-21 20:00:00+00:00,0.0,0.0,0.0,0.0
2025-09-21 21:00:00+00:00,0.0,0.0,0.0,0.0
2025-09-21 22:00:00+00:00,0.0,0.0,0.0,0.0
2025-09-21 23:00:00+00:00,0.0,0.0,0.0,0.0
2025-09-22 00:00:00+00:00,0.0,0.0,0.0,0.0
2025-09-22 01:00:00+00:00,0.0,0.0,0.0,0.0
2025-09-22 02:00:00+00:00,0.0,0.001197,0.0,0.0
2025-09-22 03:00:00+00:00,0.0,0.0,0.0,0.0
2025-09-22 04:00:00+00:00,0.0,0.0,0.0,0.0
2025-09-22 05:00:00+00:00,0.0,0.0,0.0,0.0
2025-09-22 06:00:00+00:00,0.0,0.0,0.0,0.0
2025-09-22 07:00:00+00:00,0.0,0.0,0.0,0.0
2025-09-22 08:00:00+00:00,0.0,0.0,0.0,0.0
2025-09-22 09:00:00+00:00,0.0,0.0,0.0,-4.494657285192937e-05
2025-09-22 10:00:00+00:00,0.0,0.0,0.0,0.0
2025-09-22 11:00:00+00:00,0.0,0.0,0.0,0.0
2025-09-22 12:00:00+00:00,0.0,0.0,0.0,0.0
2025-09-22 13:00:00+00:00,0.0,0.0,0.0,0.0
2025-09-22 14:00:00+00:00,0.0,0.0,1.7366220106474015e-06,0.0
2025-09-22 15:00:00+00:00,0.0,0.0,0.0,0.0
2025-09-22 16:00:00+00:00,0.0,0.0,0.0,0.0
2025-09-22 17:00:00+00:00,0.0,0.0,0.0,-5.763281641263828e-05
2025-09-22 18:00:00+00:00,0.0,0.0,0.0,0.0
2025-09-22 19:00:00+00:00,0.0,0.0,0.0,0.0
2025-09-22 20:00:00+00:00,0.0,0.0,0.0,0.0
2025-09-22 21:00:00+00:00,0.0,0.0,0.0,0.0
2025-09-22 22:00:00+00:00,0.0,0.0,0.0,0.0
2025-09-22 23:00:00+00:00,0.0,0.0,0.0,0.0
2025-09-23 00:00:00+00:00,0.0,0.0,0.0,0.0
2025-09-23 01:00:00+00:00,0.0,0.0,0.0,0.0
2025-09-23 02:00:00+00:00,0.0,0.0,0.0,0.0
2025-09-23 03:00:00+00:00,0.0,0.0,0.0,0.0
2025-09-23 04:00:00+00:00,0.0,0.0,0.0,0.0
2025-09-23 05:00:00+00:00,0.0,0.0,0.0,0.0
2025-09-23 06:00:00+00:00,0.0,0.0,0.0,0.0
2025-09-23 07:00:00+00:00,0.0,0.0,0.0,0.0
2025-09-23 08:00:00+00:00,0.0,0.0,0.0,0.0
2025-09-23 09:00:00+00:00,0.0,0.0,0.0,0.0
2025-09-23 10:00:00+00:00,0.0,0.0,0.0,0.0
2025-09-23 11:00:00+00:00,0.0,0.0,0.0,0.0
2025-09-23 12:00:00+00:00,0.0,0.0,0.0,0.0
2025-09-23 13:00:00+00:00,0.0,0.0,0.0,0.0
2025-09-23 14:00:00+00:00,0.0,0.0,0.0,0.0
2025-09-23 15:00:00+00:00,0.0,0.0,0.0,0.0
2025-09-23 16:00:00+00:00,0.0,0.0,0.0,0.0
2025-09-23 17:00:00+00:00,0.0,0.0,0.0,0.0
2025-09-23 18:00:00+00:00,0.0,0.0,0.0,0.0
2025-09-23 19:00:00+00:00,0.0,0.0,0.0,0.0
2025-09-23 20:00:00+00:00,0.0,0.0,0.0,0.0
2025-09-23 21:00:00+00:00,0.0,0.0,0.0,0.0
2025-09-23 22:00:00+00:00,0.0,0.0,0.0,0.0
2025-09-23 23:00:00+00:00,0.0,0.0,0.0,0.0
2025-09-24 00:00:00+00:00,0.0,0.0,0.0,0.0
2025-09-24 01:00:00+00:00,0.0,0.0,0.0,0.0
2025-09-24 02:00:00+00:00,0.0,0.0028199999999999,0.0,0.0
2025-09-24 03:00:00+00:00,0.0,0.0,0.0,0.0
2025-09-24 04:00:00+00:00,0.0,0.0,0.0,0.0
2025-09-24 05:00:00+00:00,0.0,0.0,0.0,0.0
2025-09-24 06:00:00+00:00,0.0,0.0,0.0,0.0
2025-09-24 07:00:00+00:00,0.0,0.0,0.0,0.0
2025-09-24 08:00:00+00:00,0.0,0.0,0.0,0.0
2025-09-24 09:00:00+00:00,0.0,0.0,0.0,0.0
2025-09-24 10:00:00+00:00,0.0,0.0,0.0,0.0
2025-09-24 11:00:00+00:00,0.0,0.0,0.0,0.0
2025-09-24 12:00:00+00:00,0.0,0.0,0.0,0.0
2025-09-24 13:00:00+00:00,0.0,0.0,0.0,0.0
2025-09-24 14:00:00+00:00,0.0,0.0,0.0,0.0
2025-09-24 15:00:00+00:00,0.0,0.0,0.0,0.0
2025-09-24 16:00:00+00:00,0.0,0.0,0.0,0.0
2025-09-24 17:00:00+00:00,0.0,0.0,0.0,0.0
2025-09-24 18:00:00+00:00,0.0,0.0,0.0,0.0
2025-09-24 19:00:00+00:00,0.0,0.0,0.0,0.0
2025-09-24 20:00:00+00:00,0.0,0.0,0.0,0.0
2025-09-24 21:00:00+00:00,0.0,0.0,0.0,0.0
2025-09-24 22:00:00+00:00,0.0,0.0,0.0,0.0
2025-09-24 23:00:00+00:00,0.0,0.0,0.0,0.0
2025-09-25 00:00:00+00:00,0.0,0.0,0.0,0.0
2025-09-25 01:00:00+00:00,0.0,0.0,0.0,0.0
2025-09-25 02:00:00+00:00,0.0,0.0,0.0,0.0
2025-09-25 03:00:00+00:00,0.0,0.0,0.0,0.0
2025-09-25 04:00:00+00:00,0.0,0.0,0.0,0.0
2025-09-25 05:00:00+00:00,0.0,0.0,0.0,0.0
2025-09-25 06:00:00+00:00,0.0,0.0,0.0,0.0
2025-09-25 07:00:00+00:00,0.0,0.0,0.0,0.0
2025-09-25 08:00:00+00:00,0.0,0.0,0.0,0.0
2025-09-25 09:00:00+00:00,0.0,0.0,0.0,0.0
2025-09-25 10:00:00+00:00,0.0,0.0,0.0,0.0
2025-09-25 11:00:00+00:00,0.0,0.0,0.0,0.0
2025-09-25 12:00:00+00:00,0.0,0.0,0.0,0.0
2025-09-25 13:00:00+00:00,0.0,0.0,0.0,0.0
2025-09-25 14:00:00+00:00,0.0,0.0,0.0,0.0
2025-09-25 15:00:00+00:00,0.0,0.003,0.0,0.0
2025-09-25 16:00:00+00:00,0.0,0.0,0.0,0.0
2025-09-25 17:00:00+00:00,0.0,0.0,-5.9056756756756806e-05,-0.0001277362162162
2025-09-25 18:00:00+00:00,0.0,0.0,0.0,0.0
2025-09-25 19:00:00+00:00,0.0,0.0,0.0,0.0
2025-09-25 20:00:00+00:00,0.0,0.0,0.0,0.0
2025-09-25 21:00:00+00:00,0.0,0.0,0.0,0.0
2025-09-25 22:00:00+00:00,0.0,0.0,0.0,0.0
2025-09-25 23:00:00+00:00,0.0,0.0,0.0,0.0
2025-09-26 00:00:00+00:00,0.0,0.0,0.0,0.0
2025-09-26 01:00:00+00:00,0.0,0.0,0.0,0.0
2025-09-26 02:00:00+00:00,0.0,0.0,0.0,0.0
2025-09-26 03:00:00+00:00,0.0,0.0,0.0,1.0117959034380296e-05
2025-09-26 04:00:00+00:00,0.0,0.0,0.0,0.0
2025-09-26 05:00:00+00:00,0.0,0.0,0.0,0.0
2025-09-26 06:00:00+00:00,0.0,0.0,0.0,0.0
2025-09-26 07:00:00+00:00,0.0,0.0,0.0,0.0
2025-09-26 08:00:00+00:00,0.0,0.0,0.0,0.0
2025-09-26 09:00:00+00:00,0.0,0.0,0.0,0.0
2025-09-26 10:00:00+00:00,0.0,0.0,0.0,0.0
2025-09-26 11:00:00+00:00,0.0,0.0,0.0,0.0
2025-09-26 12:00:00+00:00,0.0,0.0,0.0,0.0
2025-09-26 13:00:00+00:00,0.0,0.0,0.0,0.0
2025-09-26 14:00:00+00:00,0.0,0.0,0.0,0.0
2025-09-26 15:00:00+00:00,0.0,0.0,0.0,0.0
2025-09-26 16:00:00+00:00,0.0,0.0,0.0,0.0
2025-09-26 17:00:00+00:00,0.0,0.0,0.0,0.0
2025-09-26 18:00:00+00:00,0.0,0.0,0.0,0.0
2025-09-26 19:00:00+00:00,0.0,0.0,0.0,0.0
2025-09-26 20:00:00+00:00,0.0,0.0,0.0,0.0
2025-09-26 21:00:00+00:00,0.0,0.0,0.0,0.0
2025-09-26 22:00:00+00:00,0.0,0.0,0.0,0.0
2025-09-26 23:00:00+00:00,0.0,0.0,0.0,0.0
2025-09-27 00:00:00+00:00,0.0,0.0,0.0,0.0
2025-09-27 01:00:00+00:00,0.0,0.0,0.0,0.0
2025-09-27 02:00:00+00:00,0.0,0.0,0.0,0.0
2025-09-27 03:00:00+00:00,0.0,0.0,0.0,0.0
2025-09-27 04:00:00+00:00,0.0,0.0,0.0,0.0
2025-09-27 05:00:00+00:00,0.0,0.0,0.0,0.0
2025-09-27 06:00:00+00:00,0.0,0.0,0.0,0.0
2025-09-27 07:00:00+00:00,0.0,0.0,0.0,0.0
2025-09-27 08:00:00+00:00,0.0,0.0,0.0,0.0
2025-09-27 09:00:00+00:00,0.0,0.0,0.0,0.0
2025-09-27 10:00:00+00:00,0.0,0.0,0.0,0.0
2025-09-27 11:00:00+00:00,0.0,0.0,0.0,0.0
2025-09-27 12:00:00+00:00,0.0,0.0,0.0,0.0
2025-09-27 13:00:00+00:00,0.0,0.0,0.0,0.0
2025-09-27 14:00:00+00:00,0.0,0.0,0.0,0.0
2025-09-27 15:00:00+00:00,0.0,0.0,0.0,0.0
2025-09-27 16:00:00+00:00,0.0,0.0,0.0,0.0
2025-09-27 17:00:00+00:00,0.0,0.0,0.0,0.0
2025-09-27 18:00:00+00:00,0.0,0.0,0.0,0.0
2025-09-27 19:00:00+00:00,0.0,0.0,0.0,0.0
2025-09-27 20:00:00+00:00,0.0,0.0,0.0,0.0
2025-09-27 21:00:00+00:00,0.0,0.0,0.0,0.0
2025-09-27 22:00:00+00:00,0.0,0.0,0.0,0.0
2025-09-27 23:00:00+00:00,0.0,0.0,0.0,0.0
2025-09-28 00:00:00+00:00,0.0,0.0,0.0,0.0
2025-09-28 01:00:00+00:00,0.0,0.000417,0.0,0.0
2025-09-28 02:00:00+00:00,0.0,0.0,0.0,0.0
2025-09-28 03:00:00+00:00,0.0,0.0,0.0,0.0
2025-09-28 04:00:00+00:00,0.0,0.0,0.0,0.0
2025-09-28 05:00:00+00:00,0.0,0.0,0.0,0.0
2025-09-28 06:00:00+00:00,0.0,0.0,0.0,0.0
2025-09-28 07:00:00+00:00,0.0,0.0,0.0,0.0
2025-09-28 08:00:00+00:00,0.0,0.0,0.0,0.0
2025-09-28 09:00:00+00:00,0.0,0.0,5.157241636243324e-06,5.157241636243324e-06
2025-09-28 10:00:00+00:00,0.0,0.0,0.0,0.0
2025-09-28 11:00:00+00:00,0.0,0.0,0.0,0.0
2025-09-28 12:00:00+00:00,0.0,0.0,-1.901900739350148e-05,0.0
2025-09-28 13:00:00+00:00,0.0,0.0,0.0,1.1645617744403544e-05
2025-09-28 14:00:00+00:00,0.0,0.010169,0.0,0.0
2025-09-28 15:00:00+00:00,0.0,0.0,0.0,0.0
2025-09-28 16:00:00+00:00,0.0,0.0,0.0,0.0
2025-09-28 17:00:00+00:00,0.0,0.0,0.0,0.0
2025-09-28 18:00:00+00:00,0.0,0.0,0.0,0.0
2025-09-28 19:00:00+00:00,0.0,0.0,0.0,0.0
2025-09-28 20:00:00+00:00,0.0,0.0,0.0,2.5518661610591808e-05
2025-09-28 21:00:00+00:00,0.0,0.0,0.0,0.0
2025-09-28 22:00:00+00:00,0.0,0.0,0.0,0.0
2025-09-28 23:00:00+00:00,0.0,0.0,0.0,0.0
2025-09-29 00:00:00+00:00,0.0,0.0,0.0,0.0
2025-09-29 01:00:00+00:00,0.0,0.0,0.0,0.0
2025-09-29 02:00:00+00:00,0.0,0.0,0.0,0.0
2025-09-29 03:00:00+00:00,0.0,0.0,0.0,0.0
2025-09-29 04:00:00+00:00,0.0,0.0,0.0,0.0
2025-09-29 05:00:00+00:00,0.0,0.0,-2.204389405771611e-05,0.0
2025-09-29 06:00:00+00:00,0.0,0.0,0.0,-3.730784963994926e-05
2025-09-29 07:00:00+00:00,0.0,0.0,0.0,0.0
2025-09-29 08:00:00+00:00,0.0,0.0,0.0,0.0
2025-09-29 09:00:00+00:00,0.0,0.0,0.0,0.0
2025-09-29 10:00:00+00:00,0.0,0.0,0.0,0.0
2025-09-29 11:00:00+00:00,0.0,0.0,0.0,0.0
2025-09-29 12:00:00+00:00,0.0,0.0,0.0,0.0
2025-09-29 13:00:00+00:00,0.0,0.0,6.440337734919256e-05,4.952270187935316e-05
2025-09-29 14:00:00+00:00,0.0,0.0,0.0,0.0
2025-09-29 15:00:00+00:00,0.0,0.0,0.0,0.0
2025-09-29 16:00:00+00:00,0.0,0.0,0.0,0.0
2025-09-29 17:00:00+00:00,0.0,0.0,0.0,0.0
2025-09-29 18:00:00+00:00,0.0,0.0,0.0,0.0
2025-09-29 19:00:00+00:00,0.0,0.0,0.0,0.0
2025-09-29 20:00:00+00:00,0.0,0.0,0.0,0.0
2025-09-29 21:00:00+00:00,0.0,0.0,0.0,0.0
2025-09-29 22:00:00+00:00,0.0,0.0,0.0,0.0
2025-09-29 23:00:00+00:00,0.0,0.0,0.0,0.0
2025-09-30 00:00:00+00:00,0.0,0.0,0.0,0.0
2025-09-30 01:00:00+00:00,0.0,0.0,0.0,0.0
2025-09-30 02:00:00+00:00,0.0,0.0,0.0,0.0
2025-09-30 03:00:00+00:00,0.0,0.0,0.0,0.0
2025-09-30 04:00:00+00:00,0.0,0.0,0.0,0.0
2025-09-30 05:00:00+00:00,0.0,0.0,0.0,0.0
2025-09-30 06:00:00+00:00,0.0,0.0,0.0,0.0
2025-09-30 07:00:00+00:00,0.0,0.0,0.0,0.0
2025-09-30 08:00:00+00:00,0.0,0.0,0.0,0.0
2025-09-30 09:00:00+00:00,0.0,0.0,0.0,-5.13588526378883e-05
2025-09-30 10:00:00+00:00,0.0,0.0,0.0,0.0
2025-09-30 11:00:00+00:00,0.0,0.0,0.0,0.0
2025-09-30 12:00:00+00:00,0.0,0.0,0.0,0.0
2025-09-30 13:00:00+00:00,0.0,0.0,0.0,0.0
2025-09-30 14:00:00+00:00,0.0,0.002321,0.0,0.0
2025-09-30 15:00:00+00:00,0.0,0.0,0.0,0.0
2025-09-30 16:00:00+00:00,0.0,0.0,0.0,0.0
2025-09-30 17:00:00+00:00,0.0,0.0,0.0,0.0
2025-09-30 18:00:00+00:00,0.0,0.0,0.0,0.0
2025-09-30 19:00:00+00:00,0.0,0.0,0.0,6.196637212332213e-05
2025-09-30 20:00:00+00:00,0.0,0.0,0.0,0.0
2025-09-30 21:00:00+00:00,0.0,0.0,0.0,0.0
2025-09-30 22:00:00+00:00,0.0,0.0,0.0,0.0
2025-09-30 23:00:00+00:00,0.0,0.0,0.0,0.0
2025-10-01 00:00:00+00:00,0.0,0.0,0.0,0.0
2025-10-01 01:00:00+00:00,0.0,0.0,0.0,0.0
2025-10-01 02:00:00+00:00,0.0,0.0,0.0,0.0
2025-10-01 03:00:00+00:00,0.0,0.0,0.0,0.0
2025-10-01 04:00:00+00:00,0.0,0.0,0.0,0.0
2025-10-01 05:00:00+00:00,0.0,0.0,0.0,0.0
2025-10-01 06:00:00+00:00,0.0,0.0,0.0,0.0
2025-10-01 07:00:00+00:00,0.0,0.0,0.0,0.0
2025-10-01 08:00:00+00:00,0.0,0.0,4.700363961472999e-05,0.0
2025-10-01 09:00:00+00:00,0.0,0.0,0.0,0.0
2025-10-01 10:00:00+00:00,0.0,0.0,0.0,0.0
2025-10-01 11:00:00+00:00,0.0,0.0,0.0,0.0
2025-10-01 12:00:00+00:00,0.0,0.0,0.0,0.0
2025-10-01 13:00:00+00:00,0.0,0.0,0.0,0.0
2025-10-01 14:00:00+00:00,0.0,0.0,0.0,0.0
2025-10-01 15:00:00+00:00,0.0,0.0,0.0,0.0
2025-10-01 16:00:00+00:00,0.0,0.0,0.0,0.0
2025-10-01 17:00:00+00:00,0.0,0.0,0.0,0.0
2025-10-01 18:00:00+00:00,0.0,0.0,0.0,0.0
2025-10-01 19:00:00+00:00,0.0,0.0,0.0,0.0
2025-10-01 20:00:00+00:00,0.0,0.0,0.0,0.0
2025-10-01 21:00:00+00:00,0.0,0.0,0.0,0.0
2025-10-01 22:00:00+00:00,0.0,0.0,0.0,0.0
2025-10-01 23:00:00+00:00,0.0,0.0,0.0,0.0
2025-10-02 00:00:00+00:00,0.0,0.0,0.0,0.0
2025-10-02 01:00:00+00:00,0.0,0.0,0.0,0.0
2025-10-02 02:00:00+00:00,0.0,0.0,0.0,0.0
2025-10-02 03:00:00+00:00,0.0,0.0,0.0,0.0
2025-10-02 04:00:00+00:00,0.0,0.0,0.0,0.0
2025-10-02 05:00:00+00:00,0.0,0.0,0.0,0.0
2025-10-02 06:00:00+00:00,0.0,0.0,0.0,0.0
2025-10-02 07:00:00+00:00,0.0,0.0,0.0,0.0
2025-10-02 08:00:00+00:00,0.0,0.0,0.0,0.0
2025-10-02 09:00:00+00:00,0.0,0.0,0.0,0.0
2025-10-02 10:00:00+00:00,0.0,0.0,0.0,0.0
2025-10-02 11:00:00+00:00,0.0,0.0,0.0,0.0
2025-10-02 12:00:00+00:00,0.0,0.0,0.0,0.0
2025-10-02 13:00:00+00:00,0.0,0.0,0.0,0.0
2025-10-02 14:00:00+00:00,0.0,0.0,0.0,0.0
2025-10-02 15:00:00+00:00,0.0,0.0,0.0,0.0
2025-10-02 16:00:00+00:00,0.0,0.0,0.0,0.0
2025-10-02 17:00:00+00:00,0.0,0.0,0.0,0.0
2025-10-02 18:00:00+00:00,0.0,0.0,0.0,0.0
2025-10-02 19:00:00+00:00,0.0,0.0,0.0,0.0
2025-10-02 20:00:00+00:00,0.0,0.0,0.0,0.0
2025-10-02 21:00:00+00:00,0.0,0.0,0.0,0.0
2025-10-02 22:00:00+00:00,0.0,0.0,0.0,0.0
2025-10-02 23:00:00+00:00,0.0,0.0,0.0,0.0
2025-10-03 00:00:00+00:00,0.0,0.0,0.0,0.0
2025-10-03 01:00:00+00:00,0.0,0.0,0.0,0.0
2025-10-03 02:00:00+00:00,0.0,0.0,0.0,0.0
2025-10-03 03:00:00+00:00,0.0,0.0,0.0,0.0
2025-10-03 04:00:00+00:00,0.0,0.0,0.0,0.0
2025-10-03 05:00:00+00:00,0.0,0.0,0.0,0.0
2025-10-03 06:00:00+00:00,0.0,0.0,0.0,0.0
2025-10-03 07:00:00+00:00,0.0,0.0,0.0,0.0
2025-10-03 08:00:00+00:00,0.0,0.0,0.0,0.0
2025-10-03 09:00:00+00:00,0.0,0.0,0.0,0.0
2025-10-03 10:00:00+00:00,0.0,0.0,0.0,0.0
2025-10-03 11:00:00+00:00,0.0,0.0,0.0,0.0
2025-10-03 12:00:00+00:00,0.0,0.0,0.0,0.0
2025-10-03 13:00:00+00:00,0.0,0.0,0.0,0.0
2025-10-03 14:00:00+00:00,0.0,0.0,0.0,0.0
2025-10-03 15:00:00+00:00,0.0,0.0,0.0,0.0
2025-10-03 16:00:00+00:00,0.0,0.0,0.0,0.0
2025-10-03 17:00:00+00:00,0.0,0.0,0.0,0.0
2025-10-03 18:00:00+00:00,0.0,0.0,0.0,0.0
2025-10-03 19:00:00+00:00,0.0,0.0,0.0,0.0
2025-10-03 20:00:00+00:00,0.0,0.0,0.0,0.0
2025-10-03 21:00:00+00:00,0.0,0.0,0.0,0.0
2025-10-03 22:00:00+00:00,0.0,0.0,0.0,0.0
2025-10-03 23:00:00+00:00,0.0,0.0,0.0,0.0
2025-10-04 00:00:00+00:00,0.0,0.0,0.0,0.0
2025-10-04 01:00:00+00:00,0.0,0.0,0.0,0.0
2025-10-04 02:00:00+00:00,0.0,0.0,0.0,0.0
2025-10-04 03:00:00+00:00,0.0,0.0,0.0,0.0
2025-10-04 04:00:00+00:00,0.0,0.0,0.0,0.0
2025-10-04 05:00:00+00:00,0.0,0.0,0.0,0.0
2025-10-04 06:00:00+00:00,0.0,0.0,0.0,0.0
2025-10-04 07:00:00+00:00,0.0,0.0,0.0,0.0
2025-10-04 08:00:00+00:00,0.0,0.0,0.0,0.0
2025-10-04 09:00:00+00:00,0.0,0.0,0.0,0.0
2025-10-04 10:00:00+00:00,0.0,0.0,0.0,0.0
2025-10-04 11:00:00+00:00,0.0,0.0,0.0,0.0
2025-10-04 12:00:00+00:00,0.0,0.0,0.0,0.0
2025-10-04 13:00:00+00:00,0.0,0.0,0.0,0.0
2025-10-04 14:00:00+00:00,0.0,0.0,0.0,0.0
2025-10-04 15:00:00+00:00,0.0,0.0,0.0,0.0
2025-10-04 16:00:00+00:00,0.0,0.0,0.0,0.0
2025-10-04 17:00:00+00:00,0.0,0.0,0.0,0.0
2025-10-04 18:00:00+00:00,0.0,0.0,0.0,0.0
2025-10-04 19:00:00+00:00,0.0,0.0,0.0,0.0
2025-10-04 20:00:00+00:00,0.0,0.0,0.0,0.0
2025-10-04 21:00:00+00:00,0.0,0.0,0.0,0.0
2025-10-04 22:00:00+00:00,0.0,0.0,0.0,0.0
2025-10-04 23:00:00+00:00,0.0,0.0,0.0,0.0
2025-10-05 00:00:00+00:00,0.0,0.0,0.0,0.0
2025-10-05 01:00:00+00:00,0.0,0.0,0.0,0.0
2025-10-05 02:00:00+00:00,0.0,0.0,0.0,0.0
2025-10-05 03:00:00+00:00,0.0,0.0,0.0,0.0
2025-10-05 04:00:00+00:00,0.0,0.0,0.0,0.0
2025-10-05 05:00:00+00:00,0.0,0.0,0.0,0.0
2025-10-05 06:00:00+00:00,0.0,0.0,0.0,0.0
2025-10-05 07:00:00+00:00,0.0,0.0,0.0,0.0
2025-10-05 08:00:00+00:00,0.0,0.0,0.0,0.0
2025-10-05 09:00:00+00:00,0.0,0.0,0.0,0.0
2025-10-05 10:00:00+00:00,0.0,0.0,0.0,0.0
2025-10-05 11:00:00+00:00,0.0,0.0,0.0,0.0
2025-10-05 12:00:00+00:00,0.0,0.0,0.0,0.0
2025-10-05 13:00:00+00:00,0.0,0.0,0.0,0.0
2025-10-05 14:00:00+00:00,0.0,0.0,0.0,0.0
2025-10-05 15:00:00+00:00,0.0,0.0,0.0,0.0
2025-10-05 16:00:00+00:00,0.0,0.0,0.0,0.0
2025-10-05 17:00:00+00:00,0.0,0.0,0.0,0.0
2025-10-05 18:00:00+00:00,0.0,0.0,0.0,0.0
2025-10-05 19:00:00+00:00,0.0,0.0,0.0,0.0
2025-10-05 20:00:00+00:00,0.0,0.0,0.0,0.0
2025-10-05 21:00:00+00:00,0.0,0.0,0.0,0.0
2025-10-05 22:00:00+00:00,0.0,0.0,0.0,0.0
2025-10-05 23:00:00+00:00,0.0,0.0,0.0,0.0
2025-10-06 00:00:00+00:00,0.0,0.0,0.0,0.0
2025-10-06 01:00:00+00:00,0.0,0.0,0.0,0.0
2025-10-06 02:00:00+00:00,0.0,0.0,0.0,0.0
2025-10-06 03:00:00+00:00,0.0,0.0,0.0,0.0
2025-10-06 04:00:00+00:00,0.0,0.0,0.0,0.0
2025-10-06 05:00:00+00:00,0.0,0.0,0.0,0.0
2025-10-06 06:00:00+00:00,0.0,0.0,0.0,0.0
2025-10-06 07:00:00+00:00,0.0,0.0,0.0,0.0
2025-10-06 08:00:00+00:00,0.0,0.0,0.0,0.0
2025-10-06 09:00:00+00:00,0.0,0.0,0.0,0.0
2025-10-06 10:00:00+00:00,0.0,0.0,0.0,0.0
2025-10-06 11:00:00+00:00,0.0,0.0,0.0,0.0
2025-10-06 12:00:00+00:00,0.0,0.0,0.0,0.0
2025-10-06 13:00:00+00:00,0.0,0.0,0.0,0.0
2025-10-06 14:00:00+00:00,0.0,0.0,0.0,0.0
2025-10-06 15:00:00+00:00,0.0,0.0,0.0,0.0
2025-10-06 16:00:00+00:00,0.0,0.0,0.0,0.0
2025-10-06 17:00:00+00:00,0.0,0.0,0.0,0.0
2025-10-06 18:00:00+00:00,0.0,0.0,0.0,0.0
2025-10-06 19:00:00+00:00,0.0,0.0,0.0,0.0
2025-10-06 20:00:00+00:00,0.0,0.0,0.0,0.0
2025-10-06 21:00:00+00:00,0.0,0.0,0.0,0.0
2025-10-06 22:00:00+00:00,0.0,0.0,0.0,0.0
2025-10-06 23:00:00+00:00,0.0,0.0,0.0,0.0
2025-10-07 00:00:00+00:00,0.0,0.0,0.0,0.0
2025-10-07 01:00:00+00:00,0.0,0.0,0.0,0.0
2025-10-07 02:00:00+00:00,0.0,0.0,0.0,0.0
2025-10-07 03:00:00+00:00,0.0,0.0,0.0,0.0
2025-10-07 04:00:00+00:00,0.0,0.0,0.0,0.0
2025-10-07 05:00:00+00:00,0.0,0.0,0.0,0.0
2025-10-07 06:00:00+00:00,0.0,0.0,0.0,0.0
2025-10-07 07:00:00+00:00,0.0,0.0,0.0,0.0
2025-10-07 08:00:00+00:00,0.0,0.0,0.0,0.0
2025-10-07 09:00:00+00:00,0.0,0.0,0.0,0.0
2025-10-07 10:00:00+00:00,0.0,0.0,0.0,0.0
2025-10-07 11:00:00+00:00,0.0,0.0,0.0,0.0
2025-10-07 12:00:00+00:00,0.0,0.0,0.0,0.0
2025-10-07 13:00:00+00:00,0.0,0.0,0.0,0.0
2025-10-07 14:00:00+00:00,0.0,0.0,-8.095553147717482e-05,0.0
2025-10-07 15:00:00+00:00,0.0,0.0,0.0,0.0
2025-10-07 16:00:00+00:00,0.0,0.0,0.0,0.0
2025-10-07 17:00:00+00:00,0.0,0.0,0.0,0.0
2025-10-07 18:00:00+00:00,0.0,0.0,0.0,0.0
2025-10-07 19:00:00+00:00,0.0,0.0,0.0,0.0
2025-10-07 20:00:00+00:00,0.0,0.0,0.0,0.0
2025-10-07 21:00:00+00:00,0.0,0.0,0.0,0.0
2025-10-07 22:00:00+00:00,0.0,0.0,0.0,0.0
2025-10-07 23:00:00+00:00,0.0,0.0,0.0,0.0
2025-10-08 00:00:00+00:00,0.0,0.0,0.0,0.0
2025-10-08 01:00:00+00:00,0.0,0.0,0.0,0.0
2025-10-08 02:00:00+00:00,0.0,0.0,0.0,0.0
2025-10-08 03:00:00+00:00,0.0,0.0,0.0,0.0
2025-10-08 04:00:00+00:00,0.0,0.0,0.0,0.0
2025-10-08 05:00:00+00:00,0.0,0.0,-4.462264150943417e-05,0.0
2025-10-08 06:00:00+00:00,0.0,0.0,0.0,0.0
2025-10-08 07:00:00+00:00,0.0,0.0,0.0,0.0
2025-10-08 08:00:00+00:00,0.0,0.0,0.0,0.0
2025-10-08 09:00:00+00:00,0.0,0.0,0.0,0.0
2025-10-08 10:00:00+00:00,0.0,0.0,0.0,0.0
2025-10-08 11:00:00+00:00,0.0,0.0,0.0,0.0
2025-10-08 12:00:00+00:00,0.0,0.0,0.0,0.0
2025-10-08 13:00:00+00:00,0.0,0.0,-6.417429136755137e-05,0.0
2025-10-08 14:00:00+00:00,0.0,0.0,0.0,0.0
2025-10-08 15:00:00+00:00,0.0,0.0,0.0,0.0
2025-10-08 16:00:00+00:00,0.0,0.0,0.0,0.0
2025-10-08 17:00:00+00:00,0.0,0.0,0.0,0.0
2025-10-08 18:00:00+00:00,0.0,0.0,0.0,0.0
2025-10-08 19:00:00+00:00,0.0,0.0,0.0,0.0
2025-10-08 20:00:00+00:00,0.0,0.0,0.0,0.0
2025-10-08 21:00:00+00:00,0.0,0.0,0.0,0.0
2025-10-08 22:00:00+00:00,0.0,0.0,0.0,0.0
2025-10-08 23:00:00+00:00,0.0,0.0,0.0,0.0
2025-10-09 00:00:00+00:00,0.0,0.0,-3.180490119310763e-05,0.0
2025-10-09 01:00:00+00:00,0.0,0.0,0.0,0.0
2025-10-09 02:00:00+00:00,0.0,0.0,0.0,0.0
2025-10-09 03:00:00+00:00,0.0,0.0,0.0,0.0
2025-10-09 04:00:00+00:00,0.0,0.0,0.0,0.0
2025-10-09 05:00:00+00:00,0.0,0.0,0.0,0.0
2025-10-09 06:00:00+00:00,0.0,0.0,0.0,0.0
2025-10-09 07:00:00+00:00,0.0,0.0,0.0,0.0
2025-10-09 08:00:00+00:00,0.0,0.0,0.0,0.0
2025-10-09 09:00:00+00:00,0.0,0.0,0.0,0.0
2025-10-09 10:00:00+00:00,0.0,0.0,0.0,0.0
2025-10-09 11:00:00+00:00,0.0,0.0,0.0,0.0
2025-10-09 12:00:00+00:00,0.0,0.0,0.0,0.0
2025-10-09 13:00:00+00:00,0.0,0.0,0.0,0.0
2025-10-09 14:00:00+00:00,0.0,0.0,-6.63906242775658e-05,0.0
2025-10-09 15:00:00+00:00,0.0,0.0,0.0,0.0
2025-10-09 16:00:00+00:00,0.0,0.0,0.0,0.0
2025-10-09 17:00:00+00:00,0.0,0.0,0.0,0.0
2025-10-09 18:00:00+00:00,0.0,0.0,0.0,0.0
2025-10-09 19:00:00+00:00,0.0,0.0,0.0,0.0
2025-10-09 20:00:00+00:00,0.0,0.0,0.0,0.0
2025-10-09 21:00:00+00:00,0.0,0.0,0.0,0.0
2025-10-09 22:00:00+00:00,0.0,0.0,0.0,0.0
2025-10-09 23:00:00+00:00,0.0,0.0,0.0,0.0
2025-10-10 00:00:00+00:00,0.0,0.0,0.0,0.0
2025-10-10 01:00:00+00:00,0.0,0.0,0.0,0.0
2025-10-10 02:00:00+00:00,0.0,0.0,0.0,0.0
2025-10-10 03:00:00+00:00,0.0,0.0,0.0,0.0
2025-10-10 04:00:00+00:00,0.0,0.0,0.0,0.0
2025-10-10 05:00:00+00:00,0.0,0.0,0.0,0.0
2025-10-10 06:00:00+00:00,0.0,0.0,0.0,0.0
2025-10-10 07:00:00+00:00,0.0,0.0,0.0,0.0
2025-10-10 08:00:00+00:00,0.0,0.0,0.0,0.0
2025-10-10 09:00:00+00:00,0.0,0.0,0.0,0.0
2025-10-10 10:00:00+00:00,0.0,0.0,0.0,0.0
2025-10-10 11:00:00+00:00,0.0,0.0,0.0,0.0
2025-10-10 12:00:00+00:00,0.0,0.0,0.0,0.0
2025-10-10 13:00:00+00:00,0.0,0.0,0.0,0.0
2025-10-10 14:00:00+00:00,0.0,0.0,0.0,0.0
2025-10-10 15:00:00+00:00,0.0,0.0,0.0,0.0
2025-10-10 16:00:00+00:00,0.0,0.0,0.0,0.0
2025-10-10 17:00:00+00:00,0.0,0.0,0.0,0.0
2025-10-10 18:00:00+00:00,0.0,0.0,0.0,0.0
2025-10-10 19:00:00+00:00,0.0,0.0,0.0,0.0
2025-10-10 20:00:00+00:00,0.0,0.0,0.0,0.0
2025-10-10 21:00:00+00:00,0.0,0.0,0.0,0.0
2025-10-10 22:00:00+00:00,0.0,0.0,0.0,0.0
2025-10-10 23:00:00+00:00,0.0,0.0,0.0,0.0
2025-10-11 00:00:00+00:00,0.0,0.0,0.0,0.0
2025-10-11 01:00:00+00:00,0.0,0.0,0.0,0.0
2025-10-11 02:00:00+00:00,0.0,0.0,0.0,0.0
2025-10-11 03:00:00+00:00,0.0,0.0,0.0,0.0
2025-10-11 04:00:00+00:00,0.0,0.0,0.0,0.0
2025-10-11 05:00:00+00:00,0.0,0.0,0.0,-0.0001036414793023
2025-10-11 06:00:00+00:00,0.0,0.0,0.0,0.0
2025-10-11 07:00:00+00:00,0.0,0.0,-7.778227357236988e-05,0.0
2025-10-11 08:00:00+00:00,0.0,0.0,0.0,0.0
2025-10-11 09:00:00+00:00,0.0,0.0,0.0,0.0
2025-10-11 10:00:00+00:00,0.0,0.0,0.0,0.0
2025-10-11 11:00:00+00:00,0.0,0.0,0.0,0.0
2025-10-11 12:00:00+00:00,0.0,0.0,0.0,0.0
2025-10-11 13:00:00+00:00,0.0,0.0,0.0,0.0
2025-10-11 14:00:00+00:00,0.0,0.0,0.0,0.0
2025-10-11 15:00:00+00:00,0.0,0.0,0.0,0.0001176074626707
2025-10-11 16:00:00+00:00,0.0,0.0,0.0,0.0
2025-10-11 17:00:00+00:00,0.0,0.0,2.249560786644734e-05,0.0
2025-10-11 18:00:00+00:00,0.0,0.0,0.0,0.0
2025-10-11 19:00:00+00:00,0.0,0.0,0.0,0.0
2025-10-11 20:00:00+00:00,0.0,0.0,0.0,0.0
2025-10-11 21:00:00+00:00,0.0,0.0,0.0,0.0
2025-10-11 22:00:00+00:00,0.0,0.0,0.0,0.0
2025-10-11 23:00:00+00:00,0.0,0.0,0.0,0.0
2025-10-12 00:00:00+00:00,0.0,0.0,0.0,-6.102400121470341e-05
2025-10-12 01:00:00+00:00,0.0,0.0,0.0,0.0
2025-10-12 02:00:00+00:00,0.0,0.0,0.0,0.0
2025-10-12 03:00:00+00:00,0.0,0.0,0.0001433045778087,0.0
2025-10-12 04:00:00+00:00,0.0,0.0,0.0,0.0001108390703077
2025-10-12 05:00:00+00:00,0.0,0.0,0.0,0.0
2025-10-12 06:00:00+00:00,0.0,0.0,0.0,0.0
2025-10-12 07:00:00+00:00,0.0,0.0,0.0,0.0
2025-10-12 08:00:00+00:00,0.0,0.0,0.0,0.0
2025-10-12 09:00:00+00:00,0.0,0.0,0.0,0.0
2025-10-12 10:00:00+00:00,0.0,0.0,0.0,0.0
2025-10-12 11:00:00+00:00,0.0,0.0,0.0,0.0
2025-10-12 12:00:00+00:00,0.0,0.0,0.0,0.0
2025-10-12 13:00:00+00:00,0.0,0.0,0.0,0.0
2025-10-12 14:00:00+00:00,0.0,0.0,0.0,0.0
2025-10-12 15:00:00+00:00,0.0,0.0,0.0,0.0
2025-10-12 16:00:00+00:00,0.0,0.0,0.0,0.0
2025-10-12 17:00:00+00:00,0.0,0.0,0.0,0.0
2025-10-12 18:00:00+00:00,0.0,0.0,0.0,0.0
2025-10-12 19:00:00+00:00,0.0,0.0,0.0,0.0
2025-10-12 20:00:00+00:00,0.0,0.0,0.0,0.0
2025-10-12 21:00:00+00:00,0.0,0.0,0.0,0.0
2025-10-12 22:00:00+00:00,0.0,0.0,0.0002110070478152,0.0
2025-10-12 23:00:00+00:00,0.0,0.0,0.0,0.0
2025-10-13 00:00:00+00:00,0.0,0.0,0.0,0.0
2025-10-13 01:00:00+00:00,0.0,0.0,0.0,0.0
2025-10-13 02:00:00+00:00,0.0,0.0,0.0,0.0
2025-10-13 03:00:00+00:00,0.0,0.0,0.0,0.0
2025-10-13 04:00:00+00:00,0.0,0.0,0.0,0.0
2025-10-13 05:00:00+00:00,0.0,0.0,0.0,0.0
2025-10-13 06:00:00+00:00,0.0,0.0,0.0,0.0
2025-10-13 07:00:00+00:00,0.0,0.0,0.0,0.0
2025-10-13 08:00:00+00:00,0.0,0.0,0.0,0.0
2025-10-13 09:00:00+00:00,0.0,0.0,0.0,0.0
2025-10-13 10:00:00+00:00,0.0,0.0,0.0,0.0
2025-10-13 11:00:00+00:00,0.0,0.0,0.0,0.0
2025-10-13 12:00:00+00:00,0.0,0.0,0.0,0.0
2025-10-13 13:00:00+00:00,0.0,0.0,0.0,0.0
2025-10-13 14:00:00+00:00,0.0,0.0,0.0,0.0
2025-10-13 15:00:00+00:00,0.0,0.0,0.0,0.0
2025-10-13 16:00:00+00:00,0.0,0.0,0.0,0.0
2025-10-13 17:00:00+00:00,0.0,0.0,0.0,0.0
2025-10-13 18:00:00+00:00,0.0,0.0,0.0,0.0
2025-10-13 19:00:00+00:00,0.0,0.0,0.0,0.000131254160098
2025-10-13 20:00:00+00:00,0.0,0.0,0.0,0.0
2025-10-13 21:00:00+00:00,0.0,0.0,0.0,0.0
2025-10-13 22:00:00+00:00,0.0,0.0,0.0,0.0
2025-10-13 23:00:00+00:00,0.0,0.0,0.0,0.0
2025-10-14 00:00:00+00:00,0.0,0.0,0.0,0.0
2025-10-14 01:00:00+00:00,0.0,0.0,0.0,0.0
2025-10-14 02:00:00+00:00,0.0,0.0,0.0,0.0
2025-10-14 03:00:00+00:00,0.0,0.0,0.0,0.0
2025-10-14 04:00:00+00:00,0.0,0.0,0.0,0.0
2025-10-14 05:00:00+00:00,0.0,0.0,0.0,0.0
2025-10-14 06:00:00+00:00,0.0,0.0,0.0,0.0
2025-10-14 07:00:00+00:00,0.0,0.0,0.0,0.0
2025-10-14 08:00:00+00:00,0.0,0.0,0.0,0.0
2025-10-14 09:00:00+00:00,0.0,0.0,0.0,0.0
2025-10-14 10:00:00+00:00,0.0,0.0,0.0,-0.0001487818329495
2025-10-14 11:00:00+00:00,0.0,0.0,0.0,0.0
2025-10-14 12:00:00+00:00,0.0,0.0,0.0,0.0
2025-10-14 13:00:00+00:00,0.0,0.0,0.0,-7.756406489049739e-05
2025-10-14 14:00:00+00:00,0.0,0.0,0.0,0.0
2025-10-14 15:00:00+00:00,0.0,0.0,0.0,0.0
2025-10-14 16:00:00+00:00,0.0,0.0,0.0,0.0
2025-10-14 17:00:00+00:00,0.0,0.0,0.0,0.0
2025-10-14 18:00:00+00:00,0.0,0.0,0.000187773027242,0.0
2025-10-14 19:00:00+00:00,0.0,0.0,0.0,0.0
2025-10-14 20:00:00+00:00,0.0,0.0,0.0,0.0
2025-10-14 21:00:00+00:00,0.0,0.0,0.0,0.0
2025-10-14 22:00:00+00:00,0.0,0.0,0.0,0.0
2025-10-14 23:00:00+00:00,0.0,0.0,0.0,1.3117372537918646e-06
2025-10-15 00:00:00+00:00,0.0,0.0,-4.442739351606883e-05,0.0
2025-10-15 01:00:00+00:00,0.0,0.0,0.0,0.0
2025-10-15 02:00:00+00:00,0.0,0.0,0.0,0.0
2025-10-15 03:00:00+00:00,0.0,0.0,-5.159429567997308e-05,0.0
2025-10-15 04:00:00+00:00,0.0,0.0,0.0,0.0
2025-10-15 05:00:00+00:00,0.0,0.0,0.0,0.0
2025-10-15 06:00:00+00:00,0.0,0.0,-3.091309454296475e-05,0.0
2025-10-15 07:00:00+00:00,0.0,0.0,0.0,0.0
2025-10-15 08:00:00+00:00,0.0,0.0,0.0,4.0191426903116734e-05
2025-10-15 09:00:00+00:00,0.0,0.0,-5.298026868865712e-05,0.0
2025-10-15 10:00:00+00:00,0.0,0.0,0.0,0.0
2025-10-15 11:00:00+00:00,0.0,0.0,0.0,0.0
2025-10-15 12:00:00+00:00,0.0,0.0,-5.051356440818665e-05,-7.122028515844091e-05
2025-10-15 13:00:00+00:00,0.0,0.0,0.0,0.0
2025-10-15 14:00:00+00:00,0.0,0.0,0.0,0.0
2025-10-15 15:00:00+00:00,0.0,0.0,0.0,0.0
2025-10-15 16:00:00+00:00,0.0,0.0,0.0,0.0
2025-10-15 17:00:00+00:00,0.0,0.0,0.0,0.0
2025-10-15 18:00:00+00:00,0.0,0.0,0.0,0.0
2025-10-15 19:00:00+00:00,0.0,0.0,0.0,0.0
2025-10-15 20:00:00+00:00,0.0,0.0,0.0,0.0
2025-10-15 21:00:00+00:00,0.0,0.0,0.0,0.0
2025-10-15 22:00:00+00:00,0.0,0.0,0.0,-4.527740380494193e-05
2025-10-15 23:00:00+00:00,0.0,0.0,0.0,0.0
2025-10-16 00:00:00+00:00,0.0,0.0,0.0,0.0
2025-10-16 01:00:00+00:00,0.0,0.0,0.0,0.0
2025-10-16 02:00:00+00:00,0.0,0.0,0.0,0.0
2025-10-16 03:00:00+00:00,0.0,0.0,0.0,0.0
2025-10-16 04:00:00+00:00,0.0,0.0,0.0,0.0
2025-10-16 05:00:00+00:00,0.0,0.0,0.0,0.0
2025-10-16 06:00:00+00:00,0.0,0.0,0.0,0.0
2025-10-16 07:00:00+00:00,0.0,0.0,0.0,0.0
2025-10-16 08:00:00+00:00,0.0,0.0,0.0,0.0
2025-10-16 09:00:00+00:00,0.0,0.0,0.0,0.0
2025-10-16 10:00:00+00:00,0.0,0.0,0.0,0.0
2025-10-16 11:00:00+00:00,0.0,0.0,0.0,0.0
2025-10-16 12:00:00+00:00,0.0,0.0,0.0,0.0
2025-10-16 13:00:00+00:00,0.0,0.0,0.0,0.0
2025-10-16 14:00:00+00:00,0.0,0.0,0.0,0.0
2025-10-16 15:00:00+00:00,0.0,0.0,0.0,0.0
2025-10-16 16:00:00+00:00,0.0,0.0,0.0,0.0
2025-10-16 17:00:00+00:00,0.0,0.0,0.0,0.0
2025-10-16 18:00:00+00:00,0.0,0.0,0.0,0.0
2025-10-16 19:00:00+00:00,0.0,0.0,0.0,0.0
2025-10-16 20:00:00+00:00,0.0,0.0,0.0,0.0
2025-10-16 21:00:00+00:00,0.0,0.0,0.0,0.0
2025-10-16 22:00:00+00:00,0.0,0.0,0.0,0.0
2025-10-16 23:00:00+00:00,0.0,0.0,0.0,0.0
2025-10-17 00:00:00+00:00,0.0,0.0,0.0,0.0
2025-10-17 01:00:00+00:00,0.0,0.0,0.0,0.0
2025-10-17 02:00:00+00:00,0.0,0.0,0.0,0.0
2025-10-17 03:00:00+00:00,0.0,0.0,0.0,0.0
2025-10-17 04:00:00+00:00,0.0,0.0,0.0,0.0
2025-10-17 05:00:00+00:00,0.0,0.0,0.0,0.0
2025-10-17 06:00:00+00:00,0.0,0.0,0.0,0.0
2025-10-17 07:00:00+00:00,0.0,0.0,0.0,0.0
2025-10-17 08:00:00+00:00,0.0,0.0,0.0,0.0
2025-10-17 09:00:00+00:00,0.0,0.0,0.0,0.0
2025-10-17 10:00:00+00:00,0.0,0.0,0.0,-0.0002213184327562
2025-10-17 11:00:00+00:00,0.0,0.0,0.0,0.0
2025-10-17 12:00:00+00:00,0.0,0.0,0.0,0.0
2025-10-17 13:00:00+00:00,0.0,0.0,0.0,0.0
2025-10-17 14:00:00+00:00,0.0,0.0,0.0,0.0
2025-10-17 15:00:00+00:00,0.0,0.0,0.0,0.0
2025-10-17 16:00:00+00:00,0.0,0.0,0.0,0.0001362429996401
2025-10-17 17:00:00+00:00,0.0,0.0,0.0,0.0
2025-10-17 18:00:00+00:00,0.0,0.0,0.0,0.0
2025-10-17 19:00:00+00:00,0.0,0.0,0.0,0.0
2025-10-17 20:00:00+00:00,0.0,0.0,0.0,0.0
2025-10-17 21:00:00+00:00,0.0,0.0,0.0,0.0
2025-10-17 22:00:00+00:00,0.0,0.0,0.0,0.0
2025-10-17 23:00:00+00:00,0.0,0.0,-4.4816264968021705e-05,0.0
2025-10-18 00:00:00+00:00,0.0,0.0,0.0,0.0
2025-10-18 01:00:00+00:00,0.0,0.0,0.0,0.0
2025-10-18 02:00:00+00:00,0.0,0.0,0.0,0.0
2025-10-18 03:00:00+00:00,0.0,0.0,0.0,0.0
2025-10-18 04:00:00+00:00,0.0,0.0,0.0,0.0
2025-10-18 05:00:00+00:00,0.0,0.0,0.0,0.0
2025-10-18 06:00:00+00:00,0.0,0.0,0.0,0.0
2025-10-18 07:00:00+00:00,0.0,0.0,0.0,0.0
2025-10-18 08:00:00+00:00,0.0,0.0,0.0,0.0
2025-10-18 09:00:00+00:00,0.0,0.0,0.0,0.0
2025-10-18 10:00:00+00:00,0.0,0.0,0.0,0.0
2025-10-18 11:00:00+00:00,0.0,0.0,0.0,0.0
2025-10-18 12:00:00+00:00,0.0,0.0,0.0,0.0
2025-10-18 13:00:00+00:00,0.0,0.0,0.0,0.0
2025-10-18 14:00:00+00:00,0.0,0.0,0.0,0.0
2025-10-18 15:00:00+00:00,0.0,0.0,0.0,0.0
2025-10-18 16:00:00+00:00,0.0,0.0,0.0,0.0
2025-10-18 17:00:00+00:00,0.0,0.0,0.0,0.0
2025-10-18 18:00:00+00:00,0.0,0.0,0.0,0.0
2025-10-18 19:00:00+00:00,0.0,0.0,0.0,0.0
2025-10-18 20:00:00+00:00,0.0,0.0,0.0,0.0
2025-10-18 21:00:00+00:00,0.0,0.0,0.0,0.0
2025-10-18 22:00:00+00:00,0.0,0.0,0.0,0.0
2025-10-18 23:00:00+00:00,0.0,0.0,0.0,0.0
2025-10-19 00:00:00+00:00,0.0,0.0,0.0,0.0
2025-10-19 01:00:00+00:00,0.0,0.0,0.0,0.0
2025-10-19 02:00:00+00:00,0.0,0.0,0.0,0.0
2025-10-19 03:00:00+00:00,0.0,0.0,0.0,0.0
2025-10-19 04:00:00+00:00,0.0,0.0,0.0,0.0
2025-10-19 05:00:00+00:00,0.0,0.0,0.0,0.0
2025-10-19 06:00:00+00:00,0.0,0.0,0.0,0.0
2025-10-19 07:00:00+00:00,0.0,0.0,0.0,0.0
2025-10-19 08:00:00+00:00,0.0,0.0,0.0,0.0
2025-10-19 09:00:00+00:00,0.0,0.0,0.0,0.0
2025-10-19 10:00:00+00:00,0.0,0.0,0.0,0.0
2025-10-19 11:00:00+00:00,0.0,0.0,0.0,0.0
2025-10-19 12:00:00+00:00,0.0,0.0,0.0,0.0
2025-10-19 13:00:00+00:00,0.0,0.0,0.0,0.0
2025-10-19 14:00:00+00:00,0.0,0.0,0.0,0.0
2025-10-19 15:00:00+00:00,0.0,0.0,0.0,0.0
2025-10-19 16:00:00+00:00,0.0,0.0,0.0,0.0
2025-10-19 17:00:00+00:00,0.0,0.0,0.0,0.0
2025-10-19 18:00:00+00:00,0.0,0.0,0.0,0.0
2025-10-19 19:00:00+00:00,0.0,0.0,0.0,0.0
2025-10-19 20:00:00+00:00,0.0,0.0,0.0,0.0
2025-10-19 21:00:00+00:00,0.0,0.0,0.0,0.0
2025-10-19 22:00:00+00:00,0.0,0.0,0.0,0.0
2025-10-19 23:00:00+00:00,0.0,0.0,0.0,0.0
2025-10-20 00:00:00+00:00,0.0,0.0,0.0,0.0
2025-10-20 01:00:00+00:00,0.0,0.0,0.0,0.0
2025-10-20 02:00:00+00:00,0.0,0.0,0.0,0.0
2025-10-20 03:00:00+00:00,0.0,0.0,0.0,0.0
2025-10-20 04:00:00+00:00,0.0,0.0,0.0,0.0
2025-10-20 05:00:00+00:00,0.0,0.0,0.0,0.0
2025-10-20 06:00:00+00:00,0.0,0.0,0.0,0.0
2025-10-20 07:00:00+00:00,0.0,0.0,0.0,0.0
2025-10-20 08:00:00+00:00,0.0,0.0,0.0,0.0
2025-10-20 09:00:00+00:00,0.0,0.0,0.0,0.0
2025-10-20 10:00:00+00:00,0.0,0.0,0.0,0.0
2025-10-20 11:00:00+00:00,0.0,0.0,0.0,0.0
2025-10-20 12:00:00+00:00,0.0,0.0,0.0,0.0
2025-10-20 13:00:00+00:00,0.0,0.0,0.0,0.0
2025-10-20 14:00:00+00:00,0.0,0.0,0.0,4.266889053892276e-05
2025-10-20 15:00:00+00:00,0.0,0.0,0.0,0.0
2025-10-20 16:00:00+00:00,0.0,0.0,0.0,0.0
2025-10-20 17:00:00+00:00,0.0,0.0,0.0,0.0
2025-10-20 18:00:00+00:00,0.0,0.0,0.0,0.0
2025-10-20 19:00:00+00:00,0.0,0.0,0.0,0.0
2025-10-20 20:00:00+00:00,0.0,0.0,0.0,0.0
2025-10-20 21:00:00+00:00,0.0,0.0,0.0,0.0
2025-10-20 22:00:00+00:00,0.0,0.0,0.0,0.0
2025-10-20 23:00:00+00:00,0.0,0.0,0.0,0.0
2025-10-21 00:00:00+00:00,0.0,0.0,0.0,-3.1367291636607e-05
2025-10-21 01:00:00+00:00,0.0,0.0,0.0,0.0
2025-10-21 02:00:00+00:00,0.0,0.0,0.0,0.0
2025-10-21 03:00:00+00:00,0.0,0.0,0.0,0.0
2025-10-21 04:00:00+00:00,0.0,0.0,0.0,0.0
2025-10-21 05:00:00+00:00,0.0,0.0,0.0,0.0
2025-10-21 06:00:00+00:00,0.0,0.0,0.0,4.643521046500011e-05
2025-10-21 07:00:00+00:00,0.0,0.0,0.0,0.0
2025-10-21 08:00:00+00:00,0.0,0.0,0.0,0.0
2025-10-21 09:00:00+00:00,0.0,0.0,0.0,0.0
2025-10-21 10:00:00+00:00,0.0,0.0,0.0,5.8470643095703833e-05
2025-10-21 11:00:00+00:00,0.0,0.0,0.0,0.0
2025-10-21 12:00:00+00:00,0.0,0.0,0.0,0.0
2025-10-21 13:00:00+00:00,0.0,0.0,0.0,0.0
2025-10-21 14:00:00+00:00,0.0,0.0,0.0001271826458691,9.974611669530842e-05
2025-10-21 15:00:00+00:00,0.0,0.0,0.0,0.0
2025-10-21 16:00:00+00:00,0.0,0.0,0.0,0.0
2025-10-21 17:00:00+00:00,0.0,0.0,0.0,0.0
2025-10-21 18:00:00+00:00,0.0,0.0,0.0,0.0
2025-10-21 19:00:00+00:00,0.0,0.0,0.0,0.0
2025-10-21 20:00:00+00:00,0.0,0.0,0.0,0.0
2025-10-21 21:00:00+00:00,0.0,0.0,0.0,0.0
2025-10-21 22:00:00+00:00,0.0,0.0,0.0,0.0
2025-10-21 23:00:00+00:00,0.0,0.0,0.0,0.0
2025-10-22 00:00:00+00:00,0.0,0.0,0.0,0.0
2025-10-22 01:00:00+00:00,0.0,0.0,0.0,0.0
2025-10-22 02:00:00+00:00,0.0,0.0,0.0,0.0
2025-10-22 03:00:00+00:00,0.0,0.0,0.0,0.0
2025-10-22 04:00:00+00:00,0.0,0.0,0.0,0.0
2025-10-22 05:00:00+00:00,0.0,0.0,0.0,0.0
2025-10-22 06:00:00+00:00,0.0,0.0,0.0,-0.0001096598603903
2025-10-22 07:00:00+00:00,0.0,0.0,-7.787579363432987e-06,0.0
2025-10-22 08:00:00+00:00,0.0,0.0,0.0,0.0
2025-10-22 09:00:00+00:00,0.0,0.0,0.0,0.0
2025-10-22 10:00:00+00:00,0.0,0.0,-3.318106190511427e-05,0.0
2025-10-22 11:00:00+00:00,0.0,0.0,0.0,-6.563454857227535e-05
2025-10-22 12:00:00+00:00,0.0,0.0,0.0,0.0
2025-10-22 13:00:00+00:00,0.0,0.0,0.0,0.0
2025-10-22 14:00:00+00:00,0.0,0.0,-5.4240379190293445e-05,0.0
2025-10-22 15:00:00+00:00,0.0,0.0,0.0,0.0
2025-10-22 16:00:00+00:00,0.0,0.0,0.0,0.0
2025-10-22 17:00:00+00:00,0.0,0.0,-5.246438009350762e-05,0.0
2025-10-22 18:00:00+00:00,0.0,0.0,0.0,0.0
2025-10-22 19:00:00+00:00,0.0,0.0,0.0,0.0
2025-10-22 20:00:00+00:00,0.0,0.0,0.0,0.0
2025-10-22 21:00:00+00:00,0.0,0.0,-3.646012113909801e-05,-0.0001548181045336
2025-10-22 22:00:00+00:00,0.0,0.0,0.0,0.0
2025-10-22 23:00:00+00:00,0.0,0.0,0.0,0.0
2025-10-23 00:00:00+00:00,0.0,0.0,0.0,0.0
2025-10-23 01:00:00+00:00,0.0,0.0,0.0,0.0
2025-10-23 02:00:00+00:00,0.0,0.0,0.0,0.0
2025-10-23 03:00:00+00:00,0.0,0.0,0.0,0.0
2025-10-23 04:00:00+00:00,0.0,0.0,0.0,0.0
2025-10-23 05:00:00+00:00,0.0,0.0,0.0,0.0
2025-10-23 06:00:00+00:00,0.0,0.0,0.0,0.0
2025-10-23 07:00:00+00:00,0.0,0.0,0.0,0.0
2025-10-23 08:00:00+00:00,0.0,0.0,0.0,0.0
2025-10-23 09:00:00+00:00,0.0,0.0,0.0,0.0
2025-10-23 10:00:00+00:00,0.0,0.0,0.0,0.0
2025-10-23 11:00:00+00:00,0.0,0.0,0.0,0.0
2025-10-23 12:00:00+00:00,0.0,0.0,0.0,0.0
2025-10-23 13:00:00+00:00,0.0,0.0,0.0,0.0
2025-10-23 14:00:00+00:00,0.0,0.0,0.0,0.0
2025-10-23 15:00:00+00:00,0.0,0.0,0.0,0.0
2025-10-23 16:00:00+00:00,0.0,0.0,0.0,0.0
2025-10-23 17:00:00+00:00,0.0,0.0,0.0,0.0
2025-10-23 18:00:00+00:00,0.0,0.0,0.0,0.0
2025-10-23 19:00:00+00:00,0.0,0.0,0.0,0.0
2025-10-23 20:00:00+00:00,0.0,0.0,0.0,0.0
2025-10-23 21:00:00+00:00,0.0,0.0,0.0,0.0
2025-10-23 22:00:00+00:00,0.0,0.0,0.0,0.0
2025-10-23 23:00:00+00:00,0.0,0.0,0.0,0.0
2025-10-24 00:00:00+00:00,0.0,0.0,0.0,0.0
2025-10-24 01:00:00+00:00,0.0,0.0,0.0,0.0
2025-10-24 02:00:00+00:00,0.0,0.0,0.0,0.0
2025-10-24 03:00:00+00:00,0.0,0.0,0.0,0.0
2025-10-24 04:00:00+00:00,0.0,0.0,0.0,0.0
2025-10-24 05:00:00+00:00,0.0,0.0,0.0,0.0
2025-10-24 06:00:00+00:00,0.0,0.0,0.0,0.0
2025-10-24 07:00:00+00:00,0.0,0.0,0.0,0.0
2025-10-24 08:00:00+00:00,0.0,0.0,0.0,0.0
2025-10-24 09:00:00+00:00,0.0,0.0,0.0,0.0
2025-10-24 10:00:00+00:00,0.0,0.0,0.0,0.0
2025-10-24 11:00:00+00:00,0.0,0.0,0.0,0.0
2025-10-24 12:00:00+00:00,0.0,0.0,0.0,0.0
2025-10-24 13:00:00+00:00,0.0,0.0,0.0,0.0
2025-10-24 14:00:00+00:00,0.0,0.0,0.0,0.0
2025-10-24 15:00:00+00:00,0.0,0.0,0.0,0.0
2025-10-24 16:00:00+00:00,0.0,0.0,0.0,0.0
2025-10-24 17:00:00+00:00,0.0,0.0,0.0,0.0
2025-10-24 18:00:00+00:00,0.0,0.0,0.0,0.0
2025-10-24 19:00:00+00:00,0.0,0.0,0.0,0.0
2025-10-24 20:00:00+00:00,0.0,0.0,0.0,0.0
2025-10-24 21:00:00+00:00,0.0,0.0,0.0,0.0
2025-10-24 22:00:00+00:00,0.0,0.0,0.0,0.0
2025-10-24 23:00:00+00:00,0.0,0.0,0.0,0.0
2025-10-25 00:00:00+00:00,0.0,0.0,0.0,0.0
2025-10-25 01:00:00+00:00,0.0,0.0,0.0,0.0
2025-10-25 02:00:00+00:00,0.0,0.0,0.0,0.0
2025-10-25 03:00:00+00:00,0.0,0.0,0.0,0.0
2025-10-25 04:00:00+00:00,0.0,0.0,0.0,0.0
2025-10-25 05:00:00+00:00,0.0,0.0,0.0,0.0
2025-10-25 06:00:00+00:00,0.0,0.0,0.0,0.0
2025-10-25 07:00:00+00:00,0.0,0.0,0.0,0.0
2025-10-25 08:00:00+00:00,0.0,0.0,0.0,0.0
2025-10-25 09:00:00+00:00,0.0,0.0,0.0,0.0
2025-10-25 10:00:00+00:00,0.0,0.0,0.0,0.0
2025-10-25 11:00:00+00:00,0.0,0.0,0.0,0.0
2025-10-25 12:00:00+00:00,0.0,0.0,0.0,0.0
2025-10-25 13:00:00+00:00,0.0,0.0,0.0,0.0
2025-10-25 14:00:00+00:00,0.0,0.0,0.0,0.0
2025-10-25 15:00:00+00:00,0.0,0.0,0.0,0.0
2025-10-25 16:00:00+00:00,0.0,0.0,0.0,0.0
2025-10-25 17:00:00+00:00,0.0,0.0,0.0,0.0
2025-10-25 18:00:00+00:00,0.0,0.0,0.0,0.0
2025-10-25 19:00:00+00:00,0.0,0.0,0.0,0.0
2025-10-25 20:00:00+00:00,0.0,0.0,0.0,0.0
2025-10-25 21:00:00+00:00,0.0,0.0,0.0,0.0
2025-10-25 22:00:00+00:00,0.0,0.0,0.0,0.0
2025-10-25 23:00:00+00:00,0.0,0.0,0.0,0.0
2025-10-26 00:00:00+00:00,0.0,0.0,0.0,0.0
2025-10-26 01:00:00+00:00,0.0,0.0,-2.5906855939499256e-05,0.0
2025-10-26 02:00:00+00:00,0.0,0.0,0.0,0.0
2025-10-26 03:00:00+00:00,0.0,0.0,0.0,-4.394885297447026e-05
2025-10-26 04:00:00+00:00,0.0,0.0,0.0,0.0
2025-10-26 05:00:00+00:00,0.0,0.0,2.2295839869798117e-05,0.0
2025-10-26 06:00:00+00:00,0.0,0.0,0.0,0.0
2025-10-26 07:00:00+00:00,0.0,0.0,0.0,0.0
2025-10-26 08:00:00+00:00,0.0,0.0,0.0,0.0
2025-10-26 09:00:00+00:00,0.0,0.0,4.089186582861845e-06,2.0502264384493212e-05
2025-10-26 10:00:00+00:00,0.0,0.0,0.0,0.0
2025-10-26 11:00:00+00:00,0.0,0.0,0.0,0.0
2025-10-26 12:00:00+00:00,0.0,0.0,0.0,0.0
2025-10-26 13:00:00+00:00,0.0,0.0,0.0,0.0
2025-10-26 14:00:00+00:00,0.0,0.0,0.0,0.0
2025-10-26 15:00:00+00:00,0.0,0.0,0.0,0.0
2025-10-26 16:00:00+00:00,0.0,0.0,0.0,0.0
2025-10-26 17:00:00+00:00,0.0,0.0,0.0,0.0
2025-10-26 18:00:00+00:00,0.0,0.0,0.0,0.0
2025-10-26 19:00:00+00:00,0.0,0.0,0.0,0.0
2025-10-26 20:00:00+00:00,0.0,0.0,-2.347515248523723e-05,-3.2386078632586903e-05
2025-10-26 21:00:00+00:00,0.0,0.0,0.0,0.0
2025-10-26 22:00:00+00:00,0.0,0.0,0.0,0.0
2025-10-26 23:00:00+00:00,0.0,0.0,0.0,0.0
2025-10-27 00:00:00+00:00,0.0,0.0,0.0,0.0
2025-10-27 01:00:00+00:00,0.0,0.0,0.0,0.0
2025-10-27 02:00:00+00:00,0.0,0.0,0.0,0.0
2025-10-27 03:00:00+00:00,0.0,0.0,0.0,0.0
2025-10-27 04:00:00+00:00,0.0,0.0,0.0,0.0
2025-10-27 05:00:00+00:00,0.0,0.0,0.0,0.0
2025-10-27 06:00:00+00:00,0.0,0.0,0.000109649815711,0.0
2025-10-27 07:00:00+00:00,0.0,0.0,0.0,0.0
2025-10-27 08:00:00+00:00,0.0,0.0,0.0,0.0
2025-10-27 09:00:00+00:00,0.0,0.0,0.0,0.0
2025-10-27 10:00:00+00:00,0.0,0.0,0.0,0.0
2025-10-27 11:00:00+00:00,0.0,0.0,0.0,0.0
2025-10-27 12:00:00+00:00,0.0,0.0,0.0,0.0
2025-10-27 13:00:00+00:00,0.0,0.0,0.0,0.0
2025-10-27 14:00:00+00:00,-0.01212,0.0,-4.6835349164545673e-05,0.0
2025-10-27 15:00:00+00:00,0.0,0.0,0.0,0.0
2025-10-27 16:00:00+00:00,0.0,0.0,0.0,0.0
2025-10-27 17:00:00+00:00,0.0,0.0,0.0,0.0
2025-10-27 18:00:00+00:00,0.0,0.0,0.0,0.0
2025-10-27 19:00:00+00:00,0.0,0.0,0.0,0.0
2025-10-27 20:00:00+00:00,0.0,0.0,0.0,0.0
2025-10-27 21:00:00+00:00,0.0,0.0,0.0,-9.342393671309068e-05
2025-10-27 22:00:00+00:00,0.0,0.0,0.0,0.0
2025-10-27 23:00:00+00:00,0.0,0.0,0.0,0.0
2025-10-28 00:00:00+00:00,0.0,0.0,0.0,0.0
2025-10-28 01:00:00+00:00,0.0,0.0,0.0,0.0
2025-10-28 02:00:00+00:00,0.0,0.0,0.0,0.0
2025-10-28 03:00:00+00:00,0.0,0.0,0.0,0.0
2025-10-28 04:00:00+00:00,0.0,0.0,0.0,0.0
2025-10-28 05:00:00+00:00,0.0,0.0,0.0,0.0
2025-10-28 06:00:00+00:00,0.0,0.0,0.0,0.0
2025-10-28 07:00:00+00:00,0.0,0.0,0.0,0.0
2025-10-28 08:00:00+00:00,0.0,0.0,0.0,0.0
2025-10-28 09:00:00+00:00,0.0,0.0,0.0,0.0
2025-10-28 10:00:00+00:00,0.0,0.0,0.0,0.0
2025-10-28 11:00:00+00:00,0.0,0.0,0.0,0.0
2025-10-28 12:00:00+00:00,0.0,0.0,0.0,0.0
2025-10-28 13:00:00+00:00,0.0,0.0,0.0,0.0
2025-10-28 14:00:00+00:00,0.0,0.0,0.0,0.0
2025-10-28 15:00:00+00:00,0.0,0.0,0.0,0.0
2025-10-28 16:00:00+00:00,0.0,0.0,0.0,0.0
2025-10-28 17:00:00+00:00,0.0,0.0,0.0,0.0
2025-10-28 18:00:00+00:00,0.0,0.0,0.0,0.0
2025-10-28 19:00:00+00:00,0.0,0.0,0.0,0.0
2025-10-28 20:00:00+00:00,0.0,0.0,0.0,0.0
2025-10-28 21:00:00+00:00,0.0,0.0,0.0,0.0
2025-10-28 22:00:00+00:00,0.0,0.0,0.0,0.0
2025-10-28 23:00:00+00:00,0.0,0.0,0.0,0.0
2025-10-29 00:00:00+00:00,0.0,0.0,0.0,0.0
2025-10-29 01:00:00+00:00,0.0,0.0,0.0,0.0
2025-10-29 02:00:00+00:00,0.0,0.0,0.0,0.0
2025-10-29 03:00:00+00:00,0.0,0.0,0.0,0.0
2025-10-29 04:00:00+00:00,0.0,0.0,0.0,0.0
2025-10-29 05:00:00+00:00,0.0,0.0,0.0,0.0
2025-10-29 06:00:00+00:00,0.0,0.0,0.0,0.0
2025-10-29 07:00:00+00:00,0.0,0.0,0.0,0.0
2025-10-29 08:00:00+00:00,0.0,0.0,0.0,0.0
2025-10-29 09:00:00+00:00,0.0,0.0,0.0,0.0
2025-10-29 10:00:00+00:00,0.0,0.0,0.0,0.0
2025-10-29 11:00:00+00:00,0.0,0.0,0.0,0.0
2025-10-29 12:00:00+00:00,0.0,0.0,0.0,0.0
2025-10-29 13:00:00+00:00,0.0,0.0,0.0,0.0
2025-10-29 14:00:00+00:00,0.003044,0.0,0.0,0.0
2025-10-29 15:00:00+00:00,0.0,0.0,0.0,0.0
2025-10-29 16:00:00+00:00,0.0,0.0,0.0,0.0
2025-10-29 17:00:00+00:00,0.0,0.0,0.0,0.0
2025-10-29 18:00:00+00:00,0.0,0.0,0.0,0.0
2025-10-29 19:00:00+00:00,0.0,0.0,0.0,0.0
2025-10-29 20:00:00+00:00,0.0,0.0,0.0,0.0
2025-10-29 21:00:00+00:00,0.0,0.0,0.0,0.0
2025-10-29 22:00:00+00:00,0.0,0.0,0.0,0.0
2025-10-29 23:00:00+00:00,0.0,0.0,0.0,0.0
2025-10-30 00:00:00+00:00,0.0,0.0,0.0,0.0
2025-10-30 01:00:00+00:00,0.0,0.0,0.0,0.0
2025-10-30 02:00:00+00:00,0.0,0.0,0.0,0.0
2025-10-30 03:00:00+00:00,0.0,0.0,0.0,0.0
2025-10-30 04:00:00+00:00,0.0,0.0,0.0,0.0
2025-10-30 05:00:00+00:00,0.0,0.0,0.0,0.0
2025-10-30 06:00:00+00:00,0.0,0.0,0.0,0.0
2025-10-30 07:00:00+00:00,0.0,0.0,0.0,0.0
2025-10-30 08:00:00+00:00,0.0,0.0,0.0,0.0
2025-10-30 09:00:00+00:00,0.0,0.0,0.0,0.0
2025-10-30 10:00:00+00:00,0.0,0.0,0.0,0.0
2025-10-30 11:00:00+00:00,0.0,0.0,0.0,0.0
2025-10-30 12:00:00+00:00,0.0,0.0,0.0,0.0
2025-10-30 13:00:00+00:00,0.0,0.0,0.0,0.0
2025-10-30 14:00:00+00:00,0.0,0.0,0.0,0.0
2025-10-30 15:00:00+00:00,0.0,0.0,0.0,0.0
2025-10-30 16:00:00+00:00,0.0,0.0,0.0,0.0
2025-10-30 17:00:00+00:00,0.0,0.0,0.0,0.0
2025-10-30 18:00:00+00:00,0.0,0.0,0.0,0.0
2025-10-30 19:00:00+00:00,0.0,0.0,0.0,0.0
2025-10-30 20:00:00+00:00,0.0,0.0,0.0,0.0
2025-10-30 21:00:00+00:00,0.0,0.0,0.0,0.0
2025-10-30 22:00:00+00:00,0.0,0.0,0.0,0.0
2025-10-30 23:00:00+00:00,0.0,0.0,0.0,0.0
2025-10-31 00:00:00+00:00,0.0,0.0,0.0,0.0
2025-10-31 01:00:00+00:00,0.0,0.0,0.0,0.0
2025-10-31 02:00:00+00:00,0.0,0.0,0.0,0.0
2025-10-31 03:00:00+00:00,0.0,0.0,0.0,0.0
2025-10-31 04:00:00+00:00,0.0,0.0,0.0,0.0
2025-10-31 05:00:00+00:00,0.0,0.0,0.0,0.0
2025-10-31 06:00:00+00:00,0.0,0.0,0.0,0.0
2025-10-31 07:00:00+00:00,0.0,0.0,0.0,0.0
2025-10-31 08:00:00+00:00,0.0,0.0,0.0,0.0
2025-10-31 09:00:00+00:00,0.0,0.0,0.0,0.0
2025-10-31 10:00:00+00:00,0.0,0.0,7.829944407388045e-05,0.0
2025-10-31 11:00:00+00:00,0.0,0.0,0.0,0.0
2025-10-31 12:00:00+00:00,0.0,0.0,0.0,0.0
2025-10-31 13:00:00+00:00,0.0,0.0,0.0,0.0
2025-10-31 14:00:00+00:00,0.0,0.0,0.0,0.0
2025-10-31 15:00:00+00:00,0.0,0.0,0.0,0.0
2025-10-31 16:00:00+00:00,0.0,0.0,0.0,0.0
2025-10-31 17:00:00+00:00,0.0,0.0,0.0,0.0
2025-10-31 18:00:00+00:00,0.0,0.0,0.0,0.0
2025-10-31 19:00:00+00:00,0.0,0.0,0.0,0.0
2025-10-31 20:00:00+00:00,0.0,0.0,0.0,0.0
2025-10-31 21:00:00+00:00,0.0,0.0,0.0,0.0
2025-10-31 22:00:00+00:00,0.0,0.0,0.0,0.0
2025-10-31 23:00:00+00:00,0.0,0.0,0.0,0.0
2025-11-01 00:00:00+00:00,0.0,0.0,0.0,0.0
2025-11-01 01:00:00+00:00,0.0,0.0,0.0,0.0
2025-11-01 02:00:00+00:00,0.0,0.0,0.0,0.0
2025-11-01 03:00:00+00:00,0.0,0.0,0.0,0.0
2025-11-01 04:00:00+00:00,0.0,0.0,0.0,0.0
2025-11-01 05:00:00+00:00,0.0,0.0,0.0,0.0
2025-11-01 06:00:00+00:00,0.0,0.0,0.0,0.0
2025-11-01 07:00:00+00:00,0.0,0.0,0.0,0.0
2025-11-01 08:00:00+00:00,0.0,0.0,0.0,0.0
2025-11-01 09:00:00+00:00,0.0,0.0,0.0,0.0
2025-11-01 10:00:00+00:00,0.0,0.0,0.0,0.0
2025-11-01 11:00:00+00:00,0.0,0.0,0.0,0.0
2025-11-01 12:00:00+00:00,0.0,0.0,0.0,0.0
2025-11-01 13:00:00+00:00,0.0,0.0,0.0,0.0
2025-11-01 14:00:00+00:00,0.0,0.0,0.0,0.0
2025-11-01 15:00:00+00:00,0.0,0.0,0.0,0.0
2025-11-01 16:00:00+00:00,0.0,0.0,0.0,0.0
2025-11-01 17:00:00+00:00,0.0,0.0,0.0,0.0
2025-11-01 18:00:00+00:00,0.0,0.0,0.0,0.0
2025-11-01 19:00:00+00:00,0.0,0.0,0.0,0.0
2025-11-01 20:00:00+00:00,0.0,0.0,0.0,0.0
2025-11-01 21:00:00+00:00,0.0,0.0,0.0,0.0
2025-11-01 22:00:00+00:00,0.0,0.0,0.0,0.0
2025-11-01 23:00:00+00:00,0.0,0.0,0.0,0.0
2025-11-02 00:00:00+00:00,0.0,0.0,0.0,0.0
2025-11-02 01:00:00+00:00,0.0,0.0,0.0,0.0
2025-11-02 02:00:00+00:00,0.0,0.0,1.322873454429608e-05,8.582987635438198e-06
2025-11-02 03:00:00+00:00,0.0,0.0,0.0,0.0
2025-11-02 04:00:00+00:00,0.011836,0.0,0.0,0.0
2025-11-02 05:00:00+00:00,0.0,0.0,-4.406831843818625e-05,0.0
2025-11-02 06:00:00+00:00,0.0,0.0,0.0,0.0
2025-11-02 07:00:00+00:00,0.0,0.0,0.0,0.0
2025-11-02 08:00:00+00:00,0.0,0.0,0.0,0.0
2025-11-02 09:00:00+00:00,0.0,0.0,0.0,0.0
2025-11-02 10:00:00+00:00,-0.012826,0.0,0.0,0.0
2025-11-02 11:00:00+00:00,0.0,0.0,0.0,0.0
2025-11-02 12:00:00+00:00,0.0,0.0,0.0,-4.039049511671547e-06
2025-11-02 13:00:00+00:00,0.0,0.0,0.0,0.0
2025-11-02 14:00:00+00:00,0.0,0.0,0.0,0.0
2025-11-02 15:00:00+00:00,0.0,0.0,0.0,0.0
2025-11-02 16:00:00+00:00,0.0,0.0,0.0,0.0
2025-11-02 17:00:00+00:00,0.0,0.0,0.0,0.0
2025-11-02 18:00:00+00:00,0.0,0.0,0.0,0.0
2025-11-02 19:00:00+00:00,0.0,0.0,0.0,0.0
2025-11-02 20:00:00+00:00,0.0,0.0,0.0,0.0
2025-11-02 21:00:00+00:00,0.0,0.0,0.0,0.0
2025-11-02 22:00:00+00:00,0.0,0.0,0.0,0.0
2025-11-02 23:00:00+00:00,0.0,0.0,0.0,0.0
2025-11-03 00:00:00+00:00,0.0,0.0,0.0,0.0
2025-11-03 01:00:00+00:00,0.0,0.0,0.0,-0.0001014334885582
2025-11-03 02:00:00+00:00,-0.012336,0.0,-3.478354632952096e-05,0.0
2025-11-03 03:00:00+00:00,0.0,0.0,0.0,0.0
2025-11-03 04:00:00+00:00,0.0,0.0,0.0,0.0
2025-11-03 05:00:00+00:00,0.0,0.0,0.0,0.0
2025-11-03 06:00:00+00:00,-0.011871,0.0,0.0,0.0
2025-11-03 07:00:00+00:00,0.0,0.0,0.0,0.0
2025-11-03 08:00:00+00:00,0.0,0.0,0.0,0.0
2025-11-03 09:00:00+00:00,0.0,0.0,-4.797625307228159e-05,0.0
2025-11-03 10:00:00+00:00,0.0,0.0,0.0,0.0
2025-11-03 11:00:00+00:00,0.0,0.0,0.0,-2.389971691938219e-05
2025-11-03 12:00:00+00:00,0.0,0.0,0.0,0.0
2025-11-03 13:00:00+00:00,0.0,0.0,0.0,0.0
2025-11-03 14:00:00+00:00,0.0,0.0,0.0,0.0
2025-11-03 15:00:00+00:00,0.00326,0.0,0.0,0.0
2025-11-03 16:00:00+00:00,0.0,0.0,0.0,0.0
2025-11-03 17:00:00+00:00,0.0,0.0,0.0,0.0
2025-11-03 18:00:00+00:00,0.0,0.0,0.0,0.0
2025-11-03 19:00:00+00:00,0.0,0.0,0.0,0.0
2025-11-03 20:00:00+00:00,0.0,0.0,0.0,0.0
2025-11-03 21:00:00+00:00,0.0,0.0,0.0,0.0
2025-11-03 22:00:00+00:00,0.0,0.0,0.0,0.0
2025-11-03 23:00:00+00:00,0.0,0.0,0.0,0.0
2025-11-04 00:00:00+00:00,0.0,0.0,0.0,-2.940317087501531e-05
2025-11-04 01:00:00+00:00,0.0,0.0,0.0,0.0
2025-11-04 02:00:00+00:00,0.0,0.0,0.0,0.0
2025-11-04 03:00:00+00:00,0.0,0.0,0.0,0.0
2025-11-04 04:00:00+00:00,0.0,0.0,0.0,0.0
2025-11-04 05:00:00+00:00,-0.011196,0.0,0.0,0.0
2025-11-04 06:00:00+00:00,0.0,0.0,0.0,0.0
2025-11-04 07:00:00+00:00,0.0,0.0,0.0,0.0
2025-11-04 08:00:00+00:00,0.0,0.0,0.0,0.0
2025-11-04 09:00:00+00:00,0.0,0.0,0.0,0.0
2025-11-04 10:00:00+00:00,0.0,0.0,0.0,0.0
2025-11-04 11:00:00+00:00,0.0,0.0,0.0,0.0
2025-11-04 12:00:00+00:00,0.0,0.0,0.0,0.0
2025-11-04 13:00:00+00:00,0.0,0.0,0.0,0.0
2025-11-04 14:00:00+00:00,-0.011156,0.0,0.0,-0.0001161041780848
2025-11-04 15:00:00+00:00,0.0,0.0,0.0,0.0
2025-11-04 16:00:00+00:00,0.0,0.0,0.0,0.0
2025-11-04 17:00:00+00:00,0.0,0.0,0.0,0.0
2025-11-04 18:00:00+00:00,0.0,0.0,0.0,-0.0001667862371244
2025-11-04 19:00:00+00:00,0.0,0.0,0.0,0.0
2025-11-04 20:00:00+00:00,0.0,0.0,0.0,0.0
2025-11-04 21:00:00+00:00,0.0,0.0,0.0,0.0
2025-11-04 22:00:00+00:00,0.0,0.0,0.0,0.0
2025-11-04 23:00:00+00:00,0.0,0.0,0.0,0.0
2025-11-05 00:00:00+00:00,0.0,0.0,0.0,0.0
2025-11-05 01:00:00+00:00,0.0,0.0,0.0,0.0
2025-11-05 02:00:00+00:00,0.0,0.0,0.0,0.0
2025-11-05 03:00:00+00:00,0.0,0.0,0.0,0.0
2025-11-05 04:00:00+00:00,0.0,0.0,0.0,0.0
2025-11-05 05:00:00+00:00,0.0,0.0,0.0,0.0
2025-11-05 06:00:00+00:00,0.0,0.0,0.0,0.0
2025-11-05 07:00:00+00:00,0.0,0.0,0.0,0.0
2025-11-05 08:00:00+00:00,0.0,0.0,0.0,0.0
2025-11-05 09:00:00+00:00,0.0,0.0,0.0,0.0
2025-11-05 10:00:00+00:00,0.0,0.0,0.0,0.0
2025-11-05 11:00:00+00:00,0.0,0.0,0.0,-1.5815137569763486e-05
2025-11-05 12:00:00+00:00,0.0,0.0,0.0,0.0
2025-11-05 13:00:00+00:00,0.0,0.0,0.0,0.0
2025-11-05 14:00:00+00:00,0.0,0.0,0.0,0.0
2025-11-05 15:00:00+00:00,0.0,0.0,0.0,0.0
2025-11-05 16:00:00+00:00,0.0,0.0,0.0,0.0
2025-11-05 17:00:00+00:00,0.0,0.0,0.0,0.0
2025-11-05 18:00:00+00:00,0.013971,0.0,0.0,0.0
2025-11-05 19:00:00+00:00,0.0,0.0,0.0,0.0
2025-11-05 20:00:00+00:00,0.0,0.0,0.0,0.0
2025-11-05 21:00:00+00:00,0.0,0.0,0.0,0.0
2025-11-05 22:00:00+00:00,0.0,0.0,0.0,0.0
2025-11-05 23:00:00+00:00,0.0,0.0,0.0,0.0
2025-11-06 00:00:00+00:00,0.0,0.0,0.0,0.0
2025-11-06 01:00:00+00:00,0.0,0.0,0.0,0.0
2025-11-06 02:00:00+00:00,0.0,0.0,0.0,0.0
2025-11-06 03:00:00+00:00,0.0,0.0,0.0,0.0
2025-11-06 04:00:00+00:00,0.0,0.0,0.0,0.0
2025-11-06 05:00:00+00:00,0.0,0.0,0.0,0.0
2025-11-06 06:00:00+00:00,0.0,0.0,0.0,0.0
2025-11-06 07:00:00+00:00,0.0,0.0,0.0,0.0
2025-11-06 08:00:00+00:00,0.0,0.0,0.0,0.0
2025-11-06 09:00:00+00:00,0.0,0.0,0.0,0.0
2025-11-06 10:00:00+00:00,0.0,0.0,0.0,0.0
2025-11-06 11:00:00+00:00,0.0,0.0,0.0,0.0
2025-11-06 12:00:00+00:00,0.0,0.0,0.0,0.0
2025-11-06 13:00:00+00:00,0.0,0.0,0.0,0.0
2025-11-06 14:00:00+00:00,0.0,0.0,0.0,0.0
2025-11-06 15:00:00+00:00,0.0,0.0,0.0,0.0
2025-11-06 16:00:00+00:00,0.0,0.0,0.0,0.0
2025-11-06 17:00:00+00:00,0.0,0.0,0.0,0.0
2025-11-06 18:00:00+00:00,0.0,0.0,0.0,0.0
2025-11-06 19:00:00+00:00,0.0,0.0,0.0,0.0
2025-11-06 20:00:00+00:00,0.0,0.0,0.0,0.0
2025-11-06 21:00:00+00:00,0.0,0.0,0.0,0.0
2025-11-06 22:00:00+00:00,0.0,0.0,0.0,0.0
2025-11-06 23:00:00+00:00,0.0,0.0,0.0,0.0
2025-11-07 00:00:00+00:00,0.0,0.0,0.0,0.0
2025-11-07 01:00:00+00:00,0.0,0.0,0.0,0.0
2025-11-07 02:00:00+00:00,0.0,0.0,0.0,0.0
2025-11-07 03:00:00+00:00,0.0,0.0,0.0,0.0
2025-11-07 04:00:00+00:00,0.0,0.0,0.0,0.0
2025-11-07 05:00:00+00:00,0.0,0.0,0.0,0.0
2025-11-07 06:00:00+00:00,0.0,0.0,0.0,0.0
2025-11-07 07:00:00+00:00,0.0,0.0,0.0,0.0
2025-11-07 08:00:00+00:00,0.0,0.0,0.0,0.0
2025-11-07 09:00:00+00:00,0.0,0.0,0.0,0.0
2025-11-07 10:00:00+00:00,0.0,0.0,0.0,0.0
2025-11-07 11:00:00+00:00,-0.011342,0.0,0.0,0.0
2025-11-07 12:00:00+00:00,0.0,0.0,0.0,0.0
2025-11-07 13:00:00+00:00,0.0,0.0,0.0,0.0
2025-11-07 14:00:00+00:00,0.0,0.0,0.0,0.0
2025-11-07 15:00:00+00:00,0.0,0.0,0.0,0.0
2025-11-07 16:00:00+00:00,0.0,0.0,0.0,0.0
2025-11-07 17:00:00+00:00,0.0,0.0,0.0,0.0
2025-11-07 18:00:00+00:00,0.0,0.0,0.0,0.0
2025-11-07 19:00:00+00:00,0.0,0.0,0.0,0.0
2025-11-07 20:00:00+00:00,0.0,0.0,0.0,0.0
2025-11-07 21:00:00+00:00,0.0,0.0,0.0,0.0
2025-11-07 22:00:00+00:00,0.0,0.0,0.0,0.0
2025-11-07 23:00:00+00:00,0.0,0.0,0.0,0.0
2025-11-08 00:00:00+00:00,0.0,0.0,0.0,0.0
2025-11-08 01:00:00+00:00,0.0,0.0,0.0,0.0
2025-11-08 02:00:00+00:00,0.0,0.0,0.0,0.0
2025-11-08 03:00:00+00:00,0.0,0.0,0.0,0.0
2025-11-08 04:00:00+00:00,0.0,0.0,0.0,0.0
2025-11-08 05:00:00+00:00,0.0,0.0,0.0,0.0
2025-11-08 06:00:00+00:00,0.0,0.0,0.0,0.0
2025-11-08 07:00:00+00:00,0.0,0.0,0.0,0.0
2025-11-08 08:00:00+00:00,0.0,0.0,0.0,0.0
2025-11-08 09:00:00+00:00,0.0,0.0,0.0,0.0
2025-11-08 10:00:00+00:00,0.0,0.0,0.0,0.0
2025-11-08 11:00:00+00:00,0.0,0.0,0.0,0.0
2025-11-08 12:00:00+00:00,0.0,0.0,0.0,0.0
2025-11-08 13:00:00+00:00,0.0,0.0,0.0,0.0
2025-11-08 14:00:00+00:00,0.0,0.0,0.0,0.0
2025-11-08 15:00:00+00:00,0.0,0.0,0.0,0.0
2025-11-08 16:00:00+00:00,0.0,0.0,0.0,0.0
2025-11-08 17:00:00+00:00,0.0,0.0,0.0,0.0
2025-11-08 18:00:00+00:00,0.0,0.0,0.0,0.0
2025-11-08 19:00:00+00:00,0.0,0.0,0.0,0.0
2025-11-08 20:00:00+00:00,0.0,0.0,0.0,0.0
2025-11-08 21:00:00+00:00,0.0,0.0,0.0,0.0
2025-11-08 22:00:00+00:00,0.0,0.0,0.0,0.0
2025-11-08 23:00:00+00:00,0.0,0.0,0.0,0.0
2025-11-09 00:00:00+00:00,0.0,0.0,0.0,0.0
2025-11-09 01:00:00+00:00,0.0,0.0,0.0,0.0
2025-11-09 02:00:00+00:00,0.0,0.0,0.0,0.0
2025-11-09 03:00:00+00:00,0.0,0.0,0.0,0.0
2025-11-09 04:00:00+00:00,0.0,0.0,0.0,0.0
2025-11-09 05:00:00+00:00,0.0,0.0,0.0,0.0
2025-11-09 06:00:00+00:00,0.0,0.0,0.0,0.0
2025-11-09 07:00:00+00:00,0.0,0.0,0.0,0.0
2025-11-09 08:00:00+00:00,0.0,0.0,0.0,0.0
2025-11-09 09:00:00+00:00,0.0,0.0,0.0,0.0
2025-11-09 10:00:00+00:00,0.0,0.0,0.0,0.0
2025-11-09 11:00:00+00:00,0.0,0.0,0.0,4.850706873848699e-05
2025-11-09 12:00:00+00:00,0.0,0.0,0.0,0.0
2025-11-09 13:00:00+00:00,0.012715,0.0,0.0,0.0
2025-11-09 14:00:00+00:00,0.0,0.0,0.0,0.0
2025-11-09 15:00:00+00:00,0.0,0.0,0.0,0.0
2025-11-09 16:00:00+00:00,0.0,0.0,0.0,0.0
2025-11-09 17:00:00+00:00,0.0,0.0,0.0,0.0
2025-11-09 18:00:00+00:00,0.0,0.0,0.0,0.0
2025-11-09 19:00:00+00:00,0.0,0.0,0.0,0.0
2025-11-09 20:00:00+00:00,0.0,0.0,0.0,0.0
2025-11-09 21:00:00+00:00,0.0,0.0,0.0,0.0
2025-11-09 22:00:00+00:00,0.0,0.0,0.0,0.0
2025-11-09 23:00:00+00:00,0.0,0.0,0.0,0.0
2025-11-10 00:00:00+00:00,0.0,0.0,0.0,0.0
2025-11-10 01:00:00+00:00,0.0,0.0,0.0,0.0
2025-11-10 02:00:00+00:00,0.0,0.0,0.0,0.0
2025-11-10 03:00:00+00:00,0.0,0.0,0.0,0.0
2025-11-10 04:00:00+00:00,0.0,0.0,0.0,0.0
2025-11-10 05:00:00+00:00,0.0,0.0,0.0,0.0
2025-11-10 06:00:00+00:00,0.0,0.0,0.0,0.0
2025-11-10 07:00:00+00:00,0.0,0.0,0.0,0.0
2025-11-10 08:00:00+00:00,0.0,0.0,0.0,0.0
2025-11-10 09:00:00+00:00,0.0,0.0,0.0,0.0
2025-11-10 10:00:00+00:00,0.0,0.0,0.0,0.0
2025-11-10 11:00:00+00:00,0.0,0.0,0.0,0.0
2025-11-10 12:00:00+00:00,0.0,0.0,0.0,0.0
2025-11-10 13:00:00+00:00,0.0,0.0,0.0,0.0
2025-11-10 14:00:00+00:00,0.0,0.0,0.0,-0.0001346193345476
2025-11-10 15:00:00+00:00,0.0,0.0,0.0,0.0
2025-11-10 16:00:00+00:00,0.0,0.0,0.0,0.0
2025-11-10 17:00:00+00:00,0.0,0.0,0.0,5.482199843123482e-05
2025-11-10 18:00:00+00:00,0.0,0.0,0.0,0.0
2025-11-10 19:00:00+00:00,0.0,0.0,0.0,0.0
2025-11-10 20:00:00+00:00,0.0,0.0,0.0,0.0
2025-11-10 21:00:00+00:00,0.0,0.0,0.0,0.0
2025-11-10 22:00:00+00:00,0.0,0.0,0.0,0.0
2025-11-10 23:00:00+00:00,0.0,0.0,0.0,0.0
2025-11-11 00:00:00+00:00,0.0,0.0,0.0,0.0
2025-11-11 01:00:00+00:00,0.013543,0.0,0.0,6.194920258833281e-05
2025-11-11 02:00:00+00:00,0.0,0.0,0.0,0.0
2025-11-11 03:00:00+00:00,0.0,0.0,0.0,0.0
2025-11-11 04:00:00+00:00,0.0,0.0,0.0,0.0
2025-11-11 05:00:00+00:00,0.0,0.0,0.0,0.0
2025-11-11 06:00:00+00:00,0.0,0.0,0.0,0.0
2025-11-11 07:00:00+00:00,0.0,0.0,0.0,0.0
2025-11-11 08:00:00+00:00,0.0,0.0,0.0,0.0
2025-11-11 09:00:00+00:00,0.0,0.0,0.0,0.0
2025-11-11 10:00:00+00:00,0.0,0.0,0.0,0.0
2025-11-11 11:00:00+00:00,0.0,0.0,0.0,0.0
2025-11-11 12:00:00+00:00,0.0,0.0,0.0,0.0
2025-11-11 13:00:00+00:00,0.0,0.0,0.0,0.0
2025-11-11 14:00:00+00:00,0.0,0.0,0.0,0.0
2025-11-11 15:00:00+00:00,0.0,0.0,0.0,-8.853211754432322e-05
2025-11-11 16:00:00+00:00,0.0,0.0,0.0,0.0
2025-11-11 17:00:00+00:00,0.0,0.0,0.0,0.0
2025-11-11 18:00:00+00:00,0.0,0.0,0.0,0.0
2025-11-11 19:00:00+00:00,0.0,0.0,0.0,0.0
2025-11-11 20:00:00+00:00,0.0,0.0,0.0,0.0
2025-11-11 21:00:00+00:00,0.0,0.0,0.0,0.0
2025-11-11 22:00:00+00:00,0.0,0.0,0.0,0.0
2025-11-11 23:00:00+00:00,0.0,0.0,0.0,0.0
2025-11-12 00:00:00+00:00,0.0,0.0,0.0,0.0
2025-11-12 01:00:00+00:00,0.0,0.0,0.0,0.0
2025-11-12 02:00:00+00:00,0.0,0.0,0.0,0.0
2025-11-12 03:00:00+00:00,0.0,0.0,0.0,0.0
2025-11-12 04:00:00+00:00,0.0,0.0,0.0,0.0
2025-11-12 05:00:00+00:00,0.0,0.0,0.0,0.0
2025-11-12 06:00:00+00:00,0.0,0.0,0.0,0.0
2025-11-12 07:00:00+00:00,0.0,0.0,0.0,0.0
2025-11-12 08:00:00+00:00,0.0,0.0,0.0,4.505369472483368e-05
2025-11-12 09:00:00+00:00,0.013363,0.0,0.0,0.0
2025-11-12 10:00:00+00:00,0.0,0.0,0.0,0.0
2025-11-12 11:00:00+00:00,0.0,0.0,0.0,0.0
2025-11-12 12:00:00+00:00,0.0,0.0,0.0,0.0
2025-11-12 13:00:00+00:00,0.0,0.0,0.0,0.0
2025-11-12 14:00:00+00:00,0.0,0.0,0.0,0.0
2025-11-12 15:00:00+00:00,0.0,0.0,0.0,0.0
2025-11-12 16:00:00+00:00,0.0,0.0,0.0,0.0
2025-11-12 17:00:00+00:00,0.0,0.0,0.0,0.0
2025-11-12 18:00:00+00:00,0.0,0.0,0.0,0.0
2025-11-12 19:00:00+00:00,0.0,0.0,0.0,0.0
2025-11-12 20:00:00+00:00,0.0,0.0,0.0,0.0
2025-11-12 21:00:00+00:00,0.0,0.0,0.0,0.0
2025-11-12 22:00:00+00:00,0.0,0.0,0.0,0.0
2025-11-12 23:00:00+00:00,0.0,0.0,0.0,0.0
2025-11-13 00:00:00+00:00,0.0,0.0,0.0,0.0
2025-11-13 01:00:00+00:00,0.0,0.0,0.0,0.0
2025-11-13 02:00:00+00:00,0.0,0.0,0.0,0.0
2025-11-13 03:00:00+00:00,0.0,0.0,-2.793132395513819e-05,0.0
2025-11-13 04:00:00+00:00,0.0,0.0,0.0,0.0
2025-11-13 05:00:00+00:00,0.0,0.0,0.0,0.0
2025-11-13 06:00:00+00:00,0.0,0.0,0.0,0.0
2025-11-13 07:00:00+00:00,0.0,0.0,0.0,0.0
2025-11-13 08:00:00+00:00,0.0,0.0,0.0,0.0
2025-11-13 09:00:00+00:00,0.0,0.0,0.0,0.0
2025-11-13 10:00:00+00:00,0.0,0.0,0.0,0.0
2025-11-13 11:00:00+00:00,0.0,0.0,0.0,0.0
2025-11-13 12:00:00+00:00,0.0,0.0,0.0,0.0
2025-11-13 13:00:00+00:00,0.0,0.0,0.0,-9.927896666713677e-05
2025-11-13 14:00:00+00:00,0.0,0.0,0.0,0.0
2025-11-13 15:00:00+00:00,0.0,0.0,0.0,0.0
2025-11-13 16:00:00+00:00,0.0,0.0,0.0,0.0
2025-11-13 17:00:00+00:00,0.0,0.0,0.0,0.0
2025-11-13 18:00:00+00:00,0.0,0.0,0.0,0.0
2025-11-13 19:00:00+00:00,0.0,0.0,0.0,0.0
2025-11-13 20:00:00+00:00,0.0,0.0,0.0,0.0
2025-11-13 21:00:00+00:00,0.0,0.0,0.0,0.0
2025-11-13 22:00:00+00:00,0.0,0.0,0.0,0.0
2025-11-13 23:00:00+00:00,0.0,0.0,0.0,0.0
2025-11-14 00:00:00+00:00,0.0,0.0,0.0,0.0
2025-11-14 01:00:00+00:00,0.0,0.0,0.0,0.0
2025-11-14 02:00:00+00:00,0.0,0.0,0.0,0.0
2025-11-14 03:00:00+00:00,0.0,0.0,0.0,0.0
2025-11-14 04:00:00+00:00,0.0,0.0,0.0,0.0
2025-11-14 05:00:00+00:00,0.0,0.0,0.0,0.0
2025-11-14 06:00:00+00:00,0.0,0.0,0.0,0.0
2025-11-14 07:00:00+00:00,0.0,0.0,0.0,0.0
2025-11-14 08:00:00+00:00,0.0,0.0,0.0,0.0
2025-11-14 09:00:00+00:00,0.0,0.0,0.0,0.0
2025-11-14 10:00:00+00:00,0.0,0.0,0.0,0.0
2025-11-14 11:00:00+00:00,0.0,0.0,0.0,0.0
2025-11-14 12:00:00+00:00,0.0,0.0,0.0,0.0
2025-11-14 13:00:00+00:00,0.0,0.0,0.0,0.0
2025-11-14 14:00:00+00:00,0.0,0.0,0.0,0.0
2025-11-14 15:00:00+00:00,0.0,0.0,0.0,0.0
2025-11-14 16:00:00+00:00,0.0,0.0,0.0,0.0
2025-11-14 17:00:00+00:00,0.0,0.0,0.0,0.0
2025-11-14 18:00:00+00:00,0.0,0.0,0.0,0.0
2025-11-14 19:00:00+00:00,0.0,0.0,0.0,0.0
2025-11-14 20:00:00+00:00,0.0,0.0,0.0,0.0
2025-11-14 21:00:00+00:00,0.0,0.0,0.0,0.0
2025-11-14 22:00:00+00:00,0.0,0.0,0.0,0.0
2025-11-14 23:00:00+00:00,0.0,0.0,0.0,0.0
2025-11-15 00:00:00+00:00,0.0,0.0,0.0,0.0
2025-11-15 01:00:00+00:00,0.0,0.0,0.0,0.0
2025-11-15 02:00:00+00:00,0.0,0.0,0.0,0.0
2025-11-15 03:00:00+00:00,0.0,0.0,0.0,0.0
2025-11-15 04:00:00+00:00,0.0,0.0,0.0,0.0
2025-11-15 05:00:00+00:00,0.0,0.0,0.0,0.0
2025-11-15 06:00:00+00:00,0.0,0.0,0.0,0.0
2025-11-15 07:00:00+00:00,0.0,0.0,0.0,0.0
2025-11-15 08:00:00+00:00,0.0,0.0,0.0,0.0
2025-11-15 09:00:00+00:00,0.0,0.0,0.0,0.0
2025-11-15 10:00:00+00:00,0.0,0.0,0.0,0.0
2025-11-15 11:00:00+00:00,0.0,0.0,0.0,0.0
2025-11-15 12:00:00+00:00,0.0,0.0,0.0,0.0
2025-11-15 13:00:00+00:00,0.0,0.0,0.0,0.0
2025-11-15 14:00:00+00:00,0.0,0.0,0.0,0.0
2025-11-15 15:00:00+00:00,0.0,0.0,0.0,0.0
2025-11-15 16:00:00+00:00,0.0,0.0,0.0,0.0
2025-11-15 17:00:00+00:00,0.0,0.0,0.0,0.0
2025-11-15 18:00:00+00:00,0.0,0.0,0.0,0.0
2025-11-15 19:00:00+00:00,0.0,0.0,0.0,0.0
2025-11-15 20:00:00+00:00,0.0,0.0,0.0,0.0
2025-11-15 21:00:00+00:00,0.0,0.0,0.0,0.0
2025-11-15 22:00:00+00:00,0.0,0.0,0.0,0.0
2025-11-15 23:00:00+00:00,0.0,0.0,0.0,0.0
2025-11-16 00:00:00+00:00,0.0,0.0,0.0,0.0
2025-11-16 01:00:00+00:00,0.0,0.0,0.0,0.0
2025-11-16 02:00:00+00:00,0.0,0.0,0.0,0.0
2025-11-16 03:00:00+00:00,0.0,0.0,0.0,0.0
2025-11-16 04:00:00+00:00,0.0,0.0,0.0,0.0
2025-11-16 05:00:00+00:00,0.0,0.0,0.0,0.0
2025-11-16 06:00:00+00:00,0.0,0.0,0.0,0.0
2025-11-16 07:00:00+00:00,0.0,0.0,0.0,0.0
2025-11-16 08:00:00+00:00,0.0,0.0,0.0,0.0
2025-11-16 09:00:00+00:00,0.0,0.0,0.0,0.0
2025-11-16 10:00:00+00:00,0.0,0.0,0.0,0.0
2025-11-16 11:00:00+00:00,0.0,0.0,0.0,0.0
2025-11-16 12:00:00+00:00,0.0,0.0,0.0,0.0
2025-11-16 13:00:00+00:00,-0.011762,0.0,0.0,-6.80974871506168e-05
2025-11-16 14:00:00+00:00,0.0,0.0,0.0,0.0
2025-11-16 15:00:00+00:00,0.0,0.0,0.0,0.0
2025-11-16 16:00:00+00:00,0.0,0.0,0.0,0.0
2025-11-16 17:00:00+00:00,0.0,0.0,0.0,0.0
2025-11-16 18:00:00+00:00,0.0,0.0,0.0,0.0
2025-11-16 19:00:00+00:00,0.0,0.0,0.0,0.0
2025-11-16 20:00:00+00:00,0.0,0.0,0.0,0.0
2025-11-16 21:00:00+00:00,0.0,0.0,0.0,0.0
2025-11-16 22:00:00+00:00,0.0,0.0,0.0,0.0
2025-11-16 23:00:00+00:00,0.0,0.0,0.0,0.0
2025-11-17 00:00:00+00:00,0.0,0.0,0.0,0.0
2025-11-17 01:00:00+00:00,0.0,0.0,0.0,0.0
2025-11-17 02:00:00+00:00,0.0,0.0,0.0,0.0
2025-11-17 03:00:00+00:00,0.0,0.0,0.0,0.0
2025-11-17 04:00:00+00:00,0.0,0.0,0.0,0.0
2025-11-17 05:00:00+00:00,0.0,0.0,0.0,0.0
2025-11-17 06:00:00+00:00,0.0,0.0,0.0,0.0001066872789418
2025-11-17 07:00:00+00:00,0.0,0.0,0.0,0.0
2025-11-17 08:00:00+00:00,0.0,0.0,0.0,0.0
2025-11-17 09:00:00+00:00,0.0,0.0,0.0,0.0
2025-11-17 10:00:00+00:00,0.0,0.0,0.0,0.0
2025-11-17 11:00:00+00:00,0.0,0.0,0.0,0.0
2025-11-17 12:00:00+00:00,0.0,0.0,0.0,0.0
2025-11-17 13:00:00+00:00,-0.0114209999999999,0.0,0.0,-5.346896082348617e-05
2025-11-17 14:00:00+00:00,0.0,0.0,0.0,0.0
2025-11-17 15:00:00+00:00,0.0,0.0,0.0,0.0
2025-11-17 16:00:00+00:00,0.0,0.0,0.0,0.0
2025-11-17 17:00:00+00:00,0.0,0.0,0.0,0.0
2025-11-17 18:00:00+00:00,0.0,0.0,0.0,0.0
2025-11-17 19:00:00+00:00,0.0,0.0,0.0,0.0
2025-11-17 20:00:00+00:00,0.0,0.0,0.0,0.0
2025-11-17 21:00:00+00:00,0.0,0.0,0.0,0.0
2025-11-17 22:00:00+00:00,0.0,0.0,0.0,0.0
2025-11-17 23:00:00+00:00,0.0,0.0,0.0,0.0
2025-11-18 00:00:00+00:00,0.0,0.0,0.0,0.0
2025-11-18 01:00:00+00:00,0.0,0.0,0.0,0.0
2025-11-18 02:00:00+00:00,0.0,0.0,0.0,0.0
2025-11-18 03:00:00+00:00,0.0,0.0,0.0,0.0
2025-11-18 04:00:00+00:00,0.0,0.0,0.0,0.0
2025-11-18 05:00:00+00:00,0.0,0.0,0.0,0.0
2025-11-18 06:00:00+00:00,0.0,0.0,0.0,0.0
2025-11-18 07:00:00+00:00,0.0,0.0,0.0,0.0
2025-11-18 08:00:00+00:00,0.0,0.0,0.0,0.0
2025-11-18 09:00:00+00:00,0.0,0.0,0.0,0.0
2025-11-18 10:00:00+00:00,0.0,0.0,0.0,0.0
2025-11-18 11:00:00+00:00,0.0,0.0,0.0,0.0
2025-11-18 12:00:00+00:00,0.0,0.0,0.0,-5.721776552540913e-05
2025-11-18 13:00:00+00:00,0.0,0.0,0.0,0.0
2025-11-18 14:00:00+00:00,0.0,0.0,0.0,0.0
2025-11-18 15:00:00+00:00,0.00394,0.0,0.0,0.0
2025-11-18 16:00:00+00:00,0.0,0.0,0.0,0.0
2025-11-18 17:00:00+00:00,0.0,0.0,0.0,0.0
2025-11-18 18:00:00+00:00,0.0,0.0,0.0,0.0
2025-11-18 19:00:00+00:00,0.0,0.0,0.0,0.0
2025-11-18 20:00:00+00:00,0.0,0.0,0.0,0.0
2025-11-18 21:00:00+00:00,0.0,0.0,0.0,0.0
2025-11-18 22:00:00+00:00,0.0,0.0,0.0,0.0
2025-11-18 23:00:00+00:00,0.0,0.0,0.0,0.0
2025-11-19 00:00:00+00:00,0.0,0.0,0.0,0.0
2025-11-19 01:00:00+00:00,0.0,0.0,0.0,0.0
2025-11-19 02:00:00+00:00,0.0,0.0,0.0,0.0
2025-11-19 03:00:00+00:00,0.0,0.0,0.0,0.0
2025-11-19 04:00:00+00:00,0.0,0.0,0.0,0.0
2025-11-19 05:00:00+00:00,0.0,0.0,0.0,0.0
2025-11-19 06:00:00+00:00,0.0,0.0,0.0,0.0
2025-11-19 07:00:00+00:00,0.0,0.0,0.0,0.0001548468013317
2025-11-19 08:00:00+00:00,0.0,0.0,0.0,0.0
2025-11-19 09:00:00+00:00,0.0,0.0,0.0,0.0
2025-11-19 10:00:00+00:00,0.0,0.0,0.0,0.0
2025-11-19 11:00:00+00:00,0.0,0.0,0.0,0.0
2025-11-19 12:00:00+00:00,0.0,0.0,0.0,0.0
2025-11-19 13:00:00+00:00,0.0,0.0,0.0,0.0
2025-11-19 14:00:00+00:00,0.0,0.0,0.0,0.0
2025-11-19 15:00:00+00:00,0.003966,0.0,0.0,4.78680442670243e-05
2025-11-19 16:00:00+00:00,0.0,0.0,0.0,0.0
2025-11-19 17:00:00+00:00,0.0,0.0,0.0,0.0
2025-11-19 18:00:00+00:00,0.0,0.0,0.0,0.0
2025-11-19 19:00:00+00:00,0.0,0.0,-0.0001492197145801,0.0
2025-11-19 20:00:00+00:00,0.0,0.0,0.0,0.0
2025-11-19 21:00:00+00:00,0.0,0.0,0.0,0.0
2025-11-19 22:00:00+00:00,0.0,0.0,0.0,0.0
2025-11-19 23:00:00+00:00,0.014028,0.0,0.0,0.0001568375232583
2025-11-20 00:00:00+00:00,0.0,0.0,0.0,0.0
2025-11-20 01:00:00+00:00,0.0,0.0,0.0,0.0
2025-11-20 02:00:00+00:00,0.0,0.0,0.0,0.0
2025-11-20 03:00:00+00:00,0.0,0.0,0.0,0.0
2025-11-20 04:00:00+00:00,0.0,0.0,0.0,0.0
2025-11-20 05:00:00+00:00,0.0,0.0,0.0,0.0
2025-11-20 06:00:00+00:00,0.0,0.0,0.0,0.0
2025-11-20 07:00:00+00:00,0.0,0.0,0.0,0.0
2025-11-20 08:00:00+00:00,0.0,0.0,0.0,0.0
2025-11-20 09:00:00+00:00,0.0,0.0,0.0,0.0
2025-11-20 10:00:00+00:00,0.0,0.0,0.0,0.0
2025-11-20 11:00:00+00:00,0.0,0.0,0.0,0.0
2025-11-20 12:00:00+00:00,0.0,0.0,0.0,0.0
2025-11-20 13:00:00+00:00,0.0,0.0,0.0,0.0
2025-11-20 14:00:00+00:00,0.0,0.0,0.0,0.0
2025-11-20 15:00:00+00:00,0.0,0.0,0.0,0.0
2025-11-20 16:00:00+00:00,0.0,0.0,0.0,0.0
2025-11-20 17:00:00+00:00,0.0,0.0,0.0,0.0
2025-11-20 18:00:00+00:00,0.0,0.0,0.0,0.0
2025-11-20 19:00:00+00:00,0.0,0.0,0.0,0.0
2025-11-20 20:00:00+00:00,0.0,0.0,0.0,0.0
2025-11-20 21:00:00+00:00,0.0,0.0,0.0,0.0
2025-11-20 22:00:00+00:00,0.0,0.0,0.0,0.0
2025-11-20 23:00:00+00:00,0.0,0.0,0.0,0.0
2025-11-21 00:00:00+00:00,0.0,0.0,0.0,0.0
2025-11-21 01:00:00+00:00,0.0,0.0,0.0,0.0
2025-11-21 02:00:00+00:00,0.0,0.0,0.0,0.0
2025-11-21 03:00:00+00:00,0.0,0.0,0.0,0.0
2025-11-21 04:00:00+00:00,0.0,0.0,0.0,0.0
2025-11-21 05:00:00+00:00,0.0,0.0,0.0,0.0
2025-11-21 06:00:00+00:00,0.0,0.0,0.0,0.0
2025-11-21 07:00:00+00:00,0.0,0.0,0.0,0.0
2025-11-21 08:00:00+00:00,0.0,0.0,0.0,0.0
2025-11-21 09:00:00+00:00,0.0,0.0,0.0,0.0
2025-11-21 10:00:00+00:00,0.0,0.0,0.0,0.0
2025-11-21 11:00:00+00:00,0.0,0.0,0.0,0.0
2025-11-21 12:00:00+00:00,0.0,0.0,0.0,0.0
2025-11-21 13:00:00+00:00,0.0,0.0,0.0,0.0
2025-11-21 14:00:00+00:00,0.0,0.0,0.0,0.0
2025-11-21 15:00:00+00:00,0.0,0.0,0.0,0.0
2025-11-21 16:00:00+00:00,0.0,0.0,0.0,0.0
2025-11-21 17:00:00+00:00,0.0,0.0,0.0,0.0
2025-11-21 18:00:00+00:00,0.0,0.0,0.0,0.0
2025-11-21 19:00:00+00:00,0.0,0.0,0.0,0.0
2025-11-21 20:00:00+00:00,0.0,0.0,0.0,0.0
2025-11-21 21:00:00+00:00,0.0,0.0,0.0,0.0
2025-11-21 22:00:00+00:00,0.0,0.0,0.0,0.0
2025-11-21 23:00:00+00:00,0.0,0.0,0.0,0.0
2025-11-22 00:00:00+00:00,0.0,0.0,0.0,0.0
2025-11-22 01:00:00+00:00,0.0,0.0,0.0,0.0
2025-11-22 02:00:00+00:00,0.0,0.0,0.0,0.0
2025-11-22 03:00:00+00:00,0.0,0.0,0.0,0.0
2025-11-22 04:00:00+00:00,0.0,0.0,0.0,0.0
2025-11-22 05:00:00+00:00,0.0,0.0,0.0,0.0
2025-11-22 06:00:00+00:00,0.0,0.0,0.0,0.0
2025-11-22 07:00:00+00:00,0.0,0.0,0.0,0.0
2025-11-22 08:00:00+00:00,0.0,0.0,0.0,0.0
2025-11-22 09:00:00+00:00,0.0,0.0,0.0,0.0
2025-11-22 10:00:00+00:00,0.0,0.0,0.0,0.0
2025-11-22 11:00:00+00:00,0.0,0.0,0.0,0.0
2025-11-22 12:00:00+00:00,0.0,0.0,0.0,0.0
2025-11-22 13:00:00+00:00,0.0,0.0,0.0,0.0
2025-11-22 14:00:00+00:00,0.0,0.0,0.0,0.0
2025-11-22 15:00:00+00:00,0.0,0.0,0.0,0.0
2025-11-22 16:00:00+00:00,0.0,0.0,0.0,0.0
2025-11-22 17:00:00+00:00,0.0,0.0,0.0,0.0
2025-11-22 18:00:00+00:00,0.0,0.0,0.0,0.0
2025-11-22 19:00:00+00:00,0.0,0.0,0.0,0.0
2025-11-22 20:00:00+00:00,0.0,0.0,0.0,0.0
2025-11-22 21:00:00+00:00,0.0,0.0,0.0,0.0
2025-11-22 22:00:00+00:00,0.0,0.0,0.0,0.0
2025-11-22 23:00:00+00:00,0.0,0.0,0.0,0.0
2025-11-23 00:00:00+00:00,0.0,0.0,0.0,0.0
2025-11-23 01:00:00+00:00,0.0,0.0,0.0,0.0
2025-11-23 02:00:00+00:00,0.0,0.0,0.0,0.0
2025-11-23 03:00:00+00:00,0.0,0.0,0.0,0.0
2025-11-23 04:00:00+00:00,0.0,0.0,0.0,0.0
2025-11-23 05:00:00+00:00,0.0,0.0,0.0,0.0
2025-11-23 06:00:00+00:00,0.0,0.0,0.0,0.0
2025-11-23 07:00:00+00:00,0.0,0.0,0.0,0.0
2025-11-23 08:00:00+00:00,0.0,0.0,0.0,0.0
2025-11-23 09:00:00+00:00,0.0,0.0,0.0,0.0
2025-11-23 10:00:00+00:00,0.0,0.0,0.0,0.0
2025-11-23 11:00:00+00:00,0.0,0.0,0.0,0.0
2025-11-23 12:00:00+00:00,0.0,0.0,0.0,0.0
2025-11-23 13:00:00+00:00,0.0,0.0,0.0,0.0
2025-11-23 14:00:00+00:00,0.0,0.0,0.0,0.0
2025-11-23 15:00:00+00:00,0.0,0.0,0.0,0.0
2025-11-23 16:00:00+00:00,0.0,0.0,0.0,0.0
2025-11-23 17:00:00+00:00,0.0,0.0,0.0,0.0
2025-11-23 18:00:00+00:00,0.0,0.0,0.0,0.0
2025-11-23 19:00:00+00:00,0.0,0.0,0.0,0.0
2025-11-23 20:00:00+00:00,0.0,0.0,0.0,0.0
2025-11-23 21:00:00+00:00,0.0,0.0,0.0,0.0
2025-11-23 22:00:00+00:00,0.0,0.0,0.0,0.0
2025-11-23 23:00:00+00:00,0.0,0.0,0.0,0.0
2025-11-24 00:00:00+00:00,0.0,0.0,0.0,0.0
2025-11-24 01:00:00+00:00,0.0,0.0,0.0,0.0
2025-11-24 02:00:00+00:00,0.0,0.0,0.0,0.0
2025-11-24 03:00:00+00:00,0.0,0.0,0.0,0.0
2025-11-24 04:00:00+00:00,0.0,0.0,0.0,0.0
2025-11-24 05:00:00+00:00,0.0,0.0,0.0,0.0
2025-11-24 06:00:00+00:00,0.0,0.0,0.0,0.0
2025-11-24 07:00:00+00:00,0.0,0.0,0.0,0.0
2025-11-24 08:00:00+00:00,0.0,0.0,0.0,0.0
2025-11-24 09:00:00+00:00,0.0,0.0,0.0,-9.960327460910912e-05
2025-11-24 10:00:00+00:00,0.0,0.0,0.0,0.0
2025-11-24 11:00:00+00:00,0.0,0.0,0.0,0.0
2025-11-24 12:00:00+00:00,0.0,0.0,0.0,0.0
2025-11-24 13:00:00+00:00,0.0,0.0,0.0,0.0
2025-11-24 14:00:00+00:00,0.0,0.0,0.0,-9.261963871209256e-05
2025-11-24 15:00:00+00:00,0.0,0.0,0.0,0.0
2025-11-24 16:00:00+00:00,0.0,0.0,0.0,0.0
2025-11-24 17:00:00+00:00,0.0,0.0,0.0,0.0001391587562876
2025-11-24 18:00:00+00:00,0.0,0.0,0.0,0.0
2025-11-24 19:00:00+00:00,0.0,0.0,0.0,0.0
2025-11-24 20:00:00+00:00,0.0,0.0,0.0,0.0
2025-11-24 21:00:00+00:00,0.0,0.0,0.0,0.0
2025-11-24 22:00:00+00:00,0.0,0.0,0.0,0.0
2025-11-24 23:00:00+00:00,0.0,0.0,0.0,0.0
2025-11-25 00:00:00+00:00,0.0,0.0,0.0,0.0
2025-11-25 01:00:00+00:00,0.0,0.0,0.0,0.0
2025-11-25 02:00:00+00:00,0.0,0.0,-3.873382746230946e-05,0.0
2025-11-25 03:00:00+00:00,0.0,0.0,0.0,0.0
2025-11-25 04:00:00+00:00,0.0,0.0,0.0,0.0
2025-11-25 05:00:00+00:00,0.0,0.0,0.0,0.0
2025-11-25 06:00:00+00:00,0.0,0.0,-3.2904916227515226e-05,0.0
2025-11-25 07:00:00+00:00,0.0,0.0,0.0,0.0
2025-11-25 08:00:00+00:00,0.0,0.0,0.0,0.0
2025-11-25 09:00:00+00:00,0.0,0.0,-4.524717095150787e-05,0.0
2025-11-25 10:00:00+00:00,0.0,0.0,0.0,0.0
2025-11-25 11:00:00+00:00,0.0,0.0,0.0,0.0
2025-11-25 12:00:00+00:00,0.0,0.0,0.0,0.0
2025-11-25 13:00:00+00:00,0.0,0.0,0.0,0.0
2025-11-25 14:00:00+00:00,0.0,0.0,0.0,0.0
2025-11-25 15:00:00+00:00,0.0,0.0,0.0,0.0
2025-11-25 16:00:00+00:00,0.0,0.0,0.0,0.0
2025-11-25 17:00:00+00:00,0.0,0.0,0.0,0.0
2025-11-25 18:00:00+00:00,0.0,0.0,0.0,0.0
2025-11-25 19:00:00+00:00,0.0,0.0,0.0,0.0
2025-11-25 20:00:00+00:00,0.0,0.0,0.0,0.0
2025-11-25 21:00:00+00:00,0.0,0.0,0.0,0.0
2025-11-25 22:00:00+00:00,0.0,0.0,9.385564933990788e-05,0.0
2025-11-25 23:00:00+00:00,0.0,0.0,0.0,3.380097056016608e-05
2025-11-26 00:00:00+00:00,0.0,0.0,0.0,0.0
2025-11-26 01:00:00+00:00,0.0,0.0,0.0,0.0
2025-11-26 02:00:00+00:00,0.0,0.0,0.0,0.0
2025-11-26 03:00:00+00:00,0.0,0.0,0.0,0.0
2025-11-26 04:00:00+00:00,0.0,0.0,0.0,0.0
2025-11-26 05:00:00+00:00,0.0,0.0,0.0,0.0
2025-11-26 06:00:00+00:00,0.0,0.0,0.0,0.0
2025-11-26 07:00:00+00:00,0.0,0.0,6.875882019341196e-05,0.0
2025-11-26 08:00:00+00:00,0.0,0.0,0.0,0.0
2025-11-26 09:00:00+00:00,0.0,0.0,0.0,0.0
2025-11-26 10:00:00+00:00,0.0,0.0,0.0,0.0
2025-11-26 11:00:00+00:00,0.0,0.0,0.0,0.0
2025-11-26 12:00:00+00:00,0.0,0.0,0.0,-6.633661575269011e-05
2025-11-26 13:00:00+00:00,0.0,0.0,0.0,0.0
2025-11-26 14:00:00+00:00,0.0,0.0,0.0,0.0
2025-11-26 15:00:00+00:00,0.0,0.0,0.0,0.0
2025-11-26 16:00:00+00:00,0.0,0.0,0.0,0.0
2025-11-26 17:00:00+00:00,0.0,0.0,0.0,0.0
2025-11-26 18:00:00+00:00,0.0,0.0,0.0,0.0
2025-11-26 19:00:00+00:00,0.0,0.0,0.0,0.0
2025-11-26 20:00:00+00:00,0.0,0.0,0.0,0.0
2025-11-26 21:00:00+00:00,0.0,0.0,0.0,0.0
2025-11-26 22:00:00+00:00,0.0,0.0,0.0,0.0
2025-11-26 23:00:00+00:00,0.0,0.0,0.0,0.0
2025-11-27 00:00:00+00:00,0.0,0.0,0.0,0.0
2025-11-27 01:00:00+00:00,0.0,0.0,0.0001024102080369,0.0
2025-11-27 02:00:00+00:00,0.0,0.0,0.0,0.0
2025-11-27 03:00:00+00:00,0.0,0.0,0.0,0.0
2025-11-27 04:00:00+00:00,0.0,0.0,0.0,0.0
2025-11-27 05:00:00+00:00,0.0,0.0,0.0,0.0
2025-11-27 06:00:00+00:00,0.0,0.0,0.0,0.0
2025-11-27 07:00:00+00:00,0.0,0.0,0.0,0.0
2025-11-27 08:00:00+00:00,0.0,0.0,0.0,0.0
2025-11-27 09:00:00+00:00,0.0,0.0,0.0,3.562910098525608e-05
2025-11-27 10:00:00+00:00,0.0,0.0,0.0,0.0
2025-11-27 11:00:00+00:00,0.0,0.0,-3.184557714249747e-05,0.0
2025-11-27 12:00:00+00:00,0.0,0.0,0.0,-5.093206794037685e-05
2025-11-27 13:00:00+00:00,0.0,0.0,0.0,0.0
2025-11-27 14:00:00+00:00,0.0,0.0,0.0,0.0
2025-11-27 15:00:00+00:00,0.0,0.0,0.0,0.0
2025-11-27 16:00:00+00:00,0.0,0.0,0.0,0.0
2025-11-27 17:00:00+00:00,0.0,0.0,0.0,0.0
2025-11-27 18:00:00+00:00,0.0,0.0,0.0,0.0
2025-11-27 19:00:00+00:00,0.0,0.0,0.0,0.0
2025-11-27 20:00:00+00:00,0.0,0.0,0.0,0.0
2025-11-27 21:00:00+00:00,0.0,0.0,0.0,0.0
2025-11-27 22:00:00+00:00,0.0,0.0,0.0,0.0
2025-11-27 23:00:00+00:00,0.0,0.0,0.0,0.0
2025-11-28 00:00:00+00:00,0.0,0.0,0.0,0.0
2025-11-28 01:00:00+00:00,0.0,0.0,0.0,0.0
2025-11-28 02:00:00+00:00,0.0,0.0,0.0,0.0
2025-11-28 03:00:00+00:00,0.0,0.0,0.0,0.0
2025-11-28 04:00:00+00:00,0.0,0.0,0.0,0.0
2025-11-28 05:00:00+00:00,0.0,0.0,0.0,0.0
2025-11-28 06:00:00+00:00,0.0,0.0,0.0,0.0
2025-11-28 07:00:00+00:00,0.0,0.0,0.0,0.0
2025-11-28 08:00:00+00:00,0.0,0.0,0.0,0.0
2025-11-28 09:00:00+00:00,0.0,0.0,0.0,0.0
2025-11-28 10:00:00+00:00,0.0,0.0,0.0,0.0
2025-11-28 11:00:00+00:00,0.0,0.0,0.0,0.0
2025-11-28 12:00:00+00:00,0.0,0.0,0.0,0.0
2025-11-28 13:00:00+00:00,0.0,0.0,0.0,0.0
2025-11-28 14:00:00+00:00,0.0,0.0,0.0,0.0
2025-11-28 15:00:00+00:00,0.0,0.0,0.0,0.0
2025-11-28 16:00:00+00:00,0.0,0.0,0.0,0.0
2025-11-28 17:00:00+00:00,0.0,0.0,0.0,0.0
2025-11-28 18:00:00+00:00,0.0,0.0,0.0,0.0
2025-11-28 19:00:00+00:00,0.0,0.0,0.0,0.0
2025-11-28 20:00:00+00:00,0.0,0.0,0.0,0.0
2025-11-28 21:00:00+00:00,0.0,0.0,0.0,0.0
2025-11-28 22:00:00+00:00,0.0,0.0,0.0,0.0
2025-11-28 23:00:00+00:00,0.0,0.0,0.0,0.0
2025-11-29 00:00:00+00:00,0.0,0.0,0.0,0.0
2025-11-29 01:00:00+00:00,0.0,0.0,0.0,0.0
2025-11-29 02:00:00+00:00,0.0,0.0,0.0,0.0
2025-11-29 03:00:00+00:00,0.0,0.0,0.0,0.0
2025-11-29 04:00:00+00:00,0.0,0.0,0.0,0.0
2025-11-29 05:00:00+00:00,0.0,0.0,0.0,0.0
2025-11-29 06:00:00+00:00,0.0,0.0,0.0,0.0
2025-11-29 07:00:00+00:00,0.0,0.0,0.0,0.0
2025-11-29 08:00:00+00:00,0.0,0.0,0.0,0.0
2025-11-29 09:00:00+00:00,0.0,0.0,0.0,0.0
2025-11-29 10:00:00+00:00,0.0,0.0,0.0,0.0
2025-11-29 11:00:00+00:00,0.0,0.0,0.0,0.0
2025-11-29 12:00:00+00:00,0.0,0.0,0.0,0.0
2025-11-29 13:00:00+00:00,0.0,0.0,0.0,0.0
2025-11-29 14:00:00+00:00,0.0,0.0,0.0,0.0
2025-11-29 15:00:00+00:00,0.0,0.0,0.0,0.0
2025-11-29 16:00:00+00:00,0.0,0.0,0.0,0.0
2025-11-29 17:00:00+00:00,0.0,0.0,0.0,0.0
2025-11-29 18:00:00+00:00,0.0,0.0,0.0,0.0
2025-11-29 19:00:00+00:00,0.0,0.0,0.0,0.0
2025-11-29 20:00:00+00:00,0.0,0.0,0.0,0.0
2025-11-29 21:00:00+00:00,0.0,0.0,0.0,0.0
2025-11-29 22:00:00+00:00,0.0,0.0,0.0,0.0
2025-11-29 23:00:00+00:00,0.0,0.0,0.0,0.0
2025-11-30 00:00:00+00:00,0.0,0.0,0.0,0.0
2025-11-30 01:00:00+00:00,0.0,0.0,0.0,0.0
2025-11-30 02:00:00+00:00,0.0,0.0,0.0,0.0
2025-11-30 03:00:00+00:00,0.0,0.0,0.0,0.0
2025-11-30 04:00:00+00:00,0.0,0.0,0.0,0.0
2025-11-30 05:00:00+00:00,0.0,0.0,0.0,0.0
2025-11-30 06:00:00+00:00,0.0,0.0,0.0,0.0
2025-11-30 07:00:00+00:00,0.0,0.0,0.0,0.0
2025-11-30 08:00:00+00:00,0.0,0.0,0.0,0.0
2025-11-30 09:00:00+00:00,0.0,0.0,0.0,0.0
2025-11-30 10:00:00+00:00,0.0,0.0,0.0,0.0
2025-11-30 11:00:00+00:00,0.0,0.0,0.0,0.0
2025-11-30 12:00:00+00:00,0.0,0.0,0.0,0.0
2025-11-30 13:00:00+00:00,0.0,0.0,0.0,2.5165717809451103e-05
2025-11-30 14:00:00+00:00,0.0,0.0,0.0,0.0
2025-11-30 15:00:00+00:00,0.0,0.0,0.0,0.0
2025-11-30 16:00:00+00:00,0.0,0.0,0.0,2.7566231251364717e-05
2025-11-30 17:00:00+00:00,0.0,0.0,0.0,0.0
2025-11-30 18:00:00+00:00,0.0,0.0,0.0,0.0
2025-11-30 19:00:00+00:00,0.0,0.0,0.0,0.0
2025-11-30 20:00:00+00:00,0.0,0.0,0.0,0.0
2025-11-30 21:00:00+00:00,0.0,0.0,0.0,0.0
2025-11-30 22:00:00+00:00,0.0,0.0,0.0,0.0
2025-11-30 23:00:00+00:00,0.0,0.0,0.0,0.0
2025-12-01 00:00:00+00:00,0.0,0.0,0.0,0.0
2025-12-01 01:00:00+00:00,0.0,0.0,0.0,0.0
2025-12-01 02:00:00+00:00,0.0,0.0,0.0,0.0
2025-12-01 03:00:00+00:00,0.0,0.0,0.0,0.0
2025-12-01 04:00:00+00:00,0.0,0.0,0.0,0.0
2025-12-01 05:00:00+00:00,0.0,0.0,0.0,0.0
2025-12-01 06:00:00+00:00,0.0,0.0,0.0,0.0
2025-12-01 07:00:00+00:00,0.0,0.0,0.0,0.0
2025-12-01 08:00:00+00:00,0.0,0.0,0.0,4.326473870679527e-05
2025-12-01 09:00:00+00:00,0.0,0.0,0.0,0.0
2025-12-01 10:00:00+00:00,0.0,0.0,0.0,0.0
2025-12-01 11:00:00+00:00,0.0,0.0,0.0,-4.62848513169356e-05
2025-12-01 12:00:00+00:00,0.0,0.0,0.0,0.0
2025-12-01 13:00:00+00:00,0.0,0.0,0.0,0.0
2025-12-01 14:00:00+00:00,0.0,0.0,0.0,0.0
2025-12-01 15:00:00+00:00,0.0,0.0,0.0,0.0
2025-12-01 16:00:00+00:00,0.0,0.0,0.0,0.0
2025-12-01 17:00:00+00:00,0.0,0.0,0.0,0.0
2025-12-01 18:00:00+00:00,0.0,0.0,0.0,0.0
2025-12-01 19:00:00+00:00,0.0,0.0,0.0,0.0
2025-12-01 20:00:00+00:00,0.0,0.0,0.0,0.0
2025-12-01 21:00:00+00:00,0.0,0.0,0.0,0.0
2025-12-01 22:00:00+00:00,0.0,0.0,0.0,0.0
2025-12-01 23:00:00+00:00,0.0,0.0,0.0,0.0
2025-12-02 00:00:00+00:00,0.0,0.0,0.0,0.0
2025-12-02 01:00:00+00:00,0.0,0.0,0.0,0.0
2025-12-02 02:00:00+00:00,0.0,0.0,0.0,0.0
2025-12-02 03:00:00+00:00,0.0,0.0,0.0,0.0
2025-12-02 04:00:00+00:00,0.0,0.0,0.0,0.0
2025-12-02 05:00:00+00:00,0.0,0.0,0.0,0.0
2025-12-02 06:00:00+00:00,0.0,0.0,0.0,0.0
2025-12-02 07:00:00+00:00,0.0,0.0,0.0,0.0
2025-12-02 08:00:00+00:00,0.0,0.0,0.0,0.0
2025-12-02 09:00:00+00:00,0.0,0.0,0.0,0.0
2025-12-02 10:00:00+00:00,0.0,0.0,0.0,0.0
2025-12-02 11:00:00+00:00,0.0,0.0,0.0,0.0
2025-12-02 12:00:00+00:00,0.0,0.0,0.0,0.0
2025-12-02 13:00:00+00:00,0.0,0.0,0.0,0.0
2025-12-02 14:00:00+00:00,0.0,0.0,0.0001354461976617,0.0001094562682102
2025-12-02 15:00:00+00:00,0.0,0.0,0.0,0.0
2025-12-02 16:00:00+00:00,0.0,0.0,0.0,0.0
2025-12-02 17:00:00+00:00,0.0,0.0,0.0,0.0
2025-12-02 18:00:00+00:00,0.0,0.0,0.0,0.0001348739879119
2025-12-02 19:00:00+00:00,0.0,0.0,0.0,0.0
2025-12-02 20:00:00+00:00,0.0,0.0,0.0,0.0
2025-12-02 21:00:00+00:00,0.0,0.0,0.0,0.0
2025-12-02 22:00:00+00:00,0.0,0.0,0.0,0.0
2025-12-02 23:00:00+00:00,0.0,0.0,0.0,0.0
2025-12-03 00:00:00+00:00,0.0,0.0,0.0,0.0
2025-12-03 01:00:00+00:00,0.0,0.0,0.0,0.0001494108627724
2025-12-03 02:00:00+00:00,0.0,0.0,0.0,0.0
2025-12-03 03:00:00+00:00,0.0,0.0,0.0,0.0
2025-12-03 04:00:00+00:00,0.0,0.0,0.0,0.0
2025-12-03 05:00:00+00:00,0.0,0.0,0.0,0.0
2025-12-03 06:00:00+00:00,0.0,0.0,0.0,0.0
2025-12-03 07:00:00+00:00,0.0,0.0,0.0,0.0
2025-12-03 08:00:00+00:00,0.0,0.0,0.0,0.0
2025-12-03 09:00:00+00:00,0.0,0.0,0.0,0.0
2025-12-03 10:00:00+00:00,0.0,0.0,0.0,0.0
2025-12-03 11:00:00+00:00,0.0,0.0,0.0,0.0
2025-12-03 12:00:00+00:00,0.0,0.0,0.0,0.0
2025-12-03 13:00:00+00:00,0.0,0.0,0.0,0.0
2025-12-03 14:00:00+00:00,0.0,0.0,0.0,0.0
2025-12-03 15:00:00+00:00,0.0,0.0,0.0,0.0
2025-12-03 16:00:00+00:00,0.0,0.0,0.0,0.0
2025-12-03 17:00:00+00:00,0.0,0.0,0.0,0.0
2025-12-03 18:00:00+00:00,0.0,0.0,0.0,0.0
2025-12-03 19:00:00+00:00,0.0,0.0,0.0,0.0
2025-12-03 20:00:00+00:00,0.0,0.0,0.0,0.0
2025-12-03 21:00:00+00:00,0.0,0.0,0.0,0.0
2025-12-03 22:00:00+00:00,0.0,0.0,0.0,0.0
2025-12-03 23:00:00+00:00,0.0,0.0,0.0,0.0
2025-12-04 00:00:00+00:00,0.0,0.0,0.0,0.0
2025-12-04 01:00:00+00:00,0.0,0.0,0.0,0.0
2025-12-04 02:00:00+00:00,0.0,0.0,0.0,0.0
2025-12-04 03:00:00+00:00,0.0,0.0,0.0,0.0
2025-12-04 04:00:00+00:00,0.0,0.0,0.0,0.0
2025-12-04 05:00:00+00:00,0.0,0.0,0.0,0.0
2025-12-04 06:00:00+00:00,0.0,0.0,0.0,0.0
2025-12-04 07:00:00+00:00,0.0,0.0,0.0,0.0
2025-12-04 08:00:00+00:00,0.0,0.0,0.0,0.0
2025-12-04 09:00:00+00:00,0.0,0.0,0.0,0.0
2025-12-04 10:00:00+00:00,0.0,0.0,0.0,0.0
2025-12-04 11:00:00+00:00,0.0,0.0,0.0,0.0
2025-12-04 12:00:00+00:00,0.0,0.0,0.0,0.0
2025-12-04 13:00:00+00:00,0.0,0.0,0.0,0.0
2025-12-04 14:00:00+00:00,0.0,0.0,0.0,0.0
2025-12-04 15:00:00+00:00,0.0,0.0,0.0,0.0
2025-12-04 16:00:00+00:00,0.0,0.0,0.0,0.0
2025-12-04 17:00:00+00:00,0.0,0.0,0.0,0.0
2025-12-04 18:00:00+00:00,0.0,0.0,0.0,0.0
2025-12-04 19:00:00+00:00,0.0,0.0,0.0,0.0
2025-12-04 20:00:00+00:00,0.0,0.0,0.0,0.0
2025-12-04 21:00:00+00:00,0.0,0.0,0.0,0.0
2025-12-04 22:00:00+00:00,0.0,0.0,0.0,0.0
2025-12-04 23:00:00+00:00,0.0,0.0,0.0,0.0
2025-12-05 00:00:00+00:00,0.0,0.0,0.0,0.0
2025-12-05 01:00:00+00:00,0.0,0.0,0.0,0.0
2025-12-05 02:00:00+00:00,0.0,0.0,0.0,0.0
2025-12-05 03:00:00+00:00,0.0,0.0,0.0,0.0
2025-12-05 04:00:00+00:00,0.0,0.0,0.0,0.0
2025-12-05 05:00:00+00:00,0.0,0.0,0.0,0.0
2025-12-05 06:00:00+00:00,0.0,0.0,0.0,0.0
2025-12-05 07:00:00+00:00,0.0,0.0,0.0,0.0
2025-12-05 08:00:00+00:00,0.0,0.0,0.0,0.0
2025-12-05 09:00:00+00:00,0.0,0.0,0.0,0.0
2025-12-05 10:00:00+00:00,0.0,0.0,0.0,0.0
2025-12-05 11:00:00+00:00,0.0,0.0,0.0,0.0
2025-12-05 12:00:00+00:00,0.0,0.0,0.0,0.0
2025-12-05 13:00:00+00:00,0.0,0.0,0.0,0.0
2025-12-05 14:00:00+00:00,0.0,0.0,0.0,0.0
2025-12-05 15:00:00+00:00,0.0,0.0,0.0,0.0
2025-12-05 16:00:00+00:00,0.0,0.0,0.0,0.0
2025-12-05 17:00:00+00:00,0.0,0.0,0.0,0.0
2025-12-05 18:00:00+00:00,0.0,0.0,0.0,0.0
2025-12-05 19:00:00+00:00,0.0,0.0,0.0,0.0
2025-12-05 20:00:00+00:00,0.0,0.0,0.0,0.0
2025-12-05 21:00:00+00:00,0.0,0.0,0.0,0.0
2025-12-05 22:00:00+00:00,0.0,0.0,0.0,0.0
2025-12-05 23:00:00+00:00,0.0,0.0,0.0,0.0
2025-12-06 00:00:00+00:00,0.0,0.0,0.0,0.0
2025-12-06 01:00:00+00:00,0.0,0.0,0.0,0.0
2025-12-06 02:00:00+00:00,0.0,0.0,0.0,0.0
2025-12-06 03:00:00+00:00,0.0,0.0,0.0,0.0
2025-12-06 04:00:00+00:00,0.0,0.0,0.0,0.0
2025-12-06 05:00:00+00:00,0.0,0.0,0.0,0.0
2025-12-06 06:00:00+00:00,0.0,0.0,0.0,0.0
2025-12-06 07:00:00+00:00,0.0,0.0,0.0,0.0
2025-12-06 08:00:00+00:00,0.0,0.0,0.0,0.0
2025-12-06 09:00:00+00:00,0.0,0.0,0.0,0.0
2025-12-06 10:00:00+00:00,0.0,0.0,0.0,0.0
2025-12-06 11:00:00+00:00,0.0,0.0,0.0,0.0
2025-12-06 12:00:00+00:00,0.0,0.0,0.0,0.0
2025-12-06 13:00:00+00:00,0.0,0.0,0.0,0.0
2025-12-06 14:00:00+00:00,0.0,0.0,0.0,0.0
2025-12-06 15:00:00+00:00,0.0,0.0,0.0,0.0
2025-12-06 16:00:00+00:00,0.0,0.0,0.0,0.0
2025-12-06 17:00:00+00:00,0.0,0.0,0.0,0.0
2025-12-06 18:00:00+00:00,0.0,0.0,0.0,0.0
2025-12-06 19:00:00+00:00,0.0,0.0,0.0,0.0
2025-12-06 20:00:00+00:00,0.0,0.0,0.0,0.0
2025-12-06 21:00:00+00:00,0.0,0.0,0.0,0.0
2025-12-06 22:00:00+00:00,0.0,0.0,0.0,0.0
2025-12-06 23:00:00+00:00,0.0,0.0,0.0,0.0
2025-12-07 00:00:00+00:00,0.0,0.0,0.0,0.0
2025-12-07 01:00:00+00:00,0.0,0.0,0.0,0.0
2025-12-07 02:00:00+00:00,0.0,0.0,0.0,0.0
2025-12-07 03:00:00+00:00,0.0,0.0,0.0,0.0
2025-12-07 04:00:00+00:00,0.0,0.0,0.0,0.0
2025-12-07 05:00:00+00:00,0.0,0.0,0.0,0.0
2025-12-07 06:00:00+00:00,0.0,0.0,0.0,0.0
2025-12-07 07:00:00+00:00,0.0,0.0,0.0,0.0
2025-12-07 08:00:00+00:00,0.0,0.0,0.0,0.0
2025-12-07 09:00:00+00:00,0.0,0.0,0.0,0.0
2025-12-07 10:00:00+00:00,0.0,0.0,0.0,0.0
2025-12-07 11:00:00+00:00,0.0,0.0,0.0,0.0
2025-12-07 12:00:00+00:00,0.0,0.0,0.0,0.0
2025-12-07 13:00:00+00:00,0.0,0.0,-2.5913795781227204e-05,-5.671874581894664e-05
2025-12-07 14:00:00+00:00,0.0,0.0,0.0,0.0
2025-12-07 15:00:00+00:00,0.0,0.0,0.0,0.0
2025-12-07 16:00:00+00:00,0.0,0.0,0.0,0.0
2025-12-07 17:00:00+00:00,0.0,0.0,0.0,0.0
2025-12-07 18:00:00+00:00,0.0,0.0,0.0,0.0001961483887133
2025-12-07 19:00:00+00:00,0.0,0.0,0.0,0.0
2025-12-07 20:00:00+00:00,0.0,0.0,0.0,0.0
2025-12-07 21:00:00+00:00,0.0,0.0,0.0,0.0
2025-12-07 22:00:00+00:00,0.0,0.0,0.0,0.0
2025-12-07 23:00:00+00:00,0.0,0.0,0.0,0.0
2025-12-08 00:00:00+00:00,0.0,0.0,0.0,0.0
2025-12-08 01:00:00+00:00,0.0,0.0,0.0,0.0
2025-12-08 02:00:00+00:00,0.0,0.0,0.0,0.0
2025-12-08 03:00:00+00:00,0.0,0.0,0.0,0.0
2025-12-08 04:00:00+00:00,0.0,0.0,0.0,0.0
2025-12-08 05:00:00+00:00,0.0,0.0,0.0,0.0
2025-12-08 06:00:00+00:00,0.0,0.0,0.0,0.0
2025-12-08 07:00:00+00:00,0.0,0.0,0.0,0.0
2025-12-08 08:00:00+00:00,0.0,0.0,0.0,0.0
2025-12-08 09:00:00+00:00,0.0,0.0,0.0,0.0
2025-12-08 10:00:00+00:00,0.0,0.0,0.0,0.0
2025-12-08 11:00:00+00:00,0.0,0.0,0.0,0.0
2025-12-08 12:00:00+00:00,0.0,0.0,0.0,0.0
2025-12-08 13:00:00+00:00,0.0,0.0,0.0,0.0
2025-12-08 14:00:00+00:00,0.0,0.0,0.0,0.0
2025-12-08 15:00:00+00:00,0.0,0.0,-6.431877758865555e-05,0.0
2025-12-08 16:00:00+00:00,0.0,0.0,0.0,0.0
2025-12-08 17:00:00+00:00,0.0,0.0,0.0,0.0
2025-12-08 18:00:00+00:00,0.0,0.0,0.0,0.0
2025-12-08 19:00:00+00:00,0.0,0.0,0.0,0.0
2025-12-08 20:00:00+00:00,0.0,0.0,0.0,0.0
2025-12-08 21:00:00+00:00,0.0,0.0,0.0,0.0
2025-12-08 22:00:00+00:00,0.0,0.0,0.0,0.0
2025-12-08 23:00:00+00:00,0.0,0.0,0.0,0.0
2025-12-09 00:00:00+00:00,0.0,0.0,0.0,0.0
2025-12-09 01:00:00+00:00,0.0,0.0,0.0,0.0
2025-12-09 02:00:00+00:00,0.0,0.0,0.0,0.0
2025-12-09 03:00:00+00:00,0.0,0.0,0.0,0.0
2025-12-09 04:00:00+00:00,0.0,0.0,0.0,0.0
2025-12-09 05:00:00+00:00,0.0,0.0,0.0,0.0
2025-12-09 06:00:00+00:00,0.0,0.0,0.0,0.0
2025-12-09 07:00:00+00:00,0.0,0.0,0.0,0.0
2025-12-09 08:00:00+00:00,0.0,0.0,0.0,0.0
2025-12-09 09:00:00+00:00,0.0,0.0,0.0,0.0
2025-12-09 10:00:00+00:00,0.0,0.0,0.0,0.0
2025-12-09 11:00:00+00:00,0.0,0.0,0.0,0.0
2025-12-09 12:00:00+00:00,0.0,0.0,0.0,0.0
2025-12-09 13:00:00+00:00,0.0,0.0,-2.9836056524619173e-05,0.0
2025-12-09 14:00:00+00:00,0.0,0.0,0.0,0.0
2025-12-09 15:00:00+00:00,0.0,0.0,0.0,0.0
2025-12-09 16:00:00+00:00,0.0,0.0,0.0,0.0
2025-12-09 17:00:00+00:00,0.0,0.0,0.0,0.0
2025-12-09 18:00:00+00:00,0.0,0.0,0.0,0.0
2025-12-09 19:00:00+00:00,0.0,0.0,0.0,0.0
2025-12-09 20:00:00+00:00,0.0,0.0,0.0,0.0
2025-12-09 21:00:00+00:00,0.0,0.0,0.0,0.0
2025-12-09 22:00:00+00:00,0.0,0.0,0.0,0.0
2025-12-09 23:00:00+00:00,0.0,0.0,0.0,0.0
2025-12-10 00:00:00+00:00,0.0,0.0,0.0,-0.000228393441784
2025-12-10 01:00:00+00:00,0.0,0.0,0.0,0.0
2025-12-10 02:00:00+00:00,0.0,0.0,0.0,0.0
2025-12-10 03:00:00+00:00,0.0,0.0,0.0,0.0
2025-12-10 04:00:00+00:00,0.0,0.0,0.0,0.0
2025-12-10 05:00:00+00:00,0.0,0.0,0.0,0.0
2025-12-10 06:00:00+00:00,0.0,0.0,0.0,0.0
2025-12-10 07:00:00+00:00,0.0,0.0,0.0,0.0
2025-12-10 08:00:00+00:00,0.0,0.0,0.0,0.0
2025-12-10 09:00:00+00:00,0.0,0.0,0.0,0.0
2025-12-10 10:00:00+00:00,0.0,0.0,0.0,3.677540453074336e-05
2025-12-10 11:00:00+00:00,0.0,0.0,0.0,0.0
2025-12-10 12:00:00+00:00,0.0,0.0,0.0,0.0
2025-12-10 13:00:00+00:00,0.0,0.0,0.0,0.0
2025-12-10 14:00:00+00:00,0.0,0.0,0.0,0.0
2025-12-10 15:00:00+00:00,0.0,0.0,-3.786415603230453e-05,0.0
2025-12-10 16:00:00+00:00,0.0,0.0,0.0,4.2337705172522674e-05
2025-12-10 17:00:00+00:00,0.0,0.0,0.0,0.0
2025-12-10 18:00:00+00:00,0.0,0.0,0.0,0.0
2025-12-10 19:00:00+00:00,0.0,0.0,0.0,0.0
2025-12-10 20:00:00+00:00,0.0,0.0,0.0,0.0
2025-12-10 21:00:00+00:00,0.0,0.0,0.0,0.0
2025-12-10 22:00:00+00:00,0.0,0.0,0.0,0.0
2025-12-10 23:00:00+00:00,0.0,0.0,-5.003731923293952e-05,0.0
2025-12-11 00:00:00+00:00,0.0,0.0,0.0,0.0
2025-12-11 01:00:00+00:00,0.0,0.0,0.0,0.0
2025-12-11 02:00:00+00:00,0.0,0.0,0.0,0.0
2025-12-11 03:00:00+00:00,0.0,0.0,0.0,0.0
2025-12-11 04:00:00+00:00,0.0,0.0,0.0,0.0
2025-12-11 05:00:00+00:00,0.0,0.0,0.0,0.0
2025-12-11 06:00:00+00:00,0.0,0.0,0.0,0.0
2025-12-11 07:00:00+00:00,0.0,0.0,0.0,0.0
2025-12-11 08:00:00+00:00,0.0,0.0,0.0,0.0
2025-12-11 09:00:00+00:00,0.0,0.0,0.0,0.0
2025-12-11 10:00:00+00:00,0.0,0.0,0.0,0.0
2025-12-11 11:00:00+00:00,0.0,0.0,0.0,0.0
2025-12-11 12:00:00+00:00,0.0,0.0,0.0,0.0
2025-12-11 13:00:00+00:00,0.0,0.0,0.0,0.0
2025-12-11 14:00:00+00:00,0.0,0.0,0.0,0.0
2025-12-11 15:00:00+00:00,0.0,0.0,0.0,0.0
2025-12-11 16:00:00+00:00,0.0,0.0,0.0,0.0
2025-12-11 17:00:00+00:00,0.0,0.0,0.0,0.0
2025-12-11 18:00:00+00:00,0.0,0.0,0.0,0.0
2025-12-11 19:00:00+00:00,0.0,0.0,0.0,0.0
2025-12-11 20:00:00+00:00,0.0,0.0,0.0,0.0
2025-12-11 21:00:00+00:00,0.0,0.0,0.0,0.0
2025-12-11 22:00:00+00:00,0.0,0.0,0.0,0.0
2025-12-11 23:00:00+00:00,0.0,0.0,0.0,0.0
2025-12-12 00:00:00+00:00,0.0,0.0,0.0,0.0
2025-12-12 01:00:00+00:00,0.0,0.0,0.0,0.0
2025-12-12 02:00:00+00:00,0.0,0.0,0.0,0.0
2025-12-12 03:00:00+00:00,0.0,0.0,0.0,0.0
2025-12-12 04:00:00+00:00,0.0,0.0,0.0,0.0
2025-12-12 05:00:00+00:00,0.0,0.0,0.0,0.0
2025-12-12 06:00:00+00:00,0.0,0.0,0.0,0.0
2025-12-12 07:00:00+00:00,0.0,0.0,0.0,0.0
2025-12-12 08:00:00+00:00,0.0,0.0,0.0,0.0
2025-12-12 09:00:00+00:00,0.0,0.0,0.0,0.0
2025-12-12 10:00:00+00:00,0.0,0.0,0.0,0.0
2025-12-12 11:00:00+00:00,0.0,0.0,0.0,0.0
2025-12-12 12:00:00+00:00,0.0,0.0,0.0,0.0
2025-12-12 13:00:00+00:00,0.0,0.0,0.0,0.0
2025-12-12 14:00:00+00:00,0.0,0.0,0.0,0.0
2025-12-12 15:00:00+00:00,0.0,0.0,0.0,0.0
2025-12-12 16:00:00+00:00,0.0,0.0,0.0,0.0
2025-12-12 17:00:00+00:00,0.0,0.0,0.0,0.0
2025-12-12 18:00:00+00:00,0.0,0.0,0.0,0.0
2025-12-12 19:00:00+00:00,0.0,0.0,0.0,0.0
2025-12-12 20:00:00+00:00,0.0,0.0,0.0,0.0
2025-12-12 21:00:00+00:00,0.0,0.0,0.0,0.0
2025-12-12 22:00:00+00:00,0.0,0.0,0.0,0.0
2025-12-12 23:00:00+00:00,0.0,0.0,0.0,0.0
2025-12-13 00:00:00+00:00,0.0,0.0,0.0,0.0
2025-12-13 01:00:00+00:00,0.0,0.0,0.0,0.0
2025-12-13 02:00:00+00:00,0.0,0.0,0.0,0.0
2025-12-13 03:00:00+00:00,0.0,0.0,0.0,0.0
2025-12-13 04:00:00+00:00,0.0,0.0,0.0,0.0
2025-12-13 05:00:00+00:00,0.0,0.0,0.0,0.0
2025-12-13 06:00:00+00:00,0.0,0.0,0.0,0.0
2025-12-13 07:00:00+00:00,0.0,0.0,0.0,0.0
2025-12-13 08:00:00+00:00,0.0,0.0,0.0,0.0
2025-12-13 09:00:00+00:00,0.0,0.0,0.0,0.0
2025-12-13 10:00:00+00:00,0.0,0.0,0.0,0.0
2025-12-13 11:00:00+00:00,0.0,0.0,0.0,0.0
2025-12-13 12:00:00+00:00,0.0,0.0,0.0,0.0
2025-12-13 13:00:00+00:00,0.0,0.0,0.0,0.0
2025-12-13 14:00:00+00:00,0.0,0.0,0.0,0.0
2025-12-13 15:00:00+00:00,0.0,0.0,0.0,0.0
2025-12-13 16:00:00+00:00,0.0,0.0,0.0,0.0
2025-12-13 17:00:00+00:00,0.0,0.0,0.0,0.0
2025-12-13 18:00:00+00:00,0.0,0.0,0.0,0.0
2025-12-13 19:00:00+00:00,0.0,0.0,0.0,0.0
2025-12-13 20:00:00+00:00,0.0,0.0,0.0,0.0
2025-12-13 21:00:00+00:00,0.0,0.0,0.0,0.0
2025-12-13 22:00:00+00:00,0.0,0.0,0.0,0.0
2025-12-13 23:00:00+00:00,0.0,0.0,0.0,0.0
2025-12-14 00:00:00+00:00,0.0,0.0,0.0,0.0
2025-12-14 01:00:00+00:00,0.0,0.0,0.0,0.0
2025-12-14 02:00:00+00:00,0.0,0.0,0.0,0.0
2025-12-14 03:00:00+00:00,0.0,0.0,0.0,0.0
2025-12-14 04:00:00+00:00,0.0,0.0,-2.2957773495683168e-05,0.0
2025-12-14 05:00:00+00:00,0.0,0.0,0.0,0.0
2025-12-14 06:00:00+00:00,0.0,0.0,0.0,0.0
2025-12-14 07:00:00+00:00,0.0,0.0,0.0,0.0
2025-12-14 08:00:00+00:00,0.0,0.0,0.0,0.0
2025-12-14 09:00:00+00:00,0.0,0.0,-1.845746076942988e-05,-4.026027736944714e-05
2025-12-14 10:00:00+00:00,0.0,0.0,0.0,0.0
2025-12-14 11:00:00+00:00,0.0,0.0,0.0,0.0
2025-12-14 12:00:00+00:00,0.0,0.0,0.0,0.0
2025-12-14 13:00:00+00:00,0.0,0.0,0.0,0.0
2025-12-14 14:00:00+00:00,0.0,0.0,0.0,0.0
2025-12-14 15:00:00+00:00,0.0,0.0,0.0,0.0
2025-12-14 16:00:00+00:00,0.0,0.0,-7.526577887197793e-05,0.0
2025-12-14 17:00:00+00:00,0.0,0.0,0.0,0.0
2025-12-14 18:00:00+00:00,0.0,0.0,0.0,0.0
2025-12-14 19:00:00+00:00,0.0,0.0,-2.9719141978271623e-05,-9.002685765443053e-05
2025-12-14 20:00:00+00:00,0.0,0.0,0.0,0.0
2025-12-14 21:00:00+00:00,0.0,0.0,0.0,0.0
2025-12-14 22:00:00+00:00,0.0,0.0,-3.0844863718619824e-05,0.0
2025-12-14 23:00:00+00:00,0.0,0.0,0.0,-6.002767292468736e-05
2025-12-15 00:00:00+00:00,0.0,0.0,0.0,0.0
2025-12-15 01:00:00+00:00,0.0,0.0,0.0,0.0
2025-12-15 02:00:00+00:00,0.0,0.0,0.0,0.0
2025-12-15 03:00:00+00:00,0.0,0.0,0.0,0.0
2025-12-15 04:00:00+00:00,0.0,0.0,0.0,0.0
2025-12-15 05:00:00+00:00,0.0,0.0,0.0,0.0
2025-12-15 06:00:00+00:00,0.0,0.0,0.0,0.0
2025-12-15 07:00:00+00:00,0.0,0.0,0.0,0.0
2025-12-15 08:00:00+00:00,0.0,0.0,0.0,0.0
2025-12-15 09:00:00+00:00,0.0,0.0,5.978751785027493e-05,5.978751785027493e-05
2025-12-15 10:00:00+00:00,0.0,0.0,0.0,0.0
2025-12-15 11:00:00+00:00,0.0,0.0,0.0,0.0
2025-12-15 12:00:00+00:00,0.0,0.0,0.0,0.0
2025-12-15 13:00:00+00:00,0.0,0.0,0.0,0.0
2025-12-15 14:00:00+00:00,0.0,0.0,0.0,-5.390164888319226e-05
2025-12-15 15:00:00+00:00,0.0,0.0,-0.0001256399641521,0.0
2025-12-15 16:00:00+00:00,0.0,0.0,0.0,0.0
2025-12-15 17:00:00+00:00,0.0,0.0,0.0,0.0
2025-12-15 18:00:00+00:00,0.0,0.0,0.0,0.0
2025-12-15 19:00:00+00:00,0.0,0.0,0.0,0.0
2025-12-15 20:00:00+00:00,0.0,0.0,0.0,0.0
2025-12-15 21:00:00+00:00,0.0,0.0,0.0,0.0
2025-12-15 22:00:00+00:00,0.0,0.0,0.0,0.0
2025-12-15 23:00:00+00:00,0.0,0.0,0.0,0.0
2025-12-16 00:00:00+00:00,0.0,0.0,0.0,0.0
2025-12-16 01:00:00+00:00,0.0,0.0,0.0,0.0
2025-12-16 02:00:00+00:00,0.0,0.0,0.0,0.0
2025-12-16 03:00:00+00:00,0.0,0.0,0.0,0.0
2025-12-16 04:00:00+00:00,0.0,0.0,0.0,0.0
2025-12-16 05:00:00+00:00,0.0,0.0,0.0,0.0
2025-12-16 06:00:00+00:00,0.0,0.0,0.0,0.0
2025-12-16 07:00:00+00:00,0.0,0.0,0.0,0.0
2025-12-16 08:00:00+00:00,0.0,0.0,0.0,0.0
2025-12-16 09:00:00+00:00,0.0,0.0,0.0,0.0
2025-12-16 10:00:00+00:00,0.0,0.0,0.0,2.126392588303606e-05
2025-12-16 11:00:00+00:00,0.0,0.0,0.0,0.0
2025-12-16 12:00:00+00:00,0.0,0.0,0.0,0.0
2025-12-16 13:00:00+00:00,0.0,0.0,0.0,0.0
2025-12-16 14:00:00+00:00,0.0,0.0,0.0,0.0
2025-12-16 15:00:00+00:00,0.0,0.0,0.0,0.0
2025-12-16 16:00:00+00:00,0.0,0.0,0.0,0.0
2025-12-16 17:00:00+00:00,0.0,0.0,0.0,0.0
2025-12-16 18:00:00+00:00,0.0,0.0,0.0,0.0
2025-12-16 19:00:00+00:00,0.0,0.0,0.0,0.0
2025-12-16 20:00:00+00:00,0.0,0.0,0.0,0.0
2025-12-16 21:00:00+00:00,0.0,0.0,0.0,0.0
2025-12-16 22:00:00+00:00,0.0,0.0,0.0,0.0
2025-12-16 23:00:00+00:00,0.0,0.0,0.0,0.0
2025-12-17 00:00:00+00:00,0.0,0.0,0.0,0.0
2025-12-17 01:00:00+00:00,0.0,0.0,0.0,0.0
2025-12-17 02:00:00+00:00,0.0,0.0,0.0,0.0
2025-12-17 03:00:00+00:00,0.0,0.0,0.0,0.0
2025-12-17 04:00:00+00:00,0.0,0.0,0.0,0.0
2025-12-17 05:00:00+00:00,0.0,0.0,0.0,0.0
2025-12-17 06:00:00+00:00,0.0,0.0,0.0,0.0
2025-12-17 07:00:00+00:00,0.0,0.0,0.0,0.0
2025-12-17 08:00:00+00:00,0.0,0.0,0.0,0.0
2025-12-17 09:00:00+00:00,0.0,0.0,0.0,0.0
2025-12-17 10:00:00+00:00,0.0,0.0,0.0,0.0
2025-12-17 11:00:00+00:00,0.0,0.0,0.0,0.0
2025-12-17 12:00:00+00:00,0.0,0.0,0.0,0.0
2025-12-17 13:00:00+00:00,0.0,0.0,5.6868667021717785e-05,7.294005540465665e-05
2025-12-17 14:00:00+00:00,0.0,0.0,0.0,0.0
2025-12-17 15:00:00+00:00,0.0,0.0,0.0,0.0
2025-12-17 16:00:00+00:00,0.0,0.0,0.0,0.0
2025-12-17 17:00:00+00:00,0.0,0.0,0.0,0.0
2025-12-17 18:00:00+00:00,0.0,0.0,0.0,0.0
2025-12-17 19:00:00+00:00,0.0,0.0,-0.0001950712295651,0.0
2025-12-17 20:00:00+00:00,0.0,0.0,0.0,0.0
2025-12-17 21:00:00+00:00,0.0,0.0,0.0,0.0
2025-12-17 22:00:00+00:00,0.0,0.0,0.0,0.0
2025-12-17 23:00:00+00:00,0.0,0.0,0.0,-0.0001235138084661
2025-12-18 00:00:00+00:00,0.0,0.0,0.0,0.0
2025-12-18 01:00:00+00:00,0.0,0.0,0.0,0.0
2025-12-18 02:00:00+00:00,0.0,0.0,0.0,0.0
2025-12-18 03:00:00+00:00,0.0,0.0,0.0,0.0
2025-12-18 04:00:00+00:00,0.0,0.0,0.0,0.0
2025-12-18 05:00:00+00:00,0.0,0.0,0.0,0.0
2025-12-18 06:00:00+00:00,0.0,0.0,0.0,0.0
2025-12-18 07:00:00+00:00,0.0,0.0,0.0,0.0
2025-12-18 08:00:00+00:00,0.0,0.0,0.0,0.0
2025-12-18 09:00:00+00:00,0.0,0.0,0.0,0.0
2025-12-18 10:00:00+00:00,0.0,0.0,0.0,0.0
2025-12-18 11:00:00+00:00,0.0,0.0,0.0,0.0
2025-12-18 12:00:00+00:00,0.0,0.0,0.0,0.0
2025-12-18 13:00:00+00:00,0.0,0.0,0.0,0.0
2025-12-18 14:00:00+00:00,0.0,0.0,-0.0001193530005616,0.0
2025-12-18 15:00:00+00:00,0.0,0.0,0.0,0.0
2025-12-18 16:00:00+00:00,0.0,0.0,0.0,0.0
2025-12-18 17:00:00+00:00,0.0,0.0,-4.872168064171566e-05,-0.0002477528150935
2025-12-18 18:00:00+00:00,0.0,0.0,0.0,0.0
2025-12-18 19:00:00+00:00,0.0,0.0,0.0,0.0
2025-12-18 20:00:00+00:00,0.0,0.0,0.0,0.0
2025-12-18 21:00:00+00:00,0.0,0.0,0.0,0.0
2025-12-18 22:00:00+00:00,0.0,0.0,0.0,0.0
2025-12-18 23:00:00+00:00,0.0,0.0,0.0,0.0
2025-12-19 00:00:00+00:00,0.0,0.0,0.0,0.0
2025-12-19 01:00:00+00:00,0.0,0.0,0.0,0.0
2025-12-19 02:00:00+00:00,0.0,0.0,0.0,0.0
2025-12-19 03:00:00+00:00,0.0,0.0,0.0,0.0
2025-12-19 04:00:00+00:00,0.0,0.0,0.0,0.0
2025-12-19 05:00:00+00:00,0.0,0.0,0.0,0.0
2025-12-19 06:00:00+00:00,0.0,0.0,0.0,0.0
2025-12-19 07:00:00+00:00,0.0,0.0,0.0,0.0
2025-12-19 08:00:00+00:00,0.0,0.0,0.0,0.0
2025-12-19 09:00:00+00:00,0.0,0.0,0.0,0.0
2025-12-19 10:00:00+00:00,0.0,0.0,0.0,0.0
2025-12-19 11:00:00+00:00,0.0,0.0,0.0,0.0
2025-12-19 12:00:00+00:00,0.0,0.0,0.0,0.0
2025-12-19 13:00:00+00:00,0.0,0.0,0.0,0.0
2025-12-19 14:00:00+00:00,0.0,0.0,0.0,0.0
2025-12-19 15:00:00+00:00,0.0,0.0,0.0,0.0
2025-12-19 16:00:00+00:00,0.0,0.0,0.0,0.0
2025-12-19 17:00:00+00:00,0.0,0.0,-0.0001070530814182,0.0
2025-12-19 18:00:00+00:00,0.0,0.0,0.0,0.0
2025-12-19 19:00:00+00:00,0.0,0.0,0.0,0.0
2025-12-19 20:00:00+00:00,0.0,0.0,0.0,0.0
2025-12-19 21:00:00+00:00,0.0,0.0,0.0,0.0
2025-12-19 22:00:00+00:00,0.0,0.0,0.0,0.0
2025-12-19 23:00:00+00:00,0.0,0.0,0.0,1.1042190461670885e-05
2025-12-20 00:00:00+00:00,0.0,0.0,0.0,0.0
2025-12-20 01:00:00+00:00,0.0,0.0,0.0,0.0
2025-12-20 02:00:00+00:00,0.0,0.0,0.0,0.0
2025-12-20 03:00:00+00:00,0.0,0.0,0.0,0.0
2025-12-20 04:00:00+00:00,0.0,0.0,0.0,0.0
2025-12-20 05:00:00+00:00,0.0,0.0,0.0,0.0
2025-12-20 06:00:00+00:00,0.0,0.0,0.0,0.0
2025-12-20 07:00:00+00:00,0.0,0.0,0.0,0.0
2025-12-20 08:00:00+00:00,0.0,0.0,0.0,0.0
2025-12-20 09:00:00+00:00,0.0,0.0,0.0,0.0
2025-12-20 10:00:00+00:00,0.0,0.0,0.0,0.0
2025-12-20 11:00:00+00:00,0.0,0.0,0.0,0.0
2025-12-20 12:00:00+00:00,0.0,0.0,0.0,0.0
2025-12-20 13:00:00+00:00,0.0,0.0,0.0,0.0
2025-12-20 14:00:00+00:00,0.0,0.0,0.0,0.0
2025-12-20 15:00:00+00:00,0.0,0.0,0.0,0.0
2025-12-20 16:00:00+00:00,0.0,0.0,0.0,0.0
2025-12-20 17:00:00+00:00,0.0,0.0,0.0,0.0
2025-12-20 18:00:00+00:00,0.0,0.0,0.0,0.0
2025-12-20 19:00:00+00:00,0.0,0.0,0.0,0.0
2025-12-20 20:00:00+00:00,0.0,0.0,0.0,0.0
2025-12-20 21:00:00+00:00,0.0,0.0,0.0,3.805119653433895e-06
2025-12-20 22:00:00+00:00,0.0,0.0,0.0,0.0
2025-12-20 23:00:00+00:00,0.0,0.0,0.0,0.0
2025-12-21 00:00:00+00:00,0.0,0.0,0.0,0.0
2025-12-21 01:00:00+00:00,0.0,0.0,0.0,-3.3159112231767586e-05
2025-12-21 02:00:00+00:00,0.0,0.0,0.0,0.0
2025-12-21 03:00:00+00:00,0.0,0.0,0.0,0.0
2025-12-21 04:00:00+00:00,0.0,0.0,0.0,0.0
2025-12-21 05:00:00+00:00,0.0,0.0,0.0,0.0
2025-12-21 06:00:00+00:00,0.0,0.0,0.0,0.0
2025-12-21 07:00:00+00:00,0.0,0.0,0.0,0.0
2025-12-21 08:00:00+00:00,0.0,0.0,5.4099337554961445e-05,1.936551840658996e-05
2025-12-21 09:00:00+00:00,0.0,0.0,0.0,0.0
2025-12-21 10:00:00+00:00,0.0,0.0,0.0,0.0
2025-12-21 11:00:00+00:00,0.0,0.0,0.0,0.0
2025-12-21 12:00:00+00:00,0.0,0.0,1.7407527880147774e-05,0.0
2025-12-21 13:00:00+00:00,0.0,0.0,0.0,-6.405494408579848e-05
2025-12-21 14:00:00+00:00,0.0,0.0,0.0,0.0
2025-12-21 15:00:00+00:00,0.0,0.0,0.0,0.0
2025-12-21 16:00:00+00:00,0.0,0.0,0.0,0.0
2025-12-21 17:00:00+00:00,0.0,0.0,0.0,0.0
2025-12-21 18:00:00+00:00,0.0,0.0,0.0,0.0
2025-12-21 19:00:00+00:00,0.0,0.0,0.0,0.0
2025-12-21 20:00:00+00:00,0.0,0.0,0.0,0.0
2025-12-21 21:00:00+00:00,0.0,0.0,0.0,0.0
2025-12-21 22:00:00+00:00,0.0,0.0,3.751594216919841e-05,0.0
2025-12-21 23:00:00+00:00,0.0,0.0,0.0,5.709705403611599e-05
2025-12-22 00:00:00+00:00,0.0,0.0,0.0,0.0
2025-12-22 01:00:00+00:00,0.0,0.0,0.0,0.0
2025-12-22 02:00:00+00:00,0.0,0.0,0.0,0.0
2025-12-22 03:00:00+00:00,0.0,0.0,0.0,0.0
2025-12-22 04:00:00+00:00,0.0,0.0,0.0,0.0
2025-12-22 05:00:00+00:00,0.0,0.0,0.0,0.0
2025-12-22 06:00:00+00:00,0.0,0.0,0.0,0.0
2025-12-22 07:00:00+00:00,0.0,0.0,0.0,0.0
2025-12-22 08:00:00+00:00,0.0,0.0,0.0001185724896044,0.0
2025-12-22 09:00:00+00:00,0.0,0.0,0.0,0.0
2025-12-22 10:00:00+00:00,0.0,0.0,0.0,0.0
2025-12-22 11:00:00+00:00,0.0,0.0,0.0,0.0
2025-12-22 12:00:00+00:00,0.0,0.0,0.0,0.0
2025-12-22 13:00:00+00:00,0.0,0.0,0.0,0.0
2025-12-22 14:00:00+00:00,0.0,0.0,0.0,0.0
2025-12-22 15:00:00+00:00,0.0,0.0,0.0,-0.0001060747814396
2025-12-22 16:00:00+00:00,0.0,0.0,0.0,0.0
2025-12-22 17:00:00+00:00,0.0,0.0,0.0,0.0
2025-12-22 18:00:00+00:00,0.0,0.0,0.0,0.0
2025-12-22 19:00:00+00:00,0.0,0.0,0.0,0.0
2025-12-22 20:00:00+00:00,0.0,0.0,0.0,0.0
2025-12-22 21:00:00+00:00,0.0,0.0,0.0,0.0
2025-12-22 22:00:00+00:00,0.0,0.0,0.0,0.0
2025-12-22 23:00:00+00:00,0.0,0.0,0.0,0.0
2025-12-23 00:00:00+00:00,0.0,0.0,0.0,0.0
2025-12-23 01:00:00+00:00,0.0,0.0,0.0,0.0
2025-12-23 02:00:00+00:00,0.0,0.0,0.0,0.0
2025-12-23 03:00:00+00:00,0.0,0.0,0.0,0.0
2025-12-23 04:00:00+00:00,0.0,0.0,0.0,0.0
2025-12-23 05:00:00+00:00,0.0,0.0,0.0,0.0
2025-12-23 06:00:00+00:00,0.0,0.0,0.0,0.0
2025-12-23 07:00:00+00:00,0.0,0.0,0.0,0.0
2025-12-23 08:00:00+00:00,0.0,0.0,0.0,0.0
2025-12-23 09:00:00+00:00,0.0,0.0,0.0,0.0
2025-12-23 10:00:00+00:00,0.0,0.0,0.0,0.0
2025-12-23 11:00:00+00:00,0.0,0.0,0.0,0.0
2025-12-23 12:00:00+00:00,0.0,0.0,0.0,3.566155062414312e-05
2025-12-23 13:00:00+00:00,0.0,0.0,0.0,0.0
2025-12-23 14:00:00+00:00,0.0,0.0,-2.902564609339352e-05,0.0
2025-12-23 15:00:00+00:00,0.0,0.0,0.0,0.0
2025-12-23 16:00:00+00:00,0.0,0.0,0.0,0.0
2025-12-23 17:00:00+00:00,0.0,0.0,0.0,0.0
2025-12-23 18:00:00+00:00,0.0,0.0,0.0,0.0
2025-12-23 19:00:00+00:00,0.0,0.0,0.0,0.0
2025-12-23 20:00:00+00:00,0.0,0.0,0.0,0.0001595282823399
2025-12-23 21:00:00+00:00,0.0,0.0,0.0,0.0
2025-12-23 22:00:00+00:00,0.0,0.0,0.0,0.0
2025-12-23 23:00:00+00:00,0.0,0.0,0.0,0.0
2025-12-24 00:00:00+00:00,0.0,0.0,0.0,0.0
2025-12-24 01:00:00+00:00,0.0,0.0,0.0,0.0
2025-12-24 02:00:00+00:00,0.0,0.0,0.0,0.0
2025-12-24 03:00:00+00:00,0.0,0.0,0.0,0.0
2025-12-24 04:00:00+00:00,0.0,0.0,0.0,0.0
2025-12-24 05:00:00+00:00,0.0,0.0,0.0,0.0
2025-12-24 06:00:00+00:00,0.0,0.0,0.0,0.0
2025-12-24 07:00:00+00:00,0.0,0.0,0.0,0.0
2025-12-24 08:00:00+00:00,0.0,0.0,0.0,0.0
2025-12-24 09:00:00+00:00,0.0,0.0,0.0,0.0
2025-12-24 10:00:00+00:00,0.0,0.0,0.0,0.0
2025-12-24 11:00:00+00:00,0.0,0.0,0.0,0.0
2025-12-24 12:00:00+00:00,0.0,0.0,0.0,0.0
2025-12-24 13:00:00+00:00,0.0,0.0,0.0,0.0
2025-12-24 14:00:00+00:00,-0.011987,0.0,0.0,-4.879595348558751e-05
2025-12-24 15:00:00+00:00,0.0,0.0,0.0,0.0
2025-12-24 16:00:00+00:00,0.0,0.0,0.0,0.0
2025-12-24 17:00:00+00:00,0.0,0.0,0.0,0.0
2025-12-24 18:00:00+00:00,0.0,0.0,0.0,0.0
2025-12-24 19:00:00+00:00,0.0,0.0,0.0,0.0
2025-12-24 20:00:00+00:00,0.0,0.0,0.0,0.0
2025-12-24 21:00:00+00:00,0.0,0.0,0.0,0.0
2025-12-24 22:00:00+00:00,0.0,0.0,0.0,0.0
2025-12-24 23:00:00+00:00,0.0,0.0,0.0,0.0
2025-12-25 00:00:00+00:00,0.0,0.0,0.0,0.0
2025-12-25 01:00:00+00:00,0.0,0.0,0.0,0.0
2025-12-25 02:00:00+00:00,0.0,0.0,0.0,0.0
2025-12-25 03:00:00+00:00,0.0,0.0,0.0,0.0
2025-12-25 04:00:00+00:00,0.0,0.0,0.0,0.0
2025-12-25 05:00:00+00:00,0.0,0.0,0.0,0.0
2025-12-25 06:00:00+00:00,0.0,0.0,0.0,0.0
2025-12-25 07:00:00+00:00,0.0,0.0,0.0,0.0
2025-12-25 08:00:00+00:00,0.0,0.0,0.0,0.0
2025-12-25 09:00:00+00:00,0.0,0.0,0.0,0.0
2025-12-25 10:00:00+00:00,0.0,0.0,0.0,0.0
2025-12-25 11:00:00+00:00,0.0,0.0,0.0,0.0
2025-12-25 12:00:00+00:00,0.0,0.0,0.0,0.0
2025-12-25 13:00:00+00:00,0.0,0.0,-2.012232253771228e-05,-2.5133270904230663e-05
2025-12-25 14:00:00+00:00,0.0,0.0,0.0,0.0
2025-12-25 15:00:00+00:00,0.012114,0.0,0.0,0.0
2025-12-25 16:00:00+00:00,0.0,0.0,0.0,0.0
2025-12-25 17:00:00+00:00,0.0,0.0,0.0,0.0
2025-12-25 18:00:00+00:00,0.0,0.0,0.0,0.0
2025-12-25 19:00:00+00:00,0.0,0.0,0.0,0.0
2025-12-25 20:00:00+00:00,0.0,0.0,0.0,0.0
2025-12-25 21:00:00+00:00,0.0,0.0,0.0,0.0
2025-12-25 22:00:00+00:00,0.0,0.0,0.0,0.0
2025-12-25 23:00:00+00:00,0.0,0.0,0.0,0.0
2025-12-26 00:00:00+00:00,0.0,0.0,0.0,0.0
2025-12-26 01:00:00+00:00,0.0,0.0,0.0,0.0
2025-12-26 02:00:00+00:00,0.0,0.0,0.0,0.0
2025-12-26 03:00:00+00:00,0.0,0.0,0.0,0.0
2025-12-26 04:00:00+00:00,0.0,0.0,0.0,0.0
2025-12-26 05:00:00+00:00,0.0,0.0,0.0,0.0
2025-12-26 06:00:00+00:00,0.0,0.0,0.0,0.0
2025-12-26 07:00:00+00:00,0.0,0.0,0.0,0.0
2025-12-26 08:00:00+00:00,0.0,0.0,0.0,0.0
2025-12-26 09:00:00+00:00,0.0,0.0,0.0,0.0
2025-12-26 10:00:00+00:00,0.0,0.0,0.0,0.0
2025-12-26 11:00:00+00:00,0.0,0.0,0.0,0.0
2025-12-26 12:00:00+00:00,0.0,0.0,0.0,0.0
2025-12-26 13:00:00+00:00,0.0,0.0,0.0,0.0
2025-12-26 14:00:00+00:00,0.0,0.0,0.0,0.0
2025-12-26 15:00:00+00:00,0.0,0.0,0.0,0.0
2025-12-26 16:00:00+00:00,0.0,0.0,0.0,0.0
2025-12-26 17:00:00+00:00,0.0,0.0,0.0,0.0
2025-12-26 18:00:00+00:00,0.0,0.0,0.0,0.0
2025-12-26 19:00:00+00:00,0.0,0.0,0.0,0.0
2025-12-26 20:00:00+00:00,0.0,0.0,0.0,0.0
2025-12-26 21:00:00+00:00,0.0,0.0,0.0,0.0
2025-12-26 22:00:00+00:00,0.0,0.0,0.0,0.0
2025-12-26 23:00:00+00:00,0.0,0.0,0.0,0.0
2025-12-27 00:00:00+00:00,0.0,0.0,0.0,0.0
2025-12-27 01:00:00+00:00,0.0,0.0,0.0,0.0
2025-12-27 02:00:00+00:00,0.0,0.0,0.0,0.0
2025-12-27 03:00:00+00:00,0.0,0.0,0.0,0.0
2025-12-27 04:00:00+00:00,0.0,0.0,0.0,0.0
2025-12-27 05:00:00+00:00,0.0,0.0,0.0,0.0
2025-12-27 06:00:00+00:00,0.0,0.0,0.0,0.0
2025-12-27 07:00:00+00:00,0.0,0.0,0.0,0.0
2025-12-27 08:00:00+00:00,0.0,0.0,0.0,0.0
2025-12-27 09:00:00+00:00,0.0,0.0,0.0,0.0
2025-12-27 10:00:00+00:00,0.0,0.0,0.0,0.0
2025-12-27 11:00:00+00:00,0.0,0.0,0.0,0.0
2025-12-27 12:00:00+00:00,0.0,0.0,0.0,0.0
2025-12-27 13:00:00+00:00,0.0,0.0,0.0,0.0
2025-12-27 14:00:00+00:00,0.0,0.0,0.0,0.0
2025-12-27 15:00:00+00:00,0.0,0.0,0.0,0.0
2025-12-27 16:00:00+00:00,0.0,0.0,0.0,0.0
2025-12-27 17:00:00+00:00,0.0,0.0,0.0,0.0
2025-12-27 18:00:00+00:00,0.0,0.0,0.0,0.0
2025-12-27 19:00:00+00:00,0.0,0.0,0.0,0.0
2025-12-27 20:00:00+00:00,0.0,0.0,0.0,0.0
2025-12-27 21:00:00+00:00,0.0,0.0,0.0,0.0
2025-12-27 22:00:00+00:00,0.0,0.0,0.0,0.0
2025-12-27 23:00:00+00:00,0.0,0.0,0.0,0.0
2025-12-28 00:00:00+00:00,0.0,0.0,0.0,0.0
2025-12-28 01:00:00+00:00,0.0,0.0,0.0,0.0
2025-12-28 02:00:00+00:00,0.0,0.0,0.0,0.0
2025-12-28 03:00:00+00:00,0.0,0.0,0.0,0.0
2025-12-28 04:00:00+00:00,0.0,0.0,0.0,0.0
2025-12-28 05:00:00+00:00,0.0,0.0,0.0,0.0
2025-12-28 06:00:00+00:00,0.0,0.0,0.0,0.0
2025-12-28 07:00:00+00:00,0.0,0.0,0.0,0.0
2025-12-28 08:00:00+00:00,0.0,0.0,1.0647907777162381e-07,9.833372223865277e-06
2025-12-28 09:00:00+00:00,0.000494,0.0,0.0,0.0
2025-12-28 10:00:00+00:00,0.0,0.0,0.0,0.0
2025-12-28 11:00:00+00:00,0.0,0.0,0.0,0.0
2025-12-28 12:00:00+00:00,0.0,0.0,0.0,0.0
2025-12-28 13:00:00+00:00,0.0,0.0,0.0,0.0
2025-12-28 14:00:00+00:00,0.0,0.0,0.0,0.0
2025-12-28 15:00:00+00:00,5.5e-05,0.00057,0.0,0.0
2025-12-28 16:00:00+00:00,0.0,0.0,-2.1951820295068583e-05,0.0
2025-12-28 17:00:00+00:00,0.0,0.0,0.0,0.0
2025-12-28 18:00:00+00:00,0.0,0.0,0.0,-3.941373649494317e-05
2025-12-28 19:00:00+00:00,0.0,0.0,0.0,0.0
2025-12-28 20:00:00+00:00,0.0,0.0,0.0,0.0
2025-12-28 21:00:00+00:00,0.0,0.0,0.0,0.0
2025-12-28 22:00:00+00:00,0.010197,0.010482,2.2054684174895875e-05,1.8596319066636067e-05
2025-12-28 23:00:00+00:00,0.0,0.0,0.0,0.0
2025-12-29 00:00:00+00:00,0.0,0.0,0.0,0.0
2025-12-29 01:00:00+00:00,0.0,0.0,0.0,0.0
2025-12-29 02:00:00+00:00,0.0,0.0,0.0,7.576001841086534e-05
2025-12-29 03:00:00+00:00,0.0,0.0,9.694373952250924e-05,0.0
2025-12-29 04:00:00+00:00,0.0,0.0,0.0,0.0
2025-12-29 05:00:00+00:00,0.0,0.0,0.0,0.0
2025-12-29 06:00:00+00:00,0.0,0.0,0.0,0.0
2025-12-29 07:00:00+00:00,0.0,0.0,0.0,0.0
2025-12-29 08:00:00+00:00,0.0,0.0,0.0,0.0
2025-12-29 09:00:00+00:00,0.0,0.0,0.0,-6.099073084614769e-05
2025-12-29 10:00:00+00:00,0.0,0.0,0.0,0.0
2025-12-29 11:00:00+00:00,0.0,0.0,0.0,0.0
2025-12-29 12:00:00+00:00,0.0,0.0,0.0,0.0
2025-12-29 13:00:00+00:00,0.0,0.0,0.0,0.0
2025-12-29 14:00:00+00:00,0.0,0.0,0.0,0.0
2025-12-29 15:00:00+00:00,0.0,0.0,0.0,0.0
2025-12-29 16:00:00+00:00,0.0,0.0,0.0,0.0
2025-12-29 17:00:00+00:00,0.0,0.0,0.0,0.0
2025-12-29 18:00:00+00:00,0.0,0.0,0.0,0.0
2025-12-29 19:00:00+00:00,0.0,0.0,0.0,0.0
2025-12-29 20:00:00+00:00,0.0,0.0,0.0,0.0
2025-12-29 21:00:00+00:00,0.0,0.0,0.0,0.0
2025-12-29 22:00:00+00:00,0.0,0.0,0.0,0.0
2025-12-29 23:00:00+00:00,0.0,0.0,0.0,0.0
2025-12-30 00:00:00+00:00,0.0,0.0,0.0,0.0
2025-12-30 01:00:00+00:00,0.0,0.0,0.0,0.0
2025-12-30 02:00:00+00:00,0.0,0.0,0.0,0.0
2025-12-30 03:00:00+00:00,0.0,0.0,0.0,0.0
2025-12-30 04:00:00+00:00,0.0,0.0,0.0,0.0
2025-12-30 05:00:00+00:00,0.0,0.0,0.0,0.0
2025-12-30 06:00:00+00:00,0.0,0.0,0.0,0.0
2025-12-30 07:00:00+00:00,0.0,0.0,0.0,0.0
2025-12-30 08:00:00+00:00,0.0,0.0,0.0,0.0
2025-12-30 09:00:00+00:00,0.0,0.0,0.0,0.0
2025-12-30 10:00:00+00:00,0.0,0.0,0.0,0.0
2025-12-30 11:00:00+00:00,0.0,0.0,0.0,0.0
2025-12-30 12:00:00+00:00,0.0,0.0,0.0,0.0
2025-12-30 13:00:00+00:00,0.0,0.0,-2.0740876815451552e-05,0.0
2025-12-30 14:00:00+00:00,0.012662,0.0,0.0,8.858627277556708e-05
2025-12-30 15:00:00+00:00,0.0,0.0,0.0,0.0
2025-12-30 16:00:00+00:00,0.0,0.0,0.0,0.0
2025-12-30 17:00:00+00:00,0.0,0.0,0.0,0.0
2025-12-30 18:00:00+00:00,0.0,0.0,0.0,0.0
2025-12-30 19:00:00+00:00,0.0,0.0,0.0,0.0
2025-12-30 20:00:00+00:00,0.0,0.0,0.0,0.0
2025-12-30 21:00:00+00:00,0.0,0.0,0.0,0.0
2025-12-30 22:00:00+00:00,0.0,0.0,0.0,0.0
2025-12-30 23:00:00+00:00,0.0,0.0,0.0,0.0
2025-12-31 00:00:00+00:00,0.0,0.0,0.0,0.0
2025-12-31 01:00:00+00:00,0.0,0.0,0.0,0.0
2025-12-31 02:00:00+00:00,0.0,0.0,0.0,0.0
2025-12-31 03:00:00+00:00,0.0,0.0,0.0,0.0
2025-12-31 04:00:00+00:00,0.0,0.0,0.0,0.0
2025-12-31 05:00:00+00:00,0.0,0.0,0.0,0.0
2025-12-31 06:00:00+00:00,0.0,0.0,0.0,0.0
2025-12-31 07:00:00+00:00,0.0,0.0,0.0,0.0
2025-12-31 08:00:00+00:00,0.0,0.0,0.0,0.0
2025-12-31 09:00:00+00:00,0.0,0.0,0.0,0.0
2025-12-31 10:00:00+00:00,0.0,0.0,0.0,1.81240520591064e-05
2025-12-31 11:00:00+00:00,0.0,0.0,0.0,0.0
2025-12-31 12:00:00+00:00,0.0,0.0,-2.3388145003008224e-05,0.0
2025-12-31 13:00:00+00:00,0.0,0.0,0.0,0.0
2025-12-31 14:00:00+00:00,0.002762,0.0028239999999999,0.0,-5.966479664089141e-05
2025-12-31 15:00:00+00:00,0.0,0.0,0.0,0.0
2025-12-31 16:00:00+00:00,0.0,0.0,-5.099246458118877e-05,0.0
2025-12-31 17:00:00+00:00,0.0,0.0,0.0,0.0
2025-12-31 18:00:00+00:00,0.0,0.0,0.0,0.0
2025-12-31 19:00:00+00:00,0.0,0.0,0.0,0.0
2025-12-31 20:00:00+00:00,0.0,0.0,0.0,0.0
2025-12-31 21:00:00+00:00,0.0,0.0,0.0,0.0
2025-12-31 22:00:00+00:00,0.0,0.0,-2.235934363075564e-05,0.0
2025-12-31 23:00:00+00:00,0.0,0.0,0.0,0.0
2026-01-01 00:00:00+00:00,0.0,0.0,0.0,7.368839309772621e-06
2026-01-01 01:00:00+00:00,0.0,0.0,0.0,0.0
2026-01-01 02:00:00+00:00,0.0,0.0,0.0,0.0
2026-01-01 03:00:00+00:00,0.0,0.0,0.0,0.0
2026-01-01 04:00:00+00:00,0.002864,0.0,0.0,0.0
2026-01-01 05:00:00+00:00,0.0,0.0,0.0,0.0
2026-01-01 06:00:00+00:00,0.0,0.0,0.0,0.0
2026-01-01 07:00:00+00:00,0.0,0.0,0.0,0.0
2026-01-01 08:00:00+00:00,0.0,0.0,0.0,0.0
2026-01-01 09:00:00+00:00,0.0,0.0,0.0,0.0
2026-01-01 10:00:00+00:00,0.0,0.0,0.0,0.0
2026-01-01 11:00:00+00:00,0.0,0.0,0.0,0.0
2026-01-01 12:00:00+00:00,0.0,0.0,0.0,0.0
2026-01-01 13:00:00+00:00,0.0,0.0,0.0,0.0
2026-01-01 14:00:00+00:00,0.0,0.0,0.0,0.0
2026-01-01 15:00:00+00:00,0.0,0.0,0.0,0.0
2026-01-01 16:00:00+00:00,0.0,0.0,0.0,0.0
2026-01-01 17:00:00+00:00,0.0,0.0,0.0,0.0
2026-01-01 18:00:00+00:00,0.0,0.0,0.0,0.0
2026-01-01 19:00:00+00:00,0.0,0.0,0.0,0.0
2026-01-01 20:00:00+00:00,0.0,0.0,0.0,0.0
2026-01-01 21:00:00+00:00,0.0,0.0,0.0,0.0
2026-01-01 22:00:00+00:00,0.0,0.0,0.0,0.0
2026-01-01 23:00:00+00:00,0.0,0.0,0.0,0.0
2026-01-02 00:00:00+00:00,0.0,0.0,0.0,0.0
2026-01-02 01:00:00+00:00,0.0,0.0,0.0,0.0
2026-01-02 02:00:00+00:00,0.0,0.0,0.0,0.0
2026-01-02 03:00:00+00:00,0.0,0.0,0.0,0.0
2026-01-02 04:00:00+00:00,0.0,0.0,0.0,0.0
2026-01-02 05:00:00+00:00,0.0,0.0,0.0,0.0
2026-01-02 06:00:00+00:00,0.0,0.0,0.0,0.0
2026-01-02 07:00:00+00:00,0.0,0.0,0.0,0.0
2026-01-02 08:00:00+00:00,0.0,0.0,0.0,0.0
2026-01-02 09:00:00+00:00,0.0,0.0,0.0,0.0
2026-01-02 10:00:00+00:00,0.0,0.0,0.0,0.0
2026-01-02 11:00:00+00:00,0.0,0.0,0.0,0.0
2026-01-02 12:00:00+00:00,0.0,0.0,0.0,0.0
2026-01-02 13:00:00+00:00,0.0,0.0,0.0,0.0
2026-01-02 14:00:00+00:00,0.0,0.0,0.0,0.0
2026-01-02 15:00:00+00:00,0.0,0.0,0.0,0.0
2026-01-02 16:00:00+00:00,0.0,0.0,0.0,0.0
2026-01-02 17:00:00+00:00,0.0,0.0,0.0,0.0
2026-01-02 18:00:00+00:00,0.0,0.0,0.0,0.0
2026-01-02 19:00:00+00:00,0.0,0.0,0.0,0.0
2026-01-02 20:00:00+00:00,0.0,0.0,0.0,0.0
2026-01-02 21:00:00+00:00,0.0,0.0,0.0,0.0
2026-01-02 22:00:00+00:00,0.0,0.0,0.0,0.0
2026-01-02 23:00:00+00:00,0.0,0.0,0.0,0.0
2026-01-03 00:00:00+00:00,0.0,0.0,0.0,0.0
2026-01-03 01:00:00+00:00,0.0,0.0,0.0,0.0
2026-01-03 02:00:00+00:00,0.0,0.0,0.0,0.0
2026-01-03 03:00:00+00:00,0.0,0.0,0.0,0.0
2026-01-03 04:00:00+00:00,0.0,0.0,0.0,0.0
2026-01-03 05:00:00+00:00,0.0,0.0,0.0,0.0
2026-01-03 06:00:00+00:00,0.0,0.0,0.0,0.0
2026-01-03 07:00:00+00:00,0.0,0.0,0.0,0.0
2026-01-03 08:00:00+00:00,0.0,0.0,0.0,0.0
2026-01-03 09:00:00+00:00,0.0,0.0,0.0,0.0
2026-01-03 10:00:00+00:00,0.0,0.0,0.0,0.0
2026-01-03 11:00:00+00:00,0.0,0.0,0.0,0.0
2026-01-03 12:00:00+00:00,0.0,0.0,0.0,0.0
2026-01-03 13:00:00+00:00,0.0,0.0,0.0,0.0
2026-01-03 14:00:00+00:00,0.0,0.0,0.0,0.0
2026-01-03 15:00:00+00:00,0.0,0.0,0.0,0.0
2026-01-03 16:00:00+00:00,0.0,0.0,0.0,0.0
2026-01-03 17:00:00+00:00,0.0,0.0,0.0,0.0
2026-01-03 18:00:00+00:00,0.0,0.0,0.0,0.0
2026-01-03 19:00:00+00:00,0.0,0.0,0.0,0.0
2026-01-03 20:00:00+00:00,0.0,0.0,0.0,0.0
2026-01-03 21:00:00+00:00,0.0,0.0,0.0,0.0
2026-01-03 22:00:00+00:00,0.0,0.0,0.0,0.0
2026-01-03 23:00:00+00:00,0.0,0.0,0.0,0.0
2026-01-04 00:00:00+00:00,0.0,0.0,0.0,0.0
2026-01-04 01:00:00+00:00,0.0,0.0,0.0,0.0
2026-01-04 02:00:00+00:00,0.0,0.0,0.0,0.0
2026-01-04 03:00:00+00:00,0.0,0.0,0.0,0.0
2026-01-04 04:00:00+00:00,0.0,0.0,0.0,0.0
2026-01-04 05:00:00+00:00,0.0,0.0,0.0,0.0
2026-01-04 06:00:00+00:00,0.0,0.0,0.0,0.0
2026-01-04 07:00:00+00:00,0.0,0.0,0.0,0.0
2026-01-04 08:00:00+00:00,-0.012612,0.0,0.0,0.0
2026-01-04 09:00:00+00:00,0.0,0.0,0.0,0.0
2026-01-04 10:00:00+00:00,0.0,0.0,0.0,0.0
2026-01-04 11:00:00+00:00,0.0,0.0,-2.0798507695690684e-05,0.0
2026-01-04 12:00:00+00:00,0.0,0.0,0.0,-4.160702267496652e-05
2026-01-04 13:00:00+00:00,0.0,0.0,0.0,0.0
2026-01-04 14:00:00+00:00,0.0,0.0,0.0,0.0
2026-01-04 15:00:00+00:00,0.0,0.0,-2.439998246844265e-05,0.0
2026-01-04 16:00:00+00:00,0.0,0.0,0.0,0.0
2026-01-04 17:00:00+00:00,0.0,0.0,0.0,0.0
2026-01-04 18:00:00+00:00,0.0,0.0,0.0,-4.5783327981322445e-05
2026-01-04 19:00:00+00:00,-0.012724,-0.012705,0.0,0.0
2026-01-04 20:00:00+00:00,0.0,0.0,0.0,0.0
2026-01-04 21:00:00+00:00,0.0,0.0,0.0,0.0
2026-01-04 22:00:00+00:00,0.0,0.0,0.0,0.0
2026-01-04 23:00:00+00:00,0.0,0.0,0.0,2.1452676539514003e-05
2026-01-05 00:00:00+00:00,0.0,0.012001,0.0,0.0
2026-01-05 01:00:00+00:00,0.012286,0.0,0.0,0.0
2026-01-05 02:00:00+00:00,0.0,0.0,0.0,0.0
2026-01-05 03:00:00+00:00,0.0,0.0,0.0,0.0
2026-01-05 04:00:00+00:00,0.0,0.0,0.0,0.0
2026-01-05 05:00:00+00:00,0.0,0.0,0.0,0.0
2026-01-05 06:00:00+00:00,0.0,0.0,0.0,0.0
2026-01-05 07:00:00+00:00,0.0,0.0,0.0,0.0
2026-01-05 08:00:00+00:00,0.0,0.0,-3.282864454113845e-06,0.0
2026-01-05 09:00:00+00:00,0.0,0.0,0.0,0.0
2026-01-05 10:00:00+00:00,0.0,0.0,0.0,0.0
2026-01-05 11:00:00+00:00,0.0,0.0,0.0,0.0
2026-01-05 12:00:00+00:00,0.0,0.0,0.0,0.0
2026-01-05 13:00:00+00:00,-0.012342,0.0,-3.4420108559656265e-05,0.0
2026-01-05 14:00:00+00:00,0.0,0.0,0.0,5.801613143363916e-05
2026-01-05 15:00:00+00:00,0.0,0.0,0.0,0.0
2026-01-05 16:00:00+00:00,0.0,0.0,0.0,0.0
2026-01-05 17:00:00+00:00,0.0,0.0,0.0,0.0
2026-01-05 18:00:00+00:00,0.0,0.0,0.0,0.0
2026-01-05 19:00:00+00:00,0.0,0.0,0.0,0.0
2026-01-05 20:00:00+00:00,0.0,0.0,0.0,0.0
2026-01-05 21:00:00+00:00,0.0,0.0,0.0,0.0
2026-01-05 22:00:00+00:00,0.0,0.0,0.0,0.0
2026-01-05 23:00:00+00:00,0.0,0.0,0.0,0.0
2026-01-06 00:00:00+00:00,0.0,0.0,0.0,0.0
2026-01-06 01:00:00+00:00,0.0,0.0,0.0,0.0
2026-01-06 02:00:00+00:00,0.0,0.0,0.0,0.0
2026-01-06 03:00:00+00:00,0.0,0.0,0.0,0.0
2026-01-06 04:00:00+00:00,0.0,0.0,0.0,0.0
2026-01-06 05:00:00+00:00,0.0,0.0,0.0,0.0
2026-01-06 06:00:00+00:00,0.0,0.0,0.0,0.0
2026-01-06 07:00:00+00:00,0.0,0.0,0.0,0.0
2026-01-06 08:00:00+00:00,0.0,0.0,0.0,0.0
2026-01-06 09:00:00+00:00,0.0,0.0,0.0,0.0
2026-01-06 10:00:00+00:00,0.0,0.0,0.0,0.0
2026-01-06 11:00:00+00:00,0.0,0.0,0.0,0.0
2026-01-06 12:00:00+00:00,0.0,0.0,0.0,0.0
2026-01-06 13:00:00+00:00,0.0,0.0,-2.048234109026547e-05,0.0
2026-01-06 14:00:00+00:00,0.0,0.0,0.0,3.137723785166303e-05
2026-01-06 15:00:00+00:00,0.0027489999999999,0.00281,0.0,0.0
2026-01-06 16:00:00+00:00,0.0,0.0,-6.121304565057216e-05,0.0
2026-01-06 17:00:00+00:00,0.0,0.0,0.0,0.0
2026-01-06 18:00:00+00:00,0.0,0.0,0.0,0.0
2026-01-06 19:00:00+00:00,0.0,0.0,0.0,0.0
2026-01-06 20:00:00+00:00,0.0,0.0,0.0,0.0
2026-01-06 21:00:00+00:00,0.0,0.0,0.0,0.0
2026-01-06 22:00:00+00:00,0.0,0.0,0.0,0.0
2026-01-06 23:00:00+00:00,0.0,0.0,0.0,0.0
2026-01-07 00:00:00+00:00,0.0,0.0,0.0,-8.14439858663695e-06
2026-01-07 01:00:00+00:00,0.0,0.0,0.0,0.0
2026-01-07 02:00:00+00:00,0.0,0.0,0.0,0.0
2026-01-07 03:00:00+00:00,0.0,0.0,0.0,0.0
2026-01-07 04:00:00+00:00,0.0,0.0,0.0,0.0
2026-01-07 05:00:00+00:00,0.0,0.0,0.0,0.0
2026-01-07 06:00:00+00:00,0.0,0.0,0.0,0.0
2026-01-07 07:00:00+00:00,0.0,0.0,0.0,0.0
2026-01-07 08:00:00+00:00,0.0,0.0,0.0,0.0
2026-01-07 09:00:00+00:00,0.0,0.0,0.0,0.0
2026-01-07 10:00:00+00:00,0.0,0.0,0.0,0.0
2026-01-07 11:00:00+00:00,0.0,0.0,0.0,0.0
2026-01-07 12:00:00+00:00,0.0,0.0,0.0,0.0
2026-01-07 13:00:00+00:00,0.0,0.0,0.0,0.0
2026-01-07 14:00:00+00:00,-0.011592,0.0,-3.174496612188604e-05,-6.218791869252782e-05
2026-01-07 15:00:00+00:00,0.0,0.0,0.0,0.0
2026-01-07 16:00:00+00:00,0.0,0.0,0.0,0.0
2026-01-07 17:00:00+00:00,0.0,0.0,0.0,0.0
2026-01-07 18:00:00+00:00,0.0,0.0,0.0,0.0
2026-01-07 19:00:00+00:00,0.0,0.0,0.0,0.0
2026-01-07 20:00:00+00:00,0.0,0.0,0.0,0.0
2026-01-07 21:00:00+00:00,0.0,0.0,0.0,0.0
2026-01-07 22:00:00+00:00,0.0,0.0,0.0,0.0
2026-01-07 23:00:00+00:00,0.0,0.0,0.0,0.0
2026-01-08 00:00:00+00:00,0.0,0.0,0.0,0.0
2026-01-08 01:00:00+00:00,0.0,0.0,0.0,0.0
2026-01-08 02:00:00+00:00,0.0,0.0,0.0,0.0
2026-01-08 03:00:00+00:00,0.0,0.0,0.0,0.0
2026-01-08 04:00:00+00:00,0.0,0.0,0.0,0.0
2026-01-08 05:00:00+00:00,0.0,0.0,0.0,0.0
2026-01-08 06:00:00+00:00,-0.011529,0.0,0.0,0.0
2026-01-08 07:00:00+00:00,0.0,0.0,0.0,0.0
2026-01-08 08:00:00+00:00,0.0,0.0,0.0,0.0
2026-01-08 09:00:00+00:00,0.0,0.0,0.0,0.0
2026-01-08 10:00:00+00:00,0.0,0.0,0.0,0.0
2026-01-08 11:00:00+00:00,0.0,0.0,0.0,0.0
2026-01-08 12:00:00+00:00,0.0,0.0,0.0,0.0
2026-01-08 13:00:00+00:00,0.0,0.0,0.0,0.0
2026-01-08 14:00:00+00:00,0.0,0.0,0.0,0.0
2026-01-08 15:00:00+00:00,0.0,0.0,0.0,0.0
2026-01-08 16:00:00+00:00,0.0,0.0,0.0,0.0
2026-01-08 17:00:00+00:00,0.0,0.0,0.0,0.0
2026-01-08 18:00:00+00:00,0.0,0.0,0.0,0.0
2026-01-08 19:00:00+00:00,0.0,0.0,0.0,0.0
2026-01-08 20:00:00+00:00,0.0,0.0,0.0,0.0
2026-01-08 21:00:00+00:00,0.0,0.0,0.0,0.0
2026-01-08 22:00:00+00:00,0.0,0.0,0.0,0.0
2026-01-08 23:00:00+00:00,0.0,0.0,0.0,0.0
2026-01-09 00:00:00+00:00,0.0,0.0,0.0,0.0
2026-01-09 01:00:00+00:00,0.0,0.0,0.0,0.0
2026-01-09 02:00:00+00:00,0.0,0.0,0.0,0.0
2026-01-09 03:00:00+00:00,0.0,0.0,0.0,0.0
2026-01-09 04:00:00+00:00,0.0,0.0,0.0,0.0
2026-01-09 05:00:00+00:00,0.0,0.0,0.0,0.0
2026-01-09 06:00:00+00:00,0.0,0.0,0.0,0.0
2026-01-09 07:00:00+00:00,0.0,0.0,0.0,0.0
2026-01-09 08:00:00+00:00,0.0,0.0,0.0,0.0
2026-01-09 09:00:00+00:00,0.0,0.0,0.0,0.0
2026-01-09 10:00:00+00:00,0.0,0.0,0.0,0.0
2026-01-09 11:00:00+00:00,0.0,0.0,0.0,0.0
2026-01-09 12:00:00+00:00,0.0,0.0,0.0,0.0
2026-01-09 13:00:00+00:00,0.0,0.0,0.0,0.0
2026-01-09 14:00:00+00:00,-0.011922,0.0,-3.03650158215829e-05,0.0
2026-01-09 15:00:00+00:00,0.0,0.0,0.0,0.0
2026-01-09 16:00:00+00:00,0.0,0.0,0.0,0.0
2026-01-09 17:00:00+00:00,0.0,0.0,0.0,0.0
2026-01-09 18:00:00+00:00,0.0,0.0,0.0,0.0
2026-01-09 19:00:00+00:00,0.0,0.0,0.0,0.0
2026-01-09 20:00:00+00:00,0.0,0.0,0.0,0.0
2026-01-09 21:00:00+00:00,0.0,0.0,0.0,0.0
2026-01-09 22:00:00+00:00,0.0,0.0,0.0,0.0
2026-01-09 23:00:00+00:00,0.0,0.0,0.0,0.0
2026-01-10 00:00:00+00:00,0.0,0.0,0.0,0.0
2026-01-10 01:00:00+00:00,0.0,0.0,0.0,0.0
2026-01-10 02:00:00+00:00,0.0,0.0,0.0,0.0
2026-01-10 03:00:00+00:00,0.0,0.0,0.0,0.0
2026-01-10 04:00:00+00:00,0.0,0.0,0.0,0.0
2026-01-10 05:00:00+00:00,0.0,0.0,0.0,0.0
2026-01-10 06:00:00+00:00,0.0,0.0,0.0,0.0
2026-01-10 07:00:00+00:00,0.0,0.0,0.0,0.0
2026-01-10 08:00:00+00:00,0.0,0.0,0.0,0.0
2026-01-10 09:00:00+00:00,0.0,0.0,0.0,0.0
2026-01-10 10:00:00+00:00,0.0,0.0,0.0,0.0
2026-01-10 11:00:00+00:00,0.0,0.0,0.0,0.0
2026-01-10 12:00:00+00:00,0.0,0.0,0.0,0.0
2026-01-10 13:00:00+00:00,0.0,0.0,0.0,0.0
2026-01-10 14:00:00+00:00,0.0,0.0,0.0,0.0
2026-01-10 15:00:00+00:00,0.0,0.0,0.0,0.0
2026-01-10 16:00:00+00:00,0.0,0.0,0.0,0.0
2026-01-10 17:00:00+00:00,0.0,0.0,0.0,0.0
2026-01-10 18:00:00+00:00,0.0,0.0,0.0,0.0
2026-01-10 19:00:00+00:00,0.0,0.0,0.0,0.0
2026-01-10 20:00:00+00:00,0.0,0.0,0.0,0.0
2026-01-10 21:00:00+00:00,0.0,0.0,0.0,0.0
2026-01-10 22:00:00+00:00,0.0,0.0,0.0,0.0
2026-01-10 23:00:00+00:00,0.0,0.0,0.0,0.0
2026-01-11 00:00:00+00:00,0.0,0.0,0.0,0.0
2026-01-11 01:00:00+00:00,0.0,0.0,0.0,8.483018009010089e-06
2026-01-11 02:00:00+00:00,0.0,0.0,2.2512140077338716e-05,0.0
2026-01-11 03:00:00+00:00,0.0,0.0,0.0,0.0
2026-01-11 04:00:00+00:00,0.0,0.0,0.0,0.0
2026-01-11 05:00:00+00:00,0.0,0.0,0.0,0.0
2026-01-11 06:00:00+00:00,0.0,0.000591,-1.6826532172324872e-05,-2.4060077038799968e-05
2026-01-11 07:00:00+00:00,0.0,0.0,0.0,0.0
2026-01-11 08:00:00+00:00,0.0,0.0,0.0,0.0
2026-01-11 09:00:00+00:00,0.0,0.0,-2.1329991041966196e-05,0.0
2026-01-11 10:00:00+00:00,0.0,0.0,0.0,0.0
2026-01-11 11:00:00+00:00,0.0,0.0,0.0,0.0
2026-01-11 12:00:00+00:00,0.010556,0.0,7.382624360397807e-08,0.0
2026-01-11 13:00:00+00:00,0.0,0.0,0.0,0.0
2026-01-11 14:00:00+00:00,0.0,0.009513,0.0,1.7191978500717974e-05
2026-01-11 15:00:00+00:00,0.0,0.0,-2.87677307182621e-05,0.0
2026-01-11 16:00:00+00:00,0.010367,0.0,0.0,0.0
2026-01-11 17:00:00+00:00,0.0,0.0,0.0,0.0
2026-01-11 18:00:00+00:00,0.0,0.0,0.0,0.0
2026-01-11 19:00:00+00:00,0.0,0.0,0.0,0.0
2026-01-11 20:00:00+00:00,-0.014223,0.0,0.0,-6.37922421287984e-05
2026-01-11 21:00:00+00:00,0.0,0.0,0.0,0.0
2026-01-11 22:00:00+00:00,0.0,-0.01384,-3.055325501779004e-05,0.0
2026-01-11 23:00:00+00:00,0.0,0.0,0.0,3.0259364103272244e-05
2026-01-12 00:00:00+00:00,-0.013322,0.0,0.0,0.0
2026-01-12 01:00:00+00:00,0.0,0.0,0.0,0.0
2026-01-12 02:00:00+00:00,0.0,0.0,8.177814924941518e-05,0.0
2026-01-12 03:00:00+00:00,0.0,0.0,0.0,0.0
2026-01-12 04:00:00+00:00,0.0,0.0,0.0,0.0
2026-01-12 05:00:00+00:00,0.0,0.0,0.0,0.0
2026-01-12 06:00:00+00:00,0.0,0.0,0.0,0.0
2026-01-12 07:00:00+00:00,0.0,0.0,0.0,0.0
2026-01-12 08:00:00+00:00,0.0,0.0,0.0,0.0
2026-01-12 09:00:00+00:00,0.0,0.0,0.0,0.0
2026-01-12 10:00:00+00:00,0.0,0.0,0.0,0.0
2026-01-12 11:00:00+00:00,0.0,0.0,0.0,0.0
2026-01-12 12:00:00+00:00,0.0,0.0,0.0,0.0
2026-01-12 13:00:00+00:00,0.0,0.0,0.0,0.0
2026-01-12 14:00:00+00:00,0.0,0.0,0.0,2.8996251225664747e-05
2026-01-12 15:00:00+00:00,0.013009,0.0,0.0,0.0
2026-01-12 16:00:00+00:00,0.0,0.0,0.0,0.0
2026-01-12 17:00:00+00:00,0.0,0.0,0.0,0.0
2026-01-12 18:00:00+00:00,0.0,0.0,0.0,0.0
2026-01-12 19:00:00+00:00,0.0,0.0,0.0,0.0
2026-01-12 20:00:00+00:00,0.0,0.0,0.0,0.0
2026-01-12 21:00:00+00:00,0.0,0.0,0.0,0.0
2026-01-12 22:00:00+00:00,0.0,0.0,0.0,0.0
2026-01-12 23:00:00+00:00,0.0,0.0,0.0,0.0
2026-01-13 00:00:00+00:00,0.0,0.0,0.0,0.0
2026-01-13 01:00:00+00:00,0.0,0.0,0.0,0.0
2026-01-13 02:00:00+00:00,0.0,0.0,0.0,0.0
2026-01-13 03:00:00+00:00,0.0,0.0,0.0,0.0
2026-01-13 04:00:00+00:00,0.0,0.0,0.0,0.0
2026-01-13 05:00:00+00:00,0.0,0.0,0.0,0.0
2026-01-13 06:00:00+00:00,0.0,0.0,0.0,0.0
2026-01-13 07:00:00+00:00,0.0,0.0,0.0,0.0
2026-01-13 08:00:00+00:00,0.0,0.0,0.0,0.0
2026-01-13 09:00:00+00:00,0.0,0.0,0.0,0.0
2026-01-13 10:00:00+00:00,0.0,0.0,0.0,0.0
2026-01-13 11:00:00+00:00,0.0,0.0,0.0,0.0
2026-01-13 12:00:00+00:00,0.0,0.0,0.0,0.0
2026-01-13 13:00:00+00:00,0.0,0.0,2.966861127561838e-05,2.1734889020493817e-05
2026-01-13 14:00:00+00:00,0.0,0.0,0.0,0.0
2026-01-13 15:00:00+00:00,0.0,0.0,0.0,0.0
2026-01-13 16:00:00+00:00,0.0,0.0,0.0,0.0
2026-01-13 17:00:00+00:00,0.0,0.0,0.0,0.0
2026-01-13 18:00:00+00:00,0.0,0.0,0.0,0.0
2026-01-13 19:00:00+00:00,0.0,0.0,0.0,0.0
2026-01-13 20:00:00+00:00,0.0,0.0,0.0,0.0
2026-01-13 21:00:00+00:00,0.0,0.0,0.0,0.0
2026-01-13 22:00:00+00:00,0.0,0.0,0.0,0.0
2026-01-13 23:00:00+00:00,0.0,0.0,0.0,0.0
2026-01-14 00:00:00+00:00,0.0,0.0,0.0,0.0
2026-01-14 01:00:00+00:00,0.0,0.0,0.0,0.0
2026-01-14 02:00:00+00:00,0.0,0.0,0.0,0.0
2026-01-14 03:00:00+00:00,0.0,0.0,0.0,0.0
2026-01-14 04:00:00+00:00,0.0,0.0,0.0,0.0
2026-01-14 05:00:00+00:00,0.0,0.0,0.0,0.0
2026-01-14 06:00:00+00:00,0.0,0.0,0.0,0.0
2026-01-14 07:00:00+00:00,0.0,0.0,0.0,0.0
2026-01-14 08:00:00+00:00,0.0,0.0,0.0,0.0
2026-01-14 09:00:00+00:00,0.0,0.0,0.0,0.0
2026-01-14 10:00:00+00:00,0.0,0.0,0.0,0.0
2026-01-14 11:00:00+00:00,0.0,0.0,0.0,0.0
2026-01-14 12:00:00+00:00,0.0,0.0,0.0,0.0
2026-01-14 13:00:00+00:00,0.0,0.0,0.0,0.0
2026-01-14 14:00:00+00:00,0.0,0.0,0.0,0.0
2026-01-14 15:00:00+00:00,0.0,0.0,0.0,0.0
2026-01-14 16:00:00+00:00,0.0,0.0,0.0,0.0
2026-01-14 17:00:00+00:00,0.013423,0.0,0.0,0.0
2026-01-14 18:00:00+00:00,0.0,0.0,0.0,0.0
2026-01-14 19:00:00+00:00,0.0,0.0,0.0,0.0
2026-01-14 20:00:00+00:00,0.0,0.0,0.0,0.0
2026-01-14 21:00:00+00:00,0.0,0.0,0.0,0.0
2026-01-14 22:00:00+00:00,0.0,0.0,0.0,0.0
2026-01-14 23:00:00+00:00,0.0,0.0,0.0,0.0
2026-01-15 00:00:00+00:00,0.0,0.0,0.0,0.0
2026-01-15 01:00:00+00:00,0.0,0.0,0.0,0.0
2026-01-15 02:00:00+00:00,0.0,0.0,0.0,0.0
2026-01-15 03:00:00+00:00,0.0,0.0,0.0,0.0
2026-01-15 04:00:00+00:00,0.0,0.0,0.0,0.0
2026-01-15 05:00:00+00:00,0.0,0.0,0.0,0.0
2026-01-15 06:00:00+00:00,0.0,0.0,0.0,0.0
2026-01-15 07:00:00+00:00,0.0,0.0,0.0,0.0
2026-01-15 08:00:00+00:00,0.0,0.0,0.0,0.0
2026-01-15 09:00:00+00:00,0.0,0.0,0.0,0.0
2026-01-15 10:00:00+00:00,0.0,0.0,0.0,0.0
2026-01-15 11:00:00+00:00,0.0,0.0,0.0,0.0
2026-01-15 12:00:00+00:00,0.0,0.0,0.0,0.0
2026-01-15 13:00:00+00:00,0.0,0.0,0.0,0.0
2026-01-15 14:00:00+00:00,0.0,0.0,0.0,0.0
2026-01-15 15:00:00+00:00,0.0,0.0,0.0,0.0
2026-01-15 16:00:00+00:00,0.0,0.0,0.0,0.0
2026-01-15 17:00:00+00:00,0.0,0.0,0.0,0.0
2026-01-15 18:00:00+00:00,0.0,0.0,0.0,0.0
2026-01-15 19:00:00+00:00,0.0,0.0,0.0,0.0
2026-01-15 20:00:00+00:00,0.0,0.0,0.0,0.0
2026-01-15 21:00:00+00:00,0.0,0.0,0.0,0.0
2026-01-15 22:00:00+00:00,0.0,0.0,0.0,0.0
2026-01-15 23:00:00+00:00,0.0,0.0,0.0,0.0
2026-01-16 00:00:00+00:00,0.0,0.0,0.0,0.0
2026-01-16 01:00:00+00:00,0.0,0.0,0.0,0.0
2026-01-16 02:00:00+00:00,0.0,0.0,0.0,0.0
2026-01-16 03:00:00+00:00,0.0,0.0,0.0,0.0
2026-01-16 04:00:00+00:00,0.0,0.0,0.0,0.0
2026-01-16 05:00:00+00:00,0.0,0.0,0.0,0.0
2026-01-16 06:00:00+00:00,0.0,0.0,0.0,0.0
2026-01-16 07:00:00+00:00,0.0,0.0,0.0,0.0
2026-01-16 08:00:00+00:00,0.0,0.0,0.0,0.0
2026-01-16 09:00:00+00:00,0.0,0.0,0.0,0.0
2026-01-16 10:00:00+00:00,0.0,0.0,0.0,0.0
2026-01-16 11:00:00+00:00,0.0,0.0,0.0,0.0
2026-01-16 12:00:00+00:00,0.0,0.0,0.0,0.0
2026-01-16 13:00:00+00:00,0.0,0.0,0.0,0.0
2026-01-16 14:00:00+00:00,0.0,0.0,0.0,0.0
2026-01-16 15:00:00+00:00,0.0,0.0,0.0,0.0
2026-01-16 16:00:00+00:00,0.0,0.0,0.0,0.0
2026-01-16 17:00:00+00:00,0.0,0.0,0.0,0.0
2026-01-16 18:00:00+00:00,0.0,0.0,0.0,0.0
2026-01-16 19:00:00+00:00,0.0,0.0,0.0,0.0
2026-01-16 20:00:00+00:00,0.0,0.0,0.0,0.0
2026-01-16 21:00:00+00:00,0.0,0.0,0.0,0.0
2026-01-16 22:00:00+00:00,0.0,0.0,0.0,0.0
2026-01-16 23:00:00+00:00,0.0,0.0,0.0,9.201934789912936e-05
2026-01-17 00:00:00+00:00,0.0,0.0,0.0,0.0
2026-01-17 01:00:00+00:00,0.0,0.0,0.0,0.0
2026-01-17 02:00:00+00:00,0.0,0.0,0.0,0.0
2026-01-17 03:00:00+00:00,0.0,0.0,0.0,0.0
2026-01-17 04:00:00+00:00,0.0,0.0,0.0,0.0
2026-01-17 05:00:00+00:00,0.0,0.0,0.0,0.0
2026-01-17 06:00:00+00:00,0.0,0.0,0.0,0.0
2026-01-17 07:00:00+00:00,0.0,0.0,0.0,0.0
2026-01-17 08:00:00+00:00,0.0,0.0,0.0,0.0
2026-01-17 09:00:00+00:00,0.0,0.0,0.0,0.0
2026-01-17 10:00:00+00:00,0.0,0.0,0.0,0.0
2026-01-17 11:00:00+00:00,0.0,0.0,0.0,0.0
2026-01-17 12:00:00+00:00,0.0,0.0,0.0,0.0
2026-01-17 13:00:00+00:00,0.0,0.0,0.0,0.0
2026-01-17 14:00:00+00:00,0.0,0.0,0.0,0.0
2026-01-17 15:00:00+00:00,0.0,0.0,0.0,0.0
2026-01-17 16:00:00+00:00,0.0,0.0,0.0,0.0
2026-01-17 17:00:00+00:00,0.0,0.0,0.0,0.0
2026-01-17 18:00:00+00:00,0.0,0.0,0.0,0.0
2026-01-17 19:00:00+00:00,0.0,0.0,0.0,0.0
2026-01-17 20:00:00+00:00,0.0,0.0,0.0,0.0
2026-01-17 21:00:00+00:00,0.0,0.0,0.0,0.0
2026-01-17 22:00:00+00:00,0.0,0.0,0.0,0.0
2026-01-17 23:00:00+00:00,0.0,0.0,0.0,0.0
2026-01-18 00:00:00+00:00,0.0,0.0,0.0,0.0
2026-01-18 01:00:00+00:00,0.0,0.0,-1.9576557101291795e-05,0.0
2026-01-18 02:00:00+00:00,0.0,0.0,0.0,0.0
2026-01-18 03:00:00+00:00,0.0,0.0,0.0,0.0
2026-01-18 04:00:00+00:00,0.0,0.0,-1.9649655478991548e-05,0.0
2026-01-18 05:00:00+00:00,0.0,0.0,0.0,1.9839870523307167e-05
2026-01-18 06:00:00+00:00,0.0,0.0,0.0,0.0
2026-01-18 07:00:00+00:00,0.0,0.0,-1.2906334390478938e-05,0.0
2026-01-18 08:00:00+00:00,0.0,0.0,0.0,0.0
2026-01-18 09:00:00+00:00,0.0,0.0,0.0,9.576911165486433e-06
2026-01-18 10:00:00+00:00,0.0,0.0,-1.7670893731279716e-05,0.0
2026-01-18 11:00:00+00:00,0.0,0.0,0.0,0.0
2026-01-18 12:00:00+00:00,0.0,0.0,0.0,0.0
2026-01-18 13:00:00+00:00,0.0,0.0,-1.508709354374859e-05,-2.500755610653437e-05
2026-01-18 14:00:00+00:00,0.0,0.0,0.0,0.0
2026-01-18 15:00:00+00:00,0.0,0.0,0.0,0.0
2026-01-18 16:00:00+00:00,0.0,0.0,0.0,0.0
2026-01-18 17:00:00+00:00,0.0,0.0,0.0,0.0
2026-01-18 18:00:00+00:00,0.0,0.0,2.315731574082381e-05,1.652585259266038e-05
2026-01-18 19:00:00+00:00,0.0,0.0,0.0,0.0
2026-01-18 20:00:00+00:00,0.0,0.0,0.0,0.0
2026-01-18 21:00:00+00:00,0.0,0.0,0.0,0.0
2026-01-18 22:00:00+00:00,0.0,0.0,0.0,0.0
2026-01-18 23:00:00+00:00,0.00307,0.0,0.0,0.0
2026-01-19 00:00:00+00:00,0.0,0.0,0.0,0.0
2026-01-19 01:00:00+00:00,0.0,0.0,0.0,0.0
2026-01-19 02:00:00+00:00,0.0,0.0,0.0,0.0
2026-01-19 03:00:00+00:00,0.0,0.0,0.0,0.0
2026-01-19 04:00:00+00:00,0.0,0.0,0.0,0.0
2026-01-19 05:00:00+00:00,0.0,0.0,0.0,0.0
2026-01-19 06:00:00+00:00,0.0,0.0,0.0,0.0
2026-01-19 07:00:00+00:00,0.0,0.0,0.0,-9.876824242253448e-05
2026-01-19 08:00:00+00:00,0.0,0.0,0.0,0.0
2026-01-19 09:00:00+00:00,0.0,0.0,0.0,0.0
2026-01-19 10:00:00+00:00,0.0,0.0,0.0,0.0
2026-01-19 11:00:00+00:00,0.0,0.0,0.0,0.0
2026-01-19 12:00:00+00:00,0.0,0.0,0.0,0.0
2026-01-19 13:00:00+00:00,0.0,0.0,0.0,0.0
2026-01-19 14:00:00+00:00,0.0,0.0,0.0,0.0
2026-01-19 15:00:00+00:00,0.0,0.0,0.0,0.0
2026-01-19 16:00:00+00:00,0.0,0.0,0.0,0.0
2026-01-19 17:00:00+00:00,0.0,0.0,0.0,0.0
2026-01-19 18:00:00+00:00,0.0,0.0,-2.4428601176207367e-05,0.0
2026-01-19 19:00:00+00:00,0.0,0.0,0.0,0.0
2026-01-19 20:00:00+00:00,0.0,0.0,0.0,0.0
2026-01-19 21:00:00+00:00,0.0,0.0,0.0,0.0
2026-01-19 22:00:00+00:00,0.0,0.0,0.0,0.0
2026-01-19 23:00:00+00:00,0.0,0.0,0.0,0.0
2026-01-20 00:00:00+00:00,0.0,0.0,0.0,0.0
2026-01-20 01:00:00+00:00,0.0,0.0,0.0,0.0
2026-01-20 02:00:00+00:00,0.0,0.0,-3.695002798812296e-05,0.0
2026-01-20 03:00:00+00:00,0.0,0.0,0.0,0.0
2026-01-20 04:00:00+00:00,0.0,0.0,0.0,0.0
2026-01-20 05:00:00+00:00,0.0,0.0,-3.554565854693936e-05,-6.002005735494808e-05
2026-01-20 06:00:00+00:00,0.0,0.0,0.0,0.0
2026-01-20 07:00:00+00:00,0.0,0.0,0.0,0.0
2026-01-20 08:00:00+00:00,0.0,0.0,0.0,0.0
2026-01-20 09:00:00+00:00,0.0,0.0,0.0,0.0
2026-01-20 10:00:00+00:00,0.0,0.0,0.0,0.0
2026-01-20 11:00:00+00:00,0.0,0.0,0.0,0.0
2026-01-20 12:00:00+00:00,0.0,0.0,0.0,0.0
2026-01-20 13:00:00+00:00,0.0,0.0,0.0,0.0
2026-01-20 14:00:00+00:00,0.0,0.0,0.0,-7.004344470013523e-05
2026-01-20 15:00:00+00:00,0.0,0.0,-7.067414365110935e-05,0.0
2026-01-20 16:00:00+00:00,0.0,0.0,0.0,0.0
2026-01-20 17:00:00+00:00,0.0,0.0,0.0,0.0
2026-01-20 18:00:00+00:00,0.0,0.0,0.0,0.0
2026-01-20 19:00:00+00:00,0.0,0.0,0.0,0.0
2026-01-20 20:00:00+00:00,0.0,0.0,0.0,0.0
2026-01-20 21:00:00+00:00,0.0,0.0,0.0,0.0
2026-01-20 22:00:00+00:00,0.0,0.0,0.0,0.0
2026-01-20 23:00:00+00:00,0.0,0.0,0.0,0.0
2026-01-21 00:00:00+00:00,0.0,0.0,0.0,0.0
2026-01-21 01:00:00+00:00,0.0,0.0,0.0,0.0
2026-01-21 02:00:00+00:00,0.0,0.0,0.0,0.0
2026-01-21 03:00:00+00:00,0.0,0.0,0.0,0.0
2026-01-21 04:00:00+00:00,0.0,0.0,0.0,0.0
2026-01-21 05:00:00+00:00,0.0,0.0,0.0,0.0
2026-01-21 06:00:00+00:00,0.0,0.0,0.0,0.0
2026-01-21 07:00:00+00:00,0.0,0.0,0.0,-0.0001011425942667
2026-01-21 08:00:00+00:00,0.0,0.0,0.0,0.0
2026-01-21 09:00:00+00:00,0.0,0.0,0.0,0.0
2026-01-21 10:00:00+00:00,0.0,0.0,0.0,0.0
2026-01-21 11:00:00+00:00,0.0,0.0,0.0,0.0
2026-01-21 12:00:00+00:00,0.0,0.0,-4.840523013911801e-05,-6.567716241192344e-05
2026-01-21 13:00:00+00:00,0.0,0.0,0.0,0.0
2026-01-21 14:00:00+00:00,0.0,0.0,0.0,0.0
2026-01-21 15:00:00+00:00,0.0,0.0,0.0,0.0
2026-01-21 16:00:00+00:00,0.0,0.0,-8.698476584322435e-05,-0.0001947634380237
2026-01-21 17:00:00+00:00,0.0,0.0,0.0,0.0
2026-01-21 18:00:00+00:00,0.0,0.0,0.0,0.0
2026-01-21 19:00:00+00:00,0.0,0.0,0.0,0.0
2026-01-21 20:00:00+00:00,0.0,0.0,0.0,0.0
2026-01-21 21:00:00+00:00,0.0,0.0,0.0,0.0
2026-01-21 22:00:00+00:00,0.0,0.0,0.0,0.0
2026-01-21 23:00:00+00:00,0.0,0.0,0.0,0.0
2026-01-22 00:00:00+00:00,0.0,0.0,0.0,0.0
2026-01-22 01:00:00+00:00,0.0,0.0,0.0,0.0
2026-01-22 02:00:00+00:00,0.0,0.0,0.0,0.0
2026-01-22 03:00:00+00:00,0.0,0.0,0.0,0.0
2026-01-22 04:00:00+00:00,0.0,0.0,0.0,0.0
2026-01-22 05:00:00+00:00,0.0,0.0,0.0,0.0
2026-01-22 06:00:00+00:00,0.0,0.0,0.0,0.0
2026-01-22 07:00:00+00:00,0.0,0.0,0.0,0.0
2026-01-22 08:00:00+00:00,0.0,0.0,0.0,0.0
2026-01-22 09:00:00+00:00,0.0,0.0,0.0,0.0
2026-01-22 10:00:00+00:00,0.0,0.0,0.0,0.0
2026-01-22 11:00:00+00:00,0.0,0.0,0.0,0.0
2026-01-22 12:00:00+00:00,0.0,0.0,0.0,0.0
2026-01-22 13:00:00+00:00,0.0,0.0,0.0,0.0
2026-01-22 14:00:00+00:00,0.0,0.0,0.0,0.0
2026-01-22 15:00:00+00:00,0.0,0.0,0.0,0.0
2026-01-22 16:00:00+00:00,0.0,0.0,0.0,0.0
2026-01-22 17:00:00+00:00,0.0,0.0,0.0,0.0
2026-01-22 18:00:00+00:00,0.0,0.0,0.0,0.0
2026-01-22 19:00:00+00:00,0.0,0.0,0.0,0.0
2026-01-22 20:00:00+00:00,0.0,0.0,0.0,8.467744410367239e-05
2026-01-22 21:00:00+00:00,0.0,0.0,0.0,0.0
2026-01-22 22:00:00+00:00,0.0,0.0,0.0,0.0
2026-01-22 23:00:00+00:00,0.0,0.0,5.2883139001894686e-05,0.0
2026-01-23 00:00:00+00:00,0.0,0.0,0.0,0.0
2026-01-23 01:00:00+00:00,0.0,0.0,0.0,0.0
2026-01-23 02:00:00+00:00,0.0,0.0,0.0,0.0
2026-01-23 03:00:00+00:00,0.0,0.0,0.0,0.0
2026-01-23 04:00:00+00:00,0.0,0.0,0.0,0.0
2026-01-23 05:00:00+00:00,0.0,0.0,0.0,0.0
2026-01-23 06:00:00+00:00,0.0,0.0,0.0,0.0
2026-01-23 07:00:00+00:00,0.0,0.0,0.0,0.0
2026-01-23 08:00:00+00:00,0.0,0.0,0.0,0.0
2026-01-23 09:00:00+00:00,0.0,0.0,0.0,0.0
2026-01-23 10:00:00+00:00,0.0,0.0,0.0,0.0
2026-01-23 11:00:00+00:00,0.0,0.0,0.0,0.0
2026-01-23 12:00:00+00:00,0.0,0.0,0.0,0.0
2026-01-23 13:00:00+00:00,0.0,0.0,0.0,0.0
2026-01-23 14:00:00+00:00,0.0,0.0,0.0,0.0
2026-01-23 15:00:00+00:00,0.0,0.0,0.0,0.0
2026-01-23 16:00:00+00:00,0.0,0.0,0.0,0.0
2026-01-23 17:00:00+00:00,0.0,0.0,0.0,0.0
2026-01-23 18:00:00+00:00,0.0,0.0,0.0,0.0
2026-01-23 19:00:00+00:00,0.0,0.0,-6.553740172660415e-05,0.0
2026-01-23 20:00:00+00:00,0.0,0.0,0.0,0.0
2026-01-23 21:00:00+00:00,0.0,0.0,0.0,0.0
2026-01-23 22:00:00+00:00,0.0,0.0,0.0,0.0
2026-01-23 23:00:00+00:00,0.0,0.0,0.0,0.0
2026-01-24 00:00:00+00:00,0.0,0.0,0.0,0.0
2026-01-24 01:00:00+00:00,0.0,0.0,0.0,0.0
2026-01-24 02:00:00+00:00,0.0,0.0,0.0,0.0
2026-01-24 03:00:00+00:00,0.0,0.0,0.0,0.0
2026-01-24 04:00:00+00:00,0.0,0.0,0.0,0.0
2026-01-24 05:00:00+00:00,0.0,0.0,0.0,0.0
2026-01-24 06:00:00+00:00,0.0,0.0,0.0,0.0
2026-01-24 07:00:00+00:00,0.0,0.0,0.0,0.0
2026-01-24 08:00:00+00:00,0.0,0.0,0.0,0.0
2026-01-24 09:00:00+00:00,0.0,0.0,0.0,0.0
2026-01-24 10:00:00+00:00,0.0,0.0,0.0,0.0
2026-01-24 11:00:00+00:00,0.0,0.0,0.0,0.0
2026-01-24 12:00:00+00:00,0.0,0.0,0.0,0.0
2026-01-24 13:00:00+00:00,0.0,0.0,0.0,0.0
2026-01-24 14:00:00+00:00,0.0,0.0,0.0,0.0
2026-01-24 15:00:00+00:00,0.0,0.0,0.0,0.0
2026-01-24 16:00:00+00:00,0.0,0.0,0.0,0.0
2026-01-24 17:00:00+00:00,0.0,0.0,0.0,0.0
2026-01-24 18:00:00+00:00,0.0,0.0,0.0,0.0
2026-01-24 19:00:00+00:00,0.0,0.0,-1.9028985588296345e-05,0.0
2026-01-24 20:00:00+00:00,0.0,0.0,0.0,0.0
2026-01-24 21:00:00+00:00,0.0,0.0,0.0,0.0
2026-01-24 22:00:00+00:00,0.0,0.0,0.0,0.0
2026-01-24 23:00:00+00:00,0.0,0.0,-2.0342726154534133e-05,0.0
2026-01-25 00:00:00+00:00,0.0,0.0,0.0,-7.181095623126624e-06
2026-01-25 01:00:00+00:00,0.0,0.0,0.0,0.0
2026-01-25 02:00:00+00:00,0.0,0.0,0.0,0.0
2026-01-25 03:00:00+00:00,0.0,0.0,-2.2141677537452768e-05,-2.8677338234741603e-05
2026-01-25 04:00:00+00:00,0.0,0.0,0.0,0.0
2026-01-25 05:00:00+00:00,0.0,0.0,0.0,0.0
2026-01-25 06:00:00+00:00,0.0,0.0,-1.9831904160986228e-05,-3.3596569986370495e-05
2026-01-25 07:00:00+00:00,0.0,0.0,0.0,0.0
2026-01-25 08:00:00+00:00,0.0,0.0,0.0,0.0
2026-01-25 09:00:00+00:00,0.0,0.0,0.0,0.0
2026-01-25 10:00:00+00:00,0.0,0.0,0.0,0.0
2026-01-25 11:00:00+00:00,0.0,0.0,0.0,0.0
2026-01-25 12:00:00+00:00,0.0,0.0,0.0,0.0
2026-01-25 13:00:00+00:00,0.0,0.0,0.0,0.0
2026-01-25 14:00:00+00:00,0.0,0.0,0.0,0.0
2026-01-25 15:00:00+00:00,0.0,0.0,0.0,0.0
2026-01-25 16:00:00+00:00,0.0,0.0,-3.522649770934304e-05,-3.522649770934304e-05
2026-01-25 17:00:00+00:00,0.0,0.0,0.0,0.0
2026-01-25 18:00:00+00:00,0.0,0.0,0.0,0.0
2026-01-25 19:00:00+00:00,0.0,0.0,-7.612845274211133e-05,0.0
2026-01-25 20:00:00+00:00,0.0,0.0,0.0,0.0
2026-01-25 21:00:00+00:00,0.0,0.0,0.0,0.0
2026-01-25 22:00:00+00:00,0.0,0.0,0.0,0.0
2026-01-25 23:00:00+00:00,0.0,0.0,0.0,0.0
2026-01-26 00:00:00+00:00,0.0,0.0,0.0,0.0
2026-01-26 01:00:00+00:00,0.0,0.0,0.0,0.0
2026-01-26 02:00:00+00:00,0.0,0.0,0.0,6.400135392344861e-06
2026-01-26 03:00:00+00:00,0.0,0.0,0.0,0.0
2026-01-26 04:00:00+00:00,0.0,0.0,0.0,0.0
2026-01-26 05:00:00+00:00,0.0,0.0,0.0,0.0
2026-01-26 06:00:00+00:00,0.0,0.0,0.0,0.0
2026-01-26 07:00:00+00:00,0.0,0.0,0.0,0.0
2026-01-26 08:00:00+00:00,0.0,0.0,0.0,0.0
2026-01-26 09:00:00+00:00,0.0,0.0,0.0,0.0
2026-01-26 10:00:00+00:00,0.0,0.0,0.0,0.0
2026-01-26 11:00:00+00:00,0.0,0.0,0.0,0.0
2026-01-26 12:00:00+00:00,0.0,0.0,0.0,0.0
2026-01-26 13:00:00+00:00,0.0,0.0,0.0,0.0
2026-01-26 14:00:00+00:00,0.0,0.0,0.0,0.0
2026-01-26 15:00:00+00:00,0.0,0.0,0.0,0.0
2026-01-26 16:00:00+00:00,0.0,0.0,0.0,0.0
2026-01-26 17:00:00+00:00,0.0,0.0,0.0,0.0
2026-01-26 18:00:00+00:00,0.0,0.0,0.0,0.0
2026-01-26 19:00:00+00:00,0.0,0.0,0.0,0.0
2026-01-26 20:00:00+00:00,0.0,0.0,0.0,0.0
2026-01-26 21:00:00+00:00,0.0,0.0,0.0,0.0
2026-01-26 22:00:00+00:00,0.0,0.0,0.0,0.0
2026-01-26 23:00:00+00:00,0.0,0.0,0.0,0.0
2026-01-27 00:00:00+00:00,0.0,0.0,0.0,0.0
2026-01-27 01:00:00+00:00,0.0,0.0,0.0,0.0
2026-01-27 02:00:00+00:00,0.0,0.0,0.0,0.0
2026-01-27 03:00:00+00:00,0.0,0.0,0.0,0.0
2026-01-27 04:00:00+00:00,0.0,0.0,0.0,0.0
2026-01-27 05:00:00+00:00,0.0,0.0,0.0,0.0
2026-01-27 06:00:00+00:00,0.0,0.0,0.0,0.0
2026-01-27 07:00:00+00:00,0.0,0.0,0.0,0.0
2026-01-27 08:00:00+00:00,0.0,0.0,0.0,0.0
2026-01-27 09:00:00+00:00,0.0,0.0,0.0,0.0
2026-01-27 10:00:00+00:00,0.0,0.0,0.0,0.0
2026-01-27 11:00:00+00:00,0.0,0.0,0.0,0.0
2026-01-27 12:00:00+00:00,0.0,0.0,0.0,3.263660951173254e-05
2026-01-27 13:00:00+00:00,0.0,0.0,0.0,0.0
2026-01-27 14:00:00+00:00,0.0,0.0,4.329576188966679e-05,0.0
2026-01-27 15:00:00+00:00,0.0,0.0,0.0,0.0
2026-01-27 16:00:00+00:00,0.0,0.0,0.0,0.0001014593170073
2026-01-27 17:00:00+00:00,0.0,0.0,-5.6102590391131626e-05,0.0
2026-01-27 18:00:00+00:00,0.0,0.0,0.0,0.0
2026-01-27 19:00:00+00:00,0.0,0.0,0.0,0.0
2026-01-27 20:00:00+00:00,0.0,0.0,0.0,0.0
2026-01-27 21:00:00+00:00,0.0,0.0,0.0,0.0
2026-01-27 22:00:00+00:00,0.0,0.0,0.0,0.0
2026-01-27 23:00:00+00:00,0.0,0.0,0.0,0.0
2026-01-28 00:00:00+00:00,0.0,0.0,0.0,0.0
2026-01-28 01:00:00+00:00,0.0,0.0,0.0,0.0
2026-01-28 02:00:00+00:00,0.0,0.0,0.0,0.0
2026-01-28 03:00:00+00:00,0.0,0.0,0.0,0.0
2026-01-28 04:00:00+00:00,0.0,0.0,0.0,0.0
2026-01-28 05:00:00+00:00,0.0,0.0,0.0,0.0
2026-01-28 06:00:00+00:00,0.0,0.0,0.0,0.0
2026-01-28 07:00:00+00:00,0.0,0.0,0.0,0.0
2026-01-28 08:00:00+00:00,0.0,0.0,0.0,0.0
2026-01-28 09:00:00+00:00,0.0,0.0,0.0,0.0
2026-01-28 10:00:00+00:00,0.0,0.0,0.0,0.0
2026-01-28 11:00:00+00:00,0.0,0.0,0.0,0.0
2026-01-28 12:00:00+00:00,0.0,0.0,0.0,0.0
2026-01-28 13:00:00+00:00,0.0,0.0,0.0,0.0
2026-01-28 14:00:00+00:00,0.0,0.0,0.0,0.0
2026-01-28 15:00:00+00:00,0.0,0.0,0.0,0.0
2026-01-28 16:00:00+00:00,0.0,0.0,0.0,0.0
2026-01-28 17:00:00+00:00,0.0,0.0,0.0,0.0
2026-01-28 18:00:00+00:00,0.0,0.0,0.0,0.0
2026-01-28 19:00:00+00:00,0.0,0.0,0.0,0.0
2026-01-28 20:00:00+00:00,0.0,0.0,0.0,0.0
2026-01-28 21:00:00+00:00,0.0,0.0,0.0,0.0
2026-01-28 22:00:00+00:00,0.0,0.0,0.0,0.0
2026-01-28 23:00:00+00:00,0.0,0.0,0.0,0.0
2026-01-29 00:00:00+00:00,0.0,0.0,0.0,0.0
2026-01-29 01:00:00+00:00,0.0,0.0,0.0,0.0
2026-01-29 02:00:00+00:00,0.0,0.0,0.0,0.0
2026-01-29 03:00:00+00:00,0.0,0.0,0.0,0.0
2026-01-29 04:00:00+00:00,0.0,0.0,0.0,0.0
2026-01-29 05:00:00+00:00,0.0,0.0,0.0,0.0
2026-01-29 06:00:00+00:00,0.0,0.0,0.0,0.0
2026-01-29 07:00:00+00:00,0.0,0.0,0.0,0.0
2026-01-29 08:00:00+00:00,0.0,0.0,0.0,0.0
2026-01-29 09:00:00+00:00,0.0,0.0,0.0,0.0
2026-01-29 10:00:00+00:00,0.0,0.0,0.0,0.0
2026-01-29 11:00:00+00:00,0.0,0.0,0.0,0.0
2026-01-29 12:00:00+00:00,0.0,0.0,0.0,0.0
2026-01-29 13:00:00+00:00,0.0,0.0,0.0,0.0
2026-01-29 14:00:00+00:00,0.0,0.0,0.0,0.0
2026-01-29 15:00:00+00:00,0.0,0.0,0.0,0.0
2026-01-29 16:00:00+00:00,0.0,0.0,0.0,0.0
2026-01-29 17:00:00+00:00,0.0,0.0,0.0,0.0
2026-01-29 18:00:00+00:00,0.0,0.0,-0.0001673544970554,0.0
2026-01-29 19:00:00+00:00,0.0,0.0,0.0,0.0
2026-01-29 20:00:00+00:00,0.0,0.0,0.0,0.0
2026-01-29 21:00:00+00:00,0.0,0.0,0.0,0.0
2026-01-29 22:00:00+00:00,0.0,0.0,0.0,0.0
2026-01-29 23:00:00+00:00,0.0,0.0,0.0,0.0
2026-01-30 00:00:00+00:00,0.0,0.0,0.0,0.0
2026-01-30 01:00:00+00:00,0.0,0.0,0.0,0.0
2026-01-30 02:00:00+00:00,0.0,0.0,0.0,0.0
2026-01-30 03:00:00+00:00,0.0,0.0,0.0,0.0
2026-01-30 04:00:00+00:00,0.0,0.0,0.0,0.0
2026-01-30 05:00:00+00:00,0.0,0.0,0.0,0.0
2026-01-30 06:00:00+00:00,0.0,0.0,0.0,0.0
2026-01-30 07:00:00+00:00,0.0,0.0,0.0,0.0
2026-01-30 08:00:00+00:00,0.0,0.0,0.0,0.0
2026-01-30 09:00:00+00:00,0.0,0.0,0.0,0.0
2026-01-30 10:00:00+00:00,0.0,0.0,0.0,0.0
2026-01-30 11:00:00+00:00,0.0,0.0,0.0,0.0
2026-01-30 12:00:00+00:00,0.0,0.0,0.0,0.0
2026-01-30 13:00:00+00:00,0.0,0.0,0.0,0.0
2026-01-30 14:00:00+00:00,0.0,0.0,0.0,0.0
2026-01-30 15:00:00+00:00,0.0,0.0,0.0,0.0
2026-01-30 16:00:00+00:00,0.0,0.0,0.0,0.0
2026-01-30 17:00:00+00:00,0.0,0.0,0.0,0.0
2026-01-30 18:00:00+00:00,0.0,0.0,0.0,0.0
2026-01-30 19:00:00+00:00,0.0,0.0,0.0,0.0
2026-01-30 20:00:00+00:00,0.0,0.0,0.0,0.0
2026-01-30 21:00:00+00:00,0.0,0.0,0.0,0.0
2026-01-30 22:00:00+00:00,0.0,0.0,0.0,0.0
2026-01-30 23:00:00+00:00,0.0,0.0,0.0,0.0
2026-01-31 00:00:00+00:00,0.0,0.0,0.0,0.0
2026-01-31 01:00:00+00:00,0.0,0.0,0.0,0.0
2026-01-31 02:00:00+00:00,0.0,0.0,0.0,0.0
2026-01-31 03:00:00+00:00,0.0,0.0,0.0,0.0
2026-01-31 04:00:00+00:00,0.0,0.0,0.0,0.0
2026-01-31 05:00:00+00:00,0.0,0.0,0.0,0.0
2026-01-31 06:00:00+00:00,0.0,0.0,0.0,0.0
2026-01-31 07:00:00+00:00,0.0,0.0,0.0,0.0
2026-01-31 08:00:00+00:00,0.0,0.0,0.0,0.0
2026-01-31 09:00:00+00:00,0.0,0.0,0.0,0.0
2026-01-31 10:00:00+00:00,0.0,0.0,0.0,0.0
2026-01-31 11:00:00+00:00,0.0,0.0,0.0,0.0
2026-01-31 12:00:00+00:00,0.0,0.0,0.0,0.0
2026-01-31 13:00:00+00:00,0.0,0.0,0.0,0.0
2026-01-31 14:00:00+00:00,0.0,0.0,0.0,0.0
2026-01-31 15:00:00+00:00,0.0,0.0,0.0,0.0
2026-01-31 16:00:00+00:00,0.0,0.0,0.0,9.356626485277242e-05
2026-01-31 17:00:00+00:00,0.0,0.0,0.0,0.0
2026-01-31 18:00:00+00:00,0.0,0.0,0.0,0.0
2026-01-31 19:00:00+00:00,0.0,0.0,0.0,0.0
2026-01-31 20:00:00+00:00,0.0,0.0,0.0,0.0
2026-01-31 21:00:00+00:00,0.0,0.0,0.0,0.0
2026-01-31 22:00:00+00:00,0.0,0.0,0.0,0.0
2026-01-31 23:00:00+00:00,0.0,0.0,0.0,0.0
2026-02-01 00:00:00+00:00,0.0,0.0,0.0,0.0
2026-02-01 01:00:00+00:00,0.0,0.0,0.0,0.0
2026-02-01 02:00:00+00:00,0.0,0.0,0.0,0.0
2026-02-01 03:00:00+00:00,0.0,0.0,0.0,0.0
2026-02-01 04:00:00+00:00,0.0,0.0,0.0,0.0
2026-02-01 05:00:00+00:00,0.0,0.0,0.0,0.0
2026-02-01 06:00:00+00:00,0.0,0.0,0.0,0.0
2026-02-01 07:00:00+00:00,0.0,0.0,0.0,0.0
2026-02-01 08:00:00+00:00,0.0,0.0,0.0,0.0
2026-02-01 09:00:00+00:00,0.0,0.0,0.0,0.0
2026-02-01 10:00:00+00:00,0.0,0.0,0.0,0.0
2026-02-01 11:00:00+00:00,0.0,0.0,0.0,0.0
2026-02-01 12:00:00+00:00,0.0,0.0,0.0,0.0
2026-02-01 13:00:00+00:00,0.0,0.0,0.0,0.0
2026-02-01 14:00:00+00:00,0.0,0.0,0.0,0.0
2026-02-01 15:00:00+00:00,0.0,0.0,0.0,0.0
2026-02-01 16:00:00+00:00,0.0,0.0,0.0,0.0
2026-02-01 17:00:00+00:00,0.0,0.0,0.0,0.0
2026-02-01 18:00:00+00:00,0.0,0.0,0.0,0.0
2026-02-01 19:00:00+00:00,0.0,0.0,0.0,0.0
2026-02-01 20:00:00+00:00,0.0,0.0,0.0,0.0
2026-02-01 21:00:00+00:00,0.0,0.0,0.0,0.0
2026-02-01 22:00:00+00:00,0.0,0.0,0.0,0.0
2026-02-01 23:00:00+00:00,0.0,0.0,0.0,0.0
2026-02-02 00:00:00+00:00,0.0,0.0,0.0,0.0
2026-02-02 01:00:00+00:00,0.0,0.0,0.0,0.0
2026-02-02 02:00:00+00:00,0.0,0.0,0.0,0.0
2026-02-02 03:00:00+00:00,0.0,0.0,0.0,0.0
2026-02-02 04:00:00+00:00,0.0,0.0,0.0,0.0
2026-02-02 05:00:00+00:00,0.0,0.0,0.0,0.0
2026-02-02 06:00:00+00:00,0.0,0.0,0.0,0.0
2026-02-02 07:00:00+00:00,0.0,0.0,0.0,0.0
2026-02-02 08:00:00+00:00,0.0,0.0,0.0,0.0
2026-02-02 09:00:00+00:00,0.0,0.0,0.0,0.0
2026-02-02 10:00:00+00:00,0.0,0.0,0.0,0.0
2026-02-02 11:00:00+00:00,0.0,0.0,0.0,0.0
2026-02-02 12:00:00+00:00,0.0,0.0,0.0,7.017130660639137e-05
2026-02-02 13:00:00+00:00,0.0,0.0,0.0,0.0
2026-02-02 14:00:00+00:00,0.0,0.0,0.0,0.0
2026-02-02 15:00:00+00:00,0.0,0.0,0.0,0.0001840106717482
2026-02-02 16:00:00+00:00,0.0,0.0,0.0,0.0
2026-02-02 17:00:00+00:00,0.0,0.0,0.0,0.0
2026-02-02 18:00:00+00:00,0.0,0.0,0.0,0.0
2026-02-02 19:00:00+00:00,0.0,0.0,0.0,0.0
2026-02-02 20:00:00+00:00,0.0,0.0,0.0,0.0
2026-02-02 21:00:00+00:00,0.0,0.0,0.0,0.0
2026-02-02 22:00:00+00:00,0.0,0.0,0.0,0.0
2026-02-02 23:00:00+00:00,0.0,0.0,0.0,0.0
2026-02-03 00:00:00+00:00,0.0,0.0,0.0,0.0
2026-02-03 01:00:00+00:00,0.0,0.0,0.0,0.0
2026-02-03 02:00:00+00:00,0.0,0.0,0.0,0.0
2026-02-03 03:00:00+00:00,0.0,0.0,0.0,0.0
2026-02-03 04:00:00+00:00,0.0,0.0,0.0,0.0
2026-02-03 05:00:00+00:00,0.0,0.0,0.0,0.0
2026-02-03 06:00:00+00:00,0.0,0.0,0.0,0.0
2026-02-03 07:00:00+00:00,0.0,0.0,0.0,0.0
2026-02-03 08:00:00+00:00,0.0,0.0,0.0,0.0
2026-02-03 09:00:00+00:00,0.0,0.0,0.0,0.0
2026-02-03 10:00:00+00:00,0.0,0.0,0.0,0.0
2026-02-03 11:00:00+00:00,0.0,0.0,0.0,0.0
2026-02-03 12:00:00+00:00,0.0,0.0,0.0,0.0
2026-02-03 13:00:00+00:00,0.0,0.0,0.0,0.0
2026-02-03 14:00:00+00:00,0.0,0.0,0.0,-7.386803771620264e-05
2026-02-03 15:00:00+00:00,0.0,0.0,0.0,0.0
2026-02-03 16:00:00+00:00,0.0,0.0,0.0,0.0
2026-02-03 17:00:00+00:00,0.0,0.0,-0.0001233856412659,0.0
2026-02-03 18:00:00+00:00,0.0,0.0,0.0,-0.0002821255390382
2026-02-03 19:00:00+00:00,0.0,0.0,0.0,0.0
2026-02-03 20:00:00+00:00,0.0,0.0,0.0,0.0
2026-02-03 21:00:00+00:00,0.0,0.0,0.0,0.0
2026-02-03 22:00:00+00:00,0.0,0.0,0.0,0.0
2026-02-03 23:00:00+00:00,0.0,0.0,0.0,0.0
2026-02-04 00:00:00+00:00,0.0,0.0,0.0,0.0
2026-02-04 01:00:00+00:00,0.0,0.0,0.0,0.0
2026-02-04 02:00:00+00:00,0.0,0.0,0.0,0.0
2026-02-04 03:00:00+00:00,0.0,0.0,0.0,0.0
2026-02-04 04:00:00+00:00,0.0,0.0,0.0,0.0
2026-02-04 05:00:00+00:00,0.0,0.0,-7.945863245498619e-05,0.0
2026-02-04 06:00:00+00:00,0.0,0.0,0.0,0.0
2026-02-04 07:00:00+00:00,0.0,0.0,0.0,0.0
2026-02-04 08:00:00+00:00,0.0,0.0,-3.103201623748774e-05,0.0
2026-02-04 09:00:00+00:00,0.0,0.0,0.0,0.0
2026-02-04 10:00:00+00:00,0.0,0.0,0.0,0.0
2026-02-04 11:00:00+00:00,0.0,0.0,-2.766989375128536e-05,-9.877917165429071e-05
2026-02-04 12:00:00+00:00,0.0,0.0,0.0,0.0
2026-02-04 13:00:00+00:00,0.0,0.0,0.0,0.0
2026-02-04 14:00:00+00:00,0.0,0.0,0.0,0.0
2026-02-04 15:00:00+00:00,0.0,0.0,-9.815499485754664e-05,0.0
2026-02-04 16:00:00+00:00,0.0,0.0,0.0,-0.0002215719876581
2026-02-04 17:00:00+00:00,0.0,0.0,0.0,0.0
2026-02-04 18:00:00+00:00,0.0,0.0,0.0,0.0
2026-02-04 19:00:00+00:00,0.0,0.0,0.0,0.0
2026-02-04 20:00:00+00:00,0.0,0.0,0.0,0.0
2026-02-04 21:00:00+00:00,0.0,0.0,0.0,0.0
2026-02-04 22:00:00+00:00,0.0,0.0,0.0,0.0
2026-02-04 23:00:00+00:00,0.0,0.0,0.0,0.0
2026-02-05 00:00:00+00:00,0.0,0.0,0.0,0.0
2026-02-05 01:00:00+00:00,0.0,0.0,-3.133209729707208e-05,0.0
2026-02-05 02:00:00+00:00,0.0,0.0,0.0,-0.0002785044907822
2026-02-05 03:00:00+00:00,0.0,0.0,0.0,0.0
2026-02-05 04:00:00+00:00,0.0,0.0,0.0,0.0
2026-02-05 05:00:00+00:00,0.0,0.0,0.0,0.0
2026-02-05 06:00:00+00:00,0.0,0.0,0.0,0.0
2026-02-05 07:00:00+00:00,0.0,0.0,0.0,0.0
2026-02-05 08:00:00+00:00,0.0,0.0,0.0,0.0
2026-02-05 09:00:00+00:00,0.0,0.0,0.0,0.0001558790632991
2026-02-05 10:00:00+00:00,0.0,0.0,0.0,0.0
2026-02-05 11:00:00+00:00,0.0,0.0,-7.911627637465669e-05,0.0
2026-02-05 12:00:00+00:00,0.0,0.0,0.0,0.0
2026-02-05 13:00:00+00:00,0.0,0.0,0.0,0.0
2026-02-05 14:00:00+00:00,0.0,0.0,0.0001128473269933,0.0
2026-02-05 15:00:00+00:00,0.0,0.0,0.0,-0.0002048748797433
2026-02-05 16:00:00+00:00,0.0,0.0,0.0,0.0
2026-02-05 17:00:00+00:00,0.0,0.0,0.0,0.0
2026-02-05 18:00:00+00:00,0.0,0.0,0.0,0.0
2026-02-05 19:00:00+00:00,0.0,0.0,0.0,0.0
2026-02-05 20:00:00+00:00,0.0,0.0,0.0,0.0
2026-02-05 21:00:00+00:00,0.0,0.0,0.0,0.0
2026-02-05 22:00:00+00:00,0.0,0.0,0.0,0.0
2026-02-05 23:00:00+00:00,0.0,0.0,0.0,0.0
2026-02-06 00:00:00+00:00,0.0,0.0,0.0,0.0
2026-02-06 01:00:00+00:00,0.0,0.0,0.0,0.0
2026-02-06 02:00:00+00:00,0.0,0.0,0.0,0.0
2026-02-06 03:00:00+00:00,0.0,0.0,0.0,0.0
2026-02-06 04:00:00+00:00,0.0,0.0,0.0,0.0
2026-02-06 05:00:00+00:00,0.0,0.0,0.0,0.0
2026-02-06 06:00:00+00:00,0.0,0.0,0.0,0.0
2026-02-06 07:00:00+00:00,0.0,0.0,0.0,0.0
2026-02-06 08:00:00+00:00,0.0,0.0,0.0,0.0
2026-02-06 09:00:00+00:00,0.0,0.0,0.0,0.0
2026-02-06 10:00:00+00:00,0.0,0.0,0.0,0.0
2026-02-06 11:00:00+00:00,0.0,0.0,0.0,0.0
2026-02-06 12:00:00+00:00,0.0,0.0,0.0,0.0
2026-02-06 13:00:00+00:00,0.0,0.0,0.0,0.0
2026-02-06 14:00:00+00:00,0.0,0.0,0.0,0.0
2026-02-06 15:00:00+00:00,0.0,0.0,0.0,0.0
2026-02-06 16:00:00+00:00,0.0,0.0,0.0,0.0
2026-02-06 17:00:00+00:00,0.0,0.0,0.0,0.0
2026-02-06 18:00:00+00:00,0.0,0.0,0.0,0.0
2026-02-06 19:00:00+00:00,0.0,0.0,0.0,0.0
2026-02-06 20:00:00+00:00,0.0,0.0,0.0,0.0
2026-02-06 21:00:00+00:00,0.0,0.0,0.0,0.0
2026-02-06 22:00:00+00:00,0.0,0.0,0.0,0.0
2026-02-06 23:00:00+00:00,0.0,0.0,0.0,0.0
2026-02-07 00:00:00+00:00,0.0,0.0,0.0,0.0
2026-02-07 01:00:00+00:00,0.0,0.0,0.0,-4.986232206364737e-05
2026-02-07 02:00:00+00:00,0.0,0.0,0.0,0.0
2026-02-07 03:00:00+00:00,0.0,0.0,0.0,0.0
2026-02-07 04:00:00+00:00,0.0,0.0,0.0,0.0
2026-02-07 05:00:00+00:00,0.0,0.0,0.0,0.0
2026-02-07 06:00:00+00:00,0.0,0.0,0.0,0.0
2026-02-07 07:00:00+00:00,0.0,0.0,0.0,0.0
2026-02-07 08:00:00+00:00,0.0,0.0,0.0,0.0
2026-02-07 09:00:00+00:00,0.0,0.0,0.0,0.0
2026-02-07 10:00:00+00:00,0.0,0.0,0.0,0.0
2026-02-07 11:00:00+00:00,0.0,0.0,0.0,0.0
2026-02-07 12:00:00+00:00,0.0,0.0,0.0,0.0
2026-02-07 13:00:00+00:00,0.0,0.0,0.0,0.0
2026-02-07 14:00:00+00:00,0.0,0.0,0.0,0.0
2026-02-07 15:00:00+00:00,0.0,0.0,0.0,0.0
2026-02-07 16:00:00+00:00,0.0,0.0,0.0,0.0
2026-02-07 17:00:00+00:00,0.0,0.0,0.0,0.0
2026-02-07 18:00:00+00:00,0.0,0.0,0.0,0.0
2026-02-07 19:00:00+00:00,0.0,0.0,0.0,0.0
2026-02-07 20:00:00+00:00,0.0,0.0,0.0,0.0
2026-02-07 21:00:00+00:00,0.0,0.0,0.0,0.0
2026-02-07 22:00:00+00:00,0.0,0.0,0.0,0.0
2026-02-07 23:00:00+00:00,0.0,0.0,0.0,0.0
2026-02-08 00:00:00+00:00,0.0,0.0,0.0,0.0
2026-02-08 01:00:00+00:00,0.0,0.0,0.0,0.0
2026-02-08 02:00:00+00:00,0.0,0.0,0.0,0.0
2026-02-08 03:00:00+00:00,0.0,0.0,0.0,0.0
2026-02-08 04:00:00+00:00,0.0,0.0,0.0,0.0
2026-02-08 05:00:00+00:00,0.0,0.0,0.0,0.0
2026-02-08 06:00:00+00:00,0.0,0.0,0.0,0.0
2026-02-08 07:00:00+00:00,0.0,0.0,0.0,0.0
2026-02-08 08:00:00+00:00,0.0,0.0,9.831480795843617e-05,6.002003615761865e-05
2026-02-08 09:00:00+00:00,0.0,0.0,0.0,0.0
2026-02-08 10:00:00+00:00,0.0,0.0,0.0,0.0
2026-02-08 11:00:00+00:00,0.0,0.0,0.0001094318878679,8.554551029432146e-05
2026-02-08 12:00:00+00:00,0.0,0.0,0.0,0.0
2026-02-08 13:00:00+00:00,0.0,0.0,0.0,0.0
2026-02-08 14:00:00+00:00,0.0,0.0,-4.9241544089423375e-05,0.0
2026-02-08 15:00:00+00:00,0.0,0.0,0.0,-0.0001041797058146
2026-02-08 16:00:00+00:00,0.0,0.0,0.0,0.0
2026-02-08 17:00:00+00:00,0.0,0.0,0.0,0.0
2026-02-08 18:00:00+00:00,0.0,0.0,0.0,6.87003190885649e-05
2026-02-08 19:00:00+00:00,0.0,0.0,0.0,0.0
2026-02-08 20:00:00+00:00,0.0,0.0,0.0,0.0
2026-02-08 21:00:00+00:00,0.0,0.0,0.0,0.0
2026-02-08 22:00:00+00:00,0.0,0.0,0.0,0.0
2026-02-08 23:00:00+00:00,0.0,0.0,0.0002042211997273,0.000113277744657
2026-02-09 00:00:00+00:00,0.0,0.0,0.0,0.0
2026-02-09 01:00:00+00:00,0.0,0.0,0.0,0.0
2026-02-09 02:00:00+00:00,0.0,0.0,0.0,0.0
2026-02-09 03:00:00+00:00,0.0,0.0,0.0,0.000136350842474
2026-02-09 04:00:00+00:00,0.0,0.0,0.0,0.0
2026-02-09 05:00:00+00:00,0.0,0.0,0.0,0.0
2026-02-09 06:00:00+00:00,0.0,0.0,0.0,-6.185481608642184e-05
2026-02-09 07:00:00+00:00,0.0,0.0,0.0,0.0
2026-02-09 08:00:00+00:00,0.0,0.0,-7.097951769750365e-05,0.0
2026-02-09 09:00:00+00:00,0.0,0.0,0.0,0.0
2026-02-09 10:00:00+00:00,0.0,0.0,0.0,0.0
2026-02-09 11:00:00+00:00,0.0,0.0,0.0,0.0
2026-02-09 12:00:00+00:00,0.0,0.0,0.0,0.0
2026-02-09 13:00:00+00:00,0.0,0.0,0.0,0.0
2026-02-09 14:00:00+00:00,0.0,0.0,0.0,-0.0002186372912152
2026-02-09 15:00:00+00:00,0.0,0.0,0.0,0.0
2026-02-09 16:00:00+00:00,0.0,0.0,0.0,0.0
2026-02-09 17:00:00+00:00,0.0,0.0,0.0,0.0
2026-02-09 18:00:00+00:00,0.0,0.0,0.0,0.0
2026-02-09 19:00:00+00:00,0.0,0.0,0.0,0.0
2026-02-09 20:00:00+00:00,0.0,0.0,0.0,0.0
2026-02-09 21:00:00+00:00,0.0,0.0,0.0,0.0
2026-02-09 22:00:00+00:00,0.0,0.0,0.0,0.0
2026-02-09 23:00:00+00:00,0.0,0.0,0.0,0.0
2026-02-10 00:00:00+00:00,0.0,0.0,0.0,0.0
2026-02-10 01:00:00+00:00,0.0,0.0,0.0,0.0
2026-02-10 02:00:00+00:00,0.0,0.0,0.0,0.0
2026-02-10 03:00:00+00:00,0.0,0.0,0.0,0.0
2026-02-10 04:00:00+00:00,0.0,0.0,0.0,0.0
2026-02-10 05:00:00+00:00,0.0,0.0,0.0,0.0
2026-02-10 06:00:00+00:00,0.0,0.0,0.0,0.0
2026-02-10 07:00:00+00:00,0.0,0.0,0.0,0.0
2026-02-10 08:00:00+00:00,0.0,0.0,0.0,0.0
2026-02-10 09:00:00+00:00,0.0,0.0,0.0,0.0
2026-02-10 10:00:00+00:00,0.0,0.0,0.0,0.0
2026-02-10 11:00:00+00:00,0.0,0.0,0.0,-9.683867981834628e-05
2026-02-10 12:00:00+00:00,0.0,0.0,0.0,0.0
2026-02-10 13:00:00+00:00,0.0,0.0,0.0,0.0
2026-02-10 14:00:00+00:00,0.0,0.0,0.0,0.0
2026-02-10 15:00:00+00:00,0.0,0.0,0.0,0.0
2026-02-10 16:00:00+00:00,0.0,0.0,0.0,0.0
2026-02-10 17:00:00+00:00,0.0,0.0,0.0,0.0
2026-02-10 18:00:00+00:00,0.0,0.0,0.0,0.0
2026-02-10 19:00:00+00:00,0.0,0.0,0.0,0.0
2026-02-10 20:00:00+00:00,0.0,0.0,0.0,0.0
2026-02-10 21:00:00+00:00,0.0,0.0,0.0,0.0
2026-02-10 22:00:00+00:00,0.0,0.0,0.0,0.0
2026-02-10 23:00:00+00:00,0.0,0.0,0.0,0.0
2026-02-11 00:00:00+00:00,0.0,0.0,0.0,0.0
2026-02-11 01:00:00+00:00,0.0,0.0,0.0,0.0
2026-02-11 02:00:00+00:00,0.0,0.0,0.0,0.0
2026-02-11 03:00:00+00:00,0.0,0.0,0.0,0.0
2026-02-11 04:00:00+00:00,0.0,0.0,0.0,0.0
2026-02-11 05:00:00+00:00,0.0,0.0,0.0,0.0
2026-02-11 06:00:00+00:00,0.0,0.0,0.0,0.0
2026-02-11 07:00:00+00:00,0.0,0.0,0.0,0.0
2026-02-11 08:00:00+00:00,0.0,0.0,0.0,0.0
2026-02-11 09:00:00+00:00,0.0,0.0,-5.4928059013569225e-05,0.0
2026-02-11 10:00:00+00:00,0.0,0.0,0.0,0.0
2026-02-11 11:00:00+00:00,0.0,0.0,0.0,0.0
2026-02-11 12:00:00+00:00,0.0,0.0,0.0,0.0
2026-02-11 13:00:00+00:00,0.0,0.0,0.0,0.0
2026-02-11 14:00:00+00:00,0.0,0.0,0.0001264434985264,-4.527669427503488e-05
2026-02-11 15:00:00+00:00,0.0,0.0,0.0,0.0
2026-02-11 16:00:00+00:00,0.0,0.0,0.0,0.0
2026-02-11 17:00:00+00:00,0.0,0.0,0.0,0.0
2026-02-11 18:00:00+00:00,0.0,0.0,0.0,0.0
2026-02-11 19:00:00+00:00,0.0,0.0,0.0,0.000225860306373
2026-02-11 20:00:00+00:00,0.0,0.0,0.0,0.0
2026-02-11 21:00:00+00:00,0.0,0.0,0.0002848253829663,0.0
2026-02-11 22:00:00+00:00,0.0,0.0,0.0,0.0
2026-02-11 23:00:00+00:00,0.0,0.0,0.0,0.0
2026-02-12 00:00:00+00:00,0.0,0.0,0.0,0.0
2026-02-12 01:00:00+00:00,0.0,0.0,0.0,0.0
2026-02-12 02:00:00+00:00,0.0,0.0,0.0,0.0
2026-02-12 03:00:00+00:00,0.0,0.0,0.0,0.0
2026-02-12 04:00:00+00:00,0.0,0.0,0.0,0.0
2026-02-12 05:00:00+00:00,0.0,0.0,0.0,0.0
2026-02-12 06:00:00+00:00,0.0,0.0,0.0,0.0
2026-02-12 07:00:00+00:00,0.0,0.0,0.0,0.0
2026-02-12 08:00:00+00:00,0.0,0.0,0.0,0.0
2026-02-12 09:00:00+00:00,0.0,0.0,0.0,0.0
2026-02-12 10:00:00+00:00,0.0,0.0,0.0,0.0
2026-02-12 11:00:00+00:00,0.0,0.0,0.0,0.0
2026-02-12 12:00:00+00:00,0.0,0.0,0.0,0.0
2026-02-12 13:00:00+00:00,0.0,0.0,0.0,0.0
2026-02-12 14:00:00+00:00,0.0,0.0,0.0,0.0
2026-02-12 15:00:00+00:00,0.0,0.0,0.0,0.0
2026-02-12 16:00:00+00:00,0.0,0.0,0.0,0.0
2026-02-12 17:00:00+00:00,0.0,0.0,0.0,0.0
2026-02-12 18:00:00+00:00,0.0,0.0,0.0,0.0
2026-02-12 19:00:00+00:00,0.0,0.0,0.0,0.0
2026-02-12 20:00:00+00:00,0.0,0.0,0.0,0.0
2026-02-12 21:00:00+00:00,0.0,0.0,0.0,0.0
2026-02-12 22:00:00+00:00,0.0,0.0,0.0,0.0
2026-02-12 23:00:00+00:00,0.0,0.0,0.0,0.0
2026-02-13 00:00:00+00:00,0.0,0.0,0.0,0.0
2026-02-13 01:00:00+00:00,0.0,0.0,0.0,0.0
2026-02-13 02:00:00+00:00,0.0,0.0,0.0,0.0
2026-02-13 03:00:00+00:00,0.0,0.0,0.0,0.0
2026-02-13 04:00:00+00:00,0.0,0.0,0.0,0.0
2026-02-13 05:00:00+00:00,0.0,0.0,0.0,0.0
2026-02-13 06:00:00+00:00,0.0,0.0,0.0,0.0
2026-02-13 07:00:00+00:00,0.0,0.0,0.0,0.0
2026-02-13 08:00:00+00:00,0.0,0.0,0.0,0.0
2026-02-13 09:00:00+00:00,0.0,0.0,0.0,0.0
2026-02-13 10:00:00+00:00,0.0,0.0,0.0,0.0
2026-02-13 11:00:00+00:00,0.0,0.0,0.0,0.0
2026-02-13 12:00:00+00:00,0.0,0.0,0.0,0.0
2026-02-13 13:00:00+00:00,0.0,0.0,0.0,0.0
2026-02-13 14:00:00+00:00,0.0,0.0,0.0,0.0
2026-02-13 15:00:00+00:00,0.0,0.0,0.0,0.0
2026-02-13 16:00:00+00:00,0.0,0.0,0.0,0.0
2026-02-13 17:00:00+00:00,0.0,0.0,0.0,0.0
2026-02-13 18:00:00+00:00,0.0,0.0,0.0,0.0
2026-02-13 19:00:00+00:00,0.0,0.0,0.0,0.0
2026-02-13 20:00:00+00:00,0.0,0.0,0.0,0.0
2026-02-13 21:00:00+00:00,0.0,0.0,0.0,0.0
2026-02-13 22:00:00+00:00,0.0,0.0,0.0,0.0
2026-02-13 23:00:00+00:00,0.0,0.0,0.0,0.0
2026-02-14 00:00:00+00:00,0.0,0.0,0.0,0.0
2026-02-14 01:00:00+00:00,0.0,0.0,0.0,0.0
2026-02-14 02:00:00+00:00,0.0,0.0,0.0,0.0
2026-02-14 03:00:00+00:00,0.0,0.0,0.0,0.0
2026-02-14 04:00:00+00:00,0.0,0.0,0.0,0.0
2026-02-14 05:00:00+00:00,0.0,0.0,0.0,0.0
2026-02-14 06:00:00+00:00,0.0,0.0,0.0,0.0
2026-02-14 07:00:00+00:00,0.0,0.0,0.0,0.0
2026-02-14 08:00:00+00:00,0.0,0.0,0.0,0.0
2026-02-14 09:00:00+00:00,0.0,0.0,0.0,0.0
2026-02-14 10:00:00+00:00,0.0,0.0,0.0,0.0
2026-02-14 11:00:00+00:00,0.0,0.0,0.0,0.0
2026-02-14 12:00:00+00:00,0.0,0.0,0.0,0.0
2026-02-14 13:00:00+00:00,0.0,0.0,0.0,0.0
2026-02-14 14:00:00+00:00,0.0,0.0,0.0,0.0
2026-02-14 15:00:00+00:00,0.0,0.0,0.0,0.0
2026-02-14 16:00:00+00:00,0.0,0.0,0.0,0.0
2026-02-14 17:00:00+00:00,0.0,0.0,0.0,0.0
2026-02-14 18:00:00+00:00,0.0,0.0,0.0,0.0
2026-02-14 19:00:00+00:00,0.0,0.0,0.0,0.0
2026-02-14 20:00:00+00:00,0.0,0.0,0.0,0.0
2026-02-14 21:00:00+00:00,0.0,0.0,0.0,0.0
2026-02-14 22:00:00+00:00,0.0,0.0,0.0,0.0
2026-02-14 23:00:00+00:00,0.0,0.0,0.0,0.0
2026-02-15 00:00:00+00:00,0.0,0.0,0.0,0.0
2026-02-15 01:00:00+00:00,0.0,0.0,0.0,0.0
2026-02-15 02:00:00+00:00,0.0,0.0,0.0,0.0
2026-02-15 03:00:00+00:00,0.0,0.0,0.0,0.0
2026-02-15 04:00:00+00:00,0.0,0.0,0.0,0.0
2026-02-15 05:00:00+00:00,0.0,0.0,0.0,0.0
2026-02-15 06:00:00+00:00,0.0,0.0,0.0,0.0
2026-02-15 07:00:00+00:00,0.0,0.0,0.0,0.0
2026-02-15 08:00:00+00:00,0.0,0.0,0.0,0.0
2026-02-15 09:00:00+00:00,0.0,0.0,0.0,0.0
2026-02-15 10:00:00+00:00,0.0,0.0,0.0,0.0
2026-02-15 11:00:00+00:00,0.0,0.0,0.0,0.0
2026-02-15 12:00:00+00:00,0.0,0.0,0.0,0.0
2026-02-15 13:00:00+00:00,0.0,0.0,0.0,0.0
2026-02-15 14:00:00+00:00,0.0,0.0,0.0,0.0
2026-02-15 15:00:00+00:00,0.0,0.0,0.0,0.0
2026-02-15 16:00:00+00:00,0.0,0.0,-8.996989361921726e-05,0.0
2026-02-15 17:00:00+00:00,0.0,0.0,0.0,0.0
2026-02-15 18:00:00+00:00,0.0,0.0,0.0,0.0
2026-02-15 19:00:00+00:00,0.0,0.0,0.0,0.0
2026-02-15 20:00:00+00:00,0.0,0.0,0.0,-0.0001346800619959
2026-02-15 21:00:00+00:00,0.0,0.0,0.0,0.0
2026-02-15 22:00:00+00:00,0.0,0.0,0.0,0.0
2026-02-15 23:00:00+00:00,0.0,0.0,0.0,0.0
2026-02-16 00:00:00+00:00,0.0,0.0,0.0,0.0
2026-02-16 01:00:00+00:00,0.0,0.0,0.0,0.0
2026-02-16 02:00:00+00:00,0.0,0.0,0.0,0.0
2026-02-16 03:00:00+00:00,0.0,0.0,0.0,0.0
2026-02-16 04:00:00+00:00,0.0,0.0,0.0,0.0
2026-02-16 05:00:00+00:00,0.0,0.0,0.0,0.0
2026-02-16 06:00:00+00:00,0.0,0.0,0.0,0.0
2026-02-16 07:00:00+00:00,0.0,0.0,0.0,0.0
2026-02-16 08:00:00+00:00,0.0,0.0,0.0,0.0
2026-02-16 09:00:00+00:00,0.0,0.0,0.0,0.0
2026-02-16 10:00:00+00:00,0.0,0.0,0.0,0.0
2026-02-16 11:00:00+00:00,0.0,0.0,0.0,0.0
2026-02-16 12:00:00+00:00,0.0,0.0,0.0,0.0
2026-02-16 13:00:00+00:00,0.0,0.0,0.0,0.0
2026-02-16 14:00:00+00:00,0.0,0.0,0.0,0.0
2026-02-16 15:00:00+00:00,0.0,0.0,0.0,0.0
2026-02-16 16:00:00+00:00,0.0,0.0,0.0,0.0
2026-02-16 17:00:00+00:00,0.0,0.0,0.0,0.0
2026-02-16 18:00:00+00:00,0.0,0.0,0.0,0.0
2026-02-16 19:00:00+00:00,0.0,0.0,0.0,0.0
2026-02-16 20:00:00+00:00,0.0,0.0,0.0,0.0
2026-02-16 21:00:00+00:00,0.0,0.0,0.0,0.0
2026-02-16 22:00:00+00:00,0.0,0.0,0.0,0.0
2026-02-16 23:00:00+00:00,0.0,0.0,0.0,0.0
2026-02-17 00:00:00+00:00,0.0,0.0,0.0,0.0
2026-02-17 01:00:00+00:00,0.0,0.0,0.0,0.0
2026-02-17 02:00:00+00:00,0.0,0.0,0.0,0.0
2026-02-17 03:00:00+00:00,0.0,0.0,0.0,0.0
2026-02-17 04:00:00+00:00,0.0,0.0,0.0,0.0
2026-02-17 05:00:00+00:00,0.0,0.0,0.0,0.0
2026-02-17 06:00:00+00:00,0.0,0.0,0.0,0.0
2026-02-17 07:00:00+00:00,0.0,0.0,0.0,0.0
2026-02-17 08:00:00+00:00,0.0,0.0,0.0,0.0
2026-02-17 09:00:00+00:00,0.0,0.0,0.0,0.0
2026-02-17 10:00:00+00:00,0.0,0.0,0.0,0.0
2026-02-17 11:00:00+00:00,0.0,0.0,0.0,0.0
2026-02-17 12:00:00+00:00,0.0,0.0,0.0,0.0
2026-02-17 13:00:00+00:00,0.0,0.0,0.0,0.0
2026-02-17 14:00:00+00:00,0.0,0.0,-5.594758098248386e-05,-9.657932089621402e-05
2026-02-17 15:00:00+00:00,0.0,0.0,0.0,0.0
2026-02-17 16:00:00+00:00,0.0,0.0,0.0,0.0
2026-02-17 17:00:00+00:00,0.0,0.0,0.0,0.0
2026-02-17 18:00:00+00:00,0.0,0.0,0.0,0.0
2026-02-17 19:00:00+00:00,0.0,0.0,0.0,0.0
2026-02-17 20:00:00+00:00,0.0,0.0,0.0,0.0
2026-02-17 21:00:00+00:00,0.0,0.0,0.0,0.0
2026-02-17 22:00:00+00:00,0.0,0.0,0.0,0.0
2026-02-17 23:00:00+00:00,0.0,0.0,0.0,0.0
2026-02-18 00:00:00+00:00,0.0,0.0,0.0,0.0
2026-02-18 01:00:00+00:00,0.0,0.0,0.0,0.0
2026-02-18 02:00:00+00:00,0.0,0.0,0.0,0.0
2026-02-18 03:00:00+00:00,0.0,0.0,0.0,0.0
2026-02-18 04:00:00+00:00,0.0,0.0,0.0,0.0
2026-02-18 05:00:00+00:00,0.0,0.0,0.0,0.0
2026-02-18 06:00:00+00:00,0.0,0.0,0.0,0.0
2026-02-18 07:00:00+00:00,0.0,0.0,0.0,0.0
2026-02-18 08:00:00+00:00,0.0,0.0,0.0,0.0
2026-02-18 09:00:00+00:00,0.0,0.0,0.0,0.0
2026-02-18 10:00:00+00:00,0.0,0.0,0.0,0.0
2026-02-18 11:00:00+00:00,0.0,0.0,0.0,0.0
2026-02-18 12:00:00+00:00,0.0,0.0,0.0,0.0
2026-02-18 13:00:00+00:00,0.0,0.0,0.0,0.0
2026-02-18 14:00:00+00:00,0.0,0.0,0.0,-7.132877227717493e-05
2026-02-18 15:00:00+00:00,0.0,0.0,0.0,0.0
2026-02-18 16:00:00+00:00,0.0,0.0,-9.534506967455504e-05,0.0
2026-02-18 17:00:00+00:00,0.0,0.0,0.0,0.0
2026-02-18 18:00:00+00:00,0.0,0.0,0.0,-0.0001373732473467
2026-02-18 19:00:00+00:00,0.0,0.0,0.0,0.0
2026-02-18 20:00:00+00:00,0.0,0.0,0.0,0.0
2026-02-18 21:00:00+00:00,0.0,0.0,0.0,0.0
2026-02-18 22:00:00+00:00,0.0,0.0,0.0,0.0
2026-02-18 23:00:00+00:00,0.0,0.0,0.0,0.0
2026-02-19 00:00:00+00:00,0.0,0.0,0.0,0.0
2026-02-19 01:00:00+00:00,0.0,0.0,0.0,0.0
2026-02-19 02:00:00+00:00,0.0,0.0,6.16109209781357e-05,0.0
2026-02-19 03:00:00+00:00,0.0,0.0,0.0,0.0
2026-02-19 04:00:00+00:00,0.0,0.0,0.0,0.0
2026-02-19 05:00:00+00:00,0.0,0.0,0.0,0.0
2026-02-19 06:00:00+00:00,0.0,0.0,0.0,0.0
2026-02-19 07:00:00+00:00,0.0,0.0,0.0,0.0
2026-02-19 08:00:00+00:00,0.0,0.0,0.0,0.0
2026-02-19 09:00:00+00:00,0.0,0.0,0.0,0.0
2026-02-19 10:00:00+00:00,0.0,0.0,0.0,0.0
2026-02-19 11:00:00+00:00,0.0,0.0,0.0,0.0
2026-02-19 12:00:00+00:00,0.0,0.0,0.0,0.0
2026-02-19 13:00:00+00:00,0.0,0.0,0.0,0.0
2026-02-19 14:00:00+00:00,0.0,0.0,0.0,0.0
2026-02-19 15:00:00+00:00,0.0,0.0,0.0,0.0
2026-02-19 16:00:00+00:00,0.0,0.0,0.0,0.0
2026-02-19 17:00:00+00:00,0.0,0.0,0.0,0.0
2026-02-19 18:00:00+00:00,0.0,0.0,0.0,0.0
2026-02-19 19:00:00+00:00,0.0,0.0,0.0,0.0
2026-02-19 20:00:00+00:00,0.0,0.0,0.0,0.0
2026-02-19 21:00:00+00:00,0.0,0.0,0.0,0.0
2026-02-19 22:00:00+00:00,0.0,0.0,0.0,0.0
2026-02-19 23:00:00+00:00,0.0,0.0,0.0,0.0
2026-02-20 00:00:00+00:00,0.0,0.0,0.0,0.0
2026-02-20 01:00:00+00:00,0.0,0.0,0.0,0.0
2026-02-20 02:00:00+00:00,0.0,0.0,0.0,0.0
2026-02-20 03:00:00+00:00,0.0,0.0,0.0,0.0
2026-02-20 04:00:00+00:00,0.0,0.0,0.0,0.0
2026-02-20 05:00:00+00:00,0.0,0.0,0.0,0.0
2026-02-20 06:00:00+00:00,0.0,0.0,0.0,0.0
2026-02-20 07:00:00+00:00,0.0,0.0,0.0,0.0
2026-02-20 08:00:00+00:00,0.0,0.0,0.0,0.0
2026-02-20 09:00:00+00:00,0.0,0.0,0.0,0.0
2026-02-20 10:00:00+00:00,0.0,0.0,0.0,0.0
2026-02-20 11:00:00+00:00,0.0,0.0,0.0,0.0
2026-02-20 12:00:00+00:00,0.0,0.0,0.0,0.0
2026-02-20 13:00:00+00:00,0.0,0.0,0.0,0.0
2026-02-20 14:00:00+00:00,0.0,0.0,0.0,0.0
2026-02-20 15:00:00+00:00,0.0,0.0,0.0,0.0
2026-02-20 16:00:00+00:00,0.0,0.0,0.0,0.0
2026-02-20 17:00:00+00:00,0.0,0.0,0.0,0.0
2026-02-20 18:00:00+00:00,0.0,0.0,0.0,0.0
2026-02-20 19:00:00+00:00,0.0,0.0,0.0,0.0
2026-02-20 20:00:00+00:00,0.0,0.0,0.0,0.0
2026-02-20 21:00:00+00:00,0.0,0.0,0.0,0.0
2026-02-20 22:00:00+00:00,0.0,0.0,0.0,0.0
2026-02-20 23:00:00+00:00,0.0,0.0,0.0,0.0
2026-02-21 00:00:00+00:00,0.0,0.0,0.0,0.0
2026-02-21 01:00:00+00:00,0.0,0.0,0.0,0.0
2026-02-21 02:00:00+00:00,0.0,0.0,0.0,0.0
2026-02-21 03:00:00+00:00,0.0,0.0,0.0,0.0
2026-02-21 04:00:00+00:00,0.0,0.0,0.0,0.0
2026-02-21 05:00:00+00:00,0.0,0.0,0.0,0.0
2026-02-21 06:00:00+00:00,0.0,0.0,0.0,0.0
2026-02-21 07:00:00+00:00,0.0,0.0,0.0,0.0
2026-02-21 08:00:00+00:00,0.0,0.0,0.0,0.0
2026-02-21 09:00:00+00:00,0.0,0.0,0.0,0.0
2026-02-21 10:00:00+00:00,0.0,0.0,0.0,0.0
2026-02-21 11:00:00+00:00,0.0,0.0,0.0,0.0
2026-02-21 12:00:00+00:00,0.0,0.0,0.0,0.0
2026-02-21 13:00:00+00:00,0.0,0.0,0.0,0.0
2026-02-21 14:00:00+00:00,0.0,0.0,0.0,0.0
2026-02-21 15:00:00+00:00,0.0,0.0,0.0,0.0
2026-02-21 16:00:00+00:00,0.0,0.0,0.0,0.0
2026-02-21 17:00:00+00:00,0.0,0.0,0.0,0.0
2026-02-21 18:00:00+00:00,0.0,0.0,0.0,0.0
2026-02-21 19:00:00+00:00,0.0,0.0,0.0,0.0
2026-02-21 20:00:00+00:00,0.0,0.0,0.0,0.0
2026-02-21 21:00:00+00:00,0.0,0.0,0.0,0.0
2026-02-21 22:00:00+00:00,0.0,0.0,0.0,-4.647209452478095e-05
2026-02-21 23:00:00+00:00,0.0,0.0,0.0,0.0
2026-02-22 00:00:00+00:00,0.0,0.0,0.0,0.0
2026-02-22 01:00:00+00:00,0.0,0.0,0.0,0.0
2026-02-22 02:00:00+00:00,0.0,0.0,-2.6539926827311422e-05,0.0
2026-02-22 03:00:00+00:00,-0.012185,0.0,0.0,0.0
2026-02-22 04:00:00+00:00,0.0,0.0,0.0,0.0
2026-02-22 05:00:00+00:00,0.0,0.0,-1.878742636080676e-05,0.0
2026-02-22 06:00:00+00:00,0.0,0.0,0.0,0.0
2026-02-22 07:00:00+00:00,0.0,0.0,0.0,0.0
2026-02-22 08:00:00+00:00,0.0,0.0,-1.7725133188148936e-05,-9.396579636770088e-06
2026-02-22 09:00:00+00:00,0.0,0.0,0.0,0.0
2026-02-22 10:00:00+00:00,0.0,0.0,0.0,0.0
2026-02-22 11:00:00+00:00,0.0,0.0,0.0,0.0
2026-02-22 12:00:00+00:00,0.0,0.0,-2.030536524821102e-05,-3.473287659571e-05
2026-02-22 13:00:00+00:00,-0.0124459999999999,0.0,0.0,0.0
2026-02-22 14:00:00+00:00,0.0,0.0,0.0,0.0
2026-02-22 15:00:00+00:00,0.0,0.0,0.0,0.0
2026-02-22 16:00:00+00:00,0.0,0.0,0.0,0.0
2026-02-22 17:00:00+00:00,-0.012469,0.0,-3.436988732411494e-05,0.0
2026-02-22 18:00:00+00:00,0.0,0.0,0.0,0.0
2026-02-22 19:00:00+00:00,0.0,0.0,0.0,0.0
2026-02-22 20:00:00+00:00,0.0,0.0,-1.6327460034597497e-05,0.0
2026-02-22 21:00:00+00:00,0.0,0.0,0.0,0.0
2026-02-22 22:00:00+00:00,0.0,0.0,0.0,2.2956284105203347e-05
2026-02-22 23:00:00+00:00,0.0,0.0,-2.9662708804519813e-05,0.0
2026-02-23 00:00:00+00:00,-0.012657,0.0,0.0,0.0
2026-02-23 01:00:00+00:00,0.0,0.0,0.0,-0.0001843799526733
2026-02-23 02:00:00+00:00,0.0,0.0,0.0,0.0
2026-02-23 03:00:00+00:00,0.0,0.0,0.0,0.0
2026-02-23 04:00:00+00:00,0.0,0.0,0.0,0.0
2026-02-23 05:00:00+00:00,0.0,0.0,0.0,0.0
2026-02-23 06:00:00+00:00,0.0,0.0,0.0,0.0
2026-02-23 07:00:00+00:00,0.0,0.0,0.0,0.0
2026-02-23 08:00:00+00:00,0.0,0.0,0.0,0.0
2026-02-23 09:00:00+00:00,0.0,0.0,0.0002968961851006,0.0
2026-02-23 10:00:00+00:00,0.0,0.0,0.0,0.0
2026-02-23 11:00:00+00:00,0.0,0.0,0.0,0.0
2026-02-23 12:00:00+00:00,0.0,0.0,0.0,0.0
2026-02-23 13:00:00+00:00,0.0,0.0,0.0,0.0
2026-02-23 14:00:00+00:00,0.0,0.0,0.0,0.0
2026-02-23 15:00:00+00:00,0.0,0.0,0.0,0.0
2026-02-23 16:00:00+00:00,0.0,0.0,0.0,0.0
2026-02-23 17:00:00+00:00,0.0,0.0,0.0,0.0
2026-02-23 18:00:00+00:00,0.0,0.0,0.0,0.0
2026-02-23 19:00:00+00:00,0.0,0.0,0.0,0.0
2026-02-23 20:00:00+00:00,0.0,0.0,0.0,0.0
2026-02-23 21:00:00+00:00,0.0,0.0,0.0,0.0
2026-02-23 22:00:00+00:00,0.0,0.0,0.0,0.0
2026-02-23 23:00:00+00:00,0.0,0.0,0.0,0.0
2026-02-24 00:00:00+00:00,0.0,0.0,0.0,0.0
2026-02-24 01:00:00+00:00,0.0,0.0,0.0,0.0
2026-02-24 02:00:00+00:00,0.0,0.0,0.0,0.0
2026-02-24 03:00:00+00:00,0.0,0.0,0.0,0.0
2026-02-24 04:00:00+00:00,0.0,0.0,0.0,0.0
2026-02-24 05:00:00+00:00,0.0,0.0,0.0,0.0
2026-02-24 06:00:00+00:00,0.0,0.0,0.0,0.0
2026-02-24 07:00:00+00:00,0.0,0.0,0.0,0.0
2026-02-24 08:00:00+00:00,0.0,0.0,0.0,0.0
2026-02-24 09:00:00+00:00,0.0,0.0,-4.962308459676489e-05,0.0
2026-02-24 10:00:00+00:00,0.0,0.0,0.0,0.0
2026-02-24 11:00:00+00:00,0.0,0.0,0.0,0.0
2026-02-24 12:00:00+00:00,0.0,0.0,-3.011162934880684e-05,-7.465722629192872e-05
2026-02-24 13:00:00+00:00,-0.0110579999999999,0.0,0.0,0.0
2026-02-24 14:00:00+00:00,0.0,0.0,0.0,0.0
2026-02-24 15:00:00+00:00,0.0,0.0,0.0,0.0
2026-02-24 16:00:00+00:00,0.0,0.0,0.0,0.0
2026-02-24 17:00:00+00:00,0.0,0.0,0.0,0.0
2026-02-24 18:00:00+00:00,0.0,0.0,0.0,0.0
2026-02-24 19:00:00+00:00,0.0,0.0,0.0,0.0001927636087186
2026-02-24 20:00:00+00:00,0.0,0.0,0.0,0.0
2026-02-24 21:00:00+00:00,0.0,0.0,0.0,0.0
2026-02-24 22:00:00+00:00,0.0,0.0,9.510922953781198e-05,0.0
2026-02-24 23:00:00+00:00,0.0,0.0,0.0,0.0
2026-02-25 00:00:00+00:00,0.0,0.0,0.0,0.0
2026-02-25 01:00:00+00:00,0.013925,0.0,8.48285929157655e-05,6.586287433261285e-05
2026-02-25 02:00:00+00:00,0.0,0.0,0.0,0.0
2026-02-25 03:00:00+00:00,0.0,0.0,0.0,0.0
2026-02-25 04:00:00+00:00,0.0,0.0,0.0,0.0
2026-02-25 05:00:00+00:00,0.0,0.0,0.0,0.0
2026-02-25 06:00:00+00:00,0.0,0.0,0.0,0.0
2026-02-25 07:00:00+00:00,0.0,0.0,0.0,0.0
2026-02-25 08:00:00+00:00,0.0,0.0,0.0,0.0
2026-02-25 09:00:00+00:00,0.0,0.0,0.0,0.0
2026-02-25 10:00:00+00:00,0.0,0.0,0.0,0.0
2026-02-25 11:00:00+00:00,0.0,0.0,0.0,-4.141461007377548e-06
2026-02-25 12:00:00+00:00,0.0,0.0,0.0,0.0
2026-02-25 13:00:00+00:00,0.0,0.0,0.0,0.0
2026-02-25 14:00:00+00:00,0.0,0.0,0.0,0.0
2026-02-25 15:00:00+00:00,0.0,0.0,0.0,0.0
2026-02-25 16:00:00+00:00,0.0,0.0,0.0,0.0
2026-02-25 17:00:00+00:00,0.0,0.0,0.0,0.0
2026-02-25 18:00:00+00:00,0.0,0.0,0.0,0.0
2026-02-25 19:00:00+00:00,0.0,0.0,0.0,0.0
2026-02-25 20:00:00+00:00,0.0,0.0,0.0,0.0
2026-02-25 21:00:00+00:00,0.0,0.0,0.0,0.0
2026-02-25 22:00:00+00:00,0.0,0.0,0.0,0.0
2026-02-25 23:00:00+00:00,0.0,0.0,0.0,0.0
2026-02-26 00:00:00+00:00,0.0,0.0,0.0,0.0
2026-02-26 01:00:00+00:00,0.0,0.0,0.0,0.0
2026-02-26 02:00:00+00:00,0.0,0.0,0.0,0.0
2026-02-26 03:00:00+00:00,0.0,0.0,0.0,0.0
2026-02-26 04:00:00+00:00,0.0,0.0,0.0,0.0
2026-02-26 05:00:00+00:00,0.0,0.0,0.0,0.0
2026-02-26 06:00:00+00:00,0.0,0.0,0.0,0.0
2026-02-26 07:00:00+00:00,0.0,0.0,0.0,0.0
2026-02-26 08:00:00+00:00,0.0,0.0,0.0,0.0
2026-02-26 09:00:00+00:00,0.0,0.0,0.0,0.0
2026-02-26 10:00:00+00:00,0.0,0.0,0.0,0.0
2026-02-26 11:00:00+00:00,0.0,0.0,0.0,0.0
2026-02-26 12:00:00+00:00,0.0,0.0,0.0,0.0
2026-02-26 13:00:00+00:00,0.0,0.0,0.0,0.0
2026-02-26 14:00:00+00:00,0.0,0.0,0.0,0.0
2026-02-26 15:00:00+00:00,0.0,0.0,0.0,0.0
2026-02-26 16:00:00+00:00,0.0,0.0,0.0,0.0
2026-02-26 17:00:00+00:00,0.0,0.0,0.0,0.0
2026-02-26 18:00:00+00:00,0.0,0.0,0.0,0.0
2026-02-26 19:00:00+00:00,0.0,0.0,0.0,0.0
2026-02-26 20:00:00+00:00,0.0,0.0,0.0,0.0
2026-02-26 21:00:00+00:00,0.0,0.0,0.0,0.0
2026-02-26 22:00:00+00:00,0.0,0.0,0.0,0.0
2026-02-26 23:00:00+00:00,0.0,0.0,0.0,0.0
2026-02-27 00:00:00+00:00,0.0,0.0,0.0,0.0
2026-02-27 01:00:00+00:00,0.0,0.0,0.0,0.0
2026-02-27 02:00:00+00:00,0.0,0.0,0.0,0.0
2026-02-27 03:00:00+00:00,0.0,0.0,0.0,0.0
2026-02-27 04:00:00+00:00,0.0,0.0,0.0,0.0
2026-02-27 05:00:00+00:00,0.0,0.0,0.0,0.0
2026-02-27 06:00:00+00:00,0.0,0.0,0.0,0.0
2026-02-27 07:00:00+00:00,0.0,0.0,0.0,0.0
2026-02-27 08:00:00+00:00,0.0,0.0,0.0,0.0
2026-02-27 09:00:00+00:00,0.0,0.0,0.0,0.0
2026-02-27 10:00:00+00:00,0.0,0.0,0.0,0.0
2026-02-27 11:00:00+00:00,0.0,0.0,0.0,0.0
2026-02-27 12:00:00+00:00,0.0,0.0,0.0,0.0
2026-02-27 13:00:00+00:00,0.0,0.0,0.0,0.0
2026-02-27 14:00:00+00:00,0.0,0.0,0.0,0.0
2026-02-27 15:00:00+00:00,0.0,0.0,0.0,0.0
2026-02-27 16:00:00+00:00,0.0,0.0,0.0,0.0
2026-02-27 17:00:00+00:00,0.0,0.0,0.0,0.0
2026-02-27 18:00:00+00:00,0.0,0.0,0.0,0.0
2026-02-27 19:00:00+00:00,0.0,0.0,0.0,0.0
2026-02-27 20:00:00+00:00,0.0,0.0,0.0,0.0
2026-02-27 21:00:00+00:00,0.0,0.0,0.0,0.0
2026-02-27 22:00:00+00:00,0.0,0.0,0.0,0.0
2026-02-27 23:00:00+00:00,0.0,0.0,0.0,0.0
2026-02-28 00:00:00+00:00,0.0,0.0,0.0,0.0
2026-02-28 01:00:00+00:00,0.0,0.0,0.0,0.0
2026-02-28 02:00:00+00:00,0.0,0.0,0.0,0.0
2026-02-28 03:00:00+00:00,0.0,0.0,0.0,0.0
2026-02-28 04:00:00+00:00,0.0,0.0,0.0,0.0
2026-02-28 05:00:00+00:00,0.0,0.0,0.0,0.0
2026-02-28 06:00:00+00:00,0.0,0.0,0.0,0.0
2026-02-28 07:00:00+00:00,0.0,0.0,0.0,0.0
2026-02-28 08:00:00+00:00,0.0,0.0,0.0,0.0
2026-02-28 09:00:00+00:00,0.0,0.0,0.0,0.0
2026-02-28 10:00:00+00:00,0.0,0.0,0.0,0.0
2026-02-28 11:00:00+00:00,0.0,0.0,0.0,0.0
2026-02-28 12:00:00+00:00,0.0,0.0,0.0,0.0
2026-02-28 13:00:00+00:00,0.0,0.0,0.0,0.0
2026-02-28 14:00:00+00:00,0.0,0.0,0.0,0.0
2026-02-28 15:00:00+00:00,0.0,0.0,0.0,0.0
2026-02-28 16:00:00+00:00,0.0,0.0,0.0,0.0
2026-02-28 17:00:00+00:00,0.0,0.0,0.0,0.0
2026-02-28 18:00:00+00:00,0.0,0.0,0.0,0.0
2026-02-28 19:00:00+00:00,0.0,0.0,0.0,0.0
2026-02-28 20:00:00+00:00,0.0,0.0,0.0,0.0
2026-02-28 21:00:00+00:00,0.0,0.0,0.0,0.0
2026-02-28 22:00:00+00:00,0.0,0.0,0.0,0.0
2026-02-28 23:00:00+00:00,0.0,0.0,0.0,0.0
2026-03-01 00:00:00+00:00,0.0,0.0,0.0,0.0
2026-03-01 01:00:00+00:00,0.0,0.0,0.0,0.0
2026-03-01 02:00:00+00:00,0.0,0.0,0.0,0.0
2026-03-01 03:00:00+00:00,0.0,0.0,0.0,0.0
2026-03-01 04:00:00+00:00,0.0,0.0,0.0,0.0
2026-03-01 05:00:00+00:00,0.0,0.0,0.0,0.0
2026-03-01 06:00:00+00:00,0.0,0.0,0.0,-8.347853757568635e-05
2026-03-01 07:00:00+00:00,0.0,0.0,0.0,0.0
2026-03-01 08:00:00+00:00,-0.010874,0.0,0.0,0.0
2026-03-01 09:00:00+00:00,0.0,0.0,0.0,0.0
2026-03-01 10:00:00+00:00,0.0,0.0,0.0,0.0
2026-03-01 11:00:00+00:00,0.0,0.0,0.0,0.0
2026-03-01 12:00:00+00:00,0.0,0.0,0.0,0.0
2026-03-01 13:00:00+00:00,0.0,0.0,0.0001063944967627,0.0
2026-03-01 14:00:00+00:00,0.0,0.0,0.0,0.0
2026-03-01 15:00:00+00:00,0.0,0.0,0.0,0.0
2026-03-01 16:00:00+00:00,0.003991,0.0,-4.104989316664475e-05,-7.380545473612331e-05
2026-03-01 17:00:00+00:00,0.0,0.0,0.0,0.0
2026-03-01 18:00:00+00:00,0.0,0.0,0.0,0.0
2026-03-01 19:00:00+00:00,0.0,0.0,0.0,0.0
2026-03-01 20:00:00+00:00,-0.010969,0.0,0.0,-0.0001326530278965
2026-03-01 21:00:00+00:00,0.0,0.0,0.0,0.0
2026-03-01 22:00:00+00:00,0.0,0.0,0.0,0.0
2026-03-01 23:00:00+00:00,0.0,0.0,0.0,0.0
2026-03-02 00:00:00+00:00,0.0,0.0,0.0,0.0
2026-03-02 01:00:00+00:00,0.0,0.0,0.0,0.0002539114515975
2026-03-02 02:00:00+00:00,0.0,0.0,0.0,0.0
2026-03-02 03:00:00+00:00,0.0,0.0,0.0,0.0
2026-03-02 04:00:00+00:00,0.0,0.0,0.0,0.0
2026-03-02 05:00:00+00:00,0.0,0.0,0.0,0.0
2026-03-02 06:00:00+00:00,0.0,0.0,0.0,0.0
2026-03-02 07:00:00+00:00,-0.010869,0.0,0.0,-0.000178120247776
2026-03-02 08:00:00+00:00,0.0,0.0,-6.051394144182431e-05,0.0
2026-03-02 09:00:00+00:00,0.0,0.0,0.0,0.0
2026-03-02 10:00:00+00:00,0.0,0.0,0.0,0.0
2026-03-02 11:00:00+00:00,0.0,0.0,0.0,0.0
2026-03-02 12:00:00+00:00,0.0,0.0,0.0,0.0
2026-03-02 13:00:00+00:00,0.0,0.0,0.0,0.0
2026-03-02 14:00:00+00:00,0.0,0.0,0.0,0.0
2026-03-02 15:00:00+00:00,0.014106,0.0,0.0,0.0003404053318201
2026-03-02 16:00:00+00:00,0.0,0.0,0.0,0.0
2026-03-02 17:00:00+00:00,0.0,0.0,0.0,0.0
2026-03-02 18:00:00+00:00,0.0,0.0,0.0,0.0
2026-03-02 19:00:00+00:00,0.0,0.0,0.0,0.0
2026-03-02 20:00:00+00:00,0.0,0.0,0.0,0.0
2026-03-02 21:00:00+00:00,0.0,0.0,0.0,0.0
2026-03-02 22:00:00+00:00,0.0,0.0,0.0,0.0
2026-03-02 23:00:00+00:00,0.0,0.0,0.0,0.0
2026-03-03 00:00:00+00:00,0.0,0.0,0.0,0.0
2026-03-03 01:00:00+00:00,0.0,0.0,0.0,0.0
2026-03-03 02:00:00+00:00,0.0,0.0,0.0,0.0
2026-03-03 03:00:00+00:00,0.0,0.0,0.0,0.0
2026-03-03 04:00:00+00:00,0.0,0.0,0.0,0.0
2026-03-03 05:00:00+00:00,0.0,0.0,0.0,0.0
2026-03-03 06:00:00+00:00,0.0,0.0,0.0,0.0
2026-03-03 07:00:00+00:00,0.0,0.0,0.0,0.0
2026-03-03 08:00:00+00:00,0.0,0.0,0.0,0.0
2026-03-03 09:00:00+00:00,0.0,0.0,0.0,0.0
2026-03-03 10:00:00+00:00,0.0,0.0,0.0,0.0
2026-03-03 11:00:00+00:00,0.0,0.0,0.0,0.0
2026-03-03 12:00:00+00:00,0.0,0.0,0.0,0.0
2026-03-03 13:00:00+00:00,0.004018,0.0,-8.027241158548693e-05,0.0
2026-03-03 14:00:00+00:00,0.0,0.0,0.0,-0.0001786537878051
2026-03-03 15:00:00+00:00,0.0,0.0,0.0,0.0
2026-03-03 16:00:00+00:00,0.0,0.0,0.0,0.0
2026-03-03 17:00:00+00:00,0.0,0.0,0.0,0.0
2026-03-03 18:00:00+00:00,0.0,0.0,0.0,0.0
2026-03-03 19:00:00+00:00,0.0,0.0,0.0,0.0
2026-03-03 20:00:00+00:00,0.0,0.0,0.0,0.0
2026-03-03 21:00:00+00:00,0.0,0.0,0.0,0.0
2026-03-03 22:00:00+00:00,0.0,0.0,0.0,0.0
2026-03-03 23:00:00+00:00,0.0,0.0,8.039242203231045e-05,0.0
2026-03-04 00:00:00+00:00,0.0,0.0,0.0,-2.213185304484332e-05
2026-03-04 01:00:00+00:00,0.0,0.0,0.0,0.0
2026-03-04 02:00:00+00:00,0.0,0.0,0.0,0.0
2026-03-04 03:00:00+00:00,-0.010841,0.0,0.0,-9.134732308861416e-05
2026-03-04 04:00:00+00:00,0.0,0.0,0.0,0.0
2026-03-04 05:00:00+00:00,0.0,0.0,0.0,0.0
2026-03-04 06:00:00+00:00,0.0,0.0,0.0,0.0
2026-03-04 07:00:00+00:00,0.0,0.0,0.00014728685454,0.000115829483632
2026-03-04 08:00:00+00:00,0.014054,0.0,0.0,0.0
2026-03-04 09:00:00+00:00,0.0,0.0,0.0,0.0
2026-03-04 10:00:00+00:00,0.0,0.0,0.0,0.0
2026-03-04 11:00:00+00:00,0.0,0.0,0.0,0.0
2026-03-04 12:00:00+00:00,0.0,0.0,0.0,0.0
2026-03-04 13:00:00+00:00,0.0,0.0,0.0,0.0
2026-03-04 14:00:00+00:00,0.0,0.0,0.0,8.644023321155214e-05
2026-03-04 15:00:00+00:00,0.014152,0.0,0.0,0.0
2026-03-04 16:00:00+00:00,0.0,0.0,0.0,0.0
2026-03-04 17:00:00+00:00,0.0,0.0,0.0,0.0
2026-03-04 18:00:00+00:00,0.0,0.0,0.0,0.0
2026-03-04 19:00:00+00:00,0.0,0.0,0.0,0.0
2026-03-04 20:00:00+00:00,0.0,0.0,0.0,0.0
2026-03-04 21:00:00+00:00,0.0,0.0,0.0,0.0
2026-03-04 22:00:00+00:00,0.0,0.0,0.0,0.0
2026-03-04 23:00:00+00:00,0.0,0.0,0.0,0.0
2026-03-05 00:00:00+00:00,0.0,0.0,0.0,0.0
2026-03-05 01:00:00+00:00,0.0,0.0,0.0,0.0
2026-03-05 02:00:00+00:00,0.0,0.0,0.0,0.0
2026-03-05 03:00:00+00:00,0.0,0.0,0.0,0.0
2026-03-05 04:00:00+00:00,0.0,0.0,0.0,0.0
2026-03-05 05:00:00+00:00,0.0,0.0,0.0,0.0
2026-03-05 06:00:00+00:00,0.0,0.0,0.0,0.0
2026-03-05 07:00:00+00:00,0.0,0.0,-5.256644947557287e-05,0.0
2026-03-05 08:00:00+00:00,0.0,0.0,0.0,0.0
2026-03-05 09:00:00+00:00,0.0,0.0,0.0,0.0
2026-03-05 10:00:00+00:00,0.0,0.0,0.0,9.806142339372604e-05
2026-03-05 11:00:00+00:00,0.0,0.0,-8.09296444204377e-05,0.0
2026-03-05 12:00:00+00:00,0.0,0.0,0.0,0.0
2026-03-05 13:00:00+00:00,0.004097,0.0,0.0,-7.526755871425926e-05
2026-03-05 14:00:00+00:00,0.0,0.0,-6.14435447803785e-05,0.0
2026-03-05 15:00:00+00:00,0.0,0.0,0.0,0.0
2026-03-05 16:00:00+00:00,0.0,0.0,0.0,0.0
2026-03-05 17:00:00+00:00,0.0,0.0,-7.090588270931786e-05,0.0
2026-03-05 18:00:00+00:00,0.0,0.0,0.0,0.0
2026-03-05 19:00:00+00:00,0.0,0.0,0.0,0.0
2026-03-05 20:00:00+00:00,0.0,0.0,0.0,0.0
2026-03-05 21:00:00+00:00,0.0,0.0,0.0,0.0
2026-03-05 22:00:00+00:00,0.0,0.0,0.0,0.0
2026-03-05 23:00:00+00:00,0.0,0.0,-4.891614005233968e-05,-0.0001163531807632
2026-03-06 00:00:00+00:00,0.0,0.0,0.0,0.0
2026-03-06 01:00:00+00:00,-0.01089,0.0,0.0,0.0
2026-03-06 02:00:00+00:00,0.0,0.0,0.0,0.0
2026-03-06 03:00:00+00:00,0.0,0.0,0.0,0.0
2026-03-06 04:00:00+00:00,0.0,0.0,0.0,0.0
2026-03-06 05:00:00+00:00,0.0,0.0,0.0,0.0
2026-03-06 06:00:00+00:00,0.0,0.0,0.0,0.0
2026-03-06 07:00:00+00:00,0.0,0.0,0.0,0.0
2026-03-06 08:00:00+00:00,0.0,0.0,0.0,0.0
2026-03-06 09:00:00+00:00,0.0,0.0,-5.193790606231929e-05,0.0
2026-03-06 10:00:00+00:00,0.0,0.0,0.0,0.0
2026-03-06 11:00:00+00:00,0.0,0.0,0.0,0.0
2026-03-06 12:00:00+00:00,-0.011107,0.0,0.0,-0.0001106509745495
2026-03-06 13:00:00+00:00,0.0,0.0,0.0,0.0
2026-03-06 14:00:00+00:00,0.0,0.0,0.0,0.0
2026-03-06 15:00:00+00:00,0.0,0.0,0.0,0.0
2026-03-06 16:00:00+00:00,0.0,0.0,0.0,0.0
2026-03-06 17:00:00+00:00,-0.011029,0.0,0.0,0.0
2026-03-06 18:00:00+00:00,0.0,0.0,0.0,0.0
2026-03-06 19:00:00+00:00,0.0,0.0,0.0,0.0
2026-03-06 20:00:00+00:00,0.0,0.0,0.0,0.0
2026-03-06 21:00:00+00:00,0.0,0.0,0.0,0.0
2026-03-06 22:00:00+00:00,0.0,0.0,0.0,0.0
2026-03-06 23:00:00+00:00,0.0,0.0,0.0,0.0
2026-03-07 00:00:00+00:00,0.0,0.0,0.0,0.0
2026-03-07 01:00:00+00:00,0.0,0.0,0.0,0.0
2026-03-07 02:00:00+00:00,0.0,0.0,0.0,0.0
2026-03-07 03:00:00+00:00,0.0,0.0,0.0,0.0
2026-03-07 04:00:00+00:00,0.0,0.0,0.0,0.0
2026-03-07 05:00:00+00:00,0.0,0.0,0.0,0.0
2026-03-07 06:00:00+00:00,0.0,0.0,0.0,0.0
2026-03-07 07:00:00+00:00,0.0,0.0,0.0,0.0
2026-03-07 08:00:00+00:00,0.0,0.0,0.0,0.0
2026-03-07 09:00:00+00:00,0.0,0.0,0.0,0.0
2026-03-07 10:00:00+00:00,0.0,0.0,0.0,0.0
2026-03-07 11:00:00+00:00,0.0,0.0,0.0,0.0
2026-03-07 12:00:00+00:00,0.0,0.0,0.0,0.0
2026-03-07 13:00:00+00:00,0.0,0.0,0.0,0.0
2026-03-07 14:00:00+00:00,0.0,0.0,0.0,0.0
2026-03-07 15:00:00+00:00,0.0,0.0,0.0,0.0
2026-03-07 16:00:00+00:00,0.0,0.0,0.0,0.0
2026-03-07 17:00:00+00:00,0.0,0.0,0.0,0.0
2026-03-07 18:00:00+00:00,0.0,0.0,0.0,0.0
2026-03-07 19:00:00+00:00,0.0,0.0,0.0,0.0
2026-03-07 20:00:00+00:00,0.0,0.0,0.0,0.0
2026-03-07 21:00:00+00:00,0.0,0.0,0.0,0.0
2026-03-07 22:00:00+00:00,0.0,0.0,0.0,0.0
2026-03-07 23:00:00+00:00,0.0,0.0,0.0,0.0
2026-03-08 00:00:00+00:00,0.0,0.0,0.0,0.0
2026-03-08 01:00:00+00:00,0.0,0.0,0.0,0.0
2026-03-08 02:00:00+00:00,0.0,0.0,0.0,-5.6998043159850455e-05
2026-03-08 03:00:00+00:00,0.0,0.0,0.0,0.0
2026-03-08 04:00:00+00:00,-0.011836,0.0,0.0,0.0
2026-03-08 05:00:00+00:00,0.0,0.0,0.0,0.0
2026-03-08 06:00:00+00:00,0.0,0.0,0.0,0.0
2026-03-08 07:00:00+00:00,0.0,0.0,0.0,8.955856594558998e-05
2026-03-08 08:00:00+00:00,0.0,0.0,0.0,0.0
2026-03-08 09:00:00+00:00,0.0,0.0,0.0,0.0
2026-03-08 10:00:00+00:00,0.0,0.0,0.0001312838405043,6.642262968927893e-05
2026-03-08 11:00:00+00:00,0.003191,0.0,0.0,0.0
2026-03-08 12:00:00+00:00,0.0,0.0,0.0,0.0
2026-03-08 13:00:00+00:00,0.0,0.0,0.0,0.0
2026-03-08 14:00:00+00:00,0.0,0.0,0.0,0.0
2026-03-08 15:00:00+00:00,0.0,0.0,0.0,0.0
2026-03-08 16:00:00+00:00,-0.011551,0.0,-5.9835011183186896e-05,0.0
2026-03-08 17:00:00+00:00,0.0,0.0,0.0,0.0
2026-03-08 18:00:00+00:00,0.0,0.0,0.0,0.0
2026-03-08 19:00:00+00:00,0.0,0.0,0.0,0.0
2026-03-08 20:00:00+00:00,0.0,0.0,0.0,-2.2762028568407138e-05
2026-03-08 21:00:00+00:00,-0.0115389999999999,0.0,0.0,0.0
2026-03-08 22:00:00+00:00,0.0,0.0,0.0,0.0
2026-03-08 23:00:00+00:00,0.0,0.0,0.0,0.0
2026-03-09 00:00:00+00:00,0.0,0.0,0.0,0.0
2026-03-09 01:00:00+00:00,0.0,0.0,0.0,0.0
2026-03-09 02:00:00+00:00,0.0,0.0,0.0,0.0
2026-03-09 03:00:00+00:00,0.0,0.0,0.0,0.0
2026-03-09 04:00:00+00:00,0.0,0.0,0.0,0.0
2026-03-09 05:00:00+00:00,0.0,0.0,0.0,0.0
2026-03-09 06:00:00+00:00,0.0,0.0,0.0,0.0
2026-03-09 07:00:00+00:00,0.0,0.0,0.0,0.0
2026-03-09 08:00:00+00:00,0.0,0.0,0.0,0.0
2026-03-09 09:00:00+00:00,0.0,0.0,0.0,0.0
2026-03-09 10:00:00+00:00,0.0,0.0,0.0,0.0
2026-03-09 11:00:00+00:00,0.0,0.0,0.0,0.0
2026-03-09 12:00:00+00:00,0.0,0.0,0.0,0.0
2026-03-09 13:00:00+00:00,0.0,0.0,0.0,0.0
2026-03-09 14:00:00+00:00,0.0,0.0,0.0,0.0
2026-03-09 15:00:00+00:00,0.0,0.0,0.0,0.0
2026-03-09 16:00:00+00:00,0.0,0.0,0.0,0.0
2026-03-09 17:00:00+00:00,0.0,0.0,0.0,0.0
2026-03-09 18:00:00+00:00,0.0,0.0,0.0,0.0
2026-03-09 19:00:00+00:00,0.0,0.0,0.0,0.0
2026-03-09 20:00:00+00:00,0.0,0.0,0.0,0.0
2026-03-09 21:00:00+00:00,0.0,0.0,0.0,0.0
2026-03-09 22:00:00+00:00,0.0,0.0,0.0,0.0
2026-03-09 23:00:00+00:00,0.0,0.0,0.0,0.0
2026-03-10 00:00:00+00:00,0.0,0.0,0.0,0.0
2026-03-10 01:00:00+00:00,0.0,0.0,0.0,0.0
2026-03-10 02:00:00+00:00,0.0,0.0,0.0,0.0
2026-03-10 03:00:00+00:00,0.0,0.0,0.0,0.0
2026-03-10 04:00:00+00:00,0.0,0.0,0.0,0.0
2026-03-10 05:00:00+00:00,0.0,0.0,0.0,0.0
2026-03-10 06:00:00+00:00,0.0,0.0,0.0,0.0
2026-03-10 07:00:00+00:00,0.0,0.0,0.0,0.0
2026-03-10 08:00:00+00:00,0.0,0.0,0.0,0.0
2026-03-10 09:00:00+00:00,0.0,0.0,0.0,0.0
2026-03-10 10:00:00+00:00,0.0,0.0,0.0,0.0
2026-03-10 11:00:00+00:00,0.0,0.0,0.0,0.0
2026-03-10 12:00:00+00:00,0.0,0.0,0.0,0.0
2026-03-10 13:00:00+00:00,0.0,0.0,0.0,0.0
2026-03-10 14:00:00+00:00,0.0,0.0,0.0,0.0
2026-03-10 15:00:00+00:00,0.0,0.0,0.0,0.0
2026-03-10 16:00:00+00:00,0.0,0.0,0.0,0.0
2026-03-10 17:00:00+00:00,-0.010911,0.0,0.0,0.0
2026-03-10 18:00:00+00:00,0.0,0.0,0.0,0.0
2026-03-10 19:00:00+00:00,0.0,0.0,0.0,0.0
2026-03-10 20:00:00+00:00,0.0,0.0,0.0,0.0
2026-03-10 21:00:00+00:00,0.0,0.0,0.0,0.0
2026-03-10 22:00:00+00:00,0.0,0.0,0.0,0.0
2026-03-10 23:00:00+00:00,0.0,0.0,0.0,0.0
2026-03-11 00:00:00+00:00,0.0,0.0,0.0,0.0
2026-03-11 01:00:00+00:00,0.0,0.0,0.0,0.0
2026-03-11 02:00:00+00:00,0.0,0.0,0.0,0.0
2026-03-11 03:00:00+00:00,0.0,0.0,0.0,0.0
2026-03-11 04:00:00+00:00,0.0,0.0,0.0,0.0
2026-03-11 05:00:00+00:00,0.0,0.0,0.0,0.0
2026-03-11 06:00:00+00:00,0.0,0.0,0.0,0.0
2026-03-11 07:00:00+00:00,0.0,0.0,0.0,0.0
2026-03-11 08:00:00+00:00,0.0,0.0,0.0,0.0
2026-03-11 09:00:00+00:00,0.0,0.0,0.0,0.0
2026-03-11 10:00:00+00:00,0.0,0.0,0.0,0.0
2026-03-11 11:00:00+00:00,-0.01108,0.0,0.0,-0.0001435192901169
2026-03-11 12:00:00+00:00,0.0,0.0,0.0,0.0
2026-03-11 13:00:00+00:00,0.0,0.0,0.0001211537738713,0.0
2026-03-11 14:00:00+00:00,0.0,0.0,0.0,0.0
2026-03-11 15:00:00+00:00,-0.011005,0.0,0.0,0.0
2026-03-11 16:00:00+00:00,0.0,0.0,0.0,0.0
2026-03-11 17:00:00+00:00,0.0,0.0,0.0,0.0
2026-03-11 18:00:00+00:00,0.0,0.0,0.0,0.0
2026-03-11 19:00:00+00:00,0.0,0.0,0.0,0.0
2026-03-11 20:00:00+00:00,0.0,0.0,0.0,0.0
2026-03-11 21:00:00+00:00,0.0,0.0,0.0,6.90997190468934e-05
2026-03-11 22:00:00+00:00,0.0,0.0,0.0,0.0
2026-03-11 23:00:00+00:00,0.0,0.0,0.0,0.0
2026-03-12 00:00:00+00:00,0.0,0.0,0.0,0.0
2026-03-12 01:00:00+00:00,0.0,0.0,0.0,0.0
2026-03-12 02:00:00+00:00,0.0,0.0,0.0,0.0
2026-03-12 03:00:00+00:00,0.0,0.0,0.0,0.0
2026-03-12 04:00:00+00:00,0.0,0.0,0.0,0.0
2026-03-12 05:00:00+00:00,0.0,0.0,0.0,0.0
2026-03-12 06:00:00+00:00,0.0,0.0,0.0,0.0
2026-03-12 07:00:00+00:00,0.0,0.0,0.0,0.0
2026-03-12 08:00:00+00:00,0.0,0.0,0.0,0.0
2026-03-12 09:00:00+00:00,0.0,0.0,0.0,0.0
2026-03-12 10:00:00+00:00,0.0,0.0,0.0,0.0
2026-03-12 11:00:00+00:00,0.0,0.0,0.0,0.0
2026-03-12 12:00:00+00:00,0.0,0.0,0.0,0.0
2026-03-12 13:00:00+00:00,0.0,0.0,0.0,0.0
2026-03-12 14:00:00+00:00,0.0,0.0,0.0,0.0
2026-03-12 15:00:00+00:00,0.0,0.0,0.0,0.0
2026-03-12 16:00:00+00:00,0.0,0.0,0.0,0.0
2026-03-12 17:00:00+00:00,0.0,0.0,0.0,0.0
2026-03-12 18:00:00+00:00,0.0,0.0,0.0,0.0
2026-03-12 19:00:00+00:00,0.0,0.0,0.0,0.0
2026-03-12 20:00:00+00:00,0.0,0.0,0.0,0.0
2026-03-12 21:00:00+00:00,0.0,0.0,0.0,0.0
2026-03-12 22:00:00+00:00,0.0,0.0,0.0,0.0
2026-03-12 23:00:00+00:00,0.0,0.0,0.0,0.0
2026-03-13 00:00:00+00:00,0.0,0.0,0.0,0.0
2026-03-13 01:00:00+00:00,0.0,0.0,0.0,0.0
2026-03-13 02:00:00+00:00,0.0,0.0,0.0,0.0
2026-03-13 03:00:00+00:00,0.0,0.0,0.0,0.0
2026-03-13 04:00:00+00:00,0.0,0.0,0.0,0.0
2026-03-13 05:00:00+00:00,0.0,0.0,0.0,0.0
2026-03-13 06:00:00+00:00,0.0,0.0,0.0,0.0
2026-03-13 07:00:00+00:00,0.0,0.0,0.0,0.0
2026-03-13 08:00:00+00:00,0.0,0.0,0.0,0.0
2026-03-13 09:00:00+00:00,0.0,0.0,0.0,0.0
2026-03-13 10:00:00+00:00,0.0,0.0,0.0,0.0
2026-03-13 11:00:00+00:00,0.0,0.0,0.0,0.0
2026-03-13 12:00:00+00:00,0.0,0.0,0.0,0.0
2026-03-13 13:00:00+00:00,0.0,0.0,0.0,0.0
2026-03-13 14:00:00+00:00,0.0,0.0,0.0,0.0
2026-03-13 15:00:00+00:00,0.0,0.0,0.0,0.0
2026-03-13 16:00:00+00:00,0.0,0.0,0.0,0.0
2026-03-13 17:00:00+00:00,0.0,0.0,0.0,0.0
2026-03-13 18:00:00+00:00,0.0,0.0,0.0,0.0
2026-03-13 19:00:00+00:00,0.0,0.0,0.0,0.0
2026-03-13 20:00:00+00:00,0.0,0.0,0.0,0.0
2026-03-13 21:00:00+00:00,0.0,0.0,0.0,0.0
2026-03-13 22:00:00+00:00,0.0,0.0,0.0,0.0
2026-03-13 23:00:00+00:00,0.0,0.0,0.0,0.0
2026-03-14 00:00:00+00:00,0.0,0.0,0.0,0.0
2026-03-14 01:00:00+00:00,0.0,0.0,0.0,0.0
2026-03-14 02:00:00+00:00,0.0,0.0,0.0,0.0
2026-03-14 03:00:00+00:00,0.0,0.0,0.0,0.0
2026-03-14 04:00:00+00:00,0.0,0.0,0.0,0.0
2026-03-14 05:00:00+00:00,0.0,0.0,0.0,0.0
2026-03-14 06:00:00+00:00,0.0,0.0,0.0,0.0
2026-03-14 07:00:00+00:00,0.0,0.0,0.0,0.0
2026-03-14 08:00:00+00:00,0.0,0.0,0.0,0.0
2026-03-14 09:00:00+00:00,0.0,0.0,0.0,0.0
2026-03-14 10:00:00+00:00,0.0,0.0,0.0,0.0
2026-03-14 11:00:00+00:00,0.0,0.0,0.0,0.0
2026-03-14 12:00:00+00:00,0.0,0.0,0.0,0.0
2026-03-14 13:00:00+00:00,0.0,0.0,0.0,0.0
2026-03-14 14:00:00+00:00,0.0,0.0,0.0,0.0
2026-03-14 15:00:00+00:00,0.0,0.0,0.0,0.0
2026-03-14 16:00:00+00:00,0.0,0.0,0.0,0.0
2026-03-14 17:00:00+00:00,0.0,0.0,0.0,0.0
2026-03-14 18:00:00+00:00,0.0,0.0,0.0,0.0
2026-03-14 19:00:00+00:00,0.0,0.0,0.0,0.0
2026-03-14 20:00:00+00:00,0.0,0.0,0.0,0.0
2026-03-14 21:00:00+00:00,0.0,0.0,0.0,0.0
2026-03-14 22:00:00+00:00,0.0,0.0,0.0,0.0
2026-03-14 23:00:00+00:00,0.0,0.0,0.0,0.0
2026-03-15 00:00:00+00:00,0.0,0.0,0.0,0.0
2026-03-15 01:00:00+00:00,0.0,0.0,0.0,0.0
2026-03-15 02:00:00+00:00,0.0,0.0,0.0,0.0
2026-03-15 03:00:00+00:00,0.0,0.0,0.0,0.0
2026-03-15 04:00:00+00:00,0.0,0.0,0.0,0.0
2026-03-15 05:00:00+00:00,0.0,0.0,0.0,0.0
2026-03-15 06:00:00+00:00,0.0,0.0,0.0,0.0
2026-03-15 07:00:00+00:00,0.0,0.0,0.0,0.0
2026-03-15 08:00:00+00:00,0.0,0.0,0.0,0.0
2026-03-15 09:00:00+00:00,0.0,0.0,0.0,0.0
2026-03-15 10:00:00+00:00,0.0,0.0,0.0,0.0
2026-03-15 11:00:00+00:00,0.0,0.0,0.0,0.0
2026-03-15 12:00:00+00:00,0.0,0.0,0.0,0.0
2026-03-15 13:00:00+00:00,0.0,0.0,0.0,0.0
2026-03-15 14:00:00+00:00,0.0,0.0,0.0,0.0
2026-03-15 15:00:00+00:00,0.0,0.0,0.0,0.0
2026-03-15 16:00:00+00:00,0.0,0.0,0.0,0.0
2026-03-15 17:00:00+00:00,0.0,0.0,0.0,0.0
2026-03-15 18:00:00+00:00,0.0,0.0,-5.039198022276369e-05,0.0
2026-03-15 19:00:00+00:00,0.0,0.0,0.0,0.0
2026-03-15 20:00:00+00:00,0.0,0.0,0.0,0.0
2026-03-15 21:00:00+00:00,0.0,0.0,0.0,6.010993535038423e-05
2026-03-15 22:00:00+00:00,0.0,0.0,0.0,0.0
2026-03-15 23:00:00+00:00,0.0,0.0,0.0,0.0
2026-03-16 00:00:00+00:00,0.0,0.0,0.0,0.0
2026-03-16 01:00:00+00:00,0.0,0.0,0.0,0.0
2026-03-16 02:00:00+00:00,0.0,0.0,0.0,0.0
2026-03-16 03:00:00+00:00,0.0,0.0,0.0,0.0
2026-03-16 04:00:00+00:00,0.0,0.0,0.0,0.0
2026-03-16 05:00:00+00:00,0.0,0.0,0.0,0.0
2026-03-16 06:00:00+00:00,0.0,0.0,0.0,0.0
2026-03-16 07:00:00+00:00,0.0,0.0,0.0,0.0
2026-03-16 08:00:00+00:00,0.0,0.0,0.0,0.0
2026-03-16 09:00:00+00:00,0.0,0.0,0.0,0.0
2026-03-16 10:00:00+00:00,0.0,0.0,0.0,0.0
2026-03-16 11:00:00+00:00,0.0,0.0,0.0,0.0
2026-03-16 12:00:00+00:00,0.0,0.0,0.0,0.0
2026-03-16 13:00:00+00:00,0.0,0.0,0.0,0.0
2026-03-16 14:00:00+00:00,0.0,0.0,0.0,0.0
2026-03-16 15:00:00+00:00,0.0,0.0,0.0,0.0
2026-03-16 16:00:00+00:00,0.0,0.0,0.0,0.0
2026-03-16 17:00:00+00:00,0.0,0.0,0.0,0.0
2026-03-16 18:00:00+00:00,0.0,0.0,0.0,0.0
2026-03-16 19:00:00+00:00,0.0,0.0,0.0,0.0
2026-03-16 20:00:00+00:00,0.0,0.0,0.0,0.0
2026-03-16 21:00:00+00:00,0.0,0.0,0.0,0.0
2026-03-16 22:00:00+00:00,0.0,0.0,0.0,0.0
2026-03-16 23:00:00+00:00,0.0,0.0,0.0,0.0
2026-03-17 00:00:00+00:00,0.0,0.0,0.0,0.0
2026-03-17 01:00:00+00:00,0.0,0.0,0.0,0.0
2026-03-17 02:00:00+00:00,0.0,0.0,0.0,0.0
2026-03-17 03:00:00+00:00,0.0,0.0,0.0,0.0
2026-03-17 04:00:00+00:00,0.0,0.0,0.0,0.0
2026-03-17 05:00:00+00:00,0.0,0.0,0.0,0.0
2026-03-17 06:00:00+00:00,0.0,0.0,0.0,0.0
2026-03-17 07:00:00+00:00,0.0,0.0,0.0,0.0
2026-03-17 08:00:00+00:00,0.0,0.0,0.0,0.0
2026-03-17 09:00:00+00:00,0.0,0.0,0.0,0.0
2026-03-17 10:00:00+00:00,0.0,0.0,0.0,0.0
2026-03-17 11:00:00+00:00,0.0,0.0,0.0,0.0
2026-03-17 12:00:00+00:00,0.0,0.0,0.0,0.0
2026-03-17 13:00:00+00:00,0.0,0.0,0.0,0.0
2026-03-17 14:00:00+00:00,0.0,0.0,0.0,0.0
2026-03-17 15:00:00+00:00,0.0,0.0,0.0,0.0
2026-03-17 16:00:00+00:00,0.0,0.0,0.0,0.0
2026-03-17 17:00:00+00:00,0.0,0.0,0.0,0.0
2026-03-17 18:00:00+00:00,0.0,0.0,0.0,0.0
2026-03-17 19:00:00+00:00,0.0,0.0,0.0,0.0
2026-03-17 20:00:00+00:00,0.0,0.0,0.0,0.0
2026-03-17 21:00:00+00:00,0.0,0.0,0.0,0.0
2026-03-17 22:00:00+00:00,0.0,0.0,0.0,0.0
2026-03-17 23:00:00+00:00,0.0,0.0,0.0,0.0
2026-03-18 00:00:00+00:00,0.0,0.0,0.0,0.0
2026-03-18 01:00:00+00:00,0.0,0.0,0.0,0.0
2026-03-18 02:00:00+00:00,0.0,0.0,0.0,0.0
2026-03-18 03:00:00+00:00,0.0,0.0,0.0,0.0
2026-03-18 04:00:00+00:00,0.0,0.0,0.0,0.0
2026-03-18 05:00:00+00:00,0.0,0.0,0.0,0.0
2026-03-18 06:00:00+00:00,0.0,0.0,0.0,0.0
2026-03-18 07:00:00+00:00,0.0,0.0,0.0,0.0
2026-03-18 08:00:00+00:00,0.0,0.0,0.0,0.0
2026-03-18 09:00:00+00:00,0.0,0.0,0.0,0.0
2026-03-18 10:00:00+00:00,0.0,0.0,-2.607417956168922e-05,-4.8578030948052126e-05
2026-03-18 11:00:00+00:00,0.0,0.0,0.0,0.0
2026-03-18 12:00:00+00:00,0.0,0.0,0.0,0.0
2026-03-18 13:00:00+00:00,0.0,0.0,0.0,0.0
2026-03-18 14:00:00+00:00,0.0,0.0,-4.998212203513263e-05,-0.0001278553601347
2026-03-18 15:00:00+00:00,0.0,0.0,0.0,0.0
2026-03-18 16:00:00+00:00,0.0,0.0,0.0,0.0
2026-03-18 17:00:00+00:00,0.0,0.0,0.0,0.0
2026-03-18 18:00:00+00:00,0.0,0.0,0.0,7.892044880898674e-05
2026-03-18 19:00:00+00:00,0.0,0.0,0.0,0.0
2026-03-18 20:00:00+00:00,0.0,0.0,0.0,0.0
2026-03-18 21:00:00+00:00,0.0,0.0,0.0,0.0
2026-03-18 22:00:00+00:00,0.0,0.0,0.0,0.0
2026-03-18 23:00:00+00:00,0.0,0.0,0.0,0.0
2026-03-19 00:00:00+00:00,0.0,0.0,0.0,0.0
2026-03-19 01:00:00+00:00,0.0,0.0,0.0,0.0
2026-03-19 02:00:00+00:00,0.0,0.0,0.0,0.0
2026-03-19 03:00:00+00:00,0.0,0.0,0.0,0.0
2026-03-19 04:00:00+00:00,0.0,0.0,0.0,0.0
2026-03-19 05:00:00+00:00,0.0,0.0,0.0,0.0
2026-03-19 06:00:00+00:00,0.0,0.0,0.0,0.0
2026-03-19 07:00:00+00:00,0.0,0.0,0.0,0.0
2026-03-19 08:00:00+00:00,0.0,0.0,0.0,0.0
2026-03-19 09:00:00+00:00,0.0,0.0,0.0,0.0
2026-03-19 10:00:00+00:00,0.0,0.0,0.0,0.0
2026-03-19 11:00:00+00:00,0.0,0.0,0.0,0.0
2026-03-19 12:00:00+00:00,0.0,0.0,0.0,0.0
2026-03-19 13:00:00+00:00,0.0,0.0,0.0,0.0
2026-03-19 14:00:00+00:00,0.0,0.0,0.0,0.0
2026-03-19 15:00:00+00:00,0.0,0.0,0.0,0.0
2026-03-19 16:00:00+00:00,0.0,0.0,0.0,0.0
2026-03-19 17:00:00+00:00,0.0,0.0,0.0,0.0
2026-03-19 18:00:00+00:00,0.0,0.0,0.0,0.0
2026-03-19 19:00:00+00:00,0.0,0.0,0.0,0.0
2026-03-19 20:00:00+00:00,0.0,0.0,0.0,0.0
2026-03-19 21:00:00+00:00,0.0,0.0,0.0,0.0
2026-03-19 22:00:00+00:00,0.0,0.0,0.0,0.0
2026-03-19 23:00:00+00:00,0.0,0.0,0.0,0.0
2026-03-20 00:00:00+00:00,0.0,0.0,0.0,0.0
2026-03-20 01:00:00+00:00,0.0,0.0,0.0,0.0
2026-03-20 02:00:00+00:00,0.0,0.0,0.0,0.0
2026-03-20 03:00:00+00:00,0.0,0.0,0.0,0.0
2026-03-20 04:00:00+00:00,0.0,0.0,0.0,0.0
2026-03-20 05:00:00+00:00,0.0,0.0,0.0,0.0
2026-03-20 06:00:00+00:00,0.0,0.0,0.0,0.0
2026-03-20 07:00:00+00:00,0.0,0.0,0.0,0.0
2026-03-20 08:00:00+00:00,0.0,0.0,0.0,0.0
2026-03-20 09:00:00+00:00,0.0,0.0,0.0,0.0
2026-03-20 10:00:00+00:00,0.0,0.0,0.0,0.0
2026-03-20 11:00:00+00:00,0.0,0.0,0.0,0.0
2026-03-20 12:00:00+00:00,0.0,0.0,0.0,0.0
2026-03-20 13:00:00+00:00,0.0,0.0,0.0,0.0
2026-03-20 14:00:00+00:00,0.0,0.0,0.0,0.0
2026-03-20 15:00:00+00:00,0.0,0.0,0.0,0.0
2026-03-20 16:00:00+00:00,0.0,0.0,0.0,0.0
2026-03-20 17:00:00+00:00,0.0,0.0,0.0,0.0
2026-03-20 18:00:00+00:00,0.0,0.0,0.0,0.0
2026-03-20 19:00:00+00:00,0.0,0.0,0.0,0.0
2026-03-20 20:00:00+00:00,0.0,0.0,0.0,0.0
2026-03-20 21:00:00+00:00,0.0,0.0,0.0,0.0
2026-03-20 22:00:00+00:00,0.0,0.0,0.0,0.0
2026-03-20 23:00:00+00:00,0.0,0.0,0.0,0.0
2026-03-21 00:00:00+00:00,0.0,0.0,0.0,0.0
2026-03-21 01:00:00+00:00,0.0,0.0,0.0,0.0
2026-03-21 02:00:00+00:00,0.0,0.0,0.0,0.0
2026-03-21 03:00:00+00:00,0.0,0.0,0.0,0.0
2026-03-21 04:00:00+00:00,0.0,0.0,0.0,0.0
2026-03-21 05:00:00+00:00,0.0,0.0,0.0,0.0
2026-03-21 06:00:00+00:00,0.0,0.0,0.0,0.0
2026-03-21 07:00:00+00:00,0.0,0.0,0.0,0.0
2026-03-21 08:00:00+00:00,0.0,0.0,0.0,0.0
2026-03-21 09:00:00+00:00,0.0,0.0,0.0,0.0
2026-03-21 10:00:00+00:00,0.0,0.0,0.0,0.0
2026-03-21 11:00:00+00:00,0.0,0.0,0.0,0.0
2026-03-21 12:00:00+00:00,0.0,0.0,0.0,0.0
2026-03-21 13:00:00+00:00,0.0,0.0,0.0,0.0
2026-03-21 14:00:00+00:00,0.0,0.0,0.0,0.0
2026-03-21 15:00:00+00:00,0.0,0.0,0.0,0.0
2026-03-21 16:00:00+00:00,0.0,0.0,0.0,0.0
2026-03-21 17:00:00+00:00,0.0,0.0,0.0,0.0
2026-03-21 18:00:00+00:00,0.0,0.0,0.0,0.0
2026-03-21 19:00:00+00:00,0.0,0.0,0.0,0.0
2026-03-21 20:00:00+00:00,0.0,0.0,0.0,0.0
2026-03-21 21:00:00+00:00,0.0,0.0,0.0,0.0
2026-03-21 22:00:00+00:00,0.0,0.0,0.0,0.0
2026-03-21 23:00:00+00:00,0.0,0.0,0.0,-5.243508155524434e-05
2026-03-22 00:00:00+00:00,0.0,0.0,0.0,0.0
2026-03-22 01:00:00+00:00,0.0,0.0,0.0,0.0
2026-03-22 02:00:00+00:00,0.0,0.0,0.0,0.0
2026-03-22 03:00:00+00:00,0.0,0.0,0.0,0.0
2026-03-22 04:00:00+00:00,0.0,0.0,0.0,0.0
2026-03-22 05:00:00+00:00,0.0,0.0,0.0,0.0
2026-03-22 06:00:00+00:00,0.0,0.0,0.0,0.0
2026-03-22 07:00:00+00:00,0.0,0.0,0.0,0.0
2026-03-22 08:00:00+00:00,0.0,0.0,0.0,0.0
2026-03-22 09:00:00+00:00,0.0,0.0,0.0,0.0
2026-03-22 10:00:00+00:00,0.0,0.0,0.0,0.0
2026-03-22 11:00:00+00:00,0.0,0.0,0.0,0.0
2026-03-22 12:00:00+00:00,0.0,0.0,0.0,0.0
2026-03-22 13:00:00+00:00,0.0,0.0,0.0,0.0
2026-03-22 14:00:00+00:00,0.0,0.0,0.0,0.0
2026-03-22 15:00:00+00:00,0.0,0.0,0.0,0.0
2026-03-22 16:00:00+00:00,0.0,0.0,0.0,0.0
2026-03-22 17:00:00+00:00,0.0,0.0,0.0,0.0
2026-03-22 18:00:00+00:00,0.0,0.0,0.0,0.0
2026-03-22 19:00:00+00:00,0.0,0.0,0.0,0.0
2026-03-22 20:00:00+00:00,0.0,0.0,0.0,0.0
2026-03-22 21:00:00+00:00,0.0,0.0,0.0,0.0
2026-03-22 22:00:00+00:00,0.0,0.0,0.0,0.0
2026-03-22 23:00:00+00:00,0.0,0.0,0.0,0.0
2026-03-23 00:00:00+00:00,0.0,0.0,0.0,0.0
2026-03-23 01:00:00+00:00,0.0,0.0,0.0,0.0
2026-03-23 02:00:00+00:00,0.0,0.0,0.0,0.0
2026-03-23 03:00:00+00:00,0.0,0.0,0.0,0.0
2026-03-23 04:00:00+00:00,0.0,0.0,0.0,0.0
2026-03-23 05:00:00+00:00,0.0,0.0,0.0,0.0
2026-03-23 06:00:00+00:00,0.0,0.0,0.0,0.0
2026-03-23 07:00:00+00:00,0.0,0.0,0.0,0.0
2026-03-23 08:00:00+00:00,0.0,0.0,0.0,0.0
2026-03-23 09:00:00+00:00,0.0,0.0,0.0,0.0
2026-03-23 10:00:00+00:00,0.0,0.0,0.0,0.0
2026-03-23 11:00:00+00:00,0.0,0.0,0.0,0.0
2026-03-23 12:00:00+00:00,0.0,0.0,0.0,0.0
2026-03-23 13:00:00+00:00,0.0,0.0,0.0,0.0
2026-03-23 14:00:00+00:00,0.0,0.0,0.0,0.0
2026-03-23 15:00:00+00:00,0.0,0.0,0.0,0.0
2026-03-23 16:00:00+00:00,0.0,0.0,0.0,0.0
2026-03-23 17:00:00+00:00,0.0,0.0,0.0,0.0
2026-03-23 18:00:00+00:00,0.0,0.0,0.0,0.0
2026-03-23 19:00:00+00:00,0.0,0.0,0.0,0.0
2026-03-23 20:00:00+00:00,0.0,0.0,0.0,0.0
2026-03-23 21:00:00+00:00,0.0,0.0,0.0,0.0
2026-03-23 22:00:00+00:00,0.0,0.0,0.0,0.0
2026-03-23 23:00:00+00:00,0.0,0.0,0.0,0.0
2026-03-24 00:00:00+00:00,0.0,0.0,0.0,0.0
2026-03-24 01:00:00+00:00,0.0,0.0,0.0,0.0
2026-03-24 02:00:00+00:00,0.0,0.0,0.0,0.0
2026-03-24 03:00:00+00:00,0.0,0.0,0.0,0.0
2026-03-24 04:00:00+00:00,0.0,0.0,0.0,0.0
2026-03-24 05:00:00+00:00,0.0,0.0,0.0,0.0
2026-03-24 06:00:00+00:00,0.0,0.0,0.0,0.0
2026-03-24 07:00:00+00:00,0.0,0.0,0.0,0.0
2026-03-24 08:00:00+00:00,0.0,0.0,0.0,0.0
2026-03-24 09:00:00+00:00,0.0,0.0,0.0,0.0
2026-03-24 10:00:00+00:00,0.0,0.0,0.0,0.0
2026-03-24 11:00:00+00:00,0.0,0.0,0.0,0.0
2026-03-24 12:00:00+00:00,0.0,0.0,0.0,0.0
2026-03-24 13:00:00+00:00,0.0,0.0,0.0,0.0
2026-03-24 14:00:00+00:00,0.0,0.0,0.0,0.0
2026-03-24 15:00:00+00:00,0.0,0.0,0.0,0.0
2026-03-24 16:00:00+00:00,0.0,0.0,-7.838206364311539e-05,0.0
2026-03-24 17:00:00+00:00,0.0,0.0,0.0,0.0
2026-03-24 18:00:00+00:00,0.0,0.0,0.0,0.0
2026-03-24 19:00:00+00:00,0.0,0.0,0.0,0.0
2026-03-24 20:00:00+00:00,0.0,0.0,0.0,0.0
2026-03-24 21:00:00+00:00,0.0,0.0,0.000114821691528,0.0
2026-03-24 22:00:00+00:00,0.0,0.0,0.0,5.3980313133276126e-05
2026-03-24 23:00:00+00:00,0.0,0.0,0.0,0.0
2026-03-25 00:00:00+00:00,0.0,0.0,0.0,0.0
2026-03-25 01:00:00+00:00,0.0,0.0,0.0,0.0
2026-03-25 02:00:00+00:00,0.0,0.0,0.0,0.0
2026-03-25 03:00:00+00:00,0.0,0.0,0.0,0.0
2026-03-25 04:00:00+00:00,0.0,0.0,0.0,0.0
2026-03-25 05:00:00+00:00,0.0,0.0,0.0,0.0
2026-03-25 06:00:00+00:00,0.0,0.0,0.0,0.0
2026-03-25 07:00:00+00:00,0.0,0.0,0.0,0.0
2026-03-25 08:00:00+00:00,0.0,0.0,0.0,0.0
2026-03-25 09:00:00+00:00,0.0,0.0,0.0,0.0
2026-03-25 10:00:00+00:00,0.0,0.0,0.0,0.0
2026-03-25 11:00:00+00:00,0.0,0.0,0.0,4.2666789168431817e-05
2026-03-25 12:00:00+00:00,0.0,0.0,-4.875613726034177e-05,0.0
2026-03-25 13:00:00+00:00,0.0,0.0,0.0,0.0
2026-03-25 14:00:00+00:00,0.0,0.0,0.0,0.0
2026-03-25 15:00:00+00:00,0.0,0.0,-4.2944812525653735e-05,-8.90675500615723e-05
2026-03-25 16:00:00+00:00,0.0,0.0,0.0,0.0
2026-03-25 17:00:00+00:00,0.0,0.0,0.0,0.0
2026-03-25 18:00:00+00:00,0.0,0.0,0.0,0.0
2026-03-25 19:00:00+00:00,0.0,0.0,0.0,0.0
2026-03-25 20:00:00+00:00,0.0,0.0,0.0,0.0
2026-03-25 21:00:00+00:00,0.0,0.0,0.0,0.0
2026-03-25 22:00:00+00:00,0.0,0.0,0.0,0.0
2026-03-25 23:00:00+00:00,0.0,0.0,0.0,0.0
2026-03-26 00:00:00+00:00,0.0,0.0,0.0,0.0
2026-03-26 01:00:00+00:00,0.0,0.0,0.0,0.0
2026-03-26 02:00:00+00:00,0.0,0.0,0.0,0.0
2026-03-26 03:00:00+00:00,0.0,0.0,0.0,0.0
2026-03-26 04:00:00+00:00,0.0,0.0,0.0,0.0
2026-03-26 05:00:00+00:00,0.0,0.0,0.0,0.0
2026-03-26 06:00:00+00:00,0.0,0.0,0.0,0.0
2026-03-26 07:00:00+00:00,0.0,0.0,0.0,0.0
2026-03-26 08:00:00+00:00,0.0,0.0,0.0,0.0
2026-03-26 09:00:00+00:00,0.0,0.0,0.0,0.0
2026-03-26 10:00:00+00:00,0.0,0.0,0.0,0.0
2026-03-26 11:00:00+00:00,0.0,0.0,0.0,0.0
2026-03-26 12:00:00+00:00,0.0,0.0,0.0,0.0
2026-03-26 13:00:00+00:00,0.0,0.0,0.0,0.0
2026-03-26 14:00:00+00:00,0.0,0.0,0.0,0.0
2026-03-26 15:00:00+00:00,0.0,0.0,0.0,0.0
2026-03-26 16:00:00+00:00,0.0,0.0,0.0,0.0
2026-03-26 17:00:00+00:00,0.0,0.0,0.0,0.0
2026-03-26 18:00:00+00:00,0.0,0.0,0.0,0.0
2026-03-26 19:00:00+00:00,0.0,0.0,0.0,0.0
2026-03-26 20:00:00+00:00,0.0,0.0,0.0,0.0
2026-03-26 21:00:00+00:00,0.0,0.0,0.0,0.0
2026-03-26 22:00:00+00:00,0.0,0.0,0.0,0.0
2026-03-26 23:00:00+00:00,0.0,0.0,0.0,0.0
2026-03-27 00:00:00+00:00,0.0,0.0,0.0,0.0
2026-03-27 01:00:00+00:00,0.0,0.0,0.0,0.0
2026-03-27 02:00:00+00:00,0.0,0.0,0.0,0.0
2026-03-27 03:00:00+00:00,0.0,0.0,0.0,0.0
2026-03-27 04:00:00+00:00,0.0,0.0,0.0,0.0
2026-03-27 05:00:00+00:00,0.0,0.0,0.0,0.0
2026-03-27 06:00:00+00:00,0.0,0.0,0.0,0.0
2026-03-27 07:00:00+00:00,0.0,0.0,0.0,0.0
2026-03-27 08:00:00+00:00,0.0,0.0,0.0,0.0
2026-03-27 09:00:00+00:00,0.0,0.0,0.0,0.0
2026-03-27 10:00:00+00:00,0.0,0.0,0.0,0.0
2026-03-27 11:00:00+00:00,0.0,0.0,0.0,0.0
2026-03-27 12:00:00+00:00,0.0,0.0,0.0,0.0
2026-03-27 13:00:00+00:00,0.0,0.0,0.0,0.0
2026-03-27 14:00:00+00:00,0.0,0.0,0.0,0.0
2026-03-27 15:00:00+00:00,0.0,0.0,0.0,0.0
2026-03-27 16:00:00+00:00,0.0,0.0,0.0,0.0
2026-03-27 17:00:00+00:00,0.0,0.0,0.0,0.0
2026-03-27 18:00:00+00:00,0.0,0.0,0.0,0.0
2026-03-27 19:00:00+00:00,0.0,0.0,0.0,0.0
2026-03-27 20:00:00+00:00,0.0,0.0,0.0,0.0
2026-03-27 21:00:00+00:00,0.0,0.0,0.0,0.0
2026-03-27 22:00:00+00:00,0.0,0.0,0.0,0.0
2026-03-27 23:00:00+00:00,0.0,0.0,0.0,0.0
2026-03-28 00:00:00+00:00,0.0,0.0,0.0,0.0
2026-03-28 01:00:00+00:00,0.0,0.0,0.0,0.0
2026-03-28 02:00:00+00:00,0.0,0.0,0.0,0.0
2026-03-28 03:00:00+00:00,0.0,0.0,0.0,0.0
2026-03-28 04:00:00+00:00,0.0,0.0,0.0,0.0
2026-03-28 05:00:00+00:00,0.0,0.0,0.0,0.0
2026-03-28 06:00:00+00:00,0.0,0.0,0.0,0.0
2026-03-28 07:00:00+00:00,0.0,0.0,0.0,0.0
2026-03-28 08:00:00+00:00,0.0,0.0,0.0,0.0
2026-03-28 09:00:00+00:00,0.0,0.0,0.0,0.0
2026-03-28 10:00:00+00:00,0.0,0.0,0.0,0.0
2026-03-28 11:00:00+00:00,0.0,0.0,0.0,0.0
2026-03-28 12:00:00+00:00,0.0,0.0,0.0,0.0
2026-03-28 13:00:00+00:00,0.0,0.0,0.0,0.0
2026-03-28 14:00:00+00:00,0.0,0.0,0.0,0.0
2026-03-28 15:00:00+00:00,0.0,0.0,0.0,0.0
2026-03-28 16:00:00+00:00,0.0,0.0,0.0,0.0
2026-03-28 17:00:00+00:00,0.0,0.0,0.0,0.0
2026-03-28 18:00:00+00:00,0.0,0.0,0.0,0.0
2026-03-28 19:00:00+00:00,0.0,0.0,0.0,0.0
2026-03-28 20:00:00+00:00,0.0,0.0,0.0,0.0
2026-03-28 21:00:00+00:00,0.0,0.0,0.0,0.0
2026-03-28 22:00:00+00:00,0.0,0.0,0.0,0.0
2026-03-28 23:00:00+00:00,0.0,0.0,0.0,0.0
2026-03-29 00:00:00+00:00,0.0,0.0,0.0,0.0
2026-03-29 01:00:00+00:00,0.0,0.0,0.0,0.0
2026-03-29 02:00:00+00:00,0.0,0.0,0.0,0.0
2026-03-29 03:00:00+00:00,0.0,0.0,0.0,3.220328854686706e-05
2026-03-29 04:00:00+00:00,0.0,0.0,0.0,0.0
2026-03-29 05:00:00+00:00,0.0,0.0,0.0,0.0
2026-03-29 06:00:00+00:00,0.0,0.0,0.0,0.0
2026-03-29 07:00:00+00:00,0.0,0.0,0.0,0.0
2026-03-29 08:00:00+00:00,0.0,0.0,0.0,0.0
2026-03-29 09:00:00+00:00,0.0,0.0,0.0,0.0
2026-03-29 10:00:00+00:00,0.0,0.0,0.0,-5.150545873011891e-05
2026-03-29 11:00:00+00:00,0.0,0.0,0.0,0.0
2026-03-29 12:00:00+00:00,0.0,0.0,0.0,0.0
2026-03-29 13:00:00+00:00,0.0,0.0,0.0,-4.002608232056448e-05
2026-03-29 14:00:00+00:00,0.0,0.0,0.0,0.0
2026-03-29 15:00:00+00:00,0.0,0.0,-3.635612063377146e-05,0.0
2026-03-29 16:00:00+00:00,0.0,0.0,0.0,0.0
2026-03-29 17:00:00+00:00,0.0,0.0,0.0,0.0
2026-03-29 18:00:00+00:00,0.0,0.0,0.0,0.0
2026-03-29 19:00:00+00:00,0.0,0.0,0.0,0.0
2026-03-29 20:00:00+00:00,0.0,0.0,3.9400652683850856e-05,0.0
2026-03-29 21:00:00+00:00,0.0,0.0,0.0,0.0
2026-03-29 22:00:00+00:00,0.0,0.0,0.0,0.0
2026-03-29 23:00:00+00:00,0.0,0.0,0.0,0.0
2026-03-30 00:00:00+00:00,0.0,0.0,0.0,8.508788923288769e-05
2026-03-30 01:00:00+00:00,0.0,0.0,0.0,0.0
2026-03-30 02:00:00+00:00,0.0,0.0,0.0,0.0
2026-03-30 03:00:00+00:00,0.0,0.0,0.0,0.0
2026-03-30 04:00:00+00:00,0.0,0.0,0.0,0.0
2026-03-30 05:00:00+00:00,0.0,0.0,0.0,0.0
2026-03-30 06:00:00+00:00,0.0,0.0,0.0,0.0
2026-03-30 07:00:00+00:00,0.0,0.0,0.0,0.0
2026-03-30 08:00:00+00:00,0.0,0.0,0.0,0.0
2026-03-30 09:00:00+00:00,0.0,0.0,0.0,0.0
2026-03-30 10:00:00+00:00,0.0,0.0,0.0,4.475483756874455e-05
2026-03-30 11:00:00+00:00,0.0,0.0,0.0,0.0
2026-03-30 12:00:00+00:00,0.0,0.0,0.0,0.0
2026-03-30 13:00:00+00:00,0.0,0.0,-3.3104705050502885e-05,0.0
2026-03-30 14:00:00+00:00,0.0,0.0,0.0,0.0
2026-03-30 15:00:00+00:00,0.0,0.0,0.0,0.0
2026-03-30 16:00:00+00:00,0.0,0.0,0.0,0.0
2026-03-30 17:00:00+00:00,0.0,0.0,0.0,0.0
2026-03-30 18:00:00+00:00,0.0,0.0,0.0,0.0
2026-03-30 19:00:00+00:00,0.0,0.0,0.0,0.0
2026-03-30 20:00:00+00:00,0.0,0.0,0.0,0.0
2026-03-30 21:00:00+00:00,0.0,0.0,0.0,0.0
2026-03-30 22:00:00+00:00,0.0,0.0,0.0,0.0
2026-03-30 23:00:00+00:00,0.0,0.0,0.0,0.0
2026-03-31 00:00:00+00:00,0.0,0.0,0.0,0.0
2026-03-31 01:00:00+00:00,0.0,0.0,0.0,0.0
2026-03-31 02:00:00+00:00,0.0,0.0,0.0,0.0
2026-03-31 03:00:00+00:00,0.0,0.0,0.0,0.0
2026-03-31 04:00:00+00:00,0.0,0.0,0.0,0.0
2026-03-31 05:00:00+00:00,0.0,0.0,0.0,0.0
2026-03-31 06:00:00+00:00,0.0,0.0,0.0,0.0
2026-03-31 07:00:00+00:00,0.0,0.0,0.0,0.0
2026-03-31 08:00:00+00:00,0.0,0.0,0.0,0.0
2026-03-31 09:00:00+00:00,0.0,0.0,0.0,0.0
2026-03-31 10:00:00+00:00,0.0,0.0,0.0,0.0
2026-03-31 11:00:00+00:00,0.0,0.0,0.0,0.0
2026-03-31 12:00:00+00:00,0.0,0.0,0.0,0.0
2026-03-31 13:00:00+00:00,0.0,0.0,0.0,0.0
2026-03-31 14:00:00+00:00,0.0,0.0,0.0,0.0
2026-03-31 15:00:00+00:00,0.0,0.0,0.0,0.0
2026-03-31 16:00:00+00:00,0.0,0.0,0.0,0.0
2026-03-31 17:00:00+00:00,0.0,0.0,0.0,0.0
2026-03-31 18:00:00+00:00,0.0,0.0,0.0,0.0
2026-03-31 19:00:00+00:00,0.0,0.0,0.0,0.0
2026-03-31 20:00:00+00:00,0.0,0.0,0.0,0.0
2026-03-31 21:00:00+00:00,0.0,0.0,0.0,0.0
2026-03-31 22:00:00+00:00,0.0,0.0,0.0,0.0
2026-03-31 23:00:00+00:00,0.0,0.0,0.0,0.0
2026-04-01 00:00:00+00:00,0.0,0.0,0.0,0.0
2026-04-01 01:00:00+00:00,0.0,0.0,0.0,0.0
2026-04-01 02:00:00+00:00,0.0,0.0,0.0,0.0
2026-04-01 03:00:00+00:00,0.0,0.0,0.0,0.0
2026-04-01 04:00:00+00:00,0.0,0.0,0.0,0.0
2026-04-01 05:00:00+00:00,0.0,0.0,0.0,0.0
2026-04-01 06:00:00+00:00,0.0,0.0,0.0,0.0
2026-04-01 07:00:00+00:00,0.0,0.0,0.0,0.0
2026-04-01 08:00:00+00:00,0.0,0.0,0.0,0.0
2026-04-01 09:00:00+00:00,0.0,0.0,-4.36492590085713e-05,0.0
2026-04-01 10:00:00+00:00,0.0,0.0,0.0,0.0
2026-04-01 11:00:00+00:00,0.0,0.0,0.0,0.0
2026-04-01 12:00:00+00:00,0.0,0.0,-2.6753860868440328e-05,0.0
2026-04-01 13:00:00+00:00,0.0,0.0,0.0,-7.005419264611734e-05
2026-04-01 14:00:00+00:00,0.0,0.0,0.0,0.0
2026-04-01 15:00:00+00:00,0.0,0.0,0.0,0.0
2026-04-01 16:00:00+00:00,0.0,0.0,0.0,0.0
2026-04-01 17:00:00+00:00,0.0,0.0,0.0,0.0
2026-04-01 18:00:00+00:00,0.0,0.0,0.0,0.0
2026-04-01 19:00:00+00:00,0.0,0.0,0.0,0.0
2026-04-01 20:00:00+00:00,0.0,0.0,0.0,0.0
2026-04-01 21:00:00+00:00,0.0,0.0,0.0,0.0
2026-04-01 22:00:00+00:00,0.0,0.0,0.0,0.0
2026-04-01 23:00:00+00:00,0.0,0.0,0.0,0.0
2026-04-02 00:00:00+00:00,0.0,0.0,0.0,0.0
2026-04-02 01:00:00+00:00,0.0,0.0,0.0,0.0
2026-04-02 02:00:00+00:00,0.0,0.0,0.0,0.0
2026-04-02 03:00:00+00:00,0.0,0.0,0.0,0.0
2026-04-02 04:00:00+00:00,0.0,0.0,0.0,0.0
2026-04-02 05:00:00+00:00,0.0,0.0,0.0,0.0
2026-04-02 06:00:00+00:00,0.0,0.0,0.0,0.0
2026-04-02 07:00:00+00:00,0.0,0.0,0.0,0.0
2026-04-02 08:00:00+00:00,0.0,0.0,0.0,0.0
2026-04-02 09:00:00+00:00,0.0,0.0,0.0,0.0
2026-04-02 10:00:00+00:00,0.0,0.0,0.0,0.0
2026-04-02 11:00:00+00:00,0.0,0.0,0.0,0.0
2026-04-02 12:00:00+00:00,0.0,0.0,0.0,0.0
2026-04-02 13:00:00+00:00,0.0,0.0,0.0,0.0
2026-04-02 14:00:00+00:00,0.0,0.0,0.0,0.0
2026-04-02 15:00:00+00:00,0.0,0.0,0.0,0.0
2026-04-02 16:00:00+00:00,0.0,0.0,0.0,0.0
2026-04-02 17:00:00+00:00,0.0,0.0,0.0,0.0
2026-04-02 18:00:00+00:00,0.0,0.0,0.0,0.0
2026-04-02 19:00:00+00:00,0.0,0.0,0.0,0.0
2026-04-02 20:00:00+00:00,0.0,0.0,0.0,0.0
2026-04-02 21:00:00+00:00,0.0,0.0,0.0,0.0
2026-04-02 22:00:00+00:00,0.0,0.0,0.0,0.0
2026-04-02 23:00:00+00:00,0.0,0.0,0.0,0.0
2026-04-03 00:00:00+00:00,0.0,0.0,0.0,0.0
2026-04-03 01:00:00+00:00,0.0,0.0,0.0,0.0
2026-04-03 02:00:00+00:00,0.0,0.0,0.0,0.0
2026-04-03 03:00:00+00:00,0.0,0.0,0.0,0.0
2026-04-03 04:00:00+00:00,0.0,0.0,0.0,0.0
2026-04-03 05:00:00+00:00,0.0,0.0,0.0,0.0
2026-04-03 06:00:00+00:00,0.0,0.0,0.0,0.0
2026-04-03 07:00:00+00:00,0.0,0.0,0.0,0.0
2026-04-03 08:00:00+00:00,0.0,0.0,0.0,0.0
2026-04-03 09:00:00+00:00,0.0,0.0,0.0,0.0
2026-04-03 10:00:00+00:00,0.0,0.0,0.0,0.0
2026-04-03 11:00:00+00:00,0.0,0.0,0.0,0.0
2026-04-03 12:00:00+00:00,0.0,0.0,0.0,0.0
2026-04-03 13:00:00+00:00,0.0,0.0,0.0,0.0
2026-04-03 14:00:00+00:00,0.0,0.0,0.0,0.0
2026-04-03 15:00:00+00:00,0.0,0.0,0.0,0.0
2026-04-03 16:00:00+00:00,0.0,0.0,0.0,0.0
2026-04-03 17:00:00+00:00,0.0,0.0,0.0,0.0
2026-04-03 18:00:00+00:00,0.0,0.0,0.0,0.0
2026-04-03 19:00:00+00:00,0.0,0.0,0.0,0.0
2026-04-03 20:00:00+00:00,0.0,0.0,0.0,0.0
2026-04-03 21:00:00+00:00,0.0,0.0,0.0,0.0
2026-04-03 22:00:00+00:00,0.0,0.0,0.0,0.0
2026-04-03 23:00:00+00:00,0.0,0.0,0.0,0.0
2026-04-04 00:00:00+00:00,0.0,0.0,0.0,0.0
2026-04-04 01:00:00+00:00,0.0,0.0,0.0,0.0
2026-04-04 02:00:00+00:00,0.0,0.0,0.0,0.0
2026-04-04 03:00:00+00:00,0.0,0.0,0.0,0.0
2026-04-04 04:00:00+00:00,0.0,0.0,0.0,0.0
2026-04-04 05:00:00+00:00,0.0,0.0,0.0,0.0
2026-04-04 06:00:00+00:00,0.0,0.0,0.0,0.0
2026-04-04 07:00:00+00:00,0.0,0.0,0.0,0.0
2026-04-04 08:00:00+00:00,0.0,0.0,0.0,0.0
2026-04-04 09:00:00+00:00,0.0,0.0,0.0,0.0
2026-04-04 10:00:00+00:00,0.0,0.0,0.0,0.0
2026-04-04 11:00:00+00:00,0.0,0.0,0.0,0.0
2026-04-04 12:00:00+00:00,0.0,0.0,0.0,0.0
2026-04-04 13:00:00+00:00,0.0,0.0,0.0,0.0
2026-04-04 14:00:00+00:00,0.0,0.0,0.0,0.0
2026-04-04 15:00:00+00:00,0.0,0.0,0.0,0.0
2026-04-04 16:00:00+00:00,0.0,0.0,0.0,0.0
2026-04-04 17:00:00+00:00,0.0,0.0,0.0,0.0
2026-04-04 18:00:00+00:00,0.0,0.0,0.0,0.0
2026-04-04 19:00:00+00:00,0.0,0.0,0.0,0.0
2026-04-04 20:00:00+00:00,0.0,0.0,0.0,0.0
2026-04-04 21:00:00+00:00,0.0,0.0,0.0,0.0
2026-04-04 22:00:00+00:00,0.0,0.0,0.0,0.0
2026-04-04 23:00:00+00:00,0.0,0.0,0.0,0.0
2026-04-05 00:00:00+00:00,0.0,0.0,0.0,0.0
2026-04-05 01:00:00+00:00,0.0,-0.0132749999999999,0.0,0.0
2026-04-05 02:00:00+00:00,0.0,0.0,-2.117984646344161e-05,0.0
2026-04-05 03:00:00+00:00,0.0,0.0,0.0,0.0
2026-04-05 04:00:00+00:00,0.0,0.0,0.0,0.0
2026-04-05 05:00:00+00:00,0.0,-0.013688,-1.856536314680856e-05,-4.916024615692404e-05
2026-04-05 06:00:00+00:00,0.0,0.0,0.0,0.0
2026-04-05 07:00:00+00:00,0.0,0.0,0.0,0.0
2026-04-05 08:00:00+00:00,0.0,0.0,0.0,0.0
2026-04-05 09:00:00+00:00,0.0,0.0,0.0,0.0
2026-04-05 10:00:00+00:00,0.0,0.0,3.4683050027656266e-05,2.5746440022124125e-05
2026-04-05 11:00:00+00:00,0.0,0.0,0.0,0.0
2026-04-05 12:00:00+00:00,0.0,-0.013448,0.0,0.0
2026-04-05 13:00:00+00:00,0.0,0.0,0.0,0.0
2026-04-05 14:00:00+00:00,0.0,0.0,0.0,0.0
2026-04-05 15:00:00+00:00,0.0,0.0,6.152132305575654e-05,4.7217058444605226e-05
2026-04-05 16:00:00+00:00,0.0,0.0,0.0,0.0
2026-04-05 17:00:00+00:00,0.0,0.0,0.0,0.0
2026-04-05 18:00:00+00:00,0.0,0.0,0.0,0.0
2026-04-05 19:00:00+00:00,0.0,0.0,0.0,0.0
2026-04-05 20:00:00+00:00,0.0,0.0,0.0,0.0
2026-04-05 21:00:00+00:00,0.0,0.0,0.0,0.0
2026-04-05 22:00:00+00:00,0.0,0.012384,0.0,0.0
2026-04-05 23:00:00+00:00,0.0,0.0,0.0,0.0
2026-04-06 00:00:00+00:00,0.0,0.0,0.0,0.0
2026-04-06 01:00:00+00:00,0.0,0.0,0.0,0.0
2026-04-06 02:00:00+00:00,0.0,0.0,0.0,0.0
2026-04-06 03:00:00+00:00,0.0,0.0,0.0,0.0
2026-04-06 04:00:00+00:00,0.0,0.0,0.0,0.0
2026-04-06 05:00:00+00:00,0.0,0.0,0.0,0.0
2026-04-06 06:00:00+00:00,0.0,0.0,0.0,0.0
2026-04-06 07:00:00+00:00,0.0,0.0,0.0,0.0
2026-04-06 08:00:00+00:00,0.0,0.0,0.0,0.0
2026-04-06 09:00:00+00:00,0.0,0.0,7.557363999113665e-05,0.0
2026-04-06 10:00:00+00:00,0.0,0.0,0.0,0.0
2026-04-06 11:00:00+00:00,0.0,0.0,0.0,0.0
2026-04-06 12:00:00+00:00,0.0,0.0,0.0,-5.1599589972205473e-05
2026-04-06 13:00:00+00:00,0.0,0.0,0.0,0.0
2026-04-06 14:00:00+00:00,0.0,0.0,-3.267881523121074e-05,0.0
2026-04-06 15:00:00+00:00,0.0,0.0,0.0,0.0
2026-04-06 16:00:00+00:00,0.0,0.0131919999999999,0.0,0.0
2026-04-06 17:00:00+00:00,0.0,0.0,0.0,0.0
2026-04-06 18:00:00+00:00,0.0,0.0,0.0,0.0
2026-04-06 19:00:00+00:00,0.0,0.0,-4.493326629366411e-05,0.0
2026-04-06 20:00:00+00:00,0.0,0.0,0.0,0.0
2026-04-06 21:00:00+00:00,0.0,0.0,0.0,0.0
2026-04-06 22:00:00+00:00,0.0,0.0,0.0,0.0
2026-04-06 23:00:00+00:00,0.0,0.0,0.0,0.0
2026-04-07 00:00:00+00:00,0.0,0.0,0.0,0.0
2026-04-07 01:00:00+00:00,0.0,0.0,0.0,0.0
2026-04-07 02:00:00+00:00,0.0,0.0,0.0,-8.05580604777556e-05
2026-04-07 03:00:00+00:00,0.0,0.0,0.0,0.0
2026-04-07 04:00:00+00:00,0.0,0.0,0.0,0.0
2026-04-07 05:00:00+00:00,0.0,0.0,0.0,0.0
2026-04-07 06:00:00+00:00,0.0,0.0,0.0,0.0
2026-04-07 07:00:00+00:00,0.0,0.0,0.0,0.0
2026-04-07 08:00:00+00:00,0.0,0.0,0.0,0.0
2026-04-07 09:00:00+00:00,0.0,0.0,0.0,0.0
2026-04-07 10:00:00+00:00,0.0,0.0,0.0,0.0
2026-04-07 11:00:00+00:00,0.0,0.0,0.0,0.0
2026-04-07 12:00:00+00:00,0.0,0.0,0.0,0.0
2026-04-07 13:00:00+00:00,0.0,0.0,0.0,0.0
2026-04-07 14:00:00+00:00,0.0,0.0,0.0,0.0
2026-04-07 15:00:00+00:00,0.0,0.0,0.0,0.0
2026-04-07 16:00:00+00:00,0.0,0.0,0.0,0.0
2026-04-07 17:00:00+00:00,0.0,0.0,0.0,0.0
2026-04-07 18:00:00+00:00,0.0,0.0,0.0,1.998332452347263e-05
2026-04-07 19:00:00+00:00,0.0,0.0,0.0,0.0
2026-04-07 20:00:00+00:00,0.0,0.0,0.0,0.0
2026-04-07 21:00:00+00:00,0.0,0.0,0.0,0.0
2026-04-07 22:00:00+00:00,0.0,0.0,0.0,0.0
2026-04-07 23:00:00+00:00,0.0,0.0,0.0,0.0
2026-04-08 00:00:00+00:00,0.0,0.0,0.0,0.0
2026-04-08 01:00:00+00:00,0.0,0.0,0.0,0.0
2026-04-08 02:00:00+00:00,0.0,0.0,0.0,0.0
2026-04-08 03:00:00+00:00,0.0,0.0,0.0,0.0
2026-04-08 04:00:00+00:00,0.0,0.0,0.0,0.0
2026-04-08 05:00:00+00:00,0.0,0.0,0.0,0.0
2026-04-08 06:00:00+00:00,0.0,0.0,0.0,0.0
2026-04-08 07:00:00+00:00,0.0,0.0,0.0,0.0
2026-04-08 08:00:00+00:00,0.0,0.0,0.0,0.0
2026-04-08 09:00:00+00:00,0.0,0.0,0.0,0.0
2026-04-08 10:00:00+00:00,0.0,0.0,0.0,0.0
2026-04-08 11:00:00+00:00,0.0,0.0,0.0,0.0
2026-04-08 12:00:00+00:00,0.0,0.0,0.0,4.5567399119806906e-05
2026-04-08 13:00:00+00:00,0.0,0.0,-5.162853925833932e-05,0.0
2026-04-08 14:00:00+00:00,0.0,0.0,0.0,0.0
2026-04-08 15:00:00+00:00,0.0,0.0,0.0,0.0
2026-04-08 16:00:00+00:00,0.0,0.0,0.0,0.0
2026-04-08 17:00:00+00:00,0.0,0.0,0.0,0.0
2026-04-08 18:00:00+00:00,0.0,0.0,-4.292543601389975e-05,0.0
2026-04-08 19:00:00+00:00,0.0,0.0,0.0,0.0
2026-04-08 20:00:00+00:00,0.0,0.0,0.0,0.0
2026-04-08 21:00:00+00:00,0.0,0.0,0.0,0.0
2026-04-08 22:00:00+00:00,0.0,0.0,0.0,1.142911132646086e-05
2026-04-08 23:00:00+00:00,0.0,0.0,0.0,0.0
2026-04-09 00:00:00+00:00,0.0,0.0,0.0,0.0
2026-04-09 01:00:00+00:00,0.0,0.0,0.0,0.0
2026-04-09 02:00:00+00:00,0.0,0.0,0.0,0.0
2026-04-09 03:00:00+00:00,0.0,0.0,0.0,0.0
2026-04-09 04:00:00+00:00,0.0,0.0,0.0,0.0
2026-04-09 05:00:00+00:00,0.0,0.0,0.0,0.0
2026-04-09 06:00:00+00:00,0.0,0.0,0.0,0.0
2026-04-09 07:00:00+00:00,0.0,0.0,0.0,0.0
2026-04-09 08:00:00+00:00,0.0,0.0,0.0,0.0
2026-04-09 09:00:00+00:00,0.0,0.0,0.0,0.0
2026-04-09 10:00:00+00:00,0.0,0.0,0.0,0.0
2026-04-09 11:00:00+00:00,0.0,0.0,0.0,0.0
2026-04-09 12:00:00+00:00,0.0,0.0,0.0,0.0
2026-04-09 13:00:00+00:00,0.0,0.0,0.0,0.0
2026-04-09 14:00:00+00:00,0.0,0.0,0.0,0.0
2026-04-09 15:00:00+00:00,0.0,0.0,0.0,0.0
2026-04-09 16:00:00+00:00,0.0,0.0,0.0,0.0
2026-04-09 17:00:00+00:00,0.0,0.0,0.0,0.0
2026-04-09 18:00:00+00:00,0.0,0.0,0.0,0.0
2026-04-09 19:00:00+00:00,0.0,0.0,0.0,0.0
2026-04-09 20:00:00+00:00,0.0,0.0,0.0,0.0
2026-04-09 21:00:00+00:00,0.0,0.0,0.0,0.0
2026-04-09 22:00:00+00:00,0.0,0.0,0.0,0.0
2026-04-09 23:00:00+00:00,0.0,0.0,0.0,0.0
2026-04-10 00:00:00+00:00,0.0,0.0,0.0,0.0
2026-04-10 01:00:00+00:00,0.0,0.0,0.0,0.0
2026-04-10 02:00:00+00:00,0.0,0.0,0.0,0.0
2026-04-10 03:00:00+00:00,0.0,0.0,0.0,0.0
2026-04-10 04:00:00+00:00,0.0,0.0,0.0,0.0
2026-04-10 05:00:00+00:00,0.0,0.0,0.0,0.0
2026-04-10 06:00:00+00:00,0.0,0.0,0.0,0.0
2026-04-10 07:00:00+00:00,0.0,0.0,0.0,0.0
2026-04-10 08:00:00+00:00,0.0,0.0,0.0,0.0
2026-04-10 09:00:00+00:00,0.0,0.0,0.0,0.0
2026-04-10 10:00:00+00:00,0.0,0.0,0.0,0.0
2026-04-10 11:00:00+00:00,0.0,0.0,0.0,0.0
2026-04-10 12:00:00+00:00,0.0,0.0,0.0,0.0
2026-04-10 13:00:00+00:00,0.0,0.0,0.0,0.0
2026-04-10 14:00:00+00:00,0.0,0.0,0.0,0.0
2026-04-10 15:00:00+00:00,0.0,0.0,0.0,0.0
2026-04-10 16:00:00+00:00,0.0,0.0,0.0,0.0
2026-04-10 17:00:00+00:00,0.0,0.0,0.0,0.0
2026-04-10 18:00:00+00:00,0.0,0.0,0.0,0.0
2026-04-10 19:00:00+00:00,0.0,0.0,0.0,0.0
2026-04-10 20:00:00+00:00,0.0,0.0,0.0,0.0
2026-04-10 21:00:00+00:00,0.0,0.0,0.0,0.0
2026-04-10 22:00:00+00:00,0.0,0.0,0.0,0.0
2026-04-10 23:00:00+00:00,0.0,0.0,0.0,0.0
2026-04-11 00:00:00+00:00,0.0,0.0,0.0,0.0
2026-04-11 01:00:00+00:00,0.0,0.0,0.0,0.0
2026-04-11 02:00:00+00:00,0.0,0.0,0.0,0.0
2026-04-11 03:00:00+00:00,0.0,0.0,0.0,0.0
2026-04-11 04:00:00+00:00,0.0,0.0,0.0,0.0
2026-04-11 05:00:00+00:00,0.0,0.0,0.0,0.0
2026-04-11 06:00:00+00:00,0.0,0.0,0.0,0.0
2026-04-11 07:00:00+00:00,0.0,0.0,0.0,0.0
2026-04-11 08:00:00+00:00,0.0,0.0,0.0,0.0
2026-04-11 09:00:00+00:00,0.0,0.0,0.0,0.0
2026-04-11 10:00:00+00:00,0.0,0.0,0.0,0.0
2026-04-11 11:00:00+00:00,0.0,0.0,0.0,0.0
2026-04-11 12:00:00+00:00,0.0,0.0,0.0,0.0
2026-04-11 13:00:00+00:00,0.0,0.0,0.0,0.0
2026-04-11 14:00:00+00:00,0.0,0.0,0.0,0.0
2026-04-11 15:00:00+00:00,0.0,0.0,0.0,0.0
2026-04-11 16:00:00+00:00,0.0,0.0,0.0,0.0
2026-04-11 17:00:00+00:00,0.0,0.0,0.0,0.0
2026-04-11 18:00:00+00:00,0.0,0.0,0.0,0.0
2026-04-11 19:00:00+00:00,0.0,0.0,0.0,0.0
2026-04-11 20:00:00+00:00,0.0,0.0,0.0,0.0
2026-04-11 21:00:00+00:00,0.0,0.0,0.0,0.0
2026-04-11 22:00:00+00:00,0.0,0.0,0.0,0.0
2026-04-11 23:00:00+00:00,0.0,0.0,0.0,0.0
2026-04-12 00:00:00+00:00,0.0,0.0,0.0,0.0
2026-04-12 01:00:00+00:00,0.0,0.0,0.0,0.0
2026-04-12 02:00:00+00:00,0.0,0.0,0.0,0.0
2026-04-12 03:00:00+00:00,0.0,0.0,0.0,0.0
2026-04-12 04:00:00+00:00,0.0,0.0,0.0,0.0
2026-04-12 05:00:00+00:00,0.0,0.0,0.0,0.0
2026-04-12 06:00:00+00:00,0.0,0.0,0.0,0.0
2026-04-12 07:00:00+00:00,0.0,0.0,0.0,0.0
2026-04-12 08:00:00+00:00,0.0,0.0,0.0,0.0
2026-04-12 09:00:00+00:00,0.0,0.0,-2.559802405487476e-05,-2.559802405487476e-05
2026-04-12 10:00:00+00:00,0.0,0.0,0.0,0.0
2026-04-12 11:00:00+00:00,0.0,0.0,0.0,0.0
2026-04-12 12:00:00+00:00,0.0,0.0,0.0,0.0
2026-04-12 13:00:00+00:00,0.0,0.0,0.0,0.0
2026-04-12 14:00:00+00:00,0.0,0.0,0.0,0.0
2026-04-12 15:00:00+00:00,0.0,0.0,0.0,0.0
2026-04-12 16:00:00+00:00,0.0,0.0,0.0,0.0
2026-04-12 17:00:00+00:00,0.0,0.0,0.0,0.0
2026-04-12 18:00:00+00:00,0.0,0.0,0.0,0.0
2026-04-12 19:00:00+00:00,0.0,0.0,0.0,0.0
2026-04-12 20:00:00+00:00,0.0,0.0,0.0,0.0
2026-04-12 21:00:00+00:00,0.0,0.0,0.0,0.0
2026-04-12 22:00:00+00:00,0.0,0.0,0.0,0.0
2026-04-12 23:00:00+00:00,0.0,0.0,0.0,0.0
2026-04-13 00:00:00+00:00,0.0,0.0,0.0,0.0
2026-04-13 01:00:00+00:00,0.0,0.0,0.0,0.0
2026-04-13 02:00:00+00:00,0.0,0.0,0.0,0.0
2026-04-13 03:00:00+00:00,0.0,0.0,0.0,0.0
2026-04-13 04:00:00+00:00,0.0,0.0,0.0,0.0
2026-04-13 05:00:00+00:00,0.0,0.0,0.0,-5.813126309038629e-05
2026-04-13 06:00:00+00:00,0.0,0.0,0.0,0.0
2026-04-13 07:00:00+00:00,0.0,0.0,0.0,0.0
2026-04-13 08:00:00+00:00,0.0,0.0,0.0,0.0
2026-04-13 09:00:00+00:00,0.0,0.0,0.0,0.0
2026-04-13 10:00:00+00:00,0.0,0.0,0.0,0.0
2026-04-13 11:00:00+00:00,0.0,0.0,0.0,0.0
2026-04-13 12:00:00+00:00,0.0,0.0,0.0,0.0
2026-04-13 13:00:00+00:00,0.0,0.0,0.0,5.484491458454312e-05
2026-04-13 14:00:00+00:00,0.0,0.0,0.0,0.0
2026-04-13 15:00:00+00:00,0.0,0.0,0.0,0.0
2026-04-13 16:00:00+00:00,0.0,0.0,0.0,0.0
2026-04-13 17:00:00+00:00,0.0,0.0,0.0,0.0
2026-04-13 18:00:00+00:00,0.0,0.0,0.0,0.0
2026-04-13 19:00:00+00:00,0.0,0.0,0.0,0.0
2026-04-13 20:00:00+00:00,0.0,0.0,0.0,0.0
2026-04-13 21:00:00+00:00,0.0,0.0,0.0,0.0
2026-04-13 22:00:00+00:00,0.0,0.0,0.0,0.0
2026-04-13 23:00:00+00:00,0.0,0.0,0.0,0.0
2026-04-14 00:00:00+00:00,0.0,0.0,0.0,0.0
2026-04-14 01:00:00+00:00,0.0,0.0,0.0,0.0
2026-04-14 02:00:00+00:00,0.0,0.0,0.0,0.0
2026-04-14 03:00:00+00:00,0.0,0.0,0.0,0.0
2026-04-14 04:00:00+00:00,0.0,0.0,0.0,0.0
2026-04-14 05:00:00+00:00,0.0,0.0,0.0,0.0
2026-04-14 06:00:00+00:00,0.0,0.0,0.0,0.0
2026-04-14 07:00:00+00:00,0.0,0.0,0.0,0.0
2026-04-14 08:00:00+00:00,0.0,0.0,0.0,0.0
2026-04-14 09:00:00+00:00,0.0,0.0,0.0,0.0
2026-04-14 10:00:00+00:00,0.0,0.0,0.0,0.0
2026-04-14 11:00:00+00:00,0.0,0.0,0.0,0.0
2026-04-14 12:00:00+00:00,0.0,0.0,-1.9632072057149667e-05,0.0
2026-04-14 13:00:00+00:00,0.0,0.0,0.0,0.0
2026-04-14 14:00:00+00:00,0.0,0.0,0.0,0.0
2026-04-14 15:00:00+00:00,0.0,0.0,0.0,0.0
2026-04-14 16:00:00+00:00,0.0,0.0,0.0,0.0
2026-04-14 17:00:00+00:00,0.0,0.0,0.0,0.0
2026-04-14 18:00:00+00:00,0.0,0.0,-8.775926228564046e-05,0.0
2026-04-14 19:00:00+00:00,0.0,0.0,0.0,0.0
2026-04-14 20:00:00+00:00,0.0,0.0,0.0,0.0
2026-04-14 21:00:00+00:00,0.0,0.0,0.0,0.0
2026-04-14 22:00:00+00:00,0.0,0.0,0.0,0.0
2026-04-14 23:00:00+00:00,0.0,0.0,0.0,0.0
2026-04-15 00:00:00+00:00,0.0,0.0,0.0,0.0
2026-04-15 01:00:00+00:00,0.0,0.0,0.0,0.0
2026-04-15 02:00:00+00:00,0.0,0.0,0.0,0.0
2026-04-15 03:00:00+00:00,0.0,0.0,0.0,0.0
2026-04-15 04:00:00+00:00,0.0,0.0,0.0,0.0
2026-04-15 05:00:00+00:00,0.0,0.0,0.0,0.0
2026-04-15 06:00:00+00:00,0.0,0.0,0.0,0.0
2026-04-15 07:00:00+00:00,0.0,0.0,0.0,0.0
2026-04-15 08:00:00+00:00,0.0,0.0,0.0,0.0
2026-04-15 09:00:00+00:00,0.0,0.0,0.0,0.0
2026-04-15 10:00:00+00:00,0.0,0.0,0.0,0.0
2026-04-15 11:00:00+00:00,0.0,0.0,0.0,0.0
2026-04-15 12:00:00+00:00,0.0,0.0,0.0,3.329045857485392e-05
2026-04-15 13:00:00+00:00,0.0,0.0,0.0,0.0
2026-04-15 14:00:00+00:00,0.0,0.0,0.0,0.0
2026-04-15 15:00:00+00:00,0.0,0.0,-5.167211241316915e-05,0.0
2026-04-15 16:00:00+00:00,0.0,0.0,0.0,0.0
2026-04-15 17:00:00+00:00,0.0,0.0,0.0,0.0
2026-04-15 18:00:00+00:00,0.0,0.0,0.0,0.0
2026-04-15 19:00:00+00:00,0.0,0.0,5.606600530519202e-05,9.95331320975168e-05
2026-04-15 20:00:00+00:00,0.0,0.0,0.0,0.0
2026-04-15 21:00:00+00:00,0.0,0.0,0.0,0.0
2026-04-15 22:00:00+00:00,0.0,0.0,0.0,0.0
2026-04-15 23:00:00+00:00,0.0,0.0,0.0,0.0
2026-04-16 00:00:00+00:00,0.0,0.0,0.0,0.0
2026-04-16 01:00:00+00:00,0.0,0.0,0.0,0.0
2026-04-16 02:00:00+00:00,0.0,0.0,0.0,0.0
2026-04-16 03:00:00+00:00,0.0,0.0,0.0,0.0
2026-04-16 04:00:00+00:00,0.0,0.0,0.0,0.0
2026-04-16 05:00:00+00:00,0.0,0.0,0.0,0.0
2026-04-16 06:00:00+00:00,0.0,0.0,0.0,0.0
2026-04-16 07:00:00+00:00,0.0,0.0,0.0,0.0
2026-04-16 08:00:00+00:00,0.0,0.0,0.0,0.0
2026-04-16 09:00:00+00:00,0.0,0.0,0.0,0.0
2026-04-16 10:00:00+00:00,0.0,0.0,0.0,0.0
2026-04-16 11:00:00+00:00,0.0,0.0,0.0,0.0
2026-04-16 12:00:00+00:00,0.0,0.0,0.0,0.0
2026-04-16 13:00:00+00:00,0.0,0.0,0.0,0.0
2026-04-16 14:00:00+00:00,0.0,0.0,0.0,0.0
2026-04-16 15:00:00+00:00,0.0,0.0,0.0,0.0
2026-04-16 16:00:00+00:00,0.0,0.0,0.0,0.0
2026-04-16 17:00:00+00:00,0.0,0.0,0.0,0.0
2026-04-16 18:00:00+00:00,0.0,0.0,0.0,0.0
2026-04-16 19:00:00+00:00,0.0,0.0,0.0,0.0
2026-04-16 20:00:00+00:00,0.0,0.0,0.0,0.0
2026-04-16 21:00:00+00:00,0.0,0.0,0.0,0.0
2026-04-16 22:00:00+00:00,0.0,0.0,0.0,0.0
2026-04-16 23:00:00+00:00,0.0,0.0,0.0,0.0
2026-04-17 00:00:00+00:00,0.0,0.0,0.0,0.0
2026-04-17 01:00:00+00:00,0.0,0.0,0.0,0.0
2026-04-17 02:00:00+00:00,0.0,0.0,0.0,0.0
2026-04-17 03:00:00+00:00,0.0,0.0,0.0,0.0
2026-04-17 04:00:00+00:00,0.0,0.0,0.0,0.0
2026-04-17 05:00:00+00:00,0.0,0.0,0.0,0.0
2026-04-17 06:00:00+00:00,0.0,0.0,0.0,0.0
2026-04-17 07:00:00+00:00,0.0,0.0,0.0,0.0
2026-04-17 08:00:00+00:00,0.0,0.0,0.0,0.0
2026-04-17 09:00:00+00:00,0.0,0.0,0.0,0.0
2026-04-17 10:00:00+00:00,0.0,0.0,0.0,0.0
2026-04-17 11:00:00+00:00,0.0,0.0,0.0,0.0
2026-04-17 12:00:00+00:00,0.0,0.0,0.0,0.0
2026-04-17 13:00:00+00:00,0.0,0.0,0.0,0.0
2026-04-17 14:00:00+00:00,0.0,0.0,0.0,0.0
2026-04-17 15:00:00+00:00,0.0,0.0,0.0,0.0
2026-04-17 16:00:00+00:00,0.0,0.0,0.0,0.0
2026-04-17 17:00:00+00:00,0.0,0.0,0.0,0.0
2026-04-17 18:00:00+00:00,0.0,0.0,0.0,0.0
2026-04-17 19:00:00+00:00,0.0,0.0,0.0,0.0
2026-04-17 20:00:00+00:00,0.0,0.0,0.0,0.0
2026-04-17 21:00:00+00:00,0.0,0.0,0.0,0.0
2026-04-17 22:00:00+00:00,0.0,0.0,0.0,0.0
2026-04-17 23:00:00+00:00,0.0,0.0,0.0,0.0
2026-04-18 00:00:00+00:00,0.0,0.0,0.0,0.0
2026-04-18 01:00:00+00:00,0.0,0.0,0.0,0.0
2026-04-18 02:00:00+00:00,0.0,0.0,0.0,0.0
2026-04-18 03:00:00+00:00,0.0,0.0,0.0,0.0
2026-04-18 04:00:00+00:00,0.0,0.0,0.0,0.0
2026-04-18 05:00:00+00:00,0.0,0.0,0.0,0.0
2026-04-18 06:00:00+00:00,0.0,0.0,0.0,0.0
2026-04-18 07:00:00+00:00,0.0,0.0,0.0,0.0
2026-04-18 08:00:00+00:00,0.0,0.0,0.0,0.0
2026-04-18 09:00:00+00:00,0.0,0.0,0.0,0.0
2026-04-18 10:00:00+00:00,0.0,0.0,0.0,0.0
2026-04-18 11:00:00+00:00,0.0,0.0,0.0,0.0
2026-04-18 12:00:00+00:00,0.0,0.0,0.0,0.0
2026-04-18 13:00:00+00:00,0.0,0.0,0.0,0.0
2026-04-18 14:00:00+00:00,0.0,0.0,0.0,0.0
2026-04-18 15:00:00+00:00,0.0,0.0,0.0,0.0
2026-04-18 16:00:00+00:00,0.0,0.0,0.0,0.0
2026-04-18 17:00:00+00:00,0.0,0.0,0.0,0.0
2026-04-18 18:00:00+00:00,0.0,0.0,0.0,0.0
2026-04-18 19:00:00+00:00,0.0,0.0,0.0,0.0
2026-04-18 20:00:00+00:00,0.0,0.0,0.0,0.0
2026-04-18 21:00:00+00:00,0.0,0.0,0.0,0.0
2026-04-18 22:00:00+00:00,0.0,0.0,0.0,0.0
2026-04-18 23:00:00+00:00,0.0,0.0,0.0,0.0
2026-04-19 00:00:00+00:00,0.0,0.0,0.0,0.0
2026-04-19 01:00:00+00:00,0.0,0.0,0.0,0.0
2026-04-19 02:00:00+00:00,0.0,0.0,0.0,0.0
2026-04-19 03:00:00+00:00,0.0,0.0,0.0,0.0
2026-04-19 04:00:00+00:00,0.0,0.0,0.0,0.0
2026-04-19 05:00:00+00:00,0.0,0.0,0.0,0.0
2026-04-19 06:00:00+00:00,0.0,0.0,0.0,0.0
2026-04-19 07:00:00+00:00,0.0,0.0,0.0,-5.212408765029485e-05
2026-04-19 08:00:00+00:00,0.0,0.0,0.0,0.0
2026-04-19 09:00:00+00:00,0.0,0.0,-4.537232197696416e-05,0.0
2026-04-19 10:00:00+00:00,0.0,0.0,0.0,0.0
2026-04-19 11:00:00+00:00,0.0,0.0,0.0,4.491061787642471e-05
2026-04-19 12:00:00+00:00,0.0,0.0,0.0,0.0
2026-04-19 13:00:00+00:00,0.0,0.0,0.0,0.0
2026-04-19 14:00:00+00:00,0.0,0.0,0.0,0.0
2026-04-19 15:00:00+00:00,0.0,0.0,0.0,0.0
2026-04-19 16:00:00+00:00,0.0,0.0,-3.810892159169631e-05,0.0
2026-04-19 17:00:00+00:00,0.0,0.0,0.0,-0.0001187783145146
2026-04-19 18:00:00+00:00,0.0,0.0,0.0,0.0
2026-04-19 19:00:00+00:00,0.0,0.0,0.0,0.0
2026-04-19 20:00:00+00:00,0.0,0.0,-3.0109258302521973e-05,-5.826221992605407e-05
2026-04-19 21:00:00+00:00,0.0,0.0,0.0,0.0
2026-04-19 22:00:00+00:00,0.0,0.0,0.0,0.0
2026-04-19 23:00:00+00:00,0.0,0.0,0.0,0.0
2026-04-20 00:00:00+00:00,0.0,0.0,0.0,0.0
2026-04-20 01:00:00+00:00,0.0,0.0,0.0,0.0
2026-04-20 02:00:00+00:00,0.0,0.0,0.0,0.0
2026-04-20 03:00:00+00:00,0.0,0.0,0.0,0.0
2026-04-20 04:00:00+00:00,0.0,0.0,0.0,0.0
2026-04-20 05:00:00+00:00,0.0,0.0,0.0,0.0
2026-04-20 06:00:00+00:00,0.0,0.0,8.983478137094437e-05,8.983478137094437e-05
2026-04-20 07:00:00+00:00,0.013209,0.0,0.0,0.0
2026-04-20 08:00:00+00:00,0.0,0.0,0.0,0.0
2026-04-20 09:00:00+00:00,0.0,0.0,0.0,5.0927424205705626e-05
2026-04-20 10:00:00+00:00,0.0,0.0,0.0,0.0
2026-04-20 11:00:00+00:00,0.0,0.0,0.0,0.0
2026-04-20 12:00:00+00:00,0.0,0.0,0.0,4.2723728138008856e-05
2026-04-20 13:00:00+00:00,0.003365,0.0,-3.196822005750443e-05,0.0
2026-04-20 14:00:00+00:00,0.0,0.0134139999999999,0.0,0.0
2026-04-20 15:00:00+00:00,0.0,0.0,0.0,0.0
2026-04-20 16:00:00+00:00,0.0,0.0,0.0,0.0
2026-04-20 17:00:00+00:00,0.0,0.0,0.0,0.0
2026-04-20 18:00:00+00:00,0.0,0.0,0.0,0.0001251884905655
2026-04-20 19:00:00+00:00,0.0,0.0,0.0,0.0
2026-04-20 20:00:00+00:00,0.0,0.0,0.0,0.0
2026-04-20 21:00:00+00:00,0.0,0.0,0.0,0.0
2026-04-20 22:00:00+00:00,0.0,0.0,0.0,0.0
2026-04-20 23:00:00+00:00,0.0,0.0,0.0,0.0
2026-04-21 00:00:00+00:00,0.0,0.0,0.0,0.0
2026-04-21 01:00:00+00:00,0.0,0.0,0.0,0.0
2026-04-21 02:00:00+00:00,0.0,0.0,0.0,0.0
2026-04-21 03:00:00+00:00,0.0,0.0,0.0,0.0
2026-04-21 04:00:00+00:00,0.0,0.0,0.0,0.0
2026-04-21 05:00:00+00:00,0.0,0.0,0.0,0.0
2026-04-21 06:00:00+00:00,0.0,0.0,0.0,0.0
2026-04-21 07:00:00+00:00,0.0,0.0,0.0,0.0
2026-04-21 08:00:00+00:00,0.0,0.0,0.0,0.0
2026-04-21 09:00:00+00:00,0.0,0.0,0.0,0.0
2026-04-21 10:00:00+00:00,0.0,0.0,0.0,0.0
2026-04-21 11:00:00+00:00,0.0,0.0,0.0,0.0
2026-04-21 12:00:00+00:00,0.003217,0.0,0.0,0.0
2026-04-21 13:00:00+00:00,0.0,0.0,0.0,0.0
2026-04-21 14:00:00+00:00,0.0,0.0,0.0,0.0
2026-04-21 15:00:00+00:00,0.0,0.003492,-6.388013544629699e-05,0.0
2026-04-21 16:00:00+00:00,0.0,0.0,0.0,0.0
2026-04-21 17:00:00+00:00,-0.011466,0.0,0.0,0.0
2026-04-21 18:00:00+00:00,0.0,0.0,0.0,0.0
2026-04-21 19:00:00+00:00,0.0,0.0,0.0,0.0
2026-04-21 20:00:00+00:00,0.0,0.0,0.0,0.0
2026-04-21 21:00:00+00:00,0.0,0.0,0.0,0.0
2026-04-21 22:00:00+00:00,0.0,0.0,0.0,0.0
2026-04-21 23:00:00+00:00,0.0,0.0,0.0,0.0
2026-04-22 00:00:00+00:00,0.0,0.0,0.0,0.0
2026-04-22 01:00:00+00:00,0.0,0.0,0.0,0.0
2026-04-22 02:00:00+00:00,0.0,0.0,0.0,0.0
2026-04-22 03:00:00+00:00,0.0,0.0,0.0,0.0
2026-04-22 04:00:00+00:00,0.0,0.0,0.0,0.0
2026-04-22 05:00:00+00:00,0.0,0.0,0.0,0.0
2026-04-22 06:00:00+00:00,0.0,0.0,0.0,0.0
2026-04-22 07:00:00+00:00,0.0,0.0,0.0,0.0
2026-04-22 08:00:00+00:00,0.0,0.0,0.0,0.0
2026-04-22 09:00:00+00:00,0.0,0.0,0.0,0.0
2026-04-22 10:00:00+00:00,0.0,0.0,0.0,0.0
2026-04-22 11:00:00+00:00,0.0,0.0,0.0,2.5066815637301297e-05
2026-04-22 12:00:00+00:00,0.0,0.0,0.0,0.0
2026-04-22 13:00:00+00:00,0.0,0.0,6.556746538200931e-05,0.0
2026-04-22 14:00:00+00:00,0.0,0.0,0.0,0.0
2026-04-22 15:00:00+00:00,0.0,0.0,0.0,0.0
2026-04-22 16:00:00+00:00,0.0,0.0,0.0,0.0
2026-04-22 17:00:00+00:00,0.0,0.0,0.0,0.0
2026-04-22 18:00:00+00:00,0.0,0.0,0.0,0.0
2026-04-22 19:00:00+00:00,0.0,0.0,0.0,0.0
2026-04-22 20:00:00+00:00,0.0,0.0,0.0,0.0
2026-04-22 21:00:00+00:00,0.0,0.0,0.0,0.0
2026-04-22 22:00:00+00:00,0.0,0.0,0.0,0.0
2026-04-22 23:00:00+00:00,0.0,0.0,-4.224511797286666e-05,0.0
2026-04-23 00:00:00+00:00,0.0,0.0,0.0,0.0
2026-04-23 01:00:00+00:00,0.0,0.0,0.0,0.0
2026-04-23 02:00:00+00:00,0.0,0.0,0.0,0.0
2026-04-23 03:00:00+00:00,0.0,0.0,0.0,0.0
2026-04-23 04:00:00+00:00,0.0,0.0,0.0,0.0
2026-04-23 05:00:00+00:00,0.0,0.0,0.0,0.0
2026-04-23 06:00:00+00:00,0.0,0.0,0.0,0.0
2026-04-23 07:00:00+00:00,0.0,0.0,0.0,0.0
2026-04-23 08:00:00+00:00,0.0,0.0,0.0,0.0
2026-04-23 09:00:00+00:00,0.0,0.0,0.0,0.0
2026-04-23 10:00:00+00:00,0.0,0.0,0.0,0.0
2026-04-23 11:00:00+00:00,0.0,0.0,0.0,0.0
2026-04-23 12:00:00+00:00,0.0,0.0,0.0,0.0
2026-04-23 13:00:00+00:00,0.0,0.0,0.0,0.0
2026-04-23 14:00:00+00:00,0.0,0.0,0.0,5.049678899401112e-05
2026-04-23 15:00:00+00:00,0.0,0.0,0.0,0.0
2026-04-23 16:00:00+00:00,0.0,0.0,0.0,0.0
2026-04-23 17:00:00+00:00,0.0,0.0,0.0,0.0
2026-04-23 18:00:00+00:00,0.0,0.0,0.0,0.0
2026-04-23 19:00:00+00:00,0.0,0.0,0.0,0.0
2026-04-23 20:00:00+00:00,0.0,0.0,0.0,0.0
2026-04-23 21:00:00+00:00,0.0,0.0,0.0,0.0
2026-04-23 22:00:00+00:00,0.0,0.0,0.0,0.0
2026-04-23 23:00:00+00:00,0.0,0.0,0.0,0.0
2026-04-24 00:00:00+00:00,0.0,0.0,0.0,0.0
2026-04-24 01:00:00+00:00,0.0,0.0,0.0,0.0
2026-04-24 02:00:00+00:00,0.0,0.0,0.0,0.0
2026-04-24 03:00:00+00:00,0.0,0.0,0.0,0.0
2026-04-24 04:00:00+00:00,0.0,0.0,0.0,0.0
2026-04-24 05:00:00+00:00,0.0,0.0,0.0,0.0
2026-04-24 06:00:00+00:00,0.0,0.0,0.0,0.0
2026-04-24 07:00:00+00:00,0.0,0.0,0.0,0.0
2026-04-24 08:00:00+00:00,0.0,0.0,0.0,0.0
2026-04-24 09:00:00+00:00,0.0,0.0,0.0,0.0
2026-04-24 10:00:00+00:00,0.0,0.0,0.0,0.0
2026-04-24 11:00:00+00:00,0.0,0.0,0.0,0.0
2026-04-24 12:00:00+00:00,0.0,0.0,0.0,0.0
2026-04-24 13:00:00+00:00,0.0,0.0,0.0,0.0
2026-04-24 14:00:00+00:00,0.003242,0.0,0.0,0.0
2026-04-24 15:00:00+00:00,0.0,0.0,0.0,0.0
2026-04-24 16:00:00+00:00,0.0,0.0,0.0,0.0
2026-04-24 17:00:00+00:00,0.0,0.0,0.0,0.0
2026-04-24 18:00:00+00:00,0.0,0.0,0.0,0.0
2026-04-24 19:00:00+00:00,0.0,0.0,0.0,0.0
2026-04-24 20:00:00+00:00,0.0,0.0,0.0,0.0
2026-04-24 21:00:00+00:00,0.0,0.0,0.0,0.0
2026-04-24 22:00:00+00:00,0.0,0.0,0.0,0.0
2026-04-24 23:00:00+00:00,0.0,0.0,0.0,0.0
2026-04-25 00:00:00+00:00,0.0,0.0,0.0,0.0
2026-04-25 01:00:00+00:00,0.0,0.0,0.0,0.0
2026-04-25 02:00:00+00:00,0.0,0.0,0.0,0.0
2026-04-25 03:00:00+00:00,0.0,0.0,0.0,0.0
2026-04-25 04:00:00+00:00,0.0,0.0,0.0,0.0
2026-04-25 05:00:00+00:00,0.0,0.0,0.0,0.0
2026-04-25 06:00:00+00:00,0.0,0.0,0.0,0.0
2026-04-25 07:00:00+00:00,0.0,0.0,0.0,0.0
2026-04-25 08:00:00+00:00,0.0,0.0,0.0,0.0
2026-04-25 09:00:00+00:00,0.0,0.0,0.0,0.0
2026-04-25 10:00:00+00:00,0.0,0.0,0.0,0.0
2026-04-25 11:00:00+00:00,0.0,0.0,0.0,0.0
2026-04-25 12:00:00+00:00,0.0,0.0,0.0,0.0
2026-04-25 13:00:00+00:00,0.0,0.0,0.0,0.0
2026-04-25 14:00:00+00:00,0.0,0.0,0.0,0.0
2026-04-25 15:00:00+00:00,-0.012928,0.0,0.0,-3.9731884183847865e-05
2026-04-25 16:00:00+00:00,0.0,0.0,0.0,0.0
2026-04-25 17:00:00+00:00,0.0,0.0,0.0,0.0
2026-04-25 18:00:00+00:00,0.0,0.0,0.0,0.0
2026-04-25 19:00:00+00:00,0.0,0.0,0.0,0.0
2026-04-25 20:00:00+00:00,0.0,0.0,0.0,0.0
2026-04-25 21:00:00+00:00,0.0,0.0,0.0,0.0
2026-04-25 22:00:00+00:00,0.0,0.0,0.0,0.0
2026-04-25 23:00:00+00:00,0.0,0.0,0.0,0.0
2026-04-26 00:00:00+00:00,0.0,0.0,0.0,0.0
2026-04-26 01:00:00+00:00,0.0,0.0,0.0,0.0
2026-04-26 02:00:00+00:00,0.0,0.0,0.0,0.0
2026-04-26 03:00:00+00:00,0.001664,0.0,-1.78523223767879e-05,0.0
2026-04-26 04:00:00+00:00,0.0,0.0,0.0,8.845573704291407e-06
2026-04-26 05:00:00+00:00,0.0,0.0,0.0,0.0
2026-04-26 06:00:00+00:00,0.0,0.0,0.0,0.0
2026-04-26 07:00:00+00:00,0.0,0.0,0.0,0.0
2026-04-26 08:00:00+00:00,0.0,0.0,0.0,1.23925832933336e-05
2026-04-26 09:00:00+00:00,0.0,0.0,0.0,0.0
2026-04-26 10:00:00+00:00,0.0,0.0,0.0,0.0
2026-04-26 11:00:00+00:00,0.0,0.0,0.0,4.79800052383018e-06
2026-04-26 12:00:00+00:00,-0.013443,0.0,0.0,0.0
2026-04-26 13:00:00+00:00,0.0,0.0,-1.0707843768109618e-05,0.0
2026-04-26 14:00:00+00:00,0.0,0.0,0.0,0.0
2026-04-26 15:00:00+00:00,0.0,0.0,0.0,0.0
2026-04-26 16:00:00+00:00,0.0,0.0,-1.8522210406283203e-05,0.0
2026-04-26 17:00:00+00:00,0.0,0.0,0.0,0.0
2026-04-26 18:00:00+00:00,0.0,0.0,0.0,2.071028301776524e-05
2026-04-26 19:00:00+00:00,0.001279,0.0,-3.291529452521313e-05,0.0
2026-04-26 20:00:00+00:00,0.0,0.0,0.0,0.0
2026-04-26 21:00:00+00:00,0.0,0.0,0.0,0.0
2026-04-26 22:00:00+00:00,0.0,0.0,0.0,0.0
2026-04-26 23:00:00+00:00,0.0,0.0,0.0,0.0
2026-04-27 00:00:00+00:00,0.0,0.0,0.0,0.0
2026-04-27 01:00:00+00:00,0.012919,0.0,0.0,0.0
2026-04-27 02:00:00+00:00,0.0,0.0,0.0,0.0
2026-04-27 03:00:00+00:00,0.0,0.0,0.0,0.0
2026-04-27 04:00:00+00:00,0.0,0.0,0.0,0.0
2026-04-27 05:00:00+00:00,-0.011925,0.0,-6.727235859146696e-05,-0.0001412901304452
2026-04-27 06:00:00+00:00,0.0,0.0,0.0,0.0
2026-04-27 07:00:00+00:00,0.0,0.0,0.0,0.0
2026-04-27 08:00:00+00:00,0.0,0.0,0.0,1.670546061803947e-05
2026-04-27 09:00:00+00:00,0.0,0.0,0.0,0.0
2026-04-27 10:00:00+00:00,0.0,0.0,0.0,0.0
2026-04-27 11:00:00+00:00,0.0,0.0,-1.919717287126809e-05,0.0
2026-04-27 12:00:00+00:00,0.0,0.0,0.0,-3.207321489104408e-05
2026-04-27 13:00:00+00:00,0.0,0.0,0.0,0.0
2026-04-27 14:00:00+00:00,0.0,0.0,0.0,0.0
2026-04-27 15:00:00+00:00,0.003227,0.0,-3.5403637503000896e-05,-0.0001002661110771
2026-04-27 16:00:00+00:00,0.0,0.0,0.0,0.0
2026-04-27 17:00:00+00:00,0.0,0.0,0.0,0.0
2026-04-27 18:00:00+00:00,0.0,0.0,0.0,0.0
2026-04-27 19:00:00+00:00,0.0,0.0,0.0,0.0
2026-04-27 20:00:00+00:00,0.0,0.0,0.0,0.0
2026-04-27 21:00:00+00:00,0.0,0.0,0.0,0.0
2026-04-27 22:00:00+00:00,0.0,0.0,0.0,0.0
2026-04-27 23:00:00+00:00,0.0,0.0,0.0,0.0
2026-04-28 00:00:00+00:00,0.0,0.0,0.0,0.0
2026-04-28 01:00:00+00:00,0.0,0.0,0.0,0.0
2026-04-28 02:00:00+00:00,0.0,0.0,0.0,0.0
2026-04-28 03:00:00+00:00,0.0,0.0,0.0,0.0
2026-04-28 04:00:00+00:00,0.0,0.0,0.0,0.0
2026-04-28 05:00:00+00:00,0.0,0.0,0.0,0.0
2026-04-28 06:00:00+00:00,0.0,0.0,0.0,-4.880705565804111e-05
2026-04-28 07:00:00+00:00,-0.012074,0.0,0.0,0.0
2026-04-28 08:00:00+00:00,0.0,0.0,0.0,0.0
2026-04-28 09:00:00+00:00,0.0,0.0,-4.2344215502538855e-05,-5.25472286181694e-05
2026-04-28 10:00:00+00:00,0.0,0.0,0.0,0.0
2026-04-28 11:00:00+00:00,-0.012107,0.0,0.0,0.0
2026-04-28 12:00:00+00:00,0.0,0.0,0.0,0.0
2026-04-28 13:00:00+00:00,0.0,0.0,-4.409201222631886e-05,0.0
2026-04-28 14:00:00+00:00,0.0,0.0,0.0,0.0
2026-04-28 15:00:00+00:00,0.0,0.0,0.0,0.0
2026-04-28 16:00:00+00:00,0.0,0.0,-2.6337046668973843e-05,0.0
2026-04-28 17:00:00+00:00,0.0,0.0,0.0,0.0
2026-04-28 18:00:00+00:00,0.0,0.0,0.0,0.0
2026-04-28 19:00:00+00:00,0.0,0.0,0.0,3.376798856079564e-06
2026-04-28 20:00:00+00:00,0.0,0.0,0.0,0.0
2026-04-28 21:00:00+00:00,0.0,0.0,0.0,0.0
2026-04-28 22:00:00+00:00,0.0,0.0,0.0,0.0
2026-04-28 23:00:00+00:00,0.0,0.0,0.0,0.0
2026-04-29 00:00:00+00:00,0.0,0.0,0.0,0.0
2026-04-29 01:00:00+00:00,0.0,0.0,0.0,0.0
2026-04-29 02:00:00+00:00,0.0,0.0,0.0,0.0
2026-04-29 03:00:00+00:00,0.0,0.0,0.0,0.0
2026-04-29 04:00:00+00:00,0.0,0.0,0.0,0.0
2026-04-29 05:00:00+00:00,0.0,0.0,0.0,0.0
2026-04-29 06:00:00+00:00,0.0,0.0,0.0,0.0
2026-04-29 07:00:00+00:00,0.0,0.0,0.0,0.0
2026-04-29 08:00:00+00:00,0.0,0.0,0.0,0.0
2026-04-29 09:00:00+00:00,0.012671,0.0,0.0,8.470979720962669e-05
2026-04-29 10:00:00+00:00,0.0,0.0,0.0,0.0
2026-04-29 11:00:00+00:00,0.0,0.0,0.0,0.0
2026-04-29 12:00:00+00:00,0.0,0.0,-3.227143372660501e-05,-4.229280875390761e-05
2026-04-29 13:00:00+00:00,-0.012065,0.0,0.0,0.0
2026-04-29 14:00:00+00:00,0.0,0.0,0.0,0.0
2026-04-29 15:00:00+00:00,0.0,0.0,-3.858168995690247e-05,-7.859605589656371e-05
2026-04-29 16:00:00+00:00,0.0,0.0,0.0,0.0
2026-04-29 17:00:00+00:00,0.0,0.0,0.0,0.0
2026-04-29 18:00:00+00:00,-0.011709,0.0,0.0,0.0
2026-04-29 19:00:00+00:00,0.0,0.0,0.0,0.0
2026-04-29 20:00:00+00:00,0.0,0.0,0.0,0.0
2026-04-29 21:00:00+00:00,0.0,0.0,0.0,0.0
2026-04-29 22:00:00+00:00,0.0,0.0,0.0,0.0
2026-04-29 23:00:00+00:00,0.0,0.0,0.0,0.0
2026-04-30 00:00:00+00:00,0.0,0.0,0.0,0.0
2026-04-30 01:00:00+00:00,0.0,0.0,0.0,0.0
2026-04-30 02:00:00+00:00,0.0,0.0,0.0,0.0
2026-04-30 03:00:00+00:00,0.0,0.0,0.0,0.0
2026-04-30 04:00:00+00:00,0.0,0.0,0.0,0.0
2026-04-30 05:00:00+00:00,0.0,0.0,0.0,0.0
2026-04-30 06:00:00+00:00,0.0,0.0,0.0,0.0
2026-04-30 07:00:00+00:00,0.0,0.0,0.0,0.0
2026-04-30 08:00:00+00:00,0.0,0.0,0.0,0.0
2026-04-30 09:00:00+00:00,0.0,0.0,0.0,0.0
2026-04-30 10:00:00+00:00,0.0,0.0,0.0,0.0
2026-04-30 11:00:00+00:00,0.0,0.0,0.0,0.0
2026-04-30 12:00:00+00:00,0.0,0.0,0.0,0.0
2026-04-30 13:00:00+00:00,0.0,0.0,0.0,0.0
2026-04-30 14:00:00+00:00,0.0,0.0,0.0,0.0
2026-04-30 15:00:00+00:00,0.0,0.0,0.0,0.0
2026-04-30 16:00:00+00:00,0.0,0.0,0.0,0.0
2026-04-30 17:00:00+00:00,0.0,0.0,0.0,0.0
2026-04-30 18:00:00+00:00,0.0,0.0,0.0,0.0
2026-04-30 19:00:00+00:00,0.0,0.0,0.0,0.0
2026-04-30 20:00:00+00:00,0.0,0.0,0.0,0.0
2026-04-30 21:00:00+00:00,0.0,0.0,0.0,0.0
2026-04-30 22:00:00+00:00,0.0,0.0,0.0,0.0
2026-04-30 23:00:00+00:00,0.0,0.0,0.0,0.0
2026-05-01 00:00:00+00:00,0.0,0.0,0.0,0.0
2026-05-01 01:00:00+00:00,0.0,0.0,0.0,0.0
2026-05-01 02:00:00+00:00,0.0,0.0,0.0,0.0
2026-05-01 03:00:00+00:00,0.0,0.0,0.0,0.0
2026-05-01 04:00:00+00:00,0.0,0.0,0.0,0.0
2026-05-01 05:00:00+00:00,0.0,0.0,0.0,0.0
2026-05-01 06:00:00+00:00,0.0,0.0,0.0,0.0
2026-05-01 07:00:00+00:00,0.0,0.0,0.0,0.0
2026-05-01 08:00:00+00:00,0.0,0.0,0.0,0.0
2026-05-01 09:00:00+00:00,0.0,0.0,0.0,0.0
2026-05-01 10:00:00+00:00,0.0,0.0,0.0,0.0
2026-05-01 11:00:00+00:00,0.0,0.0,0.0,0.0
2026-05-01 12:00:00+00:00,0.0,0.0,0.0,0.0
2026-05-01 13:00:00+00:00,0.0,0.0,0.0,0.0
2026-05-01 14:00:00+00:00,0.0,0.0,0.0,0.0
2026-05-01 15:00:00+00:00,0.0,0.0,0.0,0.0
2026-05-01 16:00:00+00:00,0.0,0.0,0.0,0.0
2026-05-01 17:00:00+00:00,0.0,0.0,0.0,0.0
2026-05-01 18:00:00+00:00,0.0,0.0,0.0,0.0
2026-05-01 19:00:00+00:00,0.0,0.0,0.0,0.0
2026-05-01 20:00:00+00:00,0.0,0.0,0.0,0.0
2026-05-01 21:00:00+00:00,0.0,0.0,0.0,0.0
2026-05-01 22:00:00+00:00,0.0,0.0,0.0,0.0
2026-05-01 23:00:00+00:00,0.0,0.0,0.0,0.0
2026-05-02 00:00:00+00:00,0.0,0.0,0.0,0.0
2026-05-02 01:00:00+00:00,0.0,0.0,0.0,0.0
2026-05-02 02:00:00+00:00,0.0,0.0,0.0,0.0
2026-05-02 03:00:00+00:00,0.0,0.0,0.0,0.0
2026-05-02 04:00:00+00:00,0.0,0.0,0.0,0.0
2026-05-02 05:00:00+00:00,0.0,0.0,0.0,0.0
2026-05-02 06:00:00+00:00,0.0,0.0,0.0,0.0
2026-05-02 07:00:00+00:00,0.0,0.0,0.0,0.0
2026-05-02 08:00:00+00:00,0.0,0.0,0.0,0.0
2026-05-02 09:00:00+00:00,0.0,0.0,0.0,0.0
2026-05-02 10:00:00+00:00,0.0,0.0,0.0,0.0
2026-05-02 11:00:00+00:00,0.0,0.0,0.0,0.0
2026-05-02 12:00:00+00:00,0.0,0.0,0.0,0.0
2026-05-02 13:00:00+00:00,0.0,0.0,0.0,1.3784063796818968e-05
2026-05-02 14:00:00+00:00,0.0,0.0,0.0,0.0
2026-05-02 15:00:00+00:00,0.0,0.0,0.0,0.0
2026-05-02 16:00:00+00:00,0.0,0.0,0.0,0.0
2026-05-02 17:00:00+00:00,0.0,0.0,0.0,0.0
2026-05-02 18:00:00+00:00,0.0,0.0,0.0,0.0
2026-05-02 19:00:00+00:00,0.0,0.0,0.0,0.0
2026-05-02 20:00:00+00:00,0.0,0.0,0.0,0.0
2026-05-02 21:00:00+00:00,0.0118629999999999,0.0,0.0,0.0
2026-05-02 22:00:00+00:00,0.0,0.0,0.0,0.0
2026-05-02 23:00:00+00:00,0.0,0.0,0.0,0.0
2026-05-03 00:00:00+00:00,0.0,0.0,0.0,0.0
2026-05-03 01:00:00+00:00,0.0,0.0,0.0,0.0
2026-05-03 02:00:00+00:00,0.0,0.0,0.0,0.0
2026-05-03 03:00:00+00:00,0.0,0.0,0.0,0.0
2026-05-03 04:00:00+00:00,0.0,0.0,0.0,0.0
2026-05-03 05:00:00+00:00,0.0,0.0,0.0,0.0
2026-05-03 06:00:00+00:00,0.0,0.0,0.0,0.0
2026-05-03 07:00:00+00:00,0.0,0.0,0.0,0.0
2026-05-03 08:00:00+00:00,0.0,0.0,0.0,0.0
2026-05-03 09:00:00+00:00,0.0,0.0,2.6904005236142458e-05,2.6904005236142458e-05
2026-05-03 10:00:00+00:00,0.0,0.0,0.0,0.0
2026-05-03 11:00:00+00:00,0.011969,0.0,0.0,0.0
2026-05-03 12:00:00+00:00,0.0,0.0,0.0,0.0
2026-05-03 13:00:00+00:00,0.0,0.0,0.0,0.0
2026-05-03 14:00:00+00:00,0.0,0.0,0.0,0.0
2026-05-03 15:00:00+00:00,0.0,0.0,0.0,0.0
2026-05-03 16:00:00+00:00,0.0,0.0,0.0,0.0
2026-05-03 17:00:00+00:00,0.0,0.0,0.0,0.0
2026-05-03 18:00:00+00:00,0.0,0.0,0.0,0.0
2026-05-03 19:00:00+00:00,0.0,0.0,3.261542252145375e-06,3.261542252145375e-06
2026-05-03 20:00:00+00:00,0.011495,0.0,0.0,0.0
2026-05-03 21:00:00+00:00,0.0,0.0,0.0,0.0
2026-05-03 22:00:00+00:00,0.0,0.0,6.736555865484718e-05,0.0
2026-05-03 23:00:00+00:00,0.0,0.0,0.0,0.0
2026-05-04 00:00:00+00:00,0.0,0.0,0.0,0.0
2026-05-04 01:00:00+00:00,0.012483,0.0,4.417574720097962e-05,0.0001127055551602
2026-05-04 02:00:00+00:00,0.0,0.0,0.0,0.0
2026-05-04 03:00:00+00:00,0.0,0.0,0.0,0.0
2026-05-04 04:00:00+00:00,0.0,0.0,0.0,0.0
2026-05-04 05:00:00+00:00,0.0,0.0,0.0,0.0
2026-05-04 06:00:00+00:00,-0.011854,0.0,0.0,-8.935125505641462e-05
2026-05-04 07:00:00+00:00,0.0,0.0,0.0,0.0
2026-05-04 08:00:00+00:00,0.0,0.0,0.0,0.0
2026-05-04 09:00:00+00:00,0.0,0.0,0.0,0.0
2026-05-04 10:00:00+00:00,-0.011984,0.0,-2.2400214281322875e-05,-3.976051427517445e-05
2026-05-04 11:00:00+00:00,0.0,0.0,0.0,0.0
2026-05-04 12:00:00+00:00,0.0,0.0,0.0,0.0
2026-05-04 13:00:00+00:00,0.0,0.0,0.0,0.0
2026-05-04 14:00:00+00:00,0.0,0.0,0.0,0.0
2026-05-04 15:00:00+00:00,0.0,0.0,0.0,0.0
2026-05-04 16:00:00+00:00,0.0,0.0,0.0,0.0
2026-05-04 17:00:00+00:00,0.0,0.0,0.0,0.0
2026-05-04 18:00:00+00:00,0.0,0.0,0.0,0.0
2026-05-04 19:00:00+00:00,0.0,0.0,0.0,0.0
2026-05-04 20:00:00+00:00,0.0,0.0,0.0,0.0
2026-05-04 21:00:00+00:00,0.0,0.0,0.0,0.0
2026-05-04 22:00:00+00:00,0.0,0.0,0.0,0.0
2026-05-04 23:00:00+00:00,0.0,0.0,0.0,0.0
2026-05-05 00:00:00+00:00,0.0,0.0,0.0,0.0
2026-05-05 01:00:00+00:00,0.0,0.0,0.0,0.0
2026-05-05 02:00:00+00:00,0.0,0.0,0.0,0.0
2026-05-05 03:00:00+00:00,0.0,0.0,0.0,0.0
2026-05-05 04:00:00+00:00,0.0,0.0,0.0,0.0
2026-05-05 05:00:00+00:00,0.0,0.0,0.0,0.0
2026-05-05 06:00:00+00:00,0.0,0.0,0.0,0.0
2026-05-05 07:00:00+00:00,0.0,0.0,0.0,0.0
2026-05-05 08:00:00+00:00,0.0,0.0,0.0,0.0
2026-05-05 09:00:00+00:00,0.0,0.0,-2.0660118066840866e-05,-3.558428336041696e-05
2026-05-05 10:00:00+00:00,0.0,0.0,0.0,0.0
2026-05-05 11:00:00+00:00,0.0,0.0,0.0,0.0
2026-05-05 12:00:00+00:00,0.0,0.0,0.0,0.0
2026-05-05 13:00:00+00:00,0.0131539999999999,0.0,0.0,3.672967219883528e-05
2026-05-05 14:00:00+00:00,0.0,0.0,0.0,0.0
2026-05-05 15:00:00+00:00,0.0,0.0,0.0,0.0
2026-05-05 16:00:00+00:00,0.0,0.0,0.0,0.0
2026-05-05 17:00:00+00:00,0.0,0.0,0.0,0.0
2026-05-05 18:00:00+00:00,0.0,0.0,0.0,0.0
2026-05-05 19:00:00+00:00,0.0,0.0,0.0,0.0
2026-05-05 20:00:00+00:00,0.0,0.0,0.0,0.0
2026-05-05 21:00:00+00:00,0.0,0.0,0.0,0.0
2026-05-05 22:00:00+00:00,0.0,0.0,0.0,0.0
2026-05-05 23:00:00+00:00,0.0,0.0,0.0,0.0
2026-05-06 00:00:00+00:00,0.0,0.0,0.0,0.0
2026-05-06 01:00:00+00:00,0.0,0.0,0.0,0.0
2026-05-06 02:00:00+00:00,0.0,0.0,0.0,0.0
2026-05-06 03:00:00+00:00,0.0,0.0,0.0,0.0
2026-05-06 04:00:00+00:00,0.0,0.0,0.0,0.0
2026-05-06 05:00:00+00:00,0.0,0.0,0.0,0.0
2026-05-06 06:00:00+00:00,0.0,0.0,0.0,0.0
2026-05-06 07:00:00+00:00,0.0,0.0,0.0,0.0
2026-05-06 08:00:00+00:00,0.0,0.0,0.0,3.430673896204551e-05
2026-05-06 09:00:00+00:00,0.0,0.0,0.0,0.0
2026-05-06 10:00:00+00:00,0.013102,0.0,0.0,0.0
2026-05-06 11:00:00+00:00,0.0,0.0,0.0,5.3689360219050254e-05
2026-05-06 12:00:00+00:00,0.0,0.0,0.0,0.0
2026-05-06 13:00:00+00:00,0.0,0.0,-5.010706607280979e-05,0.0
2026-05-06 14:00:00+00:00,-0.011829,0.0,0.0,0.0
2026-05-06 15:00:00+00:00,0.0,0.0,0.0,0.0
2026-05-06 16:00:00+00:00,0.0,0.0,-4.1009402815642685e-05,0.0
2026-05-06 17:00:00+00:00,0.0,0.0,0.0,0.0
2026-05-06 18:00:00+00:00,0.0,0.0,0.0,0.0
2026-05-06 19:00:00+00:00,0.0,0.0,0.0,0.0
2026-05-06 20:00:00+00:00,0.0,0.0,0.0,0.0
2026-05-06 21:00:00+00:00,0.0,0.0,0.0,0.0
2026-05-06 22:00:00+00:00,0.0,0.0,0.0,-3.261098905843473e-05
2026-05-06 23:00:00+00:00,0.0,0.0,0.0,0.0
2026-05-07 00:00:00+00:00,-0.011749,0.0,0.0,0.0
2026-05-07 01:00:00+00:00,0.0,0.0,0.0,0.0
2026-05-07 02:00:00+00:00,0.0,0.0,0.0,0.0
2026-05-07 03:00:00+00:00,0.0,0.0,0.0,0.0
2026-05-07 04:00:00+00:00,0.0,0.0,0.0,0.0
2026-05-07 05:00:00+00:00,0.0,0.0,0.0,0.0
2026-05-07 06:00:00+00:00,0.0,0.0,0.0,0.0
2026-05-07 07:00:00+00:00,0.0,0.0,0.0,0.0
2026-05-07 08:00:00+00:00,0.0,0.0,0.0,0.0
2026-05-07 09:00:00+00:00,-0.012067,0.0,-3.432930975816539e-05,0.0
2026-05-07 10:00:00+00:00,0.0,0.0,0.0,-9.38128253908066e-05
2026-05-07 11:00:00+00:00,0.0,0.0,0.0,0.0
2026-05-07 12:00:00+00:00,0.0,0.0,0.0,0.0
2026-05-07 13:00:00+00:00,0.0,0.0,-2.574505683121452e-05,-5.925407835513318e-05
2026-05-07 14:00:00+00:00,-0.011922,0.0,0.0,0.0
2026-05-07 15:00:00+00:00,0.0,0.0,0.0,0.0
2026-05-07 16:00:00+00:00,0.0,0.0,0.0,0.0
2026-05-07 17:00:00+00:00,0.0,0.0,0.0,0.0
2026-05-07 18:00:00+00:00,0.0,0.0,0.0,0.0
2026-05-07 19:00:00+00:00,0.0,0.0,0.0,0.0
2026-05-07 20:00:00+00:00,0.0,0.0,0.0,0.0
2026-05-07 21:00:00+00:00,0.0,0.0,0.0,0.0
2026-05-07 22:00:00+00:00,0.0,0.0,0.0,0.0
2026-05-07 23:00:00+00:00,0.0,0.0,0.0,0.0
2026-05-08 00:00:00+00:00,0.0,0.0,0.0,0.0
2026-05-08 01:00:00+00:00,0.0,0.0,0.0,-5.426145509081159e-05
2026-05-08 02:00:00+00:00,0.0,0.0,0.0,0.0
2026-05-08 03:00:00+00:00,0.0,0.0,0.0,0.0
2026-05-08 04:00:00+00:00,0.0,0.0,0.0,0.0
2026-05-08 05:00:00+00:00,0.0,0.0,0.0,0.0
2026-05-08 06:00:00+00:00,0.0,0.0,0.0,0.0
2026-05-08 07:00:00+00:00,0.0,0.0,0.0,0.0
2026-05-08 08:00:00+00:00,0.0,0.0,0.0,2.666736413459049e-05
2026-05-08 09:00:00+00:00,0.0,0.0,0.0,0.0
2026-05-08 10:00:00+00:00,0.0,0.0,0.0,0.0
2026-05-08 11:00:00+00:00,0.0,0.0,0.0,0.0
2026-05-08 12:00:00+00:00,0.012878,0.0,0.0,0.0
2026-05-08 13:00:00+00:00,0.0,0.0,0.0,-8.344136628976817e-05
2026-05-08 14:00:00+00:00,0.0,0.0,0.0,0.0
2026-05-08 15:00:00+00:00,0.0,0.0,0.0,0.0
2026-05-08 16:00:00+00:00,0.0,0.0,0.0,0.0
2026-05-08 17:00:00+00:00,0.0,0.0,0.0,0.0
2026-05-08 18:00:00+00:00,0.0,0.0,0.0,0.0
2026-05-08 19:00:00+00:00,0.0,0.0,0.0,0.0
2026-05-08 20:00:00+00:00,0.0,0.0,0.0,0.0
2026-05-08 21:00:00+00:00,0.0,0.0,0.0,0.0
2026-05-08 22:00:00+00:00,0.0,0.0,0.0,0.0
2026-05-08 23:00:00+00:00,0.0,0.0,0.0,0.0
2026-05-09 00:00:00+00:00,0.0,0.0,0.0,0.0
2026-05-09 01:00:00+00:00,0.0,0.0,0.0,0.0
2026-05-09 02:00:00+00:00,0.0,0.0,0.0,0.0
2026-05-09 03:00:00+00:00,0.0,0.0,0.0,0.0
2026-05-09 04:00:00+00:00,0.0,0.0,0.0,0.0
2026-05-09 05:00:00+00:00,0.0,0.0,0.0,0.0
2026-05-09 06:00:00+00:00,0.0,0.0,0.0,0.0
2026-05-09 07:00:00+00:00,0.003123,0.0,0.0,0.0
2026-05-09 08:00:00+00:00,0.0,0.0,0.0,1.603301628627763e-05
2026-05-09 09:00:00+00:00,0.0,0.0,0.0,0.0
2026-05-09 10:00:00+00:00,0.0,0.0,0.0,0.0
2026-05-09 11:00:00+00:00,0.0,0.0,0.0,0.0
2026-05-09 12:00:00+00:00,0.0,0.0,0.0,0.0
2026-05-09 13:00:00+00:00,0.0,0.0,0.0,0.0
2026-05-09 14:00:00+00:00,0.0,0.0,0.0,0.0
2026-05-09 15:00:00+00:00,0.0,0.0,0.0,1.701285083901883e-05
2026-05-09 16:00:00+00:00,0.0,0.0,0.0,0.0
2026-05-09 17:00:00+00:00,0.01184,0.0,0.0,0.0
2026-05-09 18:00:00+00:00,0.0,0.0,0.0,0.0
2026-05-09 19:00:00+00:00,0.0,0.0,0.0,0.0
2026-05-09 20:00:00+00:00,0.0,0.0,0.0,0.0
2026-05-09 21:00:00+00:00,0.0,0.0,0.0,0.0
2026-05-09 22:00:00+00:00,0.0,0.0,0.0,0.0
2026-05-09 23:00:00+00:00,0.0,0.0,0.0,0.0
2026-05-10 00:00:00+00:00,0.0,0.0,0.0,0.0
2026-05-10 01:00:00+00:00,0.0,0.0,0.0,0.0
2026-05-10 02:00:00+00:00,0.0,0.0,-1.7309858170407857e-05,0.0
2026-05-10 03:00:00+00:00,0.0,0.0,0.0,7.543659608980633e-06
2026-05-10 04:00:00+00:00,0.0,0.0,0.0,0.0
2026-05-10 05:00:00+00:00,0.0,0.0,-1.72573118872199e-05,0.0
2026-05-10 06:00:00+00:00,0.0,0.0,0.0,0.0
2026-05-10 07:00:00+00:00,0.0,0.0,0.0,0.0
2026-05-10 08:00:00+00:00,0.0,0.0,9.887031849348258e-06,1.0002783120904863e-05
2026-05-10 09:00:00+00:00,0.0,0.0,0.0,0.0
2026-05-10 10:00:00+00:00,0.0,0.0,0.0,0.0
2026-05-10 11:00:00+00:00,0.0,0.0,-2.1900023481031806e-05,0.0
2026-05-10 12:00:00+00:00,0.0,0.0,0.0,0.0
2026-05-10 13:00:00+00:00,0.0,0.0,0.0,0.0
2026-05-10 14:00:00+00:00,0.0,0.0,-1.8309696465441665e-05,0.0
2026-05-10 15:00:00+00:00,0.0114189999999999,0.0,0.0,1.856005635447412e-05
2026-05-10 16:00:00+00:00,0.0,0.0,0.0,0.0
2026-05-10 17:00:00+00:00,0.0,0.0,-2.843244355832163e-05,0.0
2026-05-10 18:00:00+00:00,0.0,0.0,0.0,0.0
2026-05-10 19:00:00+00:00,0.0,0.0,0.0,0.0
2026-05-10 20:00:00+00:00,0.0,0.0,-3.0501528589355055e-05,0.0
2026-05-10 21:00:00+00:00,0.0,0.0,0.0,0.0
2026-05-10 22:00:00+00:00,0.0123679999999999,0.0,0.0,0.0
2026-05-10 23:00:00+00:00,0.0,0.0,0.0,0.0
2026-05-11 00:00:00+00:00,0.0,0.0,-0.0001017368125513,0.0
2026-05-11 01:00:00+00:00,0.0,0.0,0.0,0.0
2026-05-11 02:00:00+00:00,0.0,0.0,0.0,0.0
2026-05-11 03:00:00+00:00,0.0,0.0,0.0,0.0
2026-05-11 04:00:00+00:00,0.0,0.0,0.0,0.0
2026-05-11 05:00:00+00:00,0.0,0.0,0.0,0.0
2026-05-11 06:00:00+00:00,0.0,0.0,0.0,-0.0001588984817871
2026-05-11 07:00:00+00:00,0.0,0.0,0.0,0.0
2026-05-11 08:00:00+00:00,0.0,0.0,0.0,0.0
2026-05-11 09:00:00+00:00,0.0,0.0,0.0,0.0
2026-05-11 10:00:00+00:00,0.0,0.0,3.485998595730623e-05,2.5887988765843647e-05
2026-05-11 11:00:00+00:00,0.0,0.0,0.0,0.0
2026-05-11 12:00:00+00:00,0.0,0.0,0.0,0.0
2026-05-11 13:00:00+00:00,0.0030759999999999,0.0,-3.015245269703869e-05,0.0
2026-05-11 14:00:00+00:00,0.0,0.0,0.0,-5.8365886472893085e-05
2026-05-11 15:00:00+00:00,0.0,0.0,0.0,0.0
2026-05-11 16:00:00+00:00,0.0,0.0,0.0,0.0
2026-05-11 17:00:00+00:00,0.0,0.0,0.0,0.0
2026-05-11 18:00:00+00:00,0.0,0.0,0.0,0.0
2026-05-11 19:00:00+00:00,0.0,0.0,0.0,0.0
2026-05-11 20:00:00+00:00,0.0,0.0,0.0,0.0
2026-05-11 21:00:00+00:00,0.0,0.0,0.0,0.0
2026-05-11 22:00:00+00:00,0.0,0.0,0.0,0.0
2026-05-11 23:00:00+00:00,0.0,0.0,2.680357145049662e-05,0.0
2026-05-12 00:00:00+00:00,0.0,0.0,0.0,0.0
2026-05-12 01:00:00+00:00,0.0,0.0,0.0,0.0
2026-05-12 02:00:00+00:00,0.0,0.0,0.0,0.0
2026-05-12 03:00:00+00:00,0.0,0.0,0.0,0.0
2026-05-12 04:00:00+00:00,0.0,0.0,0.0,0.0
2026-05-12 05:00:00+00:00,0.0,0.0,0.0,0.0
2026-05-12 06:00:00+00:00,0.0,0.0,0.0,0.0
2026-05-12 07:00:00+00:00,-0.012161,0.0,0.0,-5.490250555114428e-05
2026-05-12 08:00:00+00:00,0.0,0.0,0.0,0.0
2026-05-12 09:00:00+00:00,0.0,0.0,0.0,0.0
2026-05-12 10:00:00+00:00,0.0,0.0,0.0,0.0
2026-05-12 11:00:00+00:00,0.0,0.0,0.0,-4.612447989569168e-05
2026-05-12 12:00:00+00:00,0.0,0.0,0.0,0.0
2026-05-12 13:00:00+00:00,0.0,0.0,0.0,0.0
2026-05-12 14:00:00+00:00,0.0,0.0,0.0,0.0
2026-05-12 15:00:00+00:00,-0.01237,0.0,-4.3006735315175286e-05,0.0
2026-05-12 16:00:00+00:00,0.0,0.0,0.0,0.0
2026-05-12 17:00:00+00:00,0.0,0.0,0.0,0.0
2026-05-12 18:00:00+00:00,0.0,0.0,0.0,7.885998889250235e-05
2026-05-12 19:00:00+00:00,0.0,0.0,0.0,0.0
2026-05-12 20:00:00+00:00,0.0,0.0,0.0,0.0
2026-05-12 21:00:00+00:00,0.0,0.0,0.0,0.0
2026-05-12 22:00:00+00:00,0.0,0.0,0.0,0.0
2026-05-12 23:00:00+00:00,0.0,0.0,0.0,0.0
2026-05-13 00:00:00+00:00,0.0,0.0,0.0,0.0
2026-05-13 01:00:00+00:00,0.0,0.0,0.0,0.0
2026-05-13 02:00:00+00:00,0.0,0.0,0.0,0.0
2026-05-13 03:00:00+00:00,0.0,0.0,0.0,0.0
2026-05-13 04:00:00+00:00,0.0,0.0,0.0,0.0
2026-05-13 05:00:00+00:00,0.0,0.0,0.0,0.0
2026-05-13 06:00:00+00:00,0.0,0.0,0.0,0.0
2026-05-13 07:00:00+00:00,0.0,0.0,0.0,0.0
2026-05-13 08:00:00+00:00,0.0,0.0,0.0,0.0
2026-05-13 09:00:00+00:00,0.0,0.0,0.0,0.0
2026-05-13 10:00:00+00:00,0.0,0.0,-3.973349784083923e-05,-3.973349784083923e-05
2026-05-13 11:00:00+00:00,-0.012579,0.0,0.0,0.0
2026-05-13 12:00:00+00:00,0.0,0.0,0.0,0.0
2026-05-13 13:00:00+00:00,0.0,0.0,0.0,0.0
2026-05-13 14:00:00+00:00,0.0,0.0,0.0,0.0
2026-05-13 15:00:00+00:00,-0.012097,0.0,-5.826879980556421e-05,-0.0001208166076038
2026-05-13 16:00:00+00:00,0.0,0.0,0.0,0.0
2026-05-13 17:00:00+00:00,0.0,0.0,0.0,0.0
2026-05-13 18:00:00+00:00,0.0,0.0,0.0,0.0
2026-05-13 19:00:00+00:00,0.0,0.0,0.0,0.0
2026-05-13 20:00:00+00:00,0.0,0.0,0.0,0.0
2026-05-13 21:00:00+00:00,0.0,0.0,0.0,0.0
2026-05-13 22:00:00+00:00,0.0,0.0,0.0,0.0
2026-05-13 23:00:00+00:00,0.0,0.0,0.0,0.0
2026-05-14 00:00:00+00:00,0.0,0.0,0.0,0.0
2026-05-14 01:00:00+00:00,0.0,0.0,0.0,0.0
2026-05-14 02:00:00+00:00,0.0,0.0,-3.348140236240193e-05,0.0
2026-05-14 03:00:00+00:00,0.0,0.0,0.0,0.0
2026-05-14 04:00:00+00:00,0.0,0.0,0.0,0.0
2026-05-14 05:00:00+00:00,0.0,0.0,0.0,0.0
2026-05-14 06:00:00+00:00,0.0,0.0,0.0,0.0
2026-05-14 07:00:00+00:00,0.0,0.0,0.0,0.0
2026-05-14 08:00:00+00:00,0.0,0.0,0.0,0.0
2026-05-14 09:00:00+00:00,0.0,0.0,-2.8324623071760417e-05,0.0
2026-05-14 10:00:00+00:00,0.0,0.0,0.0,0.0
2026-05-14 11:00:00+00:00,0.0,0.0,0.0,0.0
2026-05-14 12:00:00+00:00,0.0,0.0,0.0,2.9707177813721465e-05
2026-05-14 13:00:00+00:00,0.0,0.0,0.0,0.0
2026-05-14 14:00:00+00:00,0.0,0.0,0.0,0.0
2026-05-14 15:00:00+00:00,0.0,0.0,0.0,0.0
2026-05-14 16:00:00+00:00,0.0,0.0,0.0,0.0
2026-05-14 17:00:00+00:00,0.0,0.0,0.0,0.0
2026-05-14 18:00:00+00:00,0.0,0.0,0.0,0.0
2026-05-14 19:00:00+00:00,0.0,0.0,0.0,0.0
2026-05-14 20:00:00+00:00,0.0,0.0,0.0,0.0
2026-05-14 21:00:00+00:00,0.0,0.0,0.0,0.0
2026-05-14 22:00:00+00:00,0.0,0.0,0.0,0.0
2026-05-14 23:00:00+00:00,0.0,0.0,0.0,0.0
2026-05-15 00:00:00+00:00,0.0,0.0,0.0,0.0
2026-05-15 01:00:00+00:00,0.0,0.0,0.0,0.0
2026-05-15 02:00:00+00:00,0.0,0.0,0.0,0.0
2026-05-15 03:00:00+00:00,0.0,0.0,0.0,0.0
2026-05-15 04:00:00+00:00,0.0,0.0,0.0,0.0
2026-05-15 05:00:00+00:00,0.0,0.0,0.0,0.0
2026-05-15 06:00:00+00:00,0.0,0.0,0.0,0.0
2026-05-15 07:00:00+00:00,0.0,0.0,0.0,0.0
2026-05-15 08:00:00+00:00,0.0,0.0,0.0,0.0
2026-05-15 09:00:00+00:00,0.0,0.0,0.0,0.0
2026-05-15 10:00:00+00:00,0.0,0.0,0.0,0.0
2026-05-15 11:00:00+00:00,0.0,0.0,0.0,0.0
2026-05-15 12:00:00+00:00,0.0,0.0,0.0,0.0
2026-05-15 13:00:00+00:00,0.0,0.0,0.0,0.0
2026-05-15 14:00:00+00:00,0.0,0.0,0.0,0.0
2026-05-15 15:00:00+00:00,0.0,0.0,0.0,0.0
2026-05-15 16:00:00+00:00,0.0,0.0,0.0,0.0
2026-05-15 17:00:00+00:00,0.0,0.0,0.0,0.0
2026-05-15 18:00:00+00:00,0.0,0.0,0.0,0.0
2026-05-15 19:00:00+00:00,0.0,0.0,0.0,0.0
2026-05-15 20:00:00+00:00,0.0,0.0,0.0,0.0
2026-05-15 21:00:00+00:00,0.0,0.0,0.0,0.0
2026-05-15 22:00:00+00:00,0.0,0.0,0.0,0.0
2026-05-15 23:00:00+00:00,0.0,0.0,0.0,0.0
2026-05-16 00:00:00+00:00,0.0,0.0,0.0,0.0
2026-05-16 01:00:00+00:00,0.0,0.0,0.0,0.0
2026-05-16 02:00:00+00:00,0.0,0.0,0.0,0.0
2026-05-16 03:00:00+00:00,0.0,0.0,0.0,0.0
2026-05-16 04:00:00+00:00,0.0,0.0,0.0,0.0
2026-05-16 05:00:00+00:00,0.0,0.0,0.0,0.0
2026-05-16 06:00:00+00:00,0.0,0.0,0.0,0.0
2026-05-16 07:00:00+00:00,0.0,0.0,0.0,0.0
2026-05-16 08:00:00+00:00,0.0,0.0,0.0,0.0
2026-05-16 09:00:00+00:00,0.0,0.0,0.0,0.0
2026-05-16 10:00:00+00:00,0.0,0.0,0.0,0.0
2026-05-16 11:00:00+00:00,0.0,0.0,0.0,0.0
2026-05-16 12:00:00+00:00,0.0,0.0,0.0,0.0
2026-05-16 13:00:00+00:00,0.0,0.0,0.0,0.0
2026-05-16 14:00:00+00:00,0.0,0.0,0.0,0.0
2026-05-16 15:00:00+00:00,0.0,0.0,0.0,0.0
2026-05-16 16:00:00+00:00,0.0,0.0,0.0,0.0
2026-05-16 17:00:00+00:00,0.0,0.0,0.0,0.0
2026-05-16 18:00:00+00:00,0.0,0.0,0.0,0.0
2026-05-16 19:00:00+00:00,0.0,0.0,0.0,0.0
2026-05-16 20:00:00+00:00,0.0,0.0,0.0,0.0
2026-05-16 21:00:00+00:00,0.0,0.0,0.0,0.0
2026-05-16 22:00:00+00:00,0.0,0.0,0.0,0.0
2026-05-16 23:00:00+00:00,0.0,0.0,0.0,0.0
2026-05-17 00:00:00+00:00,0.0,0.0,0.0,0.0
2026-05-17 01:00:00+00:00,0.0,0.0,0.0,0.0
2026-05-17 02:00:00+00:00,0.0,0.0,0.0,0.0
2026-05-17 03:00:00+00:00,0.0,0.0,0.0,0.0
2026-05-17 04:00:00+00:00,0.0,0.0,0.0,5.064557017234184e-05
2026-05-17 05:00:00+00:00,0.0,0.0,0.0,0.0
2026-05-17 06:00:00+00:00,0.0,0.0,0.0,0.0
2026-05-17 07:00:00+00:00,0.0,0.0,0.0,0.0
2026-05-17 08:00:00+00:00,0.0,0.0,0.0,0.0
2026-05-17 09:00:00+00:00,0.0,0.0,0.0,0.0
2026-05-17 10:00:00+00:00,0.0,0.0,0.0,1.873216498857856e-05
2026-05-17 11:00:00+00:00,0.0,0.0,0.0,0.0
2026-05-17 12:00:00+00:00,0.0,0.0,0.0,0.0
2026-05-17 13:00:00+00:00,0.0,0.0,0.0,0.0
2026-05-17 14:00:00+00:00,0.0,0.0,0.0,-4.310668829371588e-05
2026-05-17 15:00:00+00:00,0.0,0.0,0.0,0.0
2026-05-17 16:00:00+00:00,0.0,0.0,0.0,0.0
2026-05-17 17:00:00+00:00,0.0,0.0,-3.353125519288346e-05,0.0
2026-05-17 18:00:00+00:00,0.0,0.0,0.0,0.0
2026-05-17 19:00:00+00:00,0.0,0.0,0.0,0.0
2026-05-17 20:00:00+00:00,0.0,0.0,0.0,0.0
2026-05-17 21:00:00+00:00,0.0,0.0,0.0,0.0
2026-05-17 22:00:00+00:00,0.0,0.0,-2.191404513386729e-05,-4.944291444593296e-05
2026-05-17 23:00:00+00:00,0.0,0.0,0.0,0.0
2026-05-18 00:00:00+00:00,0.0,0.0,0.0,0.0
2026-05-18 01:00:00+00:00,0.0,0.0,-4.6354770337241326e-05,0.0
2026-05-18 02:00:00+00:00,0.0,0.0,0.0,0.0
2026-05-18 03:00:00+00:00,0.0,0.0,0.0,0.0
2026-05-18 04:00:00+00:00,0.0,0.0,-2.3862916503357693e-05,0.0
2026-05-18 05:00:00+00:00,0.0,0.0,0.0,0.0
2026-05-18 06:00:00+00:00,0.0,0.0,0.0,0.0
2026-05-18 07:00:00+00:00,0.0,0.0,0.0,0.0
2026-05-18 08:00:00+00:00,0.0,0.0,0.0,-3.195701460757316e-05
2026-05-18 09:00:00+00:00,0.0,0.0,0.0,0.0
2026-05-18 10:00:00+00:00,0.0,0.0,-3.499398017383858e-05,0.0
2026-05-18 11:00:00+00:00,0.0,0.0,0.0,2.7573500542045226e-05
2026-05-18 12:00:00+00:00,0.0,0.0,0.0,0.0
2026-05-18 13:00:00+00:00,0.0,0.0,-4.374807669966007e-05,0.0
2026-05-18 14:00:00+00:00,0.0,0.0,0.0,0.0
2026-05-18 15:00:00+00:00,0.0,0.0,0.0,0.0
2026-05-18 16:00:00+00:00,0.0,0.0,0.0,0.0
2026-05-18 17:00:00+00:00,0.0,0.0,0.0,0.0
2026-05-18 18:00:00+00:00,0.0,0.0,-3.841860157106302e-05,0.0
2026-05-18 19:00:00+00:00,0.0,0.0,0.0,0.0
2026-05-18 20:00:00+00:00,0.0,0.0,0.0,0.0
2026-05-18 21:00:00+00:00,0.0,0.0,0.0,1.1491414482108783e-05
2026-05-18 22:00:00+00:00,0.0,0.0,0.0,0.0
2026-05-18 23:00:00+00:00,0.0,0.0,0.0,0.0
2026-05-19 00:00:00+00:00,0.0,0.0,0.0,0.0
2026-05-19 01:00:00+00:00,0.0,0.0,-3.972678425846143e-05,0.0
2026-05-19 02:00:00+00:00,0.0,0.0,0.0,0.0
2026-05-19 03:00:00+00:00,0.0,0.0,0.0,0.0
2026-05-19 04:00:00+00:00,0.0,0.0,0.0,0.0
2026-05-19 05:00:00+00:00,0.0,0.0,-2.8305155643961736e-05,0.0
2026-05-19 06:00:00+00:00,0.0,0.0,0.0,0.0
2026-05-19 07:00:00+00:00,0.0,0.0,0.0,6.657009188176245e-05
2026-05-19 08:00:00+00:00,0.0,0.0,-2.967081981969265e-05,0.0
2026-05-19 09:00:00+00:00,0.0,0.0,0.0,0.0
2026-05-19 10:00:00+00:00,0.0,0.0,0.0,0.0
2026-05-19 11:00:00+00:00,0.0,0.0,-3.595796285837837e-05,0.0
2026-05-19 12:00:00+00:00,0.0,0.0,0.0,0.0
2026-05-19 13:00:00+00:00,0.0,0.0,0.0,0.0
2026-05-19 14:00:00+00:00,0.0,0.0,0.0,-6.697980181934792e-05
2026-05-19 15:00:00+00:00,0.0,0.0,0.0,0.0
2026-05-19 16:00:00+00:00,0.0,0.0,0.0,0.0
2026-05-19 17:00:00+00:00,0.0,0.0,0.0,0.0
2026-05-19 18:00:00+00:00,0.0,0.0,0.0,0.0
2026-05-19 19:00:00+00:00,0.0,0.0,0.0,0.0
2026-05-19 20:00:00+00:00,0.0,0.0,0.0,0.0
2026-05-19 21:00:00+00:00,0.0,0.0,0.0,0.0
2026-05-19 22:00:00+00:00,0.0,0.0,3.186016860571406e-05,0.0
2026-05-19 23:00:00+00:00,0.0,0.0,0.0,0.0
2026-05-20 00:00:00+00:00,0.0,0.0,0.0,0.0
2026-05-20 01:00:00+00:00,0.0,0.0,0.0,0.0
2026-05-20 02:00:00+00:00,0.0,0.0,0.0,0.0
2026-05-20 03:00:00+00:00,0.0,0.0,0.0,0.0
2026-05-20 04:00:00+00:00,0.0,0.0,0.0,0.0
2026-05-20 05:00:00+00:00,0.0,0.0,0.0,2.513185131968521e-05
2026-05-20 06:00:00+00:00,0.0,0.0,0.0,0.0
2026-05-20 07:00:00+00:00,0.0,0.0,0.0,0.0
2026-05-20 08:00:00+00:00,0.0,0.0,0.0,2.5880761837328025e-05
2026-05-20 09:00:00+00:00,0.0,0.0,0.0,0.0
2026-05-20 10:00:00+00:00,0.0,0.0,0.0,0.0
2026-05-20 11:00:00+00:00,0.0,0.0,0.0,0.0
2026-05-20 12:00:00+00:00,0.0,0.0,0.0,1.753341344432725e-05
2026-05-20 13:00:00+00:00,0.0,0.0,-9.01291488178634e-06,0.0
2026-05-20 14:00:00+00:00,0.0,0.0,0.0,0.0
2026-05-20 15:00:00+00:00,0.0,0.0,0.0,0.0
2026-05-20 16:00:00+00:00,0.0,0.0,-4.570051743285841e-05,0.0
2026-05-20 17:00:00+00:00,0.0,0.0,0.0,0.0
2026-05-20 18:00:00+00:00,0.0,0.0,0.0,0.0
2026-05-20 19:00:00+00:00,0.0,0.0,0.0,0.0
2026-05-20 20:00:00+00:00,0.0,0.0,0.0,0.0
2026-05-20 21:00:00+00:00,0.0,0.0,0.0,0.0
2026-05-20 22:00:00+00:00,0.0,0.0,0.0,-2.4321540870764127e-06
2026-05-20 23:00:00+00:00,0.0,0.0,0.0,0.0
2026-05-21 00:00:00+00:00,0.0,0.0,0.0,0.0
2026-05-21 01:00:00+00:00,0.0,0.0,0.0,0.0
2026-05-21 02:00:00+00:00,0.0,0.0,0.0,0.0
2026-05-21 03:00:00+00:00,0.0,0.0,0.0,0.0
2026-05-21 04:00:00+00:00,0.0,0.0,0.0,0.0
2026-05-21 05:00:00+00:00,0.0,0.0,0.0,-3.9331935769438825e-05
2026-05-21 06:00:00+00:00,0.0,0.0,0.0,0.0
2026-05-21 07:00:00+00:00,0.0,0.0,0.0,0.0
2026-05-21 08:00:00+00:00,0.0,0.0,0.0,0.0
2026-05-21 09:00:00+00:00,0.0,0.0,0.0,0.0
2026-05-21 10:00:00+00:00,0.0,0.0,0.0,-6.855408869620993e-05
2026-05-21 11:00:00+00:00,0.0,0.0,0.0,0.0
2026-05-21 12:00:00+00:00,0.0,0.0,0.0,0.0
2026-05-21 13:00:00+00:00,0.0,0.0,0.0,-5.388282230523899e-05
2026-05-21 14:00:00+00:00,0.0,0.0,0.0,0.0
2026-05-21 15:00:00+00:00,0.0,0.0,0.0,0.0
2026-05-21 16:00:00+00:00,0.0,0.0,0.0,0.0
2026-05-21 17:00:00+00:00,0.0,0.0,0.0,0.0
2026-05-21 18:00:00+00:00,0.0,0.0,0.0,0.0
2026-05-21 19:00:00+00:00,0.0,0.0,0.0,0.0
2026-05-21 20:00:00+00:00,0.0,0.0,0.0,0.0
2026-05-21 21:00:00+00:00,0.0,0.0,0.0,0.0
2026-05-21 22:00:00+00:00,0.0,0.0,0.0,0.0
2026-05-21 23:00:00+00:00,0.0,0.0,0.0,0.0
2026-05-22 00:00:00+00:00,0.0,0.0,0.0,0.0
2026-05-22 01:00:00+00:00,0.0,0.0,0.0,0.0
2026-05-22 02:00:00+00:00,0.0,0.0,0.0,0.0
2026-05-22 03:00:00+00:00,0.0,0.0,0.0,0.0
2026-05-22 04:00:00+00:00,0.0,0.0,0.0,0.0
2026-05-22 05:00:00+00:00,0.0,0.0,0.0,0.0
2026-05-22 06:00:00+00:00,0.0,0.0,0.0,0.0
2026-05-22 07:00:00+00:00,0.0,0.0,0.0,0.0
2026-05-22 08:00:00+00:00,0.0,0.0,-2.644596182878044e-05,0.0
2026-05-22 09:00:00+00:00,0.0,0.0,0.0,0.0
2026-05-22 10:00:00+00:00,0.0,0.0,0.0,0.0
2026-05-22 11:00:00+00:00,0.0,0.0,0.0,0.0
2026-05-22 12:00:00+00:00,0.0,0.0,0.0,0.0
2026-05-22 13:00:00+00:00,0.0,0.0,0.0,-3.5679773903393154e-05
2026-05-22 14:00:00+00:00,0.0,0.0,0.0,0.0
2026-05-22 15:00:00+00:00,0.0,0.0,0.0,0.0
2026-05-22 16:00:00+00:00,0.0,0.0,0.0,0.0
2026-05-22 17:00:00+00:00,0.0,0.0,0.0,0.0
2026-05-22 18:00:00+00:00,0.0,0.0,0.0,0.0
2026-05-22 19:00:00+00:00,0.0,0.0,0.0,0.0
2026-05-22 20:00:00+00:00,0.0,0.0,0.0,0.0
2026-05-22 21:00:00+00:00,0.0,0.0,0.0,0.0
2026-05-22 22:00:00+00:00,0.0,0.0,0.0,0.0
2026-05-22 23:00:00+00:00,0.0,0.0,0.0,0.0
2026-05-23 00:00:00+00:00,0.0,0.0,0.0,0.0
2026-05-23 01:00:00+00:00,0.0,0.0,0.0,0.0
2026-05-23 02:00:00+00:00,0.0,0.0,0.0,0.0
2026-05-23 03:00:00+00:00,0.0,0.0,0.0,0.0
2026-05-23 04:00:00+00:00,0.0,0.0,0.0,0.0
2026-05-23 05:00:00+00:00,0.0,0.0,0.0,0.0
2026-05-23 06:00:00+00:00,0.0,0.0,0.0,0.0
2026-05-23 07:00:00+00:00,0.0,0.0,0.0,0.0
2026-05-23 08:00:00+00:00,0.0,0.0,0.0,0.0
2026-05-23 09:00:00+00:00,0.0,0.0,0.0,0.0
2026-05-23 10:00:00+00:00,0.0,0.0,0.0,0.0
2026-05-23 11:00:00+00:00,0.0,0.0,0.0,0.0
2026-05-23 12:00:00+00:00,0.0,0.0,0.0,0.0
2026-05-23 13:00:00+00:00,0.0,0.0,0.0,0.0
2026-05-23 14:00:00+00:00,0.0,0.0,0.0,0.0
2026-05-23 15:00:00+00:00,0.0,0.0,0.0,0.0
2026-05-23 16:00:00+00:00,0.0,0.0,0.0,0.0
2026-05-23 17:00:00+00:00,0.0,0.0,0.0,0.0
2026-05-23 18:00:00+00:00,0.0,0.0,0.0,0.0
2026-05-23 19:00:00+00:00,0.0,0.0,0.0,0.0
2026-05-23 20:00:00+00:00,0.0,0.0,0.0,0.0
2026-05-23 21:00:00+00:00,0.0,0.0,0.0,0.0
2026-05-23 22:00:00+00:00,0.0,0.0,0.0,0.0
2026-05-23 23:00:00+00:00,0.0,0.0,0.0,0.0
2026-05-24 00:00:00+00:00,0.0,0.0,0.0,0.0
2026-05-24 01:00:00+00:00,0.0,0.0,0.0,0.0
2026-05-24 02:00:00+00:00,0.0,0.0,0.0,0.0
2026-05-24 03:00:00+00:00,0.0,0.0,0.0,0.0
2026-05-24 04:00:00+00:00,0.0,0.0,0.0,0.0
2026-05-24 05:00:00+00:00,0.0,0.0,0.0,0.0
2026-05-24 06:00:00+00:00,0.0,0.0,0.0,0.0
2026-05-24 07:00:00+00:00,0.0,0.0,0.0,0.0
2026-05-24 08:00:00+00:00,0.0,0.0,0.0,0.0
2026-05-24 09:00:00+00:00,0.0,0.0,0.0,0.0
2026-05-24 10:00:00+00:00,0.0,0.0,0.0,0.0
2026-05-24 11:00:00+00:00,0.0,0.0,0.0,0.0
2026-05-24 12:00:00+00:00,0.0,0.0,-2.072748779553545e-05,0.0
2026-05-24 13:00:00+00:00,0.0,0.0,0.0,0.0
2026-05-24 14:00:00+00:00,0.0,0.0,0.0,0.0
2026-05-24 15:00:00+00:00,0.0,0.0,0.0,0.0
2026-05-24 16:00:00+00:00,0.0,0.0,0.0,1.77485384290177e-05
2026-05-24 17:00:00+00:00,0.0,0.0,0.0,0.0
2026-05-24 18:00:00+00:00,0.0,0.0,0.0,0.0
2026-05-24 19:00:00+00:00,0.0,0.0,0.0,0.0
2026-05-24 20:00:00+00:00,0.0,0.0,0.0,0.0
2026-05-24 21:00:00+00:00,0.0,0.0,-5.215318453528294e-05,0.0
2026-05-24 22:00:00+00:00,0.0,0.0,0.0,0.0
2026-05-24 23:00:00+00:00,0.0,0.0,0.0,0.0
2026-05-25 00:00:00+00:00,0.0,0.0,0.0,0.0
2026-05-25 01:00:00+00:00,0.0,0.0,0.0,0.0
2026-05-25 02:00:00+00:00,0.0,0.0,0.0,0.0
2026-05-25 03:00:00+00:00,0.0,0.0,0.0,0.0
2026-05-25 04:00:00+00:00,0.0,0.0,0.0,0.0
2026-05-25 05:00:00+00:00,0.0,0.0,0.0,0.0
2026-05-25 06:00:00+00:00,0.0,0.0,0.0,0.0
2026-05-25 07:00:00+00:00,0.0,0.0,0.0,0.0
2026-05-25 08:00:00+00:00,0.0,0.0,0.0,0.0
2026-05-25 09:00:00+00:00,0.0,0.0,0.0,1.93303608430695e-05
2026-05-25 10:00:00+00:00,0.0,0.0,0.0,0.0
2026-05-25 11:00:00+00:00,0.0,0.0,-2.2315326520572213e-05,0.0
2026-05-25 12:00:00+00:00,0.0,0.0,0.0,0.0
2026-05-25 13:00:00+00:00,0.0,0.0,0.0,0.0
2026-05-25 14:00:00+00:00,0.0,0.0,0.0,2.2935914423293243e-05
2026-05-25 15:00:00+00:00,0.0,0.0,0.0,0.0
2026-05-25 16:00:00+00:00,0.0,0.0,0.0,0.0
2026-05-25 17:00:00+00:00,0.0,0.0,0.0,0.0
2026-05-25 18:00:00+00:00,0.0,0.0,0.0,0.0
2026-05-25 19:00:00+00:00,0.0,0.0,0.0,0.0
2026-05-25 20:00:00+00:00,0.0,0.0,0.0,0.0
2026-05-25 21:00:00+00:00,0.0,0.0,0.0,0.0
2026-05-25 22:00:00+00:00,0.0,0.0,0.0,0.0
2026-05-25 23:00:00+00:00,0.0,0.0,0.0,0.0
2026-05-26 00:00:00+00:00,0.0,0.0,-3.788778131082914e-05,0.0
2026-05-26 01:00:00+00:00,0.0,0.0,0.0,0.0
2026-05-26 02:00:00+00:00,0.0,0.0,0.0,0.0
2026-05-26 03:00:00+00:00,0.0,0.0,0.0,0.0
2026-05-26 04:00:00+00:00,0.0,0.0,0.0,0.0
2026-05-26 05:00:00+00:00,0.0,0.0,0.0,0.0
2026-05-26 06:00:00+00:00,0.0,0.0,0.0,0.0
2026-05-26 07:00:00+00:00,0.0,0.0,0.0,0.0
2026-05-26 08:00:00+00:00,0.0,0.0,0.0,0.0
2026-05-26 09:00:00+00:00,0.0,0.0,0.0,-2.1046552378688456e-05
2026-05-26 10:00:00+00:00,0.0,0.0,5.2716633885411264e-05,0.0
2026-05-26 11:00:00+00:00,0.0,0.0,0.0,0.0
2026-05-26 12:00:00+00:00,0.0,0.0,0.0,0.0
2026-05-26 13:00:00+00:00,0.0,0.0,-3.2985123002626785e-05,-6.317039705999394e-05
2026-05-26 14:00:00+00:00,0.0,0.0,0.0,0.0
2026-05-26 15:00:00+00:00,0.0,0.0,0.0,0.0
2026-05-26 16:00:00+00:00,0.0,0.0,0.0,0.0
2026-05-26 17:00:00+00:00,0.0,0.0,0.0,-8.84393531701444e-05
2026-05-26 18:00:00+00:00,0.0,0.0,0.0,0.0
2026-05-26 19:00:00+00:00,0.0,0.0,0.0,0.0
2026-05-26 20:00:00+00:00,0.0,0.0,0.0,0.0
2026-05-26 21:00:00+00:00,0.0,0.0,0.0,0.0
2026-05-26 22:00:00+00:00,0.0,0.0,0.0,0.0
2026-05-26 23:00:00+00:00,0.0,0.0,0.0,0.0
2026-05-27 00:00:00+00:00,0.0,0.0,0.0,0.0
2026-05-27 01:00:00+00:00,0.0,0.0,0.0,0.0
2026-05-27 02:00:00+00:00,0.0,0.0,-2.8452124900366628e-05,0.0
2026-05-27 03:00:00+00:00,0.0,0.0,0.0,0.0
2026-05-27 04:00:00+00:00,0.0,0.0,0.0,0.0
2026-05-27 05:00:00+00:00,0.0,0.0,0.0,0.0
2026-05-27 06:00:00+00:00,0.0,0.0,0.0,1.5421018444480305e-05
2026-05-27 07:00:00+00:00,0.0,0.0,0.0,0.0
2026-05-27 08:00:00+00:00,0.0,0.0,0.0,0.0
2026-05-27 09:00:00+00:00,0.0,0.0,0.0,0.0
2026-05-27 10:00:00+00:00,0.0,0.0,0.0,0.0
2026-05-27 11:00:00+00:00,0.0,0.0,0.0,0.0
2026-05-27 12:00:00+00:00,0.0,0.0,4.420670500976396e-06,2.6121826351425136e-05
2026-05-27 13:00:00+00:00,0.0,0.0,0.0,0.0
2026-05-27 14:00:00+00:00,0.0,0.0,0.0,0.0
2026-05-27 15:00:00+00:00,0.0,0.0,0.0,0.0
2026-05-27 16:00:00+00:00,0.0,0.0,0.0,0.0
2026-05-27 17:00:00+00:00,0.0,0.0,-4.437070516121632e-05,0.0
2026-05-27 18:00:00+00:00,0.0,0.0,0.0,0.0
2026-05-27 19:00:00+00:00,0.0,0.0,0.0,0.0
2026-05-27 20:00:00+00:00,0.0,0.0,0.0,0.0
2026-05-27 21:00:00+00:00,0.0,0.0,0.0,-9.248969238692008e-05
2026-05-27 22:00:00+00:00,0.0,0.0,0.0,0.0
2026-05-27 23:00:00+00:00,0.0,0.0,0.0,0.0
2026-05-28 00:00:00+00:00,0.0,0.0,0.0,0.0
2026-05-28 01:00:00+00:00,0.0,0.0,0.0,-4.429391666910365e-05
2026-05-28 02:00:00+00:00,0.0,0.0,0.0,0.0
2026-05-28 03:00:00+00:00,0.0,0.0,0.0,0.0
2026-05-28 04:00:00+00:00,0.0,0.0,0.0,0.0
2026-05-28 05:00:00+00:00,0.0,0.0,0.0,0.0
2026-05-28 06:00:00+00:00,0.0,0.0,0.0,0.0
2026-05-28 07:00:00+00:00,0.0,0.0,0.0,0.0
2026-05-28 08:00:00+00:00,0.0,0.0,0.0,0.0
2026-05-28 09:00:00+00:00,0.0,0.0,0.0,0.0
2026-05-28 10:00:00+00:00,0.0,0.0,0.0,0.0
2026-05-28 11:00:00+00:00,0.0,0.0,0.0,0.0
2026-05-28 12:00:00+00:00,0.0,0.0,0.0,0.0
2026-05-28 13:00:00+00:00,0.0,0.0,0.0,0.0
2026-05-28 14:00:00+00:00,0.0,0.0,0.0,0.0
2026-05-28 15:00:00+00:00,0.0,0.0,0.0,0.0
2026-05-28 16:00:00+00:00,0.0,0.0,0.0,0.0
2026-05-28 17:00:00+00:00,0.0,0.0,0.0,0.0
2026-05-28 18:00:00+00:00,0.0,0.0,0.0,0.0
2026-05-28 19:00:00+00:00,0.0,0.0,0.0,0.0
2026-05-28 20:00:00+00:00,0.0,0.0,0.0,0.0
2026-05-28 21:00:00+00:00,0.0,0.0,0.0,0.0
2026-05-28 22:00:00+00:00,0.0,0.0,0.0,0.0
2026-05-28 23:00:00+00:00,0.0,0.0,0.0,0.0
2026-05-29 00:00:00+00:00,0.0,0.0,0.0,0.0
2026-05-29 01:00:00+00:00,0.0,0.0,0.0,0.0
2026-05-29 02:00:00+00:00,0.0,0.0,0.0,0.0
2026-05-29 03:00:00+00:00,0.0,0.0,0.0,0.0
2026-05-29 04:00:00+00:00,0.0,0.0,0.0,0.0
2026-05-29 05:00:00+00:00,0.0,0.0,0.0,0.0
2026-05-29 06:00:00+00:00,0.0,0.0,0.0,0.0
2026-05-29 07:00:00+00:00,0.0,0.0,0.0,0.0
2026-05-29 08:00:00+00:00,0.0,0.0,0.0,0.0
2026-05-29 09:00:00+00:00,0.0,0.0,0.0,0.0
2026-05-29 10:00:00+00:00,0.0,0.0,0.0,0.0
2026-05-29 11:00:00+00:00,0.0,0.0,0.0,0.0
2026-05-29 12:00:00+00:00,0.0,0.0,0.0,0.0
2026-05-29 13:00:00+00:00,0.0,0.0,0.0,0.0
2026-05-29 14:00:00+00:00,0.0,0.0,0.0,0.0
2026-05-29 15:00:00+00:00,0.0,0.0,0.0,0.0
2026-05-29 16:00:00+00:00,0.0,0.0,0.0,0.0
2026-05-29 17:00:00+00:00,0.0,0.0,0.0,0.0
2026-05-29 18:00:00+00:00,0.0,0.0,0.0,0.0
2026-05-29 19:00:00+00:00,0.0,0.0,0.0,0.0
2026-05-29 20:00:00+00:00,0.0,0.0,0.0,0.0
2026-05-29 21:00:00+00:00,0.0,0.0,0.0,0.0
2026-05-29 22:00:00+00:00,0.0,0.0,0.0,0.0
2026-05-29 23:00:00+00:00,0.0,0.0,0.0,0.0
2026-05-30 00:00:00+00:00,0.0,0.0,0.0,0.0
2026-05-30 01:00:00+00:00,0.0,0.0,0.0,0.0
2026-05-30 02:00:00+00:00,0.0,0.0,0.0,0.0
2026-05-30 03:00:00+00:00,0.0,0.0,0.0,0.0
2026-05-30 04:00:00+00:00,0.0,0.0,0.0,0.0
2026-05-30 05:00:00+00:00,0.0,0.0,0.0,0.0
2026-05-30 06:00:00+00:00,0.0,0.0,0.0,0.0
2026-05-30 07:00:00+00:00,0.0,0.0,0.0,0.0
2026-05-30 08:00:00+00:00,0.0,0.0,0.0,0.0
2026-05-30 09:00:00+00:00,0.0,0.0,0.0,0.0
2026-05-30 10:00:00+00:00,0.0,0.0,0.0,0.0
2026-05-30 11:00:00+00:00,0.0,0.0,0.0,0.0
2026-05-30 12:00:00+00:00,0.0,0.0,0.0,0.0
2026-05-30 13:00:00+00:00,0.0,0.0,0.0,0.0
2026-05-30 14:00:00+00:00,0.0,0.0,0.0,0.0
2026-05-30 15:00:00+00:00,0.0,0.0,0.0,0.0
2026-05-30 16:00:00+00:00,0.0,0.0,0.0,0.0
2026-05-30 17:00:00+00:00,0.0,0.0,0.0,0.0
2026-05-30 18:00:00+00:00,0.0,0.0,0.0,0.0
2026-05-30 19:00:00+00:00,0.0,0.0,0.0,0.0
2026-05-30 20:00:00+00:00,0.0,0.0,0.0,0.0
2026-05-30 21:00:00+00:00,0.0,0.0,0.0,0.0
2026-05-30 22:00:00+00:00,0.0,0.0,0.0,0.0
2026-05-30 23:00:00+00:00,0.0,0.0,0.0,0.0
2026-05-31 00:00:00+00:00,0.0,0.0,0.0,0.0
2026-05-31 01:00:00+00:00,0.0,0.0,0.0,0.0
2026-05-31 02:00:00+00:00,0.0,0.0,-2.6677466758827643e-05,0.0
2026-05-31 03:00:00+00:00,0.0,0.0,0.0,0.0
2026-05-31 04:00:00+00:00,0.0,0.0,0.0,0.0
2026-05-31 05:00:00+00:00,0.0,0.0,-1.7571611142866973e-05,0.0
2026-05-31 06:00:00+00:00,0.0,0.0,0.0,0.0
2026-05-31 07:00:00+00:00,0.0,0.0,0.0,0.0
2026-05-31 08:00:00+00:00,0.0,0.0,0.0,0.0
2026-05-31 09:00:00+00:00,0.0,0.0,0.0,-3.91960315973927e-05
2026-05-31 10:00:00+00:00,0.0,0.0,-2.48142903787718e-05,0.0
2026-05-31 11:00:00+00:00,0.0,0.0,0.0,0.0
2026-05-31 12:00:00+00:00,0.0,0.0,0.0,0.0
2026-05-31 13:00:00+00:00,0.0,0.0,-1.824404761904818e-05,-2.168712237679781e-05
2026-05-31 14:00:00+00:00,0.0,0.0,0.0,0.0
2026-05-31 15:00:00+00:00,0.0,0.0,0.0,0.0
2026-05-31 16:00:00+00:00,0.0,0.0,0.0,-4.046464737524901e-05
2026-05-31 17:00:00+00:00,0.0,0.0,0.0,0.0
2026-05-31 18:00:00+00:00,0.0,0.0,0.0,0.0
2026-05-31 19:00:00+00:00,0.0,0.0,0.0,0.0
2026-05-31 20:00:00+00:00,0.0,0.0,0.0,1.0844063660392375e-05
2026-05-31 21:00:00+00:00,0.0,0.0,0.0,0.0
2026-05-31 22:00:00+00:00,0.0,0.0,-3.011908647857608e-05,0.0
2026-05-31 23:00:00+00:00,0.0,0.0,0.0,0.0
2026-06-01 00:00:00+00:00,0.0,0.0,0.0,0.0
2026-06-01 01:00:00+00:00,0.0,0.0,-3.963659741490154e-05,0.0
2026-06-01 02:00:00+00:00,0.0,0.0,0.0,0.0
2026-06-01 03:00:00+00:00,0.0,0.0,0.0,0.0
2026-06-01 04:00:00+00:00,0.0,0.0,-2.925671819594688e-05,0.0
2026-06-01 05:00:00+00:00,0.0,0.0,0.0,0.0
2026-06-01 06:00:00+00:00,0.0,0.0,0.0,0.0
2026-06-01 07:00:00+00:00,0.0,0.0,-3.8576315765727054e-05,-0.0001262398494239
2026-06-01 08:00:00+00:00,0.0,0.0,0.0,0.0
2026-06-01 09:00:00+00:00,0.0,0.0,0.0,0.0
2026-06-01 10:00:00+00:00,0.0,0.0,0.0,0.0
2026-06-01 11:00:00+00:00,0.0,0.0,0.0,0.0
2026-06-01 12:00:00+00:00,0.0,0.0,0.0,-9.160922063666256e-05
2026-06-01 13:00:00+00:00,0.0,0.0,0.0,0.0
2026-06-01 14:00:00+00:00,0.0,0.0,0.0,0.0
2026-06-01 15:00:00+00:00,0.0,0.0,-4.6620462998012695e-05,0.0
2026-06-01 16:00:00+00:00,0.0,0.0,0.0,-9.78891111952296e-05
2026-06-01 17:00:00+00:00,0.0,0.0,0.0,0.0
2026-06-01 18:00:00+00:00,0.0,0.0,0.0,0.0
2026-06-01 19:00:00+00:00,0.0,0.0,0.0,0.0
2026-06-01 20:00:00+00:00,0.0,0.0,0.0,0.0
2026-06-01 21:00:00+00:00,0.0,0.0,0.0,0.0
2026-06-01 22:00:00+00:00,0.0,0.0,0.0,0.0
2026-06-01 23:00:00+00:00,0.0,0.0,0.0,0.0
2026-06-02 00:00:00+00:00,0.0,0.0,0.0,0.0
2026-06-02 01:00:00+00:00,0.0,0.0,0.0,0.0
2026-06-02 02:00:00+00:00,0.0,0.0,0.0,0.0
2026-06-02 03:00:00+00:00,0.0,0.0,0.0,0.0
2026-06-02 04:00:00+00:00,0.0,0.0,0.0,0.0
2026-06-02 05:00:00+00:00,0.0,0.0,-6.431673467521159e-05,0.0
2026-06-02 06:00:00+00:00,0.0,0.0,0.0,0.0
2026-06-02 07:00:00+00:00,0.0,0.0,0.0,0.0
2026-06-02 08:00:00+00:00,0.0,0.0,-4.871022764061261e-05,0.0
2026-06-02 09:00:00+00:00,0.0,0.0,0.0,-9.276173713892554e-05
2026-06-02 10:00:00+00:00,0.0,0.0,0.0,0.0
2026-06-02 11:00:00+00:00,0.0,0.0,0.0,0.0
2026-06-02 12:00:00+00:00,0.0,0.0,0.0,0.0
2026-06-02 13:00:00+00:00,0.0,0.0,0.0,0.0
2026-06-02 14:00:00+00:00,0.0,0.0,0.0,0.0
2026-06-02 15:00:00+00:00,0.0,0.0,-9.95444381227084e-05,0.0
2026-06-02 16:00:00+00:00,0.0,0.0,0.0,0.0
2026-06-02 17:00:00+00:00,0.0,0.0,0.0,0.0
2026-06-02 18:00:00+00:00,0.0,0.0,0.0,0.0
2026-06-02 19:00:00+00:00,0.0,0.0,0.0,0.0
2026-06-02 20:00:00+00:00,0.0,0.0,0.0,0.0
2026-06-02 21:00:00+00:00,0.0,0.0,0.0,0.0
2026-06-02 22:00:00+00:00,0.0,0.0,0.0,0.0
2026-06-02 23:00:00+00:00,0.0,0.0,0.0,0.0
2026-06-03 00:00:00+00:00,0.0,0.0,0.0,0.0
2026-06-03 01:00:00+00:00,0.0,0.0,0.0,0.0
2026-06-03 02:00:00+00:00,0.0,0.0,0.0,0.0
2026-06-03 03:00:00+00:00,0.0,0.0,0.0,0.0
2026-06-03 04:00:00+00:00,0.0,0.0,0.0,0.0
2026-06-03 05:00:00+00:00,0.0,0.0,0.0,0.0
2026-06-03 06:00:00+00:00,0.0,0.0,0.0,0.0
2026-06-03 07:00:00+00:00,0.0,0.0,0.0,0.0
2026-06-03 08:00:00+00:00,0.0,0.0,0.0,0.0
2026-06-03 09:00:00+00:00,0.0,0.0,0.0,0.0
2026-06-03 10:00:00+00:00,0.0,0.0,0.0,0.0
2026-06-03 11:00:00+00:00,0.0,0.0,0.0,0.0
2026-06-03 12:00:00+00:00,0.0,0.0,0.0,0.0
2026-06-03 13:00:00+00:00,0.0,0.0,0.0,0.0
2026-06-03 14:00:00+00:00,0.0,0.0,0.0,0.0
2026-06-03 15:00:00+00:00,0.0,0.0,0.0,0.0
2026-06-03 16:00:00+00:00,0.0,0.0,0.0,0.0
2026-06-03 17:00:00+00:00,0.0,0.0,0.0,0.0
2026-06-03 18:00:00+00:00,0.0,0.0,0.0,0.0
2026-06-03 19:00:00+00:00,0.0,0.0,0.0,0.0
2026-06-03 20:00:00+00:00,0.0,0.0,0.0,0.0
2026-06-03 21:00:00+00:00,0.0,0.0,0.0,0.0
2026-06-03 22:00:00+00:00,0.0,0.0,0.0,0.0
2026-06-03 23:00:00+00:00,0.0,0.0,0.0,0.0
2026-06-04 00:00:00+00:00,0.0,0.0,0.0,0.0
2026-06-04 01:00:00+00:00,0.0,0.0,0.0,0.0
2026-06-04 02:00:00+00:00,0.0,0.0,0.0,0.0
2026-06-04 03:00:00+00:00,0.0,0.0,0.0,0.0
2026-06-04 04:00:00+00:00,0.0,0.0,0.0,0.0
2026-06-04 05:00:00+00:00,0.0,0.0,0.0,0.0
2026-06-04 06:00:00+00:00,0.0,0.0,0.0,0.0
2026-06-04 07:00:00+00:00,0.0,0.0,0.0,0.0
2026-06-04 08:00:00+00:00,0.0,0.0,0.0,-0.0001204304539311
2026-06-04 09:00:00+00:00,0.0,0.0,0.0,0.0
2026-06-04 10:00:00+00:00,0.0,0.0,0.0,0.0
2026-06-04 11:00:00+00:00,0.0,0.0,0.0,0.0
2026-06-04 12:00:00+00:00,0.0,0.0,0.0,0.0
2026-06-04 13:00:00+00:00,0.0,0.0,0.0,0.0
2026-06-04 14:00:00+00:00,0.0,0.0,0.0,0.0
2026-06-04 15:00:00+00:00,0.0,0.0,0.0,0.0
2026-06-04 16:00:00+00:00,0.0,0.0,0.0,0.0
2026-06-04 17:00:00+00:00,0.0,0.0,0.0,0.0
2026-06-04 18:00:00+00:00,0.0,0.0,0.0,0.0
2026-06-04 19:00:00+00:00,0.0,0.0,0.0,0.0
2026-06-04 20:00:00+00:00,0.0,0.0,0.0,0.0
2026-06-04 21:00:00+00:00,0.0,0.0,0.0,0.0
2026-06-04 22:00:00+00:00,0.0,0.0,0.0,0.0
2026-06-04 23:00:00+00:00,0.0,0.0,0.0,0.0
2026-06-05 00:00:00+00:00,0.0,0.0,0.0,0.0
2026-06-05 01:00:00+00:00,0.0,0.0,0.0,0.0
2026-06-05 02:00:00+00:00,0.0,0.0,0.0,0.0
2026-06-05 03:00:00+00:00,0.0,0.0,0.0,0.0
2026-06-05 04:00:00+00:00,0.0,0.0,0.0,0.0
2026-06-05 05:00:00+00:00,0.0,0.0,0.0,0.0
2026-06-05 06:00:00+00:00,0.0,0.0,-7.765097802986176e-05,0.0
2026-06-05 07:00:00+00:00,0.0,0.0,0.0,0.0
2026-06-05 08:00:00+00:00,0.0,0.0,0.0,0.0
2026-06-05 09:00:00+00:00,0.0,0.0,0.0,0.0
2026-06-05 10:00:00+00:00,0.0,0.0,0.0,0.0
2026-06-05 11:00:00+00:00,0.0,0.0,0.0,0.0
2026-06-05 12:00:00+00:00,0.0,0.0,0.0,0.0
2026-06-05 13:00:00+00:00,0.0,0.0,0.0,0.0
2026-06-05 14:00:00+00:00,0.0,0.0,0.0,0.0
2026-06-05 15:00:00+00:00,0.0,0.0,0.0,0.0
2026-06-05 16:00:00+00:00,0.0,0.0,0.0,0.0
2026-06-05 17:00:00+00:00,0.0,0.0,0.0,0.0
2026-06-05 18:00:00+00:00,0.0,0.0,0.0,0.0
2026-06-05 19:00:00+00:00,0.0,0.0,0.0,0.0
2026-06-05 20:00:00+00:00,0.0,0.0,0.0,0.0
2026-06-05 21:00:00+00:00,0.0,0.0,0.0,0.0
2026-06-05 22:00:00+00:00,0.0,0.0,0.0,0.0
2026-06-05 23:00:00+00:00,0.0,0.0,0.0,0.0
2026-06-06 00:00:00+00:00,0.0,0.0,0.0,0.0
2026-06-06 01:00:00+00:00,0.0,0.0,0.0,0.0
2026-06-06 02:00:00+00:00,0.0,0.0,0.0,0.0
2026-06-06 03:00:00+00:00,0.0,0.0,0.0,0.0
2026-06-06 04:00:00+00:00,0.0,0.0,0.0,0.0
2026-06-06 05:00:00+00:00,0.0,0.0,0.0,0.0
2026-06-06 06:00:00+00:00,0.0,0.0,0.0,0.0
2026-06-06 07:00:00+00:00,0.0,0.0,0.0,0.0
2026-06-06 08:00:00+00:00,0.0,0.0,0.0,0.0
2026-06-06 09:00:00+00:00,0.0,0.0,0.0,0.0
2026-06-06 10:00:00+00:00,0.0,0.0,0.0,0.0
2026-06-06 11:00:00+00:00,0.0,0.0,0.0,0.0
2026-06-06 12:00:00+00:00,0.0,0.0,0.0,0.0
2026-06-06 13:00:00+00:00,0.0,0.0,0.0,0.0
2026-06-06 14:00:00+00:00,0.0,0.0,0.0,0.0
2026-06-06 15:00:00+00:00,0.0,0.0,-4.41307677543723e-05,0.0
2026-06-06 16:00:00+00:00,0.0,0.0,0.0,0.0
2026-06-06 17:00:00+00:00,0.0,0.0,0.0,0.0
2026-06-06 18:00:00+00:00,0.0,0.0,0.0,0.0
2026-06-06 19:00:00+00:00,0.0,0.0,0.0,0.0
2026-06-06 20:00:00+00:00,0.0,0.0,0.0,0.0
2026-06-06 21:00:00+00:00,0.0,0.0,0.0,0.0
2026-06-06 22:00:00+00:00,0.0,0.0,0.0,0.0
2026-06-06 23:00:00+00:00,0.0,0.0,0.0,0.0
2026-06-07 00:00:00+00:00,0.0,0.0,0.0,0.0
2026-06-07 01:00:00+00:00,0.0,0.0,0.0,0.0
2026-06-07 02:00:00+00:00,0.0,0.0,0.0,0.0
2026-06-07 03:00:00+00:00,0.0,0.0,0.0,0.0
2026-06-07 04:00:00+00:00,0.0,0.0,0.0,0.0
2026-06-07 05:00:00+00:00,0.0,0.0,0.0,0.0
2026-06-07 06:00:00+00:00,0.0,0.0,0.0,0.0
2026-06-07 07:00:00+00:00,0.0,0.0,0.0,0.0
2026-06-07 08:00:00+00:00,0.0,0.0,0.0002110801117441,0.0001668640893952
2026-06-07 09:00:00+00:00,0.0,0.0,0.0,0.0
2026-06-07 10:00:00+00:00,0.0,0.0,0.0,0.0
2026-06-07 11:00:00+00:00,0.0,0.0,0.0,4.231702413255546e-05
2026-06-07 12:00:00+00:00,0.0,0.0,-3.1798760055231625e-05,0.0
2026-06-07 13:00:00+00:00,0.0,0.0,0.0,0.0
2026-06-07 14:00:00+00:00,0.0,0.0,0.0,4.02793105946453e-05
2026-06-07 15:00:00+00:00,0.0,0.0,0.0,0.0
2026-06-07 16:00:00+00:00,0.0,0.0,0.0,0.0
2026-06-07 17:00:00+00:00,0.0,0.0,0.0,0.0
2026-06-07 18:00:00+00:00,0.0,0.0,0.0,0.0
2026-06-07 19:00:00+00:00,0.0,0.0,-5.9728222811901146e-05,0.0
2026-06-07 20:00:00+00:00,0.0,0.0,0.0,0.0
2026-06-07 21:00:00+00:00,0.0,0.0,0.0,0.0
2026-06-07 22:00:00+00:00,0.0,0.0,0.0,0.0001345359991376
2026-06-07 23:00:00+00:00,0.0,0.0,0.0,0.0
2026-06-08 00:00:00+00:00,0.0,0.0,0.0,0.0
2026-06-08 01:00:00+00:00,0.0,0.0,0.0,0.0
2026-06-08 02:00:00+00:00,0.0,0.0,0.0,0.0
2026-06-08 03:00:00+00:00,0.0,0.0,0.0,0.0
2026-06-08 04:00:00+00:00,0.0,0.0,0.0,0.0
2026-06-08 05:00:00+00:00,0.0,0.0,0.0,0.0
2026-06-08 06:00:00+00:00,0.0,0.0,0.0,0.0
2026-06-08 07:00:00+00:00,0.0,0.0,0.0,0.0
2026-06-08 08:00:00+00:00,0.0,0.0,0.0,0.0
2026-06-08 09:00:00+00:00,0.0,0.0,0.0,6.811007901024958e-05
2026-06-08 10:00:00+00:00,0.0,0.0,0.0,0.0
2026-06-08 11:00:00+00:00,0.0,0.0,0.0,0.0
2026-06-08 12:00:00+00:00,0.0,0.0,0.0,0.0
2026-06-08 13:00:00+00:00,0.0,0.0,0.0,0.0
2026-06-08 14:00:00+00:00,0.0,0.0,0.0,0.0
2026-06-08 15:00:00+00:00,0.0,0.0,0.0,0.0
2026-06-08 16:00:00+00:00,0.0,0.0,0.0,0.0
2026-06-08 17:00:00+00:00,0.0,0.0,0.0,0.0
2026-06-08 18:00:00+00:00,0.0,0.0,0.0,0.0
2026-06-08 19:00:00+00:00,0.0,0.0,0.0,-2.6950324679058105e-05
2026-06-08 20:00:00+00:00,0.0,0.0,0.0,0.0
2026-06-08 21:00:00+00:00,0.0,0.0,0.0,0.0
2026-06-08 22:00:00+00:00,0.0,0.0,0.0,0.0
2026-06-08 23:00:00+00:00,0.0,0.0,0.0,0.0
2026-06-09 00:00:00+00:00,0.0,0.0,0.0,0.0
2026-06-09 01:00:00+00:00,0.0,0.0,0.0,0.0
2026-06-09 02:00:00+00:00,0.0,0.0,0.0,0.0
2026-06-09 03:00:00+00:00,0.0,0.0,0.0,0.0
2026-06-09 04:00:00+00:00,0.0,0.0,0.0,5.35676401173213e-05
2026-06-09 05:00:00+00:00,0.0,0.0,0.0,0.0
2026-06-09 06:00:00+00:00,0.0,0.0,0.0,0.0
2026-06-09 07:00:00+00:00,0.0,0.0,0.0,0.0
2026-06-09 08:00:00+00:00,0.0,0.0,0.0,0.0
2026-06-09 09:00:00+00:00,0.0,0.0,0.0,-9.195138993937204e-05
2026-06-09 10:00:00+00:00,0.0,0.0,0.0,0.0
2026-06-09 11:00:00+00:00,0.0,0.0,0.0,0.0
2026-06-09 12:00:00+00:00,0.0,0.0,0.0,0.0
2026-06-09 13:00:00+00:00,0.0,0.0,0.0,-7.108964406950412e-05
2026-06-09 14:00:00+00:00,0.0,0.0,0.0,0.0
2026-06-09 15:00:00+00:00,0.0,0.0,0.0,0.0
2026-06-09 16:00:00+00:00,0.0,0.0,0.0,0.0
2026-06-09 17:00:00+00:00,0.0,0.0,0.0,0.0
2026-06-09 18:00:00+00:00,0.0,0.0,0.0,0.0001214915435229
2026-06-09 19:00:00+00:00,0.0,0.0,0.0,0.0
2026-06-09 20:00:00+00:00,0.0,0.0,0.0,0.0
2026-06-09 21:00:00+00:00,0.0,0.0,0.0,0.0
2026-06-09 22:00:00+00:00,0.0,0.0,0.0,0.0
2026-06-09 23:00:00+00:00,0.0,0.0,0.0,0.0
2026-06-10 00:00:00+00:00,0.0,0.0,0.0,0.0
2026-06-10 01:00:00+00:00,0.0,0.0,0.0,0.0
2026-06-10 02:00:00+00:00,0.0,0.0,0.0,0.0
2026-06-10 03:00:00+00:00,0.0,0.0,0.0,0.0
2026-06-10 04:00:00+00:00,0.0,0.0,0.0,0.0
2026-06-10 05:00:00+00:00,0.0,0.0,0.0,0.0
2026-06-10 06:00:00+00:00,0.0,0.0,0.0,0.0
2026-06-10 07:00:00+00:00,0.0,0.0,0.0,0.0
2026-06-10 08:00:00+00:00,0.0,0.0,-4.062244186014307e-05,0.0
2026-06-10 09:00:00+00:00,0.0,0.0,0.0,-8.349386046434426e-05
2026-06-10 10:00:00+00:00,0.0,0.0,0.0,0.0
2026-06-10 11:00:00+00:00,0.0,0.0,0.0,0.0
2026-06-10 12:00:00+00:00,0.0,0.0,0.0,0.0
2026-06-10 13:00:00+00:00,0.0,0.0,0.0,0.0
2026-06-10 14:00:00+00:00,0.0,0.0,0.0,0.0
2026-06-10 15:00:00+00:00,0.0,0.0,0.0,0.0001829698861396
2026-06-10 16:00:00+00:00,0.0,0.0,0.0,0.0
2026-06-10 17:00:00+00:00,0.0,0.0,0.0,0.0
2026-06-10 18:00:00+00:00,0.0,0.0,0.0,0.0
2026-06-10 19:00:00+00:00,0.0,0.0,0.0,0.0
2026-06-10 20:00:00+00:00,0.0,0.0,0.0,0.0
2026-06-10 21:00:00+00:00,0.0,0.0,0.0,0.0
2026-06-10 22:00:00+00:00,0.0,0.0,0.0,0.0
2026-06-10 23:00:00+00:00,0.0,0.0,0.0,0.0
2026-06-11 00:00:00+00:00,0.0,0.0,0.0,0.0
2026-06-11 01:00:00+00:00,0.0,0.0,0.0,0.0
2026-06-11 02:00:00+00:00,0.0,0.0,0.0,0.0
2026-06-11 03:00:00+00:00,0.0,0.0,0.0,0.0
2026-06-11 04:00:00+00:00,0.0,0.0,0.0,0.0
2026-06-11 05:00:00+00:00,0.0,0.0,0.0,0.0
2026-06-11 06:00:00+00:00,0.0,0.0,0.0,0.0
2026-06-11 07:00:00+00:00,0.0,0.0,0.0,0.0
2026-06-11 08:00:00+00:00,0.0,0.0,0.0,0.0
2026-06-11 09:00:00+00:00,0.0,0.0,0.0,0.0
2026-06-11 10:00:00+00:00,0.0,0.0,0.0,0.0
2026-06-11 11:00:00+00:00,0.0,0.0,0.0,0.0
2026-06-11 12:00:00+00:00,0.0,0.0,0.0,0.0
2026-06-11 13:00:00+00:00,0.0,0.0,0.0,0.0
2026-06-11 14:00:00+00:00,0.0,0.0,0.0,0.0
2026-06-11 15:00:00+00:00,0.0,0.0,0.0,0.0
2026-06-11 16:00:00+00:00,0.0,0.0,0.0,0.0
2026-06-11 17:00:00+00:00,0.0,0.0,0.0,0.0
2026-06-11 18:00:00+00:00,0.0,0.0,0.0,0.0
2026-06-11 19:00:00+00:00,0.0,0.0,0.0,0.0
2026-06-11 20:00:00+00:00,0.0,0.0,0.0,0.0
2026-06-11 21:00:00+00:00,0.0,0.0,0.0,0.0
2026-06-11 22:00:00+00:00,0.0,0.0,0.0,0.0
2026-06-11 23:00:00+00:00,0.0,0.0,0.0,0.0
2026-06-12 00:00:00+00:00,0.0,0.0,0.0,0.0
2026-06-12 01:00:00+00:00,0.0,0.0,0.0,0.0
2026-06-12 02:00:00+00:00,0.0,0.0,0.0,0.0
2026-06-12 03:00:00+00:00,0.0,0.0,0.0,0.0
2026-06-12 04:00:00+00:00,0.0,0.0,0.0,0.0
2026-06-12 05:00:00+00:00,0.0,0.0,0.0,0.0
2026-06-12 06:00:00+00:00,0.0,0.0,0.0,0.0
2026-06-12 07:00:00+00:00,0.0,0.0,0.0,0.0
2026-06-12 08:00:00+00:00,0.0,0.0,0.0,0.0
2026-06-12 09:00:00+00:00,0.0,0.0,0.0,0.0
2026-06-12 10:00:00+00:00,0.0,0.0,0.0,0.0
2026-06-12 11:00:00+00:00,0.0,0.0,0.0,0.0
2026-06-12 12:00:00+00:00,0.0,0.0,0.0,0.0
2026-06-12 13:00:00+00:00,0.0,0.0,0.0,0.0
2026-06-12 14:00:00+00:00,0.0,0.0,0.0,0.0
2026-06-12 15:00:00+00:00,0.0,0.0,0.0,0.0
2026-06-12 16:00:00+00:00,0.0,0.0,0.0,0.0
2026-06-12 17:00:00+00:00,0.0,0.0,0.0,0.0
2026-06-12 18:00:00+00:00,0.0,0.0,0.0,0.0
2026-06-12 19:00:00+00:00,0.0,0.0,0.0,0.0
2026-06-12 20:00:00+00:00,0.0,0.0,0.0,0.0
2026-06-12 21:00:00+00:00,0.0,0.0,0.0,0.0
2026-06-12 22:00:00+00:00,0.0,0.0,0.0,0.0
2026-06-12 23:00:00+00:00,0.0,0.0,0.0,0.0
2026-06-13 00:00:00+00:00,0.0,0.0,0.0,0.0
2026-06-13 01:00:00+00:00,0.0,0.0,0.0,0.0
2026-06-13 02:00:00+00:00,0.0,0.0,0.0,0.0
2026-06-13 03:00:00+00:00,0.0,0.0,0.0,0.0
2026-06-13 04:00:00+00:00,0.0,0.0,0.0,0.0
2026-06-13 05:00:00+00:00,0.0,0.0,0.0,0.0
2026-06-13 06:00:00+00:00,0.0,0.0,0.0,0.0
2026-06-13 07:00:00+00:00,0.0,0.0,0.0,0.0
2026-06-13 08:00:00+00:00,0.0,0.0,0.0,0.0
2026-06-13 09:00:00+00:00,0.0,0.0,0.0,0.0
2026-06-13 10:00:00+00:00,0.0,0.0,0.0,0.0
2026-06-13 11:00:00+00:00,0.0,0.0,0.0,0.0
2026-06-13 12:00:00+00:00,0.0,0.0,0.0,0.0
2026-06-13 13:00:00+00:00,0.0,0.0,0.0,0.0
2026-06-13 14:00:00+00:00,0.0,0.0,0.0,0.0
2026-06-13 15:00:00+00:00,0.0,0.0,0.0,0.0
2026-06-13 16:00:00+00:00,0.0,0.0,0.0,0.0
2026-06-13 17:00:00+00:00,0.0,0.0,0.0,0.0
2026-06-13 18:00:00+00:00,0.0,0.0,0.0,0.0
2026-06-13 19:00:00+00:00,0.0,0.0,0.0,0.0
2026-06-13 20:00:00+00:00,0.0,0.0,0.0,0.0
2026-06-13 21:00:00+00:00,0.0,0.0,0.0,0.0
2026-06-13 22:00:00+00:00,0.0,0.0,0.0,0.0
2026-06-13 23:00:00+00:00,0.0,0.0,0.0,0.0
2026-06-14 00:00:00+00:00,0.0,0.0,0.0,0.0
2026-06-14 01:00:00+00:00,0.0,0.0,0.0,0.0
2026-06-14 02:00:00+00:00,0.0,0.0,0.0,0.0
2026-06-14 03:00:00+00:00,0.0,0.0,0.0,0.0
2026-06-14 04:00:00+00:00,0.0,0.0,-2.5701717702089057e-05,0.0
2026-06-14 05:00:00+00:00,0.0,0.0,0.0,-4.768412248501552e-05
2026-06-14 06:00:00+00:00,0.0,0.0,0.0,0.0
2026-06-14 07:00:00+00:00,0.0,0.0,0.0,0.0
2026-06-14 08:00:00+00:00,0.0,0.0,0.0,0.0
2026-06-14 09:00:00+00:00,0.0,0.0,0.0,0.0
2026-06-14 10:00:00+00:00,0.0,0.0,0.0,0.0
2026-06-14 11:00:00+00:00,0.0,0.0,0.0,0.0
2026-06-14 12:00:00+00:00,0.0,0.0,0.0,0.0
2026-06-14 13:00:00+00:00,0.0,0.0,0.0,0.0
2026-06-14 14:00:00+00:00,0.0,0.0,-5.706305095502739e-05,-5.320078150670037e-05
2026-06-14 15:00:00+00:00,0.0,0.0,0.0,0.0
2026-06-14 16:00:00+00:00,0.0,0.0,0.0,0.0
2026-06-14 17:00:00+00:00,0.0,0.0,0.0,0.0
2026-06-14 18:00:00+00:00,0.0,0.0,0.0,0.0
2026-06-14 19:00:00+00:00,0.0,0.0,0.0,0.0
2026-06-14 20:00:00+00:00,0.0,0.0,0.0,0.0
2026-06-14 21:00:00+00:00,0.0,0.0,0.0,5.124397169174012e-05
2026-06-14 22:00:00+00:00,0.0,0.0,0.0,0.0
2026-06-14 23:00:00+00:00,0.0,0.0,0.0,0.0
2026-06-15 00:00:00+00:00,0.0,0.0,0.0,0.0
2026-06-15 01:00:00+00:00,0.0,0.0,0.0,0.0
2026-06-15 02:00:00+00:00,0.0,0.0,0.0,0.0
2026-06-15 03:00:00+00:00,0.0,0.0,0.0,0.0
2026-06-15 04:00:00+00:00,0.0,0.0,-5.339414292453215e-05,0.0
2026-06-15 05:00:00+00:00,0.0,0.0,0.0,0.0
2026-06-15 06:00:00+00:00,0.0,0.0,0.0,0.0
2026-06-15 07:00:00+00:00,0.0,0.0,0.0,0.0
2026-06-15 08:00:00+00:00,0.0,0.0,0.0,0.0
2026-06-15 09:00:00+00:00,0.0,0.0,-2.37065557390037e-05,-5.755503544671469e-05
2026-06-15 10:00:00+00:00,0.0,0.0,0.0,0.0
2026-06-15 11:00:00+00:00,0.0,0.0,0.0,0.0
2026-06-15 12:00:00+00:00,0.0,0.0,0.0,0.0
2026-06-15 13:00:00+00:00,0.0,0.0,0.0,9.007080966091264e-05
2026-06-15 14:00:00+00:00,0.0,0.0,0.0,0.0
2026-06-15 15:00:00+00:00,0.0,0.0,0.0001150885120761,0.0
2026-06-15 16:00:00+00:00,0.0,0.0,0.0,0.0
2026-06-15 17:00:00+00:00,0.0,0.0,0.0,0.0
2026-06-15 18:00:00+00:00,0.0,0.0,0.0,0.0
2026-06-15 19:00:00+00:00,0.0,0.0,0.0,0.0
2026-06-15 20:00:00+00:00,0.0,0.0,0.0,0.0
2026-06-15 21:00:00+00:00,0.0,0.0,0.0,0.0
2026-06-15 22:00:00+00:00,0.0,0.0,0.0,0.0
2026-06-15 23:00:00+00:00,0.0,0.0,0.0,0.0
2026-06-16 00:00:00+00:00,0.0,0.0,0.0,0.0
2026-06-16 01:00:00+00:00,0.0,0.0,0.0,0.0
2026-06-16 02:00:00+00:00,0.0,0.0,0.0,0.0
2026-06-16 03:00:00+00:00,0.0,0.0,0.0,0.0
2026-06-16 04:00:00+00:00,0.0,0.0,0.0,0.0
2026-06-16 05:00:00+00:00,0.0,0.0,0.0,0.0
2026-06-16 06:00:00+00:00,0.0,0.0,0.0,0.0
2026-06-16 07:00:00+00:00,0.0,0.0,0.0,0.0
2026-06-16 08:00:00+00:00,0.0,0.0,0.0,8.3694556399051e-05
2026-06-16 09:00:00+00:00,0.0,0.0,0.0,0.0
2026-06-16 10:00:00+00:00,0.0,0.0,0.0,0.0
2026-06-16 11:00:00+00:00,0.0,0.0,0.0,0.0
2026-06-16 12:00:00+00:00,0.0,0.0,0.0,0.0
2026-06-16 13:00:00+00:00,0.0,0.0,0.0,-6.261208166701614e-05
2026-06-16 14:00:00+00:00,0.0,0.0,-5.049612426572979e-05,0.0
2026-06-16 15:00:00+00:00,0.0,0.0,0.0,0.0
2026-06-16 16:00:00+00:00,0.0,0.0,0.0,0.0
2026-06-16 17:00:00+00:00,0.0,0.0,0.0,0.0
2026-06-16 18:00:00+00:00,0.0,0.0,0.0,0.0
2026-06-16 19:00:00+00:00,0.0,0.0,0.0,0.0
2026-06-16 20:00:00+00:00,0.0,0.0,0.0,0.0
2026-06-16 21:00:00+00:00,0.0,0.0,0.0,0.0
2026-06-16 22:00:00+00:00,0.0,0.0,0.0,0.0
2026-06-16 23:00:00+00:00,0.0,0.0,0.0,0.0
2026-06-17 00:00:00+00:00,0.0,0.0,0.0,0.0
2026-06-17 01:00:00+00:00,0.0,0.0,0.0,0.0
2026-06-17 02:00:00+00:00,0.0,0.0,0.0,0.0
2026-06-17 03:00:00+00:00,0.0,0.0,0.0,0.0
2026-06-17 04:00:00+00:00,0.0,0.0,0.0,0.0
2026-06-17 05:00:00+00:00,0.0,0.0,-2.5227330259875997e-05,0.0
2026-06-17 06:00:00+00:00,0.0,0.0,0.0,0.0
2026-06-17 07:00:00+00:00,0.0,0.0,0.0,0.0
2026-06-17 08:00:00+00:00,0.0,0.0,0.0,-6.738510301109167e-05
2026-06-17 09:00:00+00:00,0.0,0.0,0.0,0.0
2026-06-17 10:00:00+00:00,0.0,0.0,0.0,0.0
2026-06-17 11:00:00+00:00,0.0,0.0,0.0,0.0
2026-06-17 12:00:00+00:00,0.0,0.0,0.0,0.0
2026-06-17 13:00:00+00:00,0.0,0.0,0.0,0.0
2026-06-17 14:00:00+00:00,0.0,0.0,0.0,0.0
2026-06-17 15:00:00+00:00,0.0,0.0,0.0,0.0
2026-06-17 16:00:00+00:00,0.0,0.0,0.0,0.0
2026-06-17 17:00:00+00:00,0.0,0.0,0.0,0.0
2026-06-17 18:00:00+00:00,0.0,0.0,0.0,0.0
2026-06-17 19:00:00+00:00,0.0,0.0,0.0,0.0
2026-06-17 20:00:00+00:00,0.0,0.0,0.0,0.0
2026-06-17 21:00:00+00:00,0.0,0.0,0.0,0.0
2026-06-17 22:00:00+00:00,0.0,0.0,0.0,0.0
2026-06-17 23:00:00+00:00,0.0,0.0,0.0,0.0
2026-06-18 00:00:00+00:00,0.0,0.0,0.0,0.0
2026-06-18 01:00:00+00:00,0.0,0.0,0.0,0.0
2026-06-18 02:00:00+00:00,0.0,0.0,0.0,0.0
2026-06-18 03:00:00+00:00,0.0,0.0,0.0,0.0
2026-06-18 04:00:00+00:00,0.0,0.0,0.0,0.0
2026-06-18 05:00:00+00:00,0.0,0.0,0.0,0.0
2026-06-18 06:00:00+00:00,0.0,0.0,0.0,0.0
2026-06-18 07:00:00+00:00,0.0,0.0,0.0,0.0
2026-06-18 08:00:00+00:00,0.0,0.0,0.0,0.0
2026-06-18 09:00:00+00:00,0.0,0.0,0.0,0.0
2026-06-18 10:00:00+00:00,0.0,0.0,0.0,0.0
2026-06-18 11:00:00+00:00,0.0,0.0,0.0,0.0
2026-06-18 12:00:00+00:00,0.0,0.0,0.0,0.0
2026-06-18 13:00:00+00:00,0.0,0.0,0.0,0.0
2026-06-18 14:00:00+00:00,0.0,0.0,0.0,0.0
2026-06-18 15:00:00+00:00,0.0,0.0,0.0,0.0
2026-06-18 16:00:00+00:00,0.0,0.0,0.0,0.0
2026-06-18 17:00:00+00:00,0.0,0.0,0.0,0.0
2026-06-18 18:00:00+00:00,0.0,0.0,0.0,0.0
2026-06-18 19:00:00+00:00,0.0,0.0,0.0,0.0
2026-06-18 20:00:00+00:00,0.0,0.0,0.0,0.0
2026-06-18 21:00:00+00:00,0.0,0.0,0.0,0.0
2026-06-18 22:00:00+00:00,0.0,0.0,0.0,0.0
2026-06-18 23:00:00+00:00,0.0,0.0,0.0,0.0
2026-06-19 00:00:00+00:00,0.0,0.0,0.0,0.0
2026-06-19 01:00:00+00:00,0.0,0.0,0.0,0.0
2026-06-19 02:00:00+00:00,0.0,0.0,0.0,0.0
2026-06-19 03:00:00+00:00,0.0,0.0,0.0,0.0
2026-06-19 04:00:00+00:00,0.0,0.0,0.0,0.0
2026-06-19 05:00:00+00:00,0.0,0.0,0.0,0.0
2026-06-19 06:00:00+00:00,0.0,0.0,0.0,0.0
2026-06-19 07:00:00+00:00,0.0,0.0,0.0,0.0
2026-06-19 08:00:00+00:00,0.0,0.0,0.0,0.0
2026-06-19 09:00:00+00:00,0.0,0.0,0.0,0.0
2026-06-19 10:00:00+00:00,0.0,0.0,0.0,0.0
2026-06-19 11:00:00+00:00,0.0,0.0,0.0,0.0
2026-06-19 12:00:00+00:00,0.0,0.0,0.0,0.0
2026-06-19 13:00:00+00:00,0.0,0.0,0.0,0.0
2026-06-19 14:00:00+00:00,0.0,0.0,0.0,0.0
2026-06-19 15:00:00+00:00,0.0,0.0,0.0,0.0
2026-06-19 16:00:00+00:00,0.0,0.0,0.0,0.0
2026-06-19 17:00:00+00:00,0.0,0.0,0.0,0.0
2026-06-19 18:00:00+00:00,0.0,0.0,0.0,0.0
2026-06-19 19:00:00+00:00,0.0,0.0,0.0,0.0
2026-06-19 20:00:00+00:00,0.0,0.0,0.0,0.0
2026-06-19 21:00:00+00:00,0.0,0.0,0.0,0.0
2026-06-19 22:00:00+00:00,0.0,0.0,0.0,0.0
2026-06-19 23:00:00+00:00,0.0,0.0,0.0,0.0
2026-06-20 00:00:00+00:00,0.0,0.0,0.0,0.0
2026-06-20 01:00:00+00:00,0.0,0.0,0.0,0.0
2026-06-20 02:00:00+00:00,0.0,0.0,0.0,0.0
2026-06-20 03:00:00+00:00,0.0,0.0,0.0,0.0
2026-06-20 04:00:00+00:00,0.0,0.0,0.0,0.0
2026-06-20 05:00:00+00:00,0.0,0.0,0.0,0.0
2026-06-20 06:00:00+00:00,0.0,0.0,0.0,0.0
2026-06-20 07:00:00+00:00,0.0,0.0,0.0,0.0
2026-06-20 08:00:00+00:00,0.0,0.0,0.0,0.0
2026-06-20 09:00:00+00:00,0.0,0.0,0.0,0.0
2026-06-20 10:00:00+00:00,0.0,0.0,0.0,0.0
2026-06-20 11:00:00+00:00,0.0,0.0,0.0,0.0
2026-06-20 12:00:00+00:00,0.0,0.0,0.0,0.0
2026-06-20 13:00:00+00:00,0.0,0.0,0.0,0.0
2026-06-20 14:00:00+00:00,0.0,0.0,0.0,0.0
2026-06-20 15:00:00+00:00,0.0,0.0,0.0,0.0
2026-06-20 16:00:00+00:00,0.0,0.0,0.0,0.0
2026-06-20 17:00:00+00:00,0.0,0.0,0.0,0.0
2026-06-20 18:00:00+00:00,0.0,0.0,0.0,0.0
2026-06-20 19:00:00+00:00,0.0,0.0,0.0,0.0
2026-06-20 20:00:00+00:00,0.0,0.0,0.0,0.0
2026-06-20 21:00:00+00:00,0.0,0.0,0.0,0.0
2026-06-20 22:00:00+00:00,0.0,0.0,0.0,0.0
2026-06-20 23:00:00+00:00,0.0,0.0,0.0,0.0
2026-06-21 00:00:00+00:00,0.0,0.0,0.0,0.0
2026-06-21 01:00:00+00:00,0.0,0.0,0.0,0.0
2026-06-21 02:00:00+00:00,0.0,0.0,0.0,0.0
2026-06-21 03:00:00+00:00,0.0,0.0,0.0,0.0
2026-06-21 04:00:00+00:00,0.0,0.0,0.0,0.0
2026-06-21 05:00:00+00:00,0.0,0.0,0.0,0.0
2026-06-21 06:00:00+00:00,0.0,0.0,0.0,0.0
2026-06-21 07:00:00+00:00,0.0,0.0,-1.9641005320709663e-05,0.0
2026-06-21 08:00:00+00:00,-0.012647,0.0,0.0,0.0
2026-06-21 09:00:00+00:00,0.0,0.0,0.0,0.0
2026-06-21 10:00:00+00:00,0.0,0.0,0.0,0.0
2026-06-21 11:00:00+00:00,0.0,0.0,-2.5846878141702047e-05,0.0
2026-06-21 12:00:00+00:00,0.0,0.0,0.0,-2.1842656339555725e-05
2026-06-21 13:00:00+00:00,0.0,0.0,0.0,0.0
2026-06-21 14:00:00+00:00,0.0,0.0,-2.4029713466154893e-05,0.0
2026-06-21 15:00:00+00:00,0.0,0.0,0.0,1.806099899962611e-05
2026-06-21 16:00:00+00:00,0.0,0.0,0.0,0.0
2026-06-21 17:00:00+00:00,0.0,0.0,0.0,0.0
2026-06-21 18:00:00+00:00,0.0,0.0,-2.6242808710411616e-05,-3.64573869402196e-05
2026-06-21 19:00:00+00:00,0.0,0.0,0.0,0.0
2026-06-21 20:00:00+00:00,-0.012619,0.0,0.0,0.0
2026-06-21 21:00:00+00:00,0.0,0.0,-5.473201979701691e-05,0.0
2026-06-21 22:00:00+00:00,0.0,0.0,0.0,0.0
2026-06-21 23:00:00+00:00,0.0,0.0,0.0,0.0
2026-06-22 00:00:00+00:00,0.012787,0.0,0.0,0.0
2026-06-22 01:00:00+00:00,0.0,0.0,0.0001159477075353,9.73568475128428e-05
2026-06-22 02:00:00+00:00,0.0,0.0,0.0,0.0
2026-06-22 03:00:00+00:00,0.0,0.0,0.0,0.0
2026-06-22 04:00:00+00:00,0.0,0.0,0.0,0.0
2026-06-22 05:00:00+00:00,0.0,0.0,0.0,0.0
2026-06-22 06:00:00+00:00,0.0,0.0,0.0,0.0
2026-06-22 07:00:00+00:00,0.0,0.0,0.0,0.0
2026-06-22 08:00:00+00:00,0.0,0.0,0.0,0.0
2026-06-22 09:00:00+00:00,0.0,0.0,0.0,0.0
2026-06-22 10:00:00+00:00,0.0,0.0,0.0,0.0
2026-06-22 11:00:00+00:00,0.0,0.0,0.0,3.7727126277126166e-05
2026-06-22 12:00:00+00:00,0.013292,0.0,9.029560268233428e-05,0.0
2026-06-22 13:00:00+00:00,0.0,0.0,0.0,0.0
2026-06-22 14:00:00+00:00,0.0,0.0,0.0,0.0
2026-06-22 15:00:00+00:00,0.0,0.0,0.0,0.0
2026-06-22 16:00:00+00:00,0.0,0.0,0.0,0.0
2026-06-22 17:00:00+00:00,0.0,0.0,0.0,0.0
2026-06-22 18:00:00+00:00,0.0,0.0,0.0,0.0
2026-06-22 19:00:00+00:00,0.0,0.0,0.0,0.0
2026-06-22 20:00:00+00:00,0.0,0.0,0.0,0.0
2026-06-22 21:00:00+00:00,0.0,0.0,0.0,0.0
2026-06-22 22:00:00+00:00,0.0,0.0,0.0,0.0
2026-06-22 23:00:00+00:00,0.0,0.0,0.0,0.0
2026-06-23 00:00:00+00:00,0.0,0.0,0.0,0.0
2026-06-23 01:00:00+00:00,0.0,0.0,0.0,0.0
2026-06-23 02:00:00+00:00,0.0,0.0,0.0,0.0
2026-06-23 03:00:00+00:00,0.0,0.0,0.0,0.0
2026-06-23 04:00:00+00:00,0.0,0.0,0.0,-8.103185984163485e-05
2026-06-23 05:00:00+00:00,0.0,0.0,0.0,0.0
2026-06-23 06:00:00+00:00,0.0,0.0,0.0,0.0
2026-06-23 07:00:00+00:00,0.0,0.0,0.0,0.0
2026-06-23 08:00:00+00:00,0.0,0.0,0.0,0.0
2026-06-23 09:00:00+00:00,0.0,0.0,0.0,0.0
2026-06-23 10:00:00+00:00,0.0,0.0,-2.424117590485108e-05,0.0
2026-06-23 11:00:00+00:00,0.0,0.0,0.0,2.4178822171639924e-05
2026-06-23 12:00:00+00:00,0.0,0.0,0.0,0.0
2026-06-23 13:00:00+00:00,0.0,0.0,0.0,0.0
2026-06-23 14:00:00+00:00,0.0,0.0,0.0,0.0
2026-06-23 15:00:00+00:00,0.0,0.0,0.0,0.0
2026-06-23 16:00:00+00:00,0.0,0.0,0.0,0.0
2026-06-23 17:00:00+00:00,0.0,0.0,0.0,0.0
2026-06-23 18:00:00+00:00,0.0,0.0,0.0,0.0
2026-06-23 19:00:00+00:00,0.0,0.0,0.0,0.0
2026-06-23 20:00:00+00:00,0.0,0.0,0.0,0.0
2026-06-23 21:00:00+00:00,0.0,0.0,0.0,0.0
2026-06-23 22:00:00+00:00,0.0,0.0,0.0,0.0
2026-06-23 23:00:00+00:00,0.0,0.0,0.0,0.0
2026-06-24 00:00:00+00:00,0.0,0.0,0.0,0.0
2026-06-24 01:00:00+00:00,0.0,0.0,0.0,0.0
2026-06-24 02:00:00+00:00,0.0,0.0,0.0,0.0
2026-06-24 03:00:00+00:00,0.0,0.0,0.0,0.0
2026-06-24 04:00:00+00:00,0.0,0.0,0.0,0.0
2026-06-24 05:00:00+00:00,0.0,0.0,0.0,0.0
2026-06-24 06:00:00+00:00,0.0,0.0,0.0,0.0
2026-06-24 07:00:00+00:00,0.0,0.0,0.0,0.0
2026-06-24 08:00:00+00:00,0.0,0.0,0.0,0.0
2026-06-24 09:00:00+00:00,0.0,0.0,0.0,0.0
2026-06-24 10:00:00+00:00,-0.011803,0.0,0.0,-8.011098743838429e-05
2026-06-24 11:00:00+00:00,0.0,0.0,0.0,0.0
2026-06-24 12:00:00+00:00,0.0,0.0,0.0,0.0
2026-06-24 13:00:00+00:00,0.0,0.0,0.0,-8.435524848881992e-05
2026-06-24 14:00:00+00:00,0.0,0.0,0.0,0.0
2026-06-24 15:00:00+00:00,0.0,0.0,0.0,0.0
2026-06-24 16:00:00+00:00,0.0,0.0,0.0,0.0
2026-06-24 17:00:00+00:00,0.0,0.0,0.0,0.0
2026-06-24 18:00:00+00:00,0.0,0.0,0.0,0.0
2026-06-24 19:00:00+00:00,0.0,0.0,0.0,0.0
2026-06-24 20:00:00+00:00,0.0,0.0,0.0002310140731263,0.0
2026-06-24 21:00:00+00:00,0.0,0.0,0.0,0.0
2026-06-24 22:00:00+00:00,0.0,0.0,0.0,0.0
2026-06-24 23:00:00+00:00,0.0,0.0,0.0,0.0
2026-06-25 00:00:00+00:00,0.0,0.0,0.0,0.0
2026-06-25 01:00:00+00:00,0.0,0.0,0.0,0.0
2026-06-25 02:00:00+00:00,0.0,0.0,0.0,0.0
2026-06-25 03:00:00+00:00,0.0,0.0,0.0,0.0
2026-06-25 04:00:00+00:00,0.0,0.0,0.0,0.0
2026-06-25 05:00:00+00:00,0.0,0.0,0.0,0.0
2026-06-25 06:00:00+00:00,0.0,0.0,0.0,0.0
2026-06-25 07:00:00+00:00,0.0,0.0,0.0,0.0
2026-06-25 08:00:00+00:00,0.0,0.0,0.0,0.0
2026-06-25 09:00:00+00:00,0.0,0.0,0.0,0.0
2026-06-25 10:00:00+00:00,0.0,0.0,0.0,0.0
2026-06-25 11:00:00+00:00,-0.011268,0.0,0.0,0.0
2026-06-25 12:00:00+00:00,0.0,0.0,0.0,0.0
2026-06-25 13:00:00+00:00,0.0,0.0,0.0,0.0
2026-06-25 14:00:00+00:00,0.0,0.0,0.0,0.0
2026-06-25 15:00:00+00:00,0.0,0.0,0.0,0.0
2026-06-25 16:00:00+00:00,0.0,0.0,0.0,0.0
2026-06-25 17:00:00+00:00,0.0,0.0,0.0,0.0
2026-06-25 18:00:00+00:00,0.0,0.0,0.0,0.0
2026-06-25 19:00:00+00:00,0.0,0.0,0.0,0.0
2026-06-25 20:00:00+00:00,0.0,0.0,0.0,0.0
2026-06-25 21:00:00+00:00,0.0,0.0,0.0,0.0
2026-06-25 22:00:00+00:00,0.0,0.0,0.0,0.0
2026-06-25 23:00:00+00:00,0.0,0.0,0.0,0.0
2026-06-26 00:00:00+00:00,0.0,0.0,0.0,0.0
2026-06-26 01:00:00+00:00,0.0,0.0,0.0,0.0
2026-06-26 02:00:00+00:00,0.0,0.0,0.0,0.0
2026-06-26 03:00:00+00:00,0.0,0.0,0.0,0.0
2026-06-26 04:00:00+00:00,0.0,0.0,0.0,0.0
2026-06-26 05:00:00+00:00,0.0,0.0,0.0,0.0
2026-06-26 06:00:00+00:00,0.0,0.0,0.0,0.0
2026-06-26 07:00:00+00:00,0.0,0.0,0.0,0.0
2026-06-26 08:00:00+00:00,0.0,0.0,0.0,0.0
2026-06-26 09:00:00+00:00,0.0,0.0,-4.564073567444814e-05,0.0
2026-06-26 10:00:00+00:00,0.0,0.0,0.0,0.0
2026-06-26 11:00:00+00:00,0.0,0.0,0.0,0.0
2026-06-26 12:00:00+00:00,0.0,0.0,7.286536805600875e-05,5.6292294444807446e-05
2026-06-26 13:00:00+00:00,-0.010933,0.0,0.0,0.0
2026-06-26 14:00:00+00:00,0.0,0.0,0.0,0.0
2026-06-26 15:00:00+00:00,0.0,0.0,0.0,0.0
2026-06-26 16:00:00+00:00,0.0,0.0,0.0,0.0
2026-06-26 17:00:00+00:00,0.0,0.0,0.0,0.0
2026-06-26 18:00:00+00:00,0.0,0.0,0.0,0.0
2026-06-26 19:00:00+00:00,0.0,0.0,0.0,0.0
2026-06-26 20:00:00+00:00,0.0,0.0,0.0,0.0
2026-06-26 21:00:00+00:00,0.0,0.0,0.0,0.0
2026-06-26 22:00:00+00:00,0.0,0.0,6.673508950133635e-05,0.0
2026-06-26 23:00:00+00:00,0.0,0.0,0.0,0.0
2026-06-27 00:00:00+00:00,0.0,0.0,0.0,0.0
2026-06-27 01:00:00+00:00,0.0,0.0,0.0,0.0
2026-06-27 02:00:00+00:00,0.0,0.0,0.0,0.0
2026-06-27 03:00:00+00:00,0.0,0.0,0.0,0.0
2026-06-27 04:00:00+00:00,0.0,0.0,0.0,0.0
2026-06-27 05:00:00+00:00,0.0,0.0,0.0,0.0
2026-06-27 06:00:00+00:00,0.0,0.0,0.0,0.0
2026-06-27 07:00:00+00:00,0.0,0.0,0.0,0.0
2026-06-27 08:00:00+00:00,0.0,0.0,-3.2626650197107305e-05,0.0
2026-06-27 09:00:00+00:00,0.0,0.0,0.0,0.0
2026-06-27 10:00:00+00:00,0.0,0.0,0.0,0.0
2026-06-27 11:00:00+00:00,0.0,0.0,0.0,0.0
2026-06-27 12:00:00+00:00,0.0,0.0,0.0,0.0
2026-06-27 13:00:00+00:00,0.0,0.0,0.0,0.0
2026-06-27 14:00:00+00:00,0.0,0.0,0.0,0.0
2026-06-27 15:00:00+00:00,0.0,0.0,0.0,3.316012637865629e-05
2026-06-27 16:00:00+00:00,0.0,0.0,0.0,0.0
2026-06-27 17:00:00+00:00,0.0,0.0,-3.2425103175776064e-05,0.0
2026-06-27 18:00:00+00:00,0.0,0.0,0.0,0.0
2026-06-27 19:00:00+00:00,0.003729,0.0,0.0,0.0
2026-06-27 20:00:00+00:00,0.0,0.0,0.0,0.0
2026-06-27 21:00:00+00:00,0.0,0.0,0.0,0.0
2026-06-27 22:00:00+00:00,0.0,0.0,0.0,0.0
2026-06-27 23:00:00+00:00,0.0,0.0,0.0,0.0
2026-06-28 00:00:00+00:00,0.0,0.0,0.0,0.0
2026-06-28 01:00:00+00:00,0.0,0.0,0.0,0.0
2026-06-28 02:00:00+00:00,0.0,0.0,0.0,0.0
2026-06-28 03:00:00+00:00,0.0,0.0,0.0,0.0
2026-06-28 04:00:00+00:00,0.0,0.0,0.0,0.0
2026-06-28 05:00:00+00:00,0.0,0.0,0.0,0.0
2026-06-28 06:00:00+00:00,0.0,0.0,0.0,0.0
2026-06-28 07:00:00+00:00,0.0,0.0,0.0,0.0
2026-06-28 08:00:00+00:00,0.0,0.0,0.0,0.0
2026-06-28 09:00:00+00:00,0.0,0.0,0.0,0.0
2026-06-28 10:00:00+00:00,0.0,0.0,0.0,0.0
2026-06-28 11:00:00+00:00,0.0,0.0,0.0,0.0
2026-06-28 12:00:00+00:00,0.0,0.0,0.0,0.0
2026-06-28 13:00:00+00:00,0.0,0.0,0.0,0.0
